plane u v itype x0 y0 irot nvertices vx_0 vy_0 vx_1 vy_1 vx_2 vy_2 vx_3 vy_3 vx_4 vy_4 vx_5 vy_5 vx_6 vy_6 icassette_0 icassette_1 trigRate trigLinks dataRate_ld dataLinks_ld dataRate_hd dataLinks_hd MB wagon isEngine nROCs power mrot phi HDorLD hash hash_hdld dataPp0 trigPp0 dataPp0_type trigPp0_type engineType
1 1 2 dIe -0.002 290.016 4 5 -83.718 338.396 -83.729 316.578 83.695 316.564 83.705 338.382 0.047 386.682 -83.718 338.396 0.0 0.0 1 1 4.57 5.0 1.523 2.0 1.523 2.0 102 0 False 3 3.6 0 90.0 1 101020 101021 1300.0 1310.0 A A N
1 1 3 FI -83.725 435.025 2 6 0.047 386.682 -0.018 483.368 -83.763 531.718 -167.442 483.382 -167.463 386.746 -83.718 338.396 0.047 386.682 1 1 7.044 8.0 2.843 3.0 3.391 4.0 102 0 False 6 7.2 0 100.894 1 101030 101031 1300.0 1310.0 A A N
1 1 4 FI -167.438 580.028 2 6 -83.763 531.718 -83.742 628.355 -167.487 676.705 -251.166 628.368 -251.187 531.732 -167.442 483.382 -83.763 531.718 1 1 4.799 5.0 1.975 3.0 2.096 3.0 102 0 False 6 7.2 0 106.102 1 101040 101041 1300.0 1310.0 A A N
1 1 5 FI -251.161 725.037 2 6 -167.487 676.705 -167.466 773.341 -251.21 821.691 -334.889 773.355 -334.91 676.718 -251.166 628.368 -167.487 676.705 1 1 3.419 4.0 1.487 2.0 1.515 2.0 102 0 True 6 7.2 0 109.107 1 101050 101051 1300.0 1310.0 A A N
1 1 6 FO -334.883 870.046 5 6 -251.21 821.691 -251.139 918.414 -334.884 966.764 -418.613 918.341 -418.634 821.705 -334.889 773.355 -251.21 821.691 1 1 2.902 3.0 0.952 1.0 0.908 1.0 104 1 False 3 3.6 0 111.052 0 101060 101060 1300.0 1310.0 A A N
1 1 7 FO -418.605 1015.054 5 6 -334.884 966.764 -334.863 1063.4 -418.608 1111.75 -502.287 1063.414 -502.358 966.691 -418.613 918.341 -334.884 966.764 1 1 2.327 3.0 0.755 1.0 0.718 1.0 104 1 False 3 3.6 0 112.411 0 101070 101070 1300.0 1310.0 A A E
1 1 8 FO -502.328 1160.063 5 6 -418.608 1111.75 -418.587 1208.386 -502.331 1256.736 -586.01 1208.4 -586.031 1111.764 -502.287 1063.414 -418.608 1111.75 1 1 1.766 2.0 0.599 1.0 0.576 1.0 104 0 True 3 3.6 0 113.413 0 101080 101080 1300.0 1310.0 A A W
1 1 9 bOe -586.041 1305.066 3 5 -586.055 1401.723 -669.755 1256.75 -586.01 1208.4 -502.331 1256.736 -502.31 1353.373 -586.055 1401.723 0.0 0.0 1 1 1.292 2.0 0.192 1.0 0.192 1.0 104 0 False 3 3.6 0 114.183 0 101090 101090 1300.0 1310.0 A A N
1 2 0 gIe 334.88 0.0 3 6 334.9 96.7 316.0 85.8 316.0 -85.8 334.9 -96.7 418.6 -48.3 418.6 48.3 334.9 96.7 0 0 6.631 7.0 2.711 3.0 2.711 3.0 0 0 False 6 7.2 0 0.0 1 102000 102001 1001.0 1010.0 B A N
1 2 1 dIe 251.16 145.01 3 5 251.2 241.7 232.3 230.8 316.0 85.8 334.9 96.7 334.9 193.3 251.2 241.7 0.0 0.0 0 1 4.57 5.0 1.523 2.0 1.523 2.0 2 0 False 3 3.6 0 30.0 1 102010 102011 1100.0 1110.0 A A N
1 2 2 gIe 167.44 290.015 4 6 83.705 338.382 83.695 316.564 232.305 230.764 251.195 241.682 251.129 338.368 167.471 386.668 83.705 338.382 1 0 6.631 7.0 2.711 3.0 2.711 3.0 100 0 False 6 7.2 0 60.0 1 102020 102021 1201.0 1210.0 B A N
1 2 3 FI 83.718 435.023 2 6 167.471 386.668 167.405 483.355 83.747 531.655 -0.018 483.368 0.047 386.682 83.705 338.382 167.471 386.668 1 1 7.039 8.0 2.853 3.0 3.408 4.0 103 0 False 6 7.2 0 79.107 1 102030 102031 1300.0 1310.0 A A N
1 2 4 FI -0.005 580.032 2 6 83.747 531.655 83.682 628.341 -0.063 676.691 -83.742 628.355 -83.763 531.718 -0.018 483.368 83.747 531.655 1 1 5.07 6.0 2.068 3.0 2.216 3.0 103 0 False 6 7.2 0 90.0 1 102040 102041 1300.0 1310.0 A A N
1 2 5 FI -83.718 725.036 2 6 -0.063 676.691 0.008 773.414 -83.737 821.764 -167.466 773.341 -167.487 676.705 -83.742 628.355 -0.063 676.691 1 1 3.661 4.0 1.579 2.0 1.62 2.0 103 0 True 6 7.2 0 96.587 1 102050 102051 1300.0 1310.0 A A N
1 2 6 FM -167.441 870.044 5 6 -83.737 821.764 -83.716 918.4 -167.46 966.75 -251.139 918.414 -251.21 821.691 -167.466 773.341 -83.737 821.764 1 1 2.903 3.0 1.003 2.0 0.978 1.0 105 1 False 3 3.6 0 100.893 0 102060 102060 1300.0 1310.0 A A N
1 2 7 FO -251.163 1015.053 5 6 -167.46 966.75 -167.439 1063.386 -251.184 1111.736 -334.863 1063.4 -334.884 966.764 -251.139 918.414 -167.46 966.75 1 1 2.412 3.0 0.813 1.0 0.774 1.0 105 1 False 3 3.6 0 103.898 0 102070 102070 1300.0 1310.0 A A E
1 2 8 FO -334.885 1160.061 5 6 -251.184 1111.736 -251.163 1208.373 -334.908 1256.723 -418.587 1208.386 -418.608 1111.75 -334.863 1063.4 -251.184 1111.736 1 1 2.144 3.0 0.636 1.0 0.608 1.0 105 0 True 3 3.6 0 106.102 0 102080 102080 1300.0 1310.0 A A W
1 2 9 FO -418.608 1305.07 5 6 -334.908 1256.723 -334.887 1353.359 -418.631 1401.709 -502.31 1353.373 -502.331 1256.736 -418.587 1208.386 -334.908 1256.723 1 1 1.545 2.0 0.594 1.0 0.594 1.0 105 0 False 3 3.6 0 107.784 0 102090 102090 1300.0 1310.0 A A N
1 2 10 cOe -502.321 1450.074 1 3 -418.631 1401.709 -586.055 1401.723 -502.31 1353.373 -418.631 1401.709 0.0 0.0 0.0 0.0 0.0 0.0 1 1 0.743 0.0 0.0 0.0 0.0 0.0 105 0 False 3 3.6 0 109.107 0 102100 102100 1300.0 1310.0 A A N
1 3 0 FI 502.32 0.0 0 6 502.3 -96.7 586.0 -48.3 586.0 48.3 502.3 96.7 418.6 48.3 418.6 -48.3 502.3 -96.7 0 0 5.997 7.0 2.433 3.0 2.751 3.0 0 0 False 6 7.2 0 0.0 1 103000 103001 1001.0 1010.0 B A N
1 3 1 FI 418.6 145.01 1 6 418.6 48.3 502.3 96.7 502.3 193.3 418.6 241.7 334.9 193.3 334.9 96.7 418.6 48.3 0 1 7.039 8.0 2.853 3.0 3.408 4.0 3 0 False 6 7.2 0 19.107 1 103010 103011 1100.0 1110.0 A A N
1 3 2 FI 334.88 290.02 1 6 334.9 193.3 418.6 241.7 418.6 338.4 334.9 386.7 251.2 338.4 251.2 241.7 334.9 193.3 0 1 7.044 8.0 2.843 3.0 3.391 4.0 2 0 False 6 7.2 0 40.894 1 103020 103021 1100.0 1110.0 A A N
1 3 3 FI 251.16 435.022 1 6 334.895 386.655 334.829 483.341 251.171 531.641 167.405 483.355 167.471 386.668 251.129 338.368 334.895 386.655 1 0 5.997 7.0 2.433 3.0 2.751 3.0 100 0 False 6 7.2 0 60.0 1 103030 103031 1201.0 1210.0 B A N
1 3 4 FI 167.438 580.031 1 6 251.171 531.641 251.155 628.414 167.497 676.714 83.682 628.341 83.747 531.655 167.405 483.355 251.171 531.641 1 0 4.835 5.0 1.972 3.0 2.087 3.0 101 0 False 6 7.2 0 73.898 1 103040 103041 1200.0 1210.0 A A N
1 3 5 FI 83.715 725.039 1 6 167.497 676.714 167.432 773.4 83.687 821.75 0.008 773.414 -0.063 676.691 83.682 628.341 167.497 676.714 1 0 3.693 4.0 1.572 2.0 1.613 2.0 101 0 False 6 7.2 0 83.414 1 103050 103051 1200.0 1210.0 A A N
1 3 6 FM 0.002 870.043 5 6 83.687 821.75 83.708 918.386 -0.037 966.736 -83.716 918.4 -83.737 821.764 0.008 773.414 83.687 821.75 1 1 2.99 4.0 1.046 2.0 1.021 2.0 106 1 False 3 3.6 0 90.0 0 103060 103060 1301.0 1311.0 B B N
1 3 7 FO -83.721 1015.051 5 6 -0.037 966.736 -0.016 1063.373 -83.76 1111.723 -167.439 1063.386 -167.46 966.75 -83.716 918.4 -0.037 966.736 1 1 2.513 3.0 0.837 1.0 0.797 1.0 106 1 False 3 3.6 0 94.715 0 103070 103070 1301.0 1311.0 B B E
1 3 8 FO -167.443 1160.06 5 6 -83.76 1111.723 -83.739 1208.359 -167.484 1256.709 -251.163 1208.373 -251.184 1111.736 -167.439 1063.386 -83.76 1111.723 1 1 2.169 3.0 0.672 1.0 0.642 1.0 106 0 True 3 3.6 0 98.213 0 103080 103080 1301.0 1311.0 B B W
1 3 9 FO -251.165 1305.069 5 6 -167.484 1256.709 -167.413 1353.432 -251.158 1401.782 -334.887 1353.359 -334.908 1256.723 -251.163 1208.373 -167.484 1256.709 1 1 1.643 2.0 0.544 1.0 0.533 1.0 106 0 False 3 3.6 0 100.894 0 103090 103090 1301.0 1311.0 B B N
1 3 10 aOeT -334.883 1450.086 2 4 -251.137 1498.418 -418.631 1401.709 -334.887 1353.359 -251.158 1401.782 -251.137 1498.418 0.0 0.0 0.0 0.0 1 1 0.984 1.0 0.144 1.0 0.144 1.0 106 0 False 3 3.6 0 103.004 0 103100 103100 1301.0 1311.0 B B N
1 4 0 FI 669.76 0.0 0 6 669.8 -96.7 753.5 -48.3 753.5 48.3 669.8 96.7 586.0 48.3 586.0 -48.3 669.8 -96.7 0 0 4.185 5.0 1.734 2.0 1.806 2.0 0 0 True 6 7.2 0 0.0 1 104000 104001 1001.0 1010.0 B A N
1 4 1 FI 586.04 145.01 0 6 586.0 48.3 669.8 96.7 669.8 193.3 586.0 241.7 502.3 193.3 502.3 96.7 586.0 48.3 0 0 4.835 5.0 1.972 3.0 2.087 3.0 1 0 False 6 7.2 0 13.898 1 104010 104011 1000.0 1010.0 A A N
1 4 2 FI 502.32 290.02 1 6 502.3 193.3 586.0 241.7 586.0 338.4 502.3 386.7 418.6 338.4 418.6 241.7 502.3 193.3 0 1 5.07 6.0 2.068 3.0 2.216 3.0 3 0 False 6 7.2 0 30.0 1 104020 104021 1100.0 1110.0 A A N
1 4 3 FI 418.6 435.02 1 6 418.6 338.4 502.3 386.7 502.3 483.4 418.6 531.7 334.9 483.4 334.9 386.7 418.6 338.4 0 1 4.799 5.0 1.975 3.0 2.096 3.0 2 0 False 6 7.2 0 46.102 1 104030 104031 1100.0 1110.0 A A N
1 4 4 FI 334.88 580.029 1 6 418.645 531.714 418.579 628.4 334.921 676.7 251.155 628.414 251.171 531.641 334.829 483.341 418.645 531.714 1 0 4.185 5.0 1.734 2.0 1.806 2.0 100 0 True 6 7.2 0 60.0 1 104040 104041 1201.0 1210.0 B A N
1 4 5 FI 251.158 725.038 1 6 334.921 676.7 334.855 773.386 251.197 821.686 167.432 773.4 167.497 676.714 251.155 628.414 334.921 676.7 1 0 3.425 4.0 1.481 2.0 1.506 2.0 101 0 True 6 7.2 0 70.894 1 104050 104051 1200.0 1210.0 A A N
1 4 6 FM 167.435 870.046 1 6 251.197 821.686 251.132 918.373 167.387 966.723 83.708 918.386 83.687 821.75 167.432 773.4 251.197 821.686 1 0 2.924 3.0 1.004 2.0 0.976 1.0 107 0 False 3 3.6 0 79.107 0 104060 104060 1200.0 1210.0 A A N
1 4 7 FO 83.722 1015.05 1 6 167.387 966.723 167.408 1063.359 83.663 1111.709 -0.016 1063.373 -0.037 966.736 83.708 918.386 167.387 966.723 1 0 2.549 3.0 0.844 1.0 0.802 1.0 110 0 False 3 3.6 0 85.285 0 104070 104070 1200.0 1211.0 A B N
1 4 8 FO -0.001 1160.059 1 6 83.663 1111.709 83.734 1208.432 -0.01 1256.782 -83.739 1208.359 -83.76 1111.723 -0.016 1063.373 83.663 1111.709 1 0 2.187 3.0 0.687 1.0 0.656 1.0 111 0 True 3 3.6 0 90.0 0 104080 104080 1200.0 1211.0 A B W
1 4 9 FO -83.718 1305.076 5 6 -0.01 1256.782 0.011 1353.418 -83.734 1401.768 -167.413 1353.432 -167.484 1256.709 -83.739 1208.359 -0.01 1256.782 1 0 1.698 2.0 0.564 1.0 0.549 1.0 111 0 False 3 3.6 0 93.67 0 104090 104090 1200.0 1211.0 A B N
1 4 10 bOe -167.44 1450.085 2 5 -83.713 1498.405 -251.137 1498.418 -251.158 1401.782 -167.413 1353.432 -83.734 1401.768 -83.713 1498.405 0.0 0.0 1 0 1.214 2.0 0.192 1.0 0.192 1.0 111 0 False 3 3.6 0 96.587 0 104100 104100 1200.0 1211.0 A B N
1 5 0 FM 837.2 0.0 0 6 837.2 -96.7 920.9 -48.3 920.9 48.3 837.2 96.7 753.5 48.3 753.5 -48.3 837.2 -96.7 0 0 3.172 4.0 1.105 2.0 1.081 2.0 9 0 False 3 3.6 0 0.0 0 105000 105000 1000.0 1010.0 A A N
1 5 1 FI 753.48 145.01 0 6 753.5 48.3 837.2 96.7 837.2 193.3 753.5 241.7 669.8 193.3 669.8 96.7 753.5 48.3 0 0 3.425 4.0 1.481 2.0 1.506 2.0 1 0 True 6 7.2 0 10.894 1 105010 105011 1000.0 1010.0 A A N
1 5 2 FI 669.76 290.02 0 6 669.8 193.3 753.5 241.7 753.5 338.4 669.8 386.7 586.0 338.4 586.0 241.7 669.8 193.3 0 0 3.693 4.0 1.572 2.0 1.613 2.0 1 0 False 6 7.2 0 23.414 1 105020 105021 1000.0 1010.0 A A N
1 5 3 FI 586.04 435.02 1 6 586.0 338.4 669.8 386.7 669.8 483.4 586.0 531.7 502.3 483.4 502.3 386.7 586.0 338.4 0 1 3.661 4.0 1.579 2.0 1.62 2.0 3 0 True 6 7.2 0 36.587 1 105030 105031 1100.0 1110.0 A A N
1 5 4 FI 502.32 580.03 1 6 502.3 483.4 586.0 531.7 586.0 628.4 502.3 676.7 418.6 628.4 418.6 531.7 502.3 483.4 0 1 3.419 4.0 1.487 2.0 1.515 2.0 2 0 True 6 7.2 0 49.107 1 105040 105041 1100.0 1110.0 A A N
1 5 5 FM 418.6 725.036 1 6 502.345 676.686 502.279 773.373 418.621 821.673 334.855 773.386 334.921 676.7 418.579 628.4 502.345 676.686 1 0 3.172 4.0 1.105 2.0 1.081 2.0 109 0 False 3 3.6 0 60.0 0 105050 105050 1200.0 1210.0 A A N
1 5 6 FO 334.878 870.045 1 6 418.621 821.673 418.555 918.359 334.897 966.659 251.132 918.373 251.197 821.686 334.855 773.386 418.621 821.673 1 0 2.91 3.0 0.963 1.0 0.919 1.0 108 0 False 3 3.6 0 68.948 0 105060 105060 1200.0 1210.0 A A N
1 5 7 FO 251.155 1015.054 1 6 334.897 966.659 334.882 1063.432 251.137 1111.782 167.408 1063.359 167.387 966.723 251.132 918.373 334.897 966.659 1 0 2.439 3.0 0.803 1.0 0.766 1.0 107 0 True 3 3.6 0 76.102 0 105070 105070 1200.0 1210.0 A A W
1 5 8 FO 167.447 1160.066 1 6 251.137 1111.782 251.158 1208.418 167.413 1256.768 83.734 1208.432 83.663 1111.709 167.408 1063.359 251.137 1111.782 1 0 2.19 3.0 0.669 1.0 0.638 1.0 110 0 True 3 3.6 0 81.787 0 105080 105080 1200.0 1211.0 A B W
1 5 9 FO 83.724 1305.075 1 6 167.413 1256.768 167.434 1353.405 83.69 1401.755 0.011 1353.418 -0.01 1256.782 83.734 1208.432 167.413 1256.768 1 0 1.691 2.0 0.562 1.0 0.548 1.0 111 1 False 3 3.6 0 86.329 0 105090 105090 1200.0 1211.0 A B E
1 5 10 dOe 0.002 1450.083 1 5 83.69 1401.755 83.768 1450.091 -83.705 1450.018 -83.734 1401.768 0.011 1353.418 83.69 1401.755 0.0 0.0 1 0 1.026 2.0 0.144 1.0 0.144 1.0 111 1 False 2 2.4 0 90.0 0 105100 105100 1200.0 1211.0 A B N
1 6 0 FO 1004.64 0.0 0 6 1004.6 -96.7 1088.4 -48.3 1088.4 48.3 1004.6 96.7 920.9 48.3 920.9 -48.3 1004.6 -96.7 0 0 2.62 3.0 0.841 1.0 0.802 1.0 9 0 True 3 3.6 0 0.0 0 106000 106000 1000.0 1010.0 A A W
1 6 1 FO 920.92 145.01 0 6 920.9 48.3 1004.6 96.7 1004.6 193.3 920.9 241.7 837.2 193.3 837.2 96.7 920.9 48.3 0 0 2.91 3.0 0.963 1.0 0.919 1.0 8 0 False 3 3.6 0 8.948 0 106010 106010 1000.0 1010.0 A A N
1 6 2 FM 837.2 290.02 0 6 837.2 193.3 920.9 241.7 920.9 338.4 837.2 386.7 753.5 338.4 753.5 241.7 837.2 193.3 0 0 2.924 3.0 1.004 2.0 0.976 1.0 7 0 False 3 3.6 0 19.107 0 106020 106020 1000.0 1010.0 A A N
1 6 3 FM 753.48 435.02 4 6 753.5 338.4 837.2 386.7 837.2 483.4 753.5 531.7 669.8 483.4 669.8 386.7 753.5 338.4 0 1 2.99 4.0 1.046 2.0 1.021 2.0 6 1 False 3 3.6 0 30.0 0 106030 106030 1101.0 1111.0 B B N
1 6 4 FM 669.76 580.03 4 6 669.8 483.4 753.5 531.7 753.5 628.4 669.8 676.7 586.0 628.4 586.0 531.7 669.8 483.4 0 1 2.903 3.0 1.003 2.0 0.978 1.0 5 1 False 3 3.6 0 40.893 0 106040 106040 1100.0 1110.0 A A N
1 6 5 FO 586.04 725.04 4 6 586.0 628.4 669.8 676.7 669.8 773.4 586.0 821.7 502.3 773.4 502.3 676.7 586.0 628.4 0 1 2.902 3.0 0.952 1.0 0.908 1.0 4 1 False 3 3.6 0 51.052 0 106050 106050 1100.0 1110.0 A A N
1 6 6 FO 502.32 870.044 1 6 586.045 821.659 586.029 918.432 502.371 966.732 418.555 918.359 418.621 821.673 502.279 773.373 586.045 821.659 1 0 2.62 3.0 0.841 1.0 0.802 1.0 109 0 True 3 3.6 0 60.0 0 106060 106060 1200.0 1210.0 A A W
1 6 7 FO 418.603 1015.061 1 6 502.371 966.732 502.305 1063.418 418.647 1111.718 334.882 1063.432 334.897 966.659 418.555 918.359 502.371 966.732 1 0 2.334 3.0 0.752 1.0 0.716 1.0 108 0 True 3 3.6 0 67.589 0 106070 106070 1200.0 1210.0 A A W
1 6 8 FO 334.88 1160.07 1 6 418.647 1111.718 418.582 1208.405 334.837 1256.755 251.158 1208.418 251.137 1111.782 334.882 1063.432 418.647 1111.718 1 0 2.141 3.0 0.638 1.0 0.611 1.0 107 1 False 3 3.6 0 73.898 0 106080 106080 1200.0 1210.0 A A E
1 6 9 FO 251.167 1305.073 1 6 334.837 1256.755 334.858 1353.391 251.113 1401.741 167.434 1353.405 167.413 1256.768 251.158 1208.418 334.837 1256.755 1 0 1.646 2.0 0.547 1.0 0.537 1.0 110 1 False 3 3.6 0 79.106 0 106090 106090 1200.0 1211.0 A B E
1 6 10 bOe 167.444 1450.082 2 5 251.134 1498.377 83.711 1498.391 83.69 1401.755 167.434 1353.405 251.113 1401.741 251.134 1498.377 0.0 0.0 1 0 1.221 2.0 0.192 1.0 0.192 1.0 111 1 False 3 3.6 0 83.413 0 106100 106100 1200.0 1211.0 A B N
1 7 0 FO 1172.09 0.0 0 6 1172.1 -96.7 1255.8 -48.3 1255.8 48.3 1172.1 96.7 1088.4 48.3 1088.4 -48.3 1172.1 -96.7 0 0 2.225 3.0 0.668 1.0 0.638 1.0 9 1 False 3 3.6 0 0.0 0 107000 107000 1000.0 1010.0 A A E
1 7 1 FO 1088.37 145.01 0 6 1088.4 48.3 1172.1 96.7 1172.1 193.3 1088.4 241.7 1004.6 193.3 1004.6 96.7 1088.4 48.3 0 0 2.334 3.0 0.752 1.0 0.716 1.0 8 0 True 3 3.6 0 7.589 0 107010 107010 1000.0 1010.0 A A W
1 7 2 FO 1004.64 290.02 0 6 1004.6 193.3 1088.4 241.7 1088.4 338.4 1004.6 386.7 920.9 338.4 920.9 241.7 1004.6 193.3 0 0 2.439 3.0 0.803 1.0 0.766 1.0 7 0 True 3 3.6 0 16.102 0 107020 107020 1000.0 1010.0 A A W
1 7 3 FO 920.92 435.02 0 6 920.9 338.4 1004.6 386.7 1004.6 483.4 920.9 531.7 837.2 483.4 837.2 386.7 920.9 338.4 0 0 2.549 3.0 0.844 1.0 0.802 1.0 10 0 False 3 3.6 0 25.285 0 107030 107030 1000.0 1011.0 A B N
1 7 4 FO 837.2 580.03 4 6 837.2 483.4 920.9 531.7 920.9 628.4 837.2 676.7 753.5 628.4 753.5 531.7 837.2 483.4 0 1 2.513 3.0 0.837 1.0 0.797 1.0 6 1 False 3 3.6 0 34.715 0 107040 107040 1101.0 1111.0 B B E
1 7 5 FO 753.48 725.04 4 6 753.5 628.4 837.2 676.7 837.2 773.4 753.5 821.7 669.8 773.4 669.8 676.7 753.5 628.4 0 1 2.412 3.0 0.813 1.0 0.774 1.0 5 1 False 3 3.6 0 43.898 0 107050 107050 1100.0 1110.0 A A E
1 7 6 FO 669.76 870.05 4 6 669.8 773.4 753.5 821.7 753.5 918.4 669.8 966.7 586.0 918.4 586.0 821.7 669.8 773.4 0 1 2.327 3.0 0.755 1.0 0.718 1.0 4 1 False 3 3.6 0 52.411 0 107060 107060 1100.0 1110.0 A A E
1 7 7 FO 586.045 1015.06 1 6 669.795 966.718 669.729 1063.405 586.071 1111.705 502.305 1063.418 502.371 966.732 586.029 918.432 669.795 966.718 1 0 2.225 3.0 0.668 1.0 0.638 1.0 109 1 False 3 3.6 0 60.0 0 107070 107070 1200.0 1210.0 A A E
1 7 8 FO 502.323 1160.068 1 6 586.071 1111.705 586.005 1208.391 502.347 1256.691 418.582 1208.405 418.647 1111.718 502.305 1063.418 586.071 1111.705 1 0 1.767 2.0 0.59 1.0 0.57 1.0 108 1 False 3 3.6 0 66.587 0 107080 107080 1200.0 1210.0 A A E
1 7 9 FO 418.6 1305.077 1 6 502.347 1256.691 502.282 1353.377 418.537 1401.727 334.858 1353.391 334.837 1256.755 418.582 1208.405 502.347 1256.691 1 0 1.54 2.0 0.59 1.0 0.59 1.0 107 1 False 3 3.6 0 72.216 0 107090 107090 1200.0 1210.0 A A N
1 7 10 aOeB 334.887 1450.081 1 4 418.537 1401.727 251.134 1498.377 251.113 1401.741 334.858 1353.391 418.537 1401.727 0.0 0.0 0.0 0.0 1 0 0.997 2.0 0.144 1.0 0.144 1.0 110 1 False 3 3.6 0 76.996 0 107100 107100 1200.0 1211.0 A B N
1 8 0 FO 1339.53 0.0 0 6 1339.5 -96.7 1423.2 -48.3 1423.2 48.3 1339.5 96.7 1255.8 48.3 1255.8 -48.3 1339.5 -96.7 0 0 1.605 2.0 0.615 1.0 0.615 1.0 9 1 False 3 3.6 0 0.0 0 108000 108000 1000.0 1010.0 A A N
1 8 1 FO 1255.81 145.01 0 6 1255.8 48.3 1339.5 96.7 1339.5 193.3 1255.8 241.7 1172.1 193.3 1172.1 96.7 1255.8 48.3 0 0 1.767 2.0 0.59 1.0 0.57 1.0 8 1 False 3 3.6 0 6.587 0 108010 108010 1000.0 1010.0 A A E
1 8 2 FO 1172.09 290.02 0 6 1172.1 193.3 1255.8 241.7 1255.8 338.4 1172.1 386.7 1088.4 338.4 1088.4 241.7 1172.1 193.3 0 0 2.141 3.0 0.638 1.0 0.611 1.0 7 1 False 3 3.6 0 13.898 0 108020 108020 1000.0 1010.0 A A E
1 8 3 FO 1088.37 435.02 0 6 1088.4 338.4 1172.1 386.7 1172.1 483.4 1088.4 531.7 1004.6 483.4 1004.6 386.7 1088.4 338.4 0 0 2.19 3.0 0.669 1.0 0.638 1.0 10 0 True 3 3.6 0 21.787 0 108030 108030 1000.0 1011.0 A B W
1 8 4 FO 1004.64 580.03 0 6 1004.6 483.4 1088.4 531.7 1088.4 628.4 1004.6 676.7 920.9 628.4 920.9 531.7 1004.6 483.4 0 0 2.187 3.0 0.687 1.0 0.656 1.0 11 0 True 3 3.6 0 30.0 0 108040 108040 1000.0 1011.0 A B W
1 8 5 FO 920.92 725.04 4 6 920.9 628.4 1004.6 676.7 1004.6 773.4 920.9 821.7 837.2 773.4 837.2 676.7 920.9 628.4 0 1 2.169 3.0 0.672 1.0 0.642 1.0 6 0 True 3 3.6 0 38.213 0 108050 108050 1101.0 1111.0 B B W
1 8 6 FO 837.2 870.05 4 6 837.2 773.4 920.9 821.7 920.9 918.4 837.2 966.7 753.5 918.4 753.5 821.7 837.2 773.4 0 1 2.144 3.0 0.636 1.0 0.608 1.0 5 0 True 3 3.6 0 46.102 0 108060 108060 1100.0 1110.0 A A W
1 8 7 FO 753.48 1015.06 4 6 753.5 918.4 837.2 966.7 837.2 1063.4 753.5 1111.7 669.8 1063.4 669.8 966.7 753.5 918.4 0 1 1.766 2.0 0.599 1.0 0.576 1.0 4 0 True 3 3.6 0 53.413 0 108070 108070 1100.0 1110.0 A A W
1 8 8 FO 669.765 1160.067 1 6 753.495 1111.691 753.429 1208.377 669.771 1256.677 586.005 1208.391 586.071 1111.705 669.729 1063.405 753.495 1111.691 1 0 1.605 2.0 0.615 1.0 0.615 1.0 109 1 False 3 3.6 0 60.0 0 108080 108080 1200.0 1210.0 A A N
1 8 9 FOe 586.043 1305.076 1 6 669.771 1256.677 669.755 1353.45 586.097 1401.75 502.282 1353.377 502.347 1256.691 586.005 1208.391 669.771 1256.677 1 0 1.435 2.0 0.459 1.0 0.462 1.0 108 1 False 3 3.6 0 65.818 0 108090 108090 1200.0 1210.0 A A N
1 8 10 cOe 502.32 1450.084 1 3 586.097 1401.75 418.537 1401.727 502.282 1353.377 586.097 1401.75 0.0 0.0 0.0 0.0 0.0 0.0 1 0 0.743 0.0 0.0 0.0 0.0 0.0 107 1 False 3 3.6 0 70.894 0 108100 108100 1200.0 1210.0 A A N
1 9 0 cOe 1506.97 0.0 5 3 1423.2 -48.3 1507.0 96.7 1423.2 48.3 1423.2 -48.3 0.0 0.0 0.0 0.0 0.0 0.0 0 0 0.762 0.0 0.0 0.0 0.0 0.0 9 1 False 3 3.6 0 0.0 0 109000 109000 1000.0 1010.0 A A N
1 9 1 FOe 1423.25 145.01 0 6 1423.2 48.3 1507.0 96.7 1507.0 193.3 1423.2 241.7 1339.5 193.3 1339.5 96.7 1423.2 48.3 0 0 1.435 2.0 0.459 1.0 0.462 1.0 8 1 False 3 3.6 0 5.818 0 109010 109010 1000.0 1010.0 A A N
1 9 2 FO 1339.53 290.02 0 6 1339.5 193.3 1423.2 241.7 1423.2 338.4 1339.5 386.7 1255.8 338.4 1255.8 241.7 1339.5 193.3 0 0 1.54 2.0 0.59 1.0 0.59 1.0 7 1 False 3 3.6 0 12.216 0 109020 109020 1000.0 1010.0 A A N
1 9 3 FO 1255.81 435.02 0 6 1255.8 338.4 1339.5 386.7 1339.5 483.4 1255.8 531.7 1172.1 483.4 1172.1 386.7 1255.8 338.4 0 0 1.646 2.0 0.547 1.0 0.537 1.0 10 1 False 3 3.6 0 19.106 0 109030 109030 1000.0 1011.0 A B E
1 9 4 FO 1172.09 580.03 0 6 1172.1 483.4 1255.8 531.7 1255.8 628.4 1172.1 676.7 1088.4 628.4 1088.4 531.7 1172.1 483.4 0 0 1.691 2.0 0.562 1.0 0.548 1.0 11 1 False 3 3.6 0 26.329 0 109040 109040 1000.0 1011.0 A B E
1 9 5 FO 1088.37 725.04 4 6 1088.4 628.4 1172.1 676.7 1172.1 773.4 1088.4 821.7 1004.6 773.4 1004.6 676.7 1088.4 628.4 0 0 1.698 2.0 0.564 1.0 0.549 1.0 11 0 False 3 3.6 0 33.67 0 109050 109050 1000.0 1011.0 A B N
1 9 6 FO 1004.64 870.05 4 6 1004.6 773.4 1088.4 821.7 1088.4 918.4 1004.6 966.7 920.9 918.4 920.9 821.7 1004.6 773.4 0 1 1.643 2.0 0.544 1.0 0.533 1.0 6 0 False 3 3.6 0 40.894 0 109060 109060 1101.0 1111.0 B B N
1 9 7 FO 920.92 1015.06 4 6 920.9 918.4 1004.6 966.7 1004.6 1063.4 920.9 1111.7 837.2 1063.4 837.2 966.7 920.9 918.4 0 1 1.545 2.0 0.594 1.0 0.594 1.0 5 0 False 3 3.6 0 47.784 0 109070 109070 1100.0 1110.0 A A N
1 9 8 bOe 837.2 1160.06 2 5 920.9 1208.4 753.5 1208.4 753.5 1111.7 837.2 1063.4 920.9 1111.7 920.9 1208.4 0.0 0.0 0 1 1.292 2.0 0.192 1.0 0.192 1.0 4 0 False 3 3.6 0 54.183 0 109080 109080 1100.0 1110.0 A A N
1 9 9 cOe 753.485 1305.074 0 3 753.429 1208.377 669.755 1353.45 669.771 1256.677 753.429 1208.377 0.0 0.0 0.0 0.0 0.0 0.0 1 0 0.762 0.0 0.0 0.0 0.0 0.0 109 1 False 3 3.6 0 60.0 0 109090 109090 1200.0 1210.0 A A N
1 10 2 cOe 1506.97 290.02 0 3 1507.0 193.3 1423.2 338.4 1423.2 241.7 1507.0 193.3 0.0 0.0 0.0 0.0 0.0 0.0 0 0 0.743 0.0 0.0 0.0 0.0 0.0 7 1 False 3 3.6 0 10.894 0 110020 110020 1000.0 1010.0 A A N
1 10 3 aOeB 1423.25 435.02 0 4 1423.2 338.4 1423.2 531.7 1339.5 483.4 1339.5 386.7 1423.2 338.4 0.0 0.0 0.0 0.0 0 0 0.997 2.0 0.144 1.0 0.144 1.0 10 1 False 3 3.6 0 16.996 0 110030 110030 1000.0 1011.0 A B N
1 10 4 bOe 1339.53 580.03 1 5 1423.2 531.7 1339.5 676.7 1255.8 628.4 1255.8 531.7 1339.5 483.4 1423.2 531.7 0.0 0.0 0 0 1.221 2.0 0.192 1.0 0.192 1.0 11 1 False 3 3.6 0 23.413 0 110040 110040 1000.0 1011.0 A B N
1 10 5 dOe 1255.81 725.04 0 5 1255.8 628.4 1297.7 652.5 1213.9 797.5 1172.1 773.4 1172.1 676.7 1255.8 628.4 0.0 0.0 0 0 1.026 2.0 0.144 1.0 0.144 1.0 11 1 False 2 2.4 0 30.0 0 110050 110050 1000.0 1011.0 A B N
1 10 6 bOe 1172.09 870.05 1 5 1255.8 821.7 1172.1 966.7 1088.4 918.4 1088.4 821.7 1172.1 773.4 1255.8 821.7 0.0 0.0 0 0 1.214 2.0 0.192 1.0 0.192 1.0 11 0 False 3 3.6 0 36.587 0 110060 110060 1000.0 1011.0 A B N
1 10 7 aOeT 1088.37 1015.06 1 4 1172.1 966.7 1004.6 1063.4 1004.6 966.7 1088.4 918.4 1172.1 966.7 0.0 0.0 0.0 0.0 0 1 0.984 1.0 0.144 1.0 0.144 1.0 6 0 False 3 3.6 0 43.004 0 110070 110070 1101.0 1111.0 B B N
1 10 8 cOe 1004.64 1160.06 0 3 1004.6 1063.4 920.9 1208.4 920.9 1111.7 1004.6 1063.4 0.0 0.0 0.0 0.0 0.0 0.0 0 1 0.743 0.0 0.0 0.0 0.0 0.0 5 0 False 3 3.6 0 49.107 0 110080 110080 1100.0 1110.0 A A N
2 1 2 dIe -0.002 290.016 4 5 -83.718 338.396 -83.729 316.578 83.695 316.564 83.705 338.382 0.047 386.682 -83.718 338.396 0.0 0.0 1 1 0.0 0.0 1.653 2.0 1.653 2.0 102 0 False 3 3.6 0 90.0 1 201020 201021 2300.0 0.0 A None N
2 1 3 FI -83.725 435.025 2 6 0.047 386.682 -0.018 483.368 -83.763 531.718 -167.442 483.382 -167.463 386.746 -83.718 338.396 0.047 386.682 1 1 0.0 0.0 3.109 4.0 3.713 4.0 102 0 False 6 7.2 0 100.894 1 201030 201031 2300.0 0.0 A None N
2 1 4 FI -167.438 580.028 2 6 -83.763 531.718 -83.742 628.355 -167.487 676.705 -251.166 628.368 -251.187 531.732 -167.442 483.382 -83.763 531.718 1 1 0.0 0.0 2.104 3.0 2.22 3.0 102 0 False 6 7.2 0 106.102 1 201040 201041 2300.0 0.0 A None N
2 1 5 FI -251.161 725.037 2 6 -167.487 676.705 -167.466 773.341 -251.21 821.691 -334.889 773.355 -334.91 676.718 -251.166 628.368 -167.487 676.705 1 1 0.0 0.0 1.57 2.0 1.592 2.0 102 0 True 6 7.2 0 109.107 1 201050 201051 2300.0 0.0 A None N
2 1 6 FO -334.883 870.046 5 6 -251.21 821.691 -251.139 918.414 -334.884 966.764 -418.613 918.341 -418.634 821.705 -334.889 773.355 -251.21 821.691 1 1 0.0 0.0 0.992 2.0 0.95 1.0 104 1 False 3 3.6 0 111.052 0 201060 201060 2300.0 0.0 A None N
2 1 7 FO -418.605 1015.054 5 6 -334.884 966.764 -334.863 1063.4 -418.608 1111.75 -502.287 1063.414 -502.358 966.691 -418.613 918.341 -334.884 966.764 1 1 0.0 0.0 0.786 1.0 0.751 1.0 104 1 False 3 3.6 0 112.411 0 201070 201070 2300.0 0.0 A None E
2 1 8 FO -502.328 1160.063 5 6 -418.608 1111.75 -418.587 1208.386 -502.331 1256.736 -586.01 1208.4 -586.031 1111.764 -502.287 1063.414 -418.608 1111.75 1 1 0.0 0.0 0.614 1.0 0.596 1.0 104 0 True 3 3.6 0 113.413 0 201080 201080 2300.0 0.0 A None W
2 1 9 aOe -586.041 1305.066 2 4 -502.31 1353.373 -669.755 1256.75 -586.01 1208.4 -502.331 1256.736 -502.31 1353.373 0.0 0.0 0.0 0.0 1 1 0.0 0.0 0.144 1.0 0.144 1.0 104 0 False 3 3.6 0 114.183 0 201090 201090 2300.0 0.0 A None N
2 2 0 gIe 334.88 0.0 3 6 334.9 96.7 316.0 85.8 316.0 -85.8 334.9 -96.7 418.6 -48.3 418.6 48.3 334.9 96.7 0 0 0.0 0.0 2.977 4.0 2.977 4.0 0 0 False 6 7.2 0 0.0 1 202000 202001 2000.0 0.0 A None N
2 2 1 dIe 251.16 145.01 3 5 251.2 241.7 232.3 230.8 316.0 85.8 334.9 96.7 334.9 193.3 251.2 241.7 0.0 0.0 0 1 0.0 0.0 1.653 2.0 1.653 2.0 2 0 False 3 3.6 0 30.0 1 202010 202011 2100.0 0.0 A None N
2 2 2 gIe 167.44 290.015 4 6 83.705 338.382 83.695 316.564 232.305 230.764 251.195 241.682 251.129 338.368 167.471 386.668 83.705 338.382 1 0 0.0 0.0 2.977 4.0 2.977 4.0 100 0 False 6 7.2 0 60.0 1 202020 202021 2200.0 0.0 A None N
2 2 3 FI 83.718 435.023 2 6 167.471 386.668 167.405 483.355 83.747 531.655 -0.018 483.368 0.047 386.682 83.705 338.382 167.471 386.668 1 1 0.0 0.0 3.113 4.0 3.719 4.0 103 0 False 6 7.2 0 79.107 1 202030 202031 2300.0 0.0 A None N
2 2 4 FI -0.005 580.032 2 6 83.747 531.655 83.682 628.341 -0.063 676.691 -83.742 628.355 -83.763 531.718 -0.018 483.368 83.747 531.655 1 1 0.0 0.0 2.201 3.0 2.353 3.0 103 0 False 6 7.2 0 90.0 1 202040 202041 2300.0 0.0 A None N
2 2 5 FI -83.718 725.036 2 6 -0.063 676.691 0.008 773.414 -83.737 821.764 -167.466 773.341 -167.487 676.705 -83.742 628.355 -0.063 676.691 1 1 0.0 0.0 1.669 2.0 1.696 2.0 103 0 True 6 7.2 0 96.587 1 202050 202051 2300.0 0.0 A None N
2 2 6 FM -167.441 870.044 5 6 -83.737 821.764 -83.716 918.4 -167.46 966.75 -251.139 918.414 -251.21 821.691 -167.466 773.341 -83.737 821.764 1 1 0.0 0.0 1.054 2.0 1.028 2.0 105 1 False 3 3.6 0 100.893 0 202060 202060 2300.0 0.0 A None N
2 2 7 FO -251.163 1015.053 5 6 -167.46 966.75 -167.439 1063.386 -251.184 1111.736 -334.863 1063.4 -334.884 966.764 -251.139 918.414 -167.46 966.75 1 1 0.0 0.0 0.838 1.0 0.8 1.0 105 1 False 3 3.6 0 103.898 0 202070 202070 2300.0 0.0 A None E
2 2 8 FO -334.885 1160.061 5 6 -251.184 1111.736 -251.163 1208.373 -334.908 1256.723 -418.587 1208.386 -418.608 1111.75 -334.863 1063.4 -251.184 1111.736 1 1 0.0 0.0 0.668 1.0 0.644 1.0 105 0 True 3 3.6 0 106.102 0 202080 202080 2300.0 0.0 A None W
2 2 9 FOe -418.608 1305.07 5 6 -334.908 1256.723 -334.887 1353.359 -418.631 1401.709 -502.31 1353.373 -502.331 1256.736 -418.587 1208.386 -334.908 1256.723 1 1 0.0 0.0 0.525 1.0 0.524 1.0 105 0 False 3 3.6 0 107.784 0 202090 202090 2300.0 0.0 A None N
2 3 0 FI 502.32 0.0 0 6 502.3 -96.7 586.0 -48.3 586.0 48.3 502.3 96.7 418.6 48.3 418.6 -48.3 502.3 -96.7 0 0 0.0 0.0 2.648 3.0 2.993 4.0 0 0 False 6 7.2 0 0.0 1 203000 203001 2000.0 0.0 A None N
2 3 1 FI 418.6 145.01 1 6 418.6 48.3 502.3 96.7 502.3 193.3 418.6 241.7 334.9 193.3 334.9 96.7 418.6 48.3 0 1 0.0 0.0 3.113 4.0 3.719 4.0 3 0 False 6 7.2 0 19.107 1 203010 203011 2100.0 0.0 A None N
2 3 2 FI 334.88 290.02 1 6 334.9 193.3 418.6 241.7 418.6 338.4 334.9 386.7 251.2 338.4 251.2 241.7 334.9 193.3 0 1 0.0 0.0 3.109 4.0 3.713 4.0 2 0 False 6 7.2 0 40.894 1 203020 203021 2100.0 0.0 A None N
2 3 3 FI 251.16 435.022 1 6 334.895 386.655 334.829 483.341 251.171 531.641 167.405 483.355 167.471 386.668 251.129 338.368 334.895 386.655 1 0 0.0 0.0 2.648 3.0 2.993 4.0 100 0 False 6 7.2 0 60.0 1 203030 203031 2200.0 0.0 A None N
2 3 4 FI 167.438 580.031 1 6 251.171 531.641 251.155 628.414 167.497 676.714 83.682 628.341 83.747 531.655 167.405 483.355 251.171 531.641 1 0 0.0 0.0 2.096 3.0 2.21 3.0 101 0 False 6 7.2 0 73.898 1 203040 203041 2200.0 0.0 A None N
2 3 5 FI 83.715 725.039 1 6 167.497 676.714 167.432 773.4 83.687 821.75 0.008 773.414 -0.063 676.691 83.682 628.341 167.497 676.714 1 0 0.0 0.0 1.668 2.0 1.695 2.0 101 0 False 6 7.2 0 83.414 1 203050 203051 2200.0 0.0 A None N
2 3 6 FM 0.002 870.043 5 6 83.687 821.75 83.708 918.386 -0.037 966.736 -83.716 918.4 -83.737 821.764 0.008 773.414 83.687 821.75 1 1 0.0 0.0 1.091 2.0 1.066 2.0 106 1 False 3 3.6 0 90.0 0 203060 203060 2301.0 0.0 B None N
2 3 7 FO -83.721 1015.051 5 6 -0.037 966.736 -0.016 1063.373 -83.76 1111.723 -167.439 1063.386 -167.46 966.75 -83.716 918.4 -0.037 966.736 1 1 0.0 0.0 0.878 1.0 0.839 1.0 106 1 False 3 3.6 0 94.715 0 203070 203070 2301.0 0.0 B None E
2 3 8 FO -167.443 1160.06 5 6 -83.76 1111.723 -83.739 1208.359 -167.484 1256.709 -251.163 1208.373 -251.184 1111.736 -167.439 1063.386 -83.76 1111.723 1 1 0.0 0.0 0.704 1.0 0.677 1.0 106 0 True 3 3.6 0 98.213 0 203080 203080 2301.0 0.0 B None W
2 3 9 FOe -251.165 1305.069 5 6 -167.484 1256.709 -167.413 1353.432 -251.158 1401.782 -334.887 1353.359 -334.908 1256.723 -251.163 1208.373 -167.484 1256.709 1 1 0.0 0.0 0.63 1.0 0.63 1.0 106 0 False 3 3.6 0 100.894 0 203090 203090 2301.0 0.0 B None N
2 4 0 FI 669.76 0.0 0 6 669.8 -96.7 753.5 -48.3 753.5 48.3 669.8 96.7 586.0 48.3 586.0 -48.3 669.8 -96.7 0 0 0.0 0.0 1.831 2.0 1.885 2.0 0 0 True 6 7.2 0 0.0 1 204000 204001 2000.0 0.0 A None N
2 4 1 FI 586.04 145.01 0 6 586.0 48.3 669.8 96.7 669.8 193.3 586.0 241.7 502.3 193.3 502.3 96.7 586.0 48.3 0 0 0.0 0.0 2.096 3.0 2.21 3.0 1 0 False 6 7.2 0 13.898 1 204010 204011 2000.0 0.0 A None N
2 4 2 FI 502.32 290.02 1 6 502.3 193.3 586.0 241.7 586.0 338.4 502.3 386.7 418.6 338.4 418.6 241.7 502.3 193.3 0 1 0.0 0.0 2.201 3.0 2.353 3.0 3 0 False 6 7.2 0 30.0 1 204020 204021 2100.0 0.0 A None N
2 4 3 FI 418.6 435.02 1 6 418.6 338.4 502.3 386.7 502.3 483.4 418.6 531.7 334.9 483.4 334.9 386.7 418.6 338.4 0 1 0.0 0.0 2.104 3.0 2.22 3.0 2 0 False 6 7.2 0 46.102 1 204030 204031 2100.0 0.0 A None N
2 4 4 FI 334.88 580.029 1 6 418.645 531.714 418.579 628.4 334.921 676.7 251.155 628.414 251.171 531.641 334.829 483.341 418.645 531.714 1 0 0.0 0.0 1.831 2.0 1.885 2.0 100 0 True 6 7.2 0 60.0 1 204040 204041 2200.0 0.0 A None N
2 4 5 FI 251.158 725.038 1 6 334.921 676.7 334.855 773.386 251.197 821.686 167.432 773.4 167.497 676.714 251.155 628.414 334.921 676.7 1 0 0.0 0.0 1.556 2.0 1.576 2.0 101 0 True 6 7.2 0 70.894 1 204050 204051 2200.0 0.0 A None N
2 4 6 FM 167.435 870.046 1 6 251.197 821.686 251.132 918.373 167.387 966.723 83.708 918.386 83.687 821.75 167.432 773.4 251.197 821.686 1 0 0.0 0.0 1.053 2.0 1.027 2.0 107 0 False 3 3.6 0 79.107 0 204060 204060 2200.0 0.0 A None N
2 4 7 FO 83.722 1015.05 1 6 167.387 966.723 167.408 1063.359 83.663 1111.709 -0.016 1063.373 -0.037 966.736 83.708 918.386 167.387 966.723 1 0 0.0 0.0 0.872 1.0 0.835 1.0 110 0 True 3 3.6 0 85.285 0 204070 204070 2201.0 0.0 B None W
2 4 8 FO -0.001 1160.059 5 6 83.663 1111.709 83.734 1208.432 -0.01 1256.782 -83.739 1208.359 -83.76 1111.723 -0.016 1063.373 83.663 1111.709 1 0 0.0 0.0 0.721 1.0 0.692 1.0 110 0 False 3 3.6 0 90.0 0 204080 204080 2201.0 0.0 B None N
2 4 9 FO -83.718 1305.076 5 6 -0.01 1256.782 0.011 1353.418 -83.734 1401.768 -167.413 1353.432 -167.484 1256.709 -83.739 1208.359 -0.01 1256.782 1 0 0.0 0.0 0.661 1.0 0.661 1.0 110 0 False 3 3.6 0 93.67 0 204090 204090 2201.0 0.0 B None N
2 4 10 cOe -167.44 1450.085 1 3 -83.734 1401.768 -251.158 1401.782 -167.413 1353.432 -83.734 1401.768 0.0 0.0 0.0 0.0 0.0 0.0 1 1 0.0 0.0 0.0 0.0 0.0 0.0 106 0 False 3 3.6 0 96.587 0 204100 204100 2301.0 0.0 B None N
2 5 0 FM 837.2 0.0 0 6 837.2 -96.7 920.9 -48.3 920.9 48.3 837.2 96.7 753.5 48.3 753.5 -48.3 837.2 -96.7 0 0 0.0 0.0 1.152 2.0 1.128 2.0 9 0 False 3 3.6 0 0.0 0 205000 205000 2000.0 0.0 A None N
2 5 1 FI 753.48 145.01 0 6 753.5 48.3 837.2 96.7 837.2 193.3 753.5 241.7 669.8 193.3 669.8 96.7 753.5 48.3 0 0 0.0 0.0 1.556 2.0 1.576 2.0 1 0 True 6 7.2 0 10.894 1 205010 205011 2000.0 0.0 A None N
2 5 2 FI 669.76 290.02 0 6 669.8 193.3 753.5 241.7 753.5 338.4 669.8 386.7 586.0 338.4 586.0 241.7 669.8 193.3 0 0 0.0 0.0 1.668 2.0 1.695 2.0 1 0 False 6 7.2 0 23.414 1 205020 205021 2000.0 0.0 A None N
2 5 3 FI 586.04 435.02 1 6 586.0 338.4 669.8 386.7 669.8 483.4 586.0 531.7 502.3 483.4 502.3 386.7 586.0 338.4 0 1 0.0 0.0 1.669 2.0 1.696 2.0 3 0 True 6 7.2 0 36.587 1 205030 205031 2100.0 0.0 A None N
2 5 4 FI 502.32 580.03 1 6 502.3 483.4 586.0 531.7 586.0 628.4 502.3 676.7 418.6 628.4 418.6 531.7 502.3 483.4 0 1 0.0 0.0 1.57 2.0 1.592 2.0 2 0 True 6 7.2 0 49.107 1 205040 205041 2100.0 0.0 A None N
2 5 5 FM 418.6 725.036 1 6 502.345 676.686 502.279 773.373 418.621 821.673 334.855 773.386 334.921 676.7 418.579 628.4 502.345 676.686 1 0 0.0 0.0 1.152 2.0 1.128 2.0 109 0 False 3 3.6 0 60.0 0 205050 205050 2200.0 0.0 A None N
2 5 6 FO 334.878 870.045 1 6 418.621 821.673 418.555 918.359 334.897 966.659 251.132 918.373 251.197 821.686 334.855 773.386 418.621 821.673 1 0 0.0 0.0 1.004 2.0 0.963 1.0 108 0 False 3 3.6 0 68.948 0 205060 205060 2200.0 0.0 A None N
2 5 7 FO 251.155 1015.054 1 6 334.897 966.659 334.882 1063.432 251.137 1111.782 167.408 1063.359 167.387 966.723 251.132 918.373 334.897 966.659 1 0 0.0 0.0 0.839 1.0 0.802 1.0 107 0 True 3 3.6 0 76.102 0 205070 205070 2200.0 0.0 A None W
2 5 8 FO 167.447 1160.066 1 6 251.137 1111.782 251.158 1208.418 167.413 1256.768 83.734 1208.432 83.663 1111.709 167.408 1063.359 251.137 1111.782 1 0 0.0 0.0 0.697 1.0 0.67 1.0 110 1 False 3 3.6 0 81.787 0 205080 205080 2201.0 0.0 B None E
2 5 9 FO 83.724 1305.075 5 6 167.413 1256.768 167.434 1353.405 83.69 1401.755 0.011 1353.418 -0.01 1256.782 83.734 1208.432 167.413 1256.768 1 0 0.0 0.0 0.658 1.0 0.658 1.0 110 1 False 3 3.6 0 86.329 0 205090 205090 2201.0 0.0 B None N
2 5 10 cOe 0.002 1450.083 1 3 83.69 1401.755 -83.734 1401.768 0.011 1353.418 83.69 1401.755 0.0 0.0 0.0 0.0 0.0 0.0 1 0 0.0 0.0 0.0 0.0 0.0 0.0 110 0 False 3 3.6 0 90.0 0 205100 205100 2201.0 0.0 B None N
2 6 0 FO 1004.64 0.0 0 6 1004.6 -96.7 1088.4 -48.3 1088.4 48.3 1004.6 96.7 920.9 48.3 920.9 -48.3 1004.6 -96.7 0 0 0.0 0.0 0.87 1.0 0.831 1.0 9 0 True 3 3.6 0 0.0 0 206000 206000 2000.0 0.0 A None W
2 6 1 FO 920.92 145.01 0 6 920.9 48.3 1004.6 96.7 1004.6 193.3 920.9 241.7 837.2 193.3 837.2 96.7 920.9 48.3 0 0 0.0 0.0 1.004 2.0 0.963 1.0 8 0 False 3 3.6 0 8.948 0 206010 206010 2000.0 0.0 A None N
2 6 2 FM 837.2 290.02 0 6 837.2 193.3 920.9 241.7 920.9 338.4 837.2 386.7 753.5 338.4 753.5 241.7 837.2 193.3 0 0 0.0 0.0 1.053 2.0 1.027 2.0 7 0 False 3 3.6 0 19.107 0 206020 206020 2000.0 0.0 A None N
2 6 3 FM 753.48 435.02 4 6 753.5 338.4 837.2 386.7 837.2 483.4 753.5 531.7 669.8 483.4 669.8 386.7 753.5 338.4 0 1 0.0 0.0 1.091 2.0 1.066 2.0 6 1 False 3 3.6 0 30.0 0 206030 206030 2101.0 0.0 B None N
2 6 4 FM 669.76 580.03 4 6 669.8 483.4 753.5 531.7 753.5 628.4 669.8 676.7 586.0 628.4 586.0 531.7 669.8 483.4 0 1 0.0 0.0 1.054 2.0 1.028 2.0 5 1 False 3 3.6 0 40.893 0 206040 206040 2100.0 0.0 A None N
2 6 5 FO 586.04 725.04 4 6 586.0 628.4 669.8 676.7 669.8 773.4 586.0 821.7 502.3 773.4 502.3 676.7 586.0 628.4 0 1 0.0 0.0 0.992 2.0 0.95 1.0 4 1 False 3 3.6 0 51.052 0 206050 206050 2100.0 0.0 A None N
2 6 6 FO 502.32 870.044 1 6 586.045 821.659 586.029 918.432 502.371 966.732 418.555 918.359 418.621 821.673 502.279 773.373 586.045 821.659 1 0 0.0 0.0 0.87 1.0 0.831 1.0 109 0 True 3 3.6 0 60.0 0 206060 206060 2200.0 0.0 A None W
2 6 7 FO 418.603 1015.061 1 6 502.371 966.732 502.305 1063.418 418.647 1111.718 334.882 1063.432 334.897 966.659 418.555 918.359 502.371 966.732 1 0 0.0 0.0 0.786 1.0 0.752 1.0 108 0 True 3 3.6 0 67.589 0 206070 206070 2200.0 0.0 A None W
2 6 8 FO 334.88 1160.07 1 6 418.647 1111.718 418.582 1208.405 334.837 1256.755 251.158 1208.418 251.137 1111.782 334.882 1063.432 418.647 1111.718 1 0 0.0 0.0 0.667 1.0 0.643 1.0 107 1 False 3 3.6 0 73.898 0 206080 206080 2200.0 0.0 A None E
2 6 9 FOe 251.167 1305.073 1 6 334.837 1256.755 334.858 1353.391 251.113 1401.741 167.434 1353.405 167.413 1256.768 251.158 1208.418 334.837 1256.755 1 0 0.0 0.0 0.552 1.0 0.545 1.0 110 1 False 3 3.6 0 79.106 0 206090 206090 2201.0 0.0 B None N
2 6 10 cOe 167.444 1450.082 1 3 251.113 1401.741 83.69 1401.755 167.434 1353.405 251.113 1401.741 0.0 0.0 0.0 0.0 0.0 0.0 1 0 0.0 0.0 0.0 0.0 0.0 0.0 110 1 False 3 3.6 0 83.413 0 206100 206100 2201.0 0.0 B None N
2 7 0 FO 1172.09 0.0 0 6 1172.1 -96.7 1255.8 -48.3 1255.8 48.3 1172.1 96.7 1088.4 48.3 1088.4 -48.3 1172.1 -96.7 0 0 0.0 0.0 0.706 1.0 0.678 1.0 9 1 False 3 3.6 0 0.0 0 207000 207000 2000.0 0.0 A None E
2 7 1 FO 1088.37 145.01 0 6 1088.4 48.3 1172.1 96.7 1172.1 193.3 1088.4 241.7 1004.6 193.3 1004.6 96.7 1088.4 48.3 0 0 0.0 0.0 0.786 1.0 0.752 1.0 8 0 True 3 3.6 0 7.589 0 207010 207010 2000.0 0.0 A None W
2 7 2 FO 1004.64 290.02 0 6 1004.6 193.3 1088.4 241.7 1088.4 338.4 1004.6 386.7 920.9 338.4 920.9 241.7 1004.6 193.3 0 0 0.0 0.0 0.839 1.0 0.802 1.0 7 0 True 3 3.6 0 16.102 0 207020 207020 2000.0 0.0 A None W
2 7 3 FO 920.92 435.02 0 6 920.9 338.4 1004.6 386.7 1004.6 483.4 920.9 531.7 837.2 483.4 837.2 386.7 920.9 338.4 0 0 0.0 0.0 0.872 1.0 0.835 1.0 10 0 True 3 3.6 0 25.285 0 207030 207030 2001.0 0.0 B None W
2 7 4 FO 837.2 580.03 4 6 837.2 483.4 920.9 531.7 920.9 628.4 837.2 676.7 753.5 628.4 753.5 531.7 837.2 483.4 0 1 0.0 0.0 0.878 1.0 0.839 1.0 6 1 False 3 3.6 0 34.715 0 207040 207040 2101.0 0.0 B None E
2 7 5 FO 753.48 725.04 4 6 753.5 628.4 837.2 676.7 837.2 773.4 753.5 821.7 669.8 773.4 669.8 676.7 753.5 628.4 0 1 0.0 0.0 0.838 1.0 0.8 1.0 5 1 False 3 3.6 0 43.898 0 207050 207050 2100.0 0.0 A None E
2 7 6 FO 669.76 870.05 4 6 669.8 773.4 753.5 821.7 753.5 918.4 669.8 966.7 586.0 918.4 586.0 821.7 669.8 773.4 0 1 0.0 0.0 0.786 1.0 0.751 1.0 4 1 False 3 3.6 0 52.411 0 207060 207060 2100.0 0.0 A None E
2 7 7 FO 586.045 1015.06 1 6 669.795 966.718 669.729 1063.405 586.071 1111.705 502.305 1063.418 502.371 966.732 586.029 918.432 669.795 966.718 1 0 0.0 0.0 0.706 1.0 0.678 1.0 109 1 False 3 3.6 0 60.0 0 207070 207070 2200.0 0.0 A None E
2 7 8 FO 502.323 1160.068 1 6 586.071 1111.705 586.005 1208.391 502.347 1256.691 418.582 1208.405 418.647 1111.718 502.305 1063.418 586.071 1111.705 1 0 0.0 0.0 0.608 1.0 0.592 1.0 108 1 False 3 3.6 0 66.587 0 207080 207080 2200.0 0.0 A None E
2 7 9 FOe 418.6 1305.077 1 6 502.347 1256.691 502.282 1353.377 418.537 1401.727 334.858 1353.391 334.837 1256.755 418.582 1208.405 502.347 1256.691 1 0 0.0 0.0 0.517 1.0 0.516 1.0 107 1 False 3 3.6 0 72.216 0 207090 207090 2200.0 0.0 A None N
2 8 0 FOe 1339.53 0.0 0 6 1339.5 -96.7 1423.2 -48.3 1423.2 48.3 1339.5 96.7 1255.8 48.3 1255.8 -48.3 1339.5 -96.7 0 0 0.0 0.0 0.539 1.0 0.536 1.0 9 1 False 3 3.6 0 0.0 0 208000 208000 2000.0 0.0 A None N
2 8 1 FO 1255.81 145.01 0 6 1255.8 48.3 1339.5 96.7 1339.5 193.3 1255.8 241.7 1172.1 193.3 1172.1 96.7 1255.8 48.3 0 0 0.0 0.0 0.608 1.0 0.592 1.0 8 1 False 3 3.6 0 6.587 0 208010 208010 2000.0 0.0 A None E
2 8 2 FO 1172.09 290.02 0 6 1172.1 193.3 1255.8 241.7 1255.8 338.4 1172.1 386.7 1088.4 338.4 1088.4 241.7 1172.1 193.3 0 0 0.0 0.0 0.667 1.0 0.643 1.0 7 1 False 3 3.6 0 13.898 0 208020 208020 2000.0 0.0 A None E
2 8 3 FO 1088.37 435.02 0 6 1088.4 338.4 1172.1 386.7 1172.1 483.4 1088.4 531.7 1004.6 483.4 1004.6 386.7 1088.4 338.4 0 0 0.0 0.0 0.697 1.0 0.67 1.0 10 1 False 3 3.6 0 21.787 0 208030 208030 2001.0 0.0 B None E
2 8 4 FO 1004.64 580.03 4 6 1004.6 483.4 1088.4 531.7 1088.4 628.4 1004.6 676.7 920.9 628.4 920.9 531.7 1004.6 483.4 0 0 0.0 0.0 0.721 1.0 0.692 1.0 10 0 False 3 3.6 0 30.0 0 208040 208040 2001.0 0.0 B None N
2 8 5 FO 920.92 725.04 4 6 920.9 628.4 1004.6 676.7 1004.6 773.4 920.9 821.7 837.2 773.4 837.2 676.7 920.9 628.4 0 1 0.0 0.0 0.704 1.0 0.677 1.0 6 0 True 3 3.6 0 38.213 0 208050 208050 2101.0 0.0 B None W
2 8 6 FO 837.2 870.05 4 6 837.2 773.4 920.9 821.7 920.9 918.4 837.2 966.7 753.5 918.4 753.5 821.7 837.2 773.4 0 1 0.0 0.0 0.668 1.0 0.644 1.0 5 0 True 3 3.6 0 46.102 0 208060 208060 2100.0 0.0 A None W
2 8 7 FO 753.48 1015.06 4 6 753.5 918.4 837.2 966.7 837.2 1063.4 753.5 1111.7 669.8 1063.4 669.8 966.7 753.5 918.4 0 1 0.0 0.0 0.614 1.0 0.596 1.0 4 0 True 3 3.6 0 53.413 0 208070 208070 2100.0 0.0 A None W
2 8 8 FOe 669.765 1160.067 1 6 753.495 1111.691 753.429 1208.377 669.771 1256.677 586.005 1208.391 586.071 1111.705 669.729 1063.405 753.495 1111.691 1 0 0.0 0.0 0.539 1.0 0.536 1.0 109 1 False 3 3.6 0 60.0 0 208080 208080 2200.0 0.0 A None N
2 8 9 aOe 586.043 1305.076 1 4 669.771 1256.677 502.282 1353.377 502.347 1256.691 586.005 1208.391 669.771 1256.677 0.0 0.0 0.0 0.0 1 0 0.0 0.0 0.144 1.0 0.144 1.0 108 1 False 3 3.6 0 65.818 0 208090 208090 2200.0 0.0 A None N
2 9 1 aOe 1423.25 145.01 0 4 1423.2 48.3 1423.2 241.7 1339.5 193.3 1339.5 96.7 1423.2 48.3 0.0 0.0 0.0 0.0 0 0 0.0 0.0 0.144 1.0 0.144 1.0 8 1 False 3 3.6 0 5.818 0 209010 209010 2000.0 0.0 A None N
2 9 2 FOe 1339.53 290.02 0 6 1339.5 193.3 1423.2 241.7 1423.2 338.4 1339.5 386.7 1255.8 338.4 1255.8 241.7 1339.5 193.3 0 0 0.0 0.0 0.517 1.0 0.516 1.0 7 1 False 3 3.6 0 12.216 0 209020 209020 2000.0 0.0 A None N
2 9 3 FOe 1255.81 435.02 0 6 1255.8 338.4 1339.5 386.7 1339.5 483.4 1255.8 531.7 1172.1 483.4 1172.1 386.7 1255.8 338.4 0 0 0.0 0.0 0.552 1.0 0.545 1.0 10 1 False 3 3.6 0 19.106 0 209030 209030 2001.0 0.0 B None N
2 9 4 FO 1172.09 580.03 4 6 1172.1 483.4 1255.8 531.7 1255.8 628.4 1172.1 676.7 1088.4 628.4 1088.4 531.7 1172.1 483.4 0 0 0.0 0.0 0.658 1.0 0.658 1.0 10 1 False 3 3.6 0 26.329 0 209040 209040 2001.0 0.0 B None N
2 9 5 FO 1088.37 725.04 4 6 1088.4 628.4 1172.1 676.7 1172.1 773.4 1088.4 821.7 1004.6 773.4 1004.6 676.7 1088.4 628.4 0 0 0.0 0.0 0.661 1.0 0.661 1.0 10 0 False 3 3.6 0 33.67 0 209050 209050 2001.0 0.0 B None N
2 9 6 FOe 1004.64 870.05 4 6 1004.6 773.4 1088.4 821.7 1088.4 918.4 1004.6 966.7 920.9 918.4 920.9 821.7 1004.6 773.4 0 1 0.0 0.0 0.63 1.0 0.63 1.0 6 0 False 3 3.6 0 40.894 0 209060 209060 2101.0 0.0 B None N
2 9 7 FOe 920.92 1015.06 4 6 920.9 918.4 1004.6 966.7 1004.6 1063.4 920.9 1111.7 837.2 1063.4 837.2 966.7 920.9 918.4 0 1 0.0 0.0 0.525 1.0 0.524 1.0 5 0 False 3 3.6 0 47.784 0 209070 209070 2100.0 0.0 A None N
2 9 8 aOe 837.2 1160.06 1 4 920.9 1111.7 753.5 1208.4 753.5 1111.7 837.2 1063.4 920.9 1111.7 0.0 0.0 0.0 0.0 0 1 0.0 0.0 0.144 1.0 0.144 1.0 4 0 False 3 3.6 0 54.183 0 209080 209080 2100.0 0.0 A None N
2 10 4 cOe 1339.53 580.03 0 3 1339.5 483.4 1255.8 628.4 1255.8 531.7 1339.5 483.4 0.0 0.0 0.0 0.0 0.0 0.0 0 0 0.0 0.0 0.0 0.0 0.0 0.0 10 1 False 3 3.6 0 23.413 0 210040 210040 2001.0 0.0 B None N
2 10 5 cOe 1255.81 725.04 0 3 1255.8 628.4 1172.1 773.4 1172.1 676.7 1255.8 628.4 0.0 0.0 0.0 0.0 0.0 0.0 0 0 0.0 0.0 0.0 0.0 0.0 0.0 10 0 False 3 3.6 0 30.0 0 210050 210050 2001.0 0.0 B None N
2 10 6 cOe 1172.09 870.05 0 3 1172.1 773.4 1088.4 918.4 1088.4 821.7 1172.1 773.4 0.0 0.0 0.0 0.0 0.0 0.0 0 1 0.0 0.0 0.0 0.0 0.0 0.0 6 0 False 3 3.6 0 36.587 0 210060 210060 2101.0 0.0 B None N
3 1 2 dIe -0.002 290.016 4 5 -83.718 338.396 -83.729 316.578 83.695 316.564 83.705 338.382 0.047 386.682 -83.718 338.396 0.0 0.0 1 1 6.031 7.0 1.917 2.0 1.917 2.0 102 0 False 3 3.6 0 90.0 1 301020 301021 3300.0 3311.0 A C N
3 1 3 FI -83.725 435.025 2 6 0.047 386.682 -0.018 483.368 -83.763 531.718 -167.442 483.382 -167.463 386.746 -83.718 338.396 0.047 386.682 1 1 9.89 11.0 3.433 4.0 4.333 5.0 102 0 False 6 7.2 0 100.894 1 301030 301031 3300.0 3311.0 A C N
3 1 4 FI -167.438 580.028 2 6 -83.763 531.718 -83.742 628.355 -167.487 676.705 -251.166 628.368 -251.187 531.732 -167.442 483.382 -83.763 531.718 1 1 6.486 7.0 2.31 3.0 2.51 3.0 102 0 False 6 7.2 0 106.102 1 301040 301041 3300.0 3311.0 A C N
3 1 5 FI -251.161 725.037 2 6 -167.487 676.705 -167.466 773.341 -251.21 821.691 -334.889 773.355 -334.91 676.718 -251.166 628.368 -167.487 676.705 1 1 4.708 5.0 1.705 2.0 1.743 2.0 102 0 True 6 7.2 0 109.107 1 301050 301051 3300.0 3311.0 A C N
3 1 6 FM -334.883 870.046 5 6 -251.21 821.691 -251.139 918.414 -334.884 966.764 -418.613 918.341 -418.634 821.705 -334.889 773.355 -251.21 821.691 1 1 3.727 4.0 1.057 2.0 1.051 2.0 104 1 False 3 3.6 0 111.052 0 301060 301060 3300.0 3310.0 A A N
3 1 7 FO -418.605 1015.054 5 6 -334.884 966.764 -334.863 1063.4 -418.608 1111.75 -502.287 1063.414 -502.358 966.691 -418.613 918.341 -334.884 966.764 1 1 2.955 4.0 0.841 1.0 0.813 1.0 104 1 False 3 3.6 0 112.411 0 301070 301070 3300.0 3310.0 A A E
3 1 8 FO -502.328 1160.063 5 6 -418.608 1111.75 -418.587 1208.386 -502.331 1256.736 -586.01 1208.4 -586.031 1111.764 -502.287 1063.414 -418.608 1111.75 1 1 2.485 3.0 0.661 1.0 0.639 1.0 104 0 True 3 3.6 0 113.413 0 301080 301080 3300.0 3310.0 A A W
3 1 9 bOe -586.041 1305.066 3 5 -586.055 1401.723 -669.755 1256.75 -586.01 1208.4 -502.331 1256.736 -502.31 1353.373 -586.055 1401.723 0.0 0.0 1 1 1.563 2.0 0.192 1.0 0.192 1.0 104 0 False 3 3.6 0 114.183 0 301090 301090 3300.0 3310.0 A A N
3 2 0 gIe 334.88 0.0 3 6 334.9 96.7 316.0 85.8 316.0 -85.8 334.9 -96.7 418.6 -48.3 418.6 48.3 334.9 96.7 0 0 9.066 10.0 3.465 4.0 3.465 4.0 0 0 False 6 7.2 0 0.0 1 302000 302001 3001.0 3011.0 C A N
3 2 1 dIe 251.16 145.01 3 5 251.2 241.7 232.3 230.8 316.0 85.8 334.9 96.7 334.9 193.3 251.2 241.7 0.0 0.0 0 1 6.031 7.0 1.917 2.0 1.917 2.0 2 0 False 3 3.6 0 30.0 1 302010 302011 3100.0 3111.0 A C N
3 2 2 gIe 167.44 290.015 4 6 83.705 338.382 83.695 316.564 232.305 230.764 251.195 241.682 251.129 338.368 167.471 386.668 83.705 338.382 1 0 9.066 10.0 3.465 4.0 3.465 4.0 100 0 False 6 7.2 0 60.0 1 302020 302021 3201.0 3211.0 C A N
3 2 3 FI 83.718 435.023 2 6 167.471 386.668 167.405 483.355 83.747 531.655 -0.018 483.368 0.047 386.682 83.705 338.382 167.471 386.668 1 1 9.925 11.0 3.428 4.0 4.328 5.0 103 0 False 6 7.2 0 79.107 1 302030 302031 3301.0 3310.0 B A N
3 2 4 FI -0.005 580.032 2 6 83.747 531.655 83.682 628.341 -0.063 676.691 -83.742 628.355 -83.763 531.718 -0.018 483.368 83.747 531.655 1 1 6.872 7.0 2.432 3.0 2.687 3.0 103 0 False 6 7.2 0 90.0 1 302040 302041 3301.0 3310.0 B A N
3 2 5 FI -83.718 725.036 2 6 -0.063 676.691 0.008 773.414 -83.737 821.764 -167.466 773.341 -167.487 676.705 -83.742 628.355 -0.063 676.691 1 1 5.018 6.0 1.813 2.0 1.864 2.0 103 0 True 6 7.2 0 96.587 1 302050 302051 3301.0 3310.0 B A N
3 2 6 FM -167.441 870.044 5 6 -83.737 821.764 -83.716 918.4 -167.46 966.75 -251.139 918.414 -251.21 821.691 -167.466 773.341 -83.737 821.764 1 1 4.044 5.0 1.15 2.0 1.152 2.0 105 1 False 3 3.6 0 100.893 0 302060 302060 3300.0 3310.0 A A N
3 2 7 FO -251.163 1015.053 5 6 -167.46 966.75 -167.439 1063.386 -251.184 1111.736 -334.863 1063.4 -334.884 966.764 -251.139 918.414 -167.46 966.75 1 1 3.252 4.0 0.907 1.0 0.88 1.0 105 1 False 3 3.6 0 103.898 0 302070 302070 3300.0 3310.0 A A E
3 2 8 FO -334.885 1160.061 5 6 -251.184 1111.736 -251.163 1208.373 -334.908 1256.723 -418.587 1208.386 -418.608 1111.75 -334.863 1063.4 -251.184 1111.736 1 1 2.711 3.0 0.715 1.0 0.691 1.0 105 0 True 3 3.6 0 106.102 0 302080 302080 3300.0 3310.0 A A W
3 2 9 FO -418.608 1305.07 5 6 -334.908 1256.723 -334.887 1353.359 -418.631 1401.709 -502.31 1353.373 -502.331 1256.736 -418.587 1208.386 -334.908 1256.723 1 1 1.899 2.0 0.647 1.0 0.647 1.0 105 0 False 3 3.6 0 107.784 0 302090 302090 3300.0 3310.0 A A N
3 2 10 cOe -502.321 1450.074 1 3 -418.631 1401.709 -586.055 1401.723 -502.31 1353.373 -418.631 1401.709 0.0 0.0 0.0 0.0 0.0 0.0 1 1 0.791 0.0 0.0 0.0 0.0 0.0 105 0 False 3 3.6 0 109.107 0 302100 302100 3300.0 3310.0 A A N
3 3 0 FI 502.32 0.0 0 6 502.3 -96.7 586.0 -48.3 586.0 48.3 502.3 96.7 418.6 48.3 418.6 -48.3 502.3 -96.7 0 0 8.317 9.0 2.956 4.0 3.477 4.0 0 0 False 6 7.2 0 0.0 1 303000 303001 3001.0 3011.0 C A N
3 3 1 FI 418.6 145.01 1 6 418.6 48.3 502.3 96.7 502.3 193.3 418.6 241.7 334.9 193.3 334.9 96.7 418.6 48.3 0 1 9.925 11.0 3.428 4.0 4.328 5.0 3 0 False 6 7.2 0 19.107 1 303010 303011 3101.0 3110.0 B A N
3 3 2 FI 334.88 290.02 1 6 334.9 193.3 418.6 241.7 418.6 338.4 334.9 386.7 251.2 338.4 251.2 241.7 334.9 193.3 0 1 9.89 11.0 3.433 4.0 4.333 5.0 2 0 False 6 7.2 0 40.894 1 303020 303021 3100.0 3111.0 A C N
3 3 3 FI 251.16 435.022 1 6 334.895 386.655 334.829 483.341 251.171 531.641 167.405 483.355 167.471 386.668 251.129 338.368 334.895 386.655 1 0 8.317 9.0 2.956 4.0 3.477 4.0 100 0 False 6 7.2 0 60.0 1 303030 303031 3201.0 3211.0 C A N
3 3 4 FI 167.438 580.031 1 6 251.171 531.641 251.155 628.414 167.497 676.714 83.682 628.341 83.747 531.655 167.405 483.355 251.171 531.641 1 0 6.464 7.0 2.291 3.0 2.491 3.0 101 0 False 6 7.2 0 73.898 1 303040 303041 3200.0 3210.0 A A N
3 3 5 FI 83.715 725.039 1 6 167.497 676.714 167.432 773.4 83.687 821.75 0.008 773.414 -0.063 676.691 83.682 628.341 167.497 676.714 1 0 4.998 6.0 1.802 2.0 1.858 2.0 101 0 False 6 7.2 0 83.414 1 303050 303051 3200.0 3210.0 A A N
3 3 6 FM 0.002 870.043 5 6 83.687 821.75 83.708 918.386 -0.037 966.736 -83.716 918.4 -83.737 821.764 0.008 773.414 83.687 821.75 1 1 4.16 5.0 1.187 2.0 1.19 2.0 111 1 False 3 3.6 0 90.0 0 303060 303060 3300.0 3310.0 A A E
3 3 7 FO -83.721 1015.051 5 6 -0.037 966.736 -0.016 1063.373 -83.76 1111.723 -167.439 1063.386 -167.46 966.75 -83.716 918.4 -0.037 966.736 1 1 3.374 4.0 0.942 1.0 0.916 1.0 111 0 True 3 3.6 0 94.715 0 303070 303070 3300.0 3310.0 A A W
3 3 8 FO -167.443 1160.06 5 6 -83.76 1111.723 -83.739 1208.359 -167.484 1256.709 -251.163 1208.373 -251.184 1111.736 -167.439 1063.386 -83.76 1111.723 1 1 2.699 3.0 0.757 1.0 0.731 1.0 112 1 False 3 3.6 0 98.213 0 303080 303080 3300.0 3310.0 A A E
3 3 9 FO -251.165 1305.069 5 6 -167.484 1256.709 -167.413 1353.432 -251.158 1401.782 -334.887 1353.359 -334.908 1256.723 -251.163 1208.373 -167.484 1256.709 1 1 2.081 3.0 0.584 1.0 0.573 1.0 112 0 True 3 3.6 0 100.894 0 303090 303090 3300.0 3310.0 A A W
3 3 10 aOe -334.883 1450.086 2 4 -251.137 1498.418 -418.631 1401.709 -334.887 1353.359 -251.158 1401.782 -251.137 1498.418 0.0 0.0 0.0 0.0 1 1 1.139 2.0 0.144 1.0 0.144 1.0 112 0 False 3 3.6 0 103.004 0 303100 303100 3300.0 3310.0 A A N
3 4 0 FI 669.76 0.0 0 6 669.8 -96.7 753.5 -48.3 753.5 48.3 669.8 96.7 586.0 48.3 586.0 -48.3 669.8 -96.7 0 0 5.636 6.0 1.999 3.0 2.099 3.0 0 0 True 6 7.2 0 0.0 1 304000 304001 3001.0 3011.0 C A N
3 4 1 FI 586.04 145.01 0 6 586.0 48.3 669.8 96.7 669.8 193.3 586.0 241.7 502.3 193.3 502.3 96.7 586.0 48.3 0 0 6.464 7.0 2.291 3.0 2.491 3.0 1 0 False 6 7.2 0 13.898 1 304010 304011 3000.0 3010.0 A A N
3 4 2 FI 502.32 290.02 1 6 502.3 193.3 586.0 241.7 586.0 338.4 502.3 386.7 418.6 338.4 418.6 241.7 502.3 193.3 0 1 6.872 7.0 2.432 3.0 2.687 3.0 3 0 False 6 7.2 0 30.0 1 304020 304021 3101.0 3110.0 B A N
3 4 3 FI 418.6 435.02 1 6 418.6 338.4 502.3 386.7 502.3 483.4 418.6 531.7 334.9 483.4 334.9 386.7 418.6 338.4 0 1 6.486 7.0 2.31 3.0 2.51 3.0 2 0 False 6 7.2 0 46.102 1 304030 304031 3100.0 3111.0 A C N
3 4 4 FI 334.88 580.029 1 6 418.645 531.714 418.579 628.4 334.921 676.7 251.155 628.414 251.171 531.641 334.829 483.341 418.645 531.714 1 0 5.636 6.0 1.999 3.0 2.099 3.0 100 0 True 6 7.2 0 60.0 1 304040 304041 3201.0 3211.0 C A N
3 4 5 FI 251.158 725.038 1 6 334.921 676.7 334.855 773.386 251.197 821.686 167.432 773.4 167.497 676.714 251.155 628.414 334.921 676.7 1 0 4.711 5.0 1.685 2.0 1.721 2.0 101 0 True 6 7.2 0 70.894 1 304050 304051 3200.0 3210.0 A A N
3 4 6 FM 167.435 870.046 1 6 251.197 821.686 251.132 918.373 167.387 966.723 83.708 918.386 83.687 821.75 167.432 773.4 251.197 821.686 1 0 4.014 5.0 1.153 2.0 1.153 2.0 106 0 False 3 3.6 0 79.107 0 304060 304060 3200.0 3210.0 A A N
3 4 7 FO 83.722 1015.05 1 6 167.387 966.723 167.408 1063.359 83.663 1111.709 -0.016 1063.373 -0.037 966.736 83.708 918.386 167.387 966.723 1 0 3.403 4.0 0.943 1.0 0.916 1.0 109 0 False 3 3.6 0 85.285 0 304070 304070 3200.0 3210.0 A A N
3 4 8 FO -0.001 1160.059 1 6 83.663 1111.709 83.734 1208.432 -0.01 1256.782 -83.739 1208.359 -83.76 1111.723 -0.016 1063.373 83.663 1111.709 1 0 2.736 3.0 0.761 1.0 0.736 1.0 110 0 True 3 3.6 0 90.0 0 304080 304080 3200.0 3211.0 A A W
3 4 9 FO -83.718 1305.076 5 6 -0.01 1256.782 0.011 1353.418 -83.734 1401.768 -167.413 1353.432 -167.484 1256.709 -83.739 1208.359 -0.01 1256.782 1 0 2.235 3.0 0.607 1.0 0.591 1.0 110 0 False 3 3.6 0 93.67 0 304090 304090 3200.0 3211.0 A A N
3 4 10 bOe -167.44 1450.085 2 5 -83.713 1498.405 -251.137 1498.418 -251.158 1401.782 -167.413 1353.432 -83.734 1401.768 -83.713 1498.405 0.0 0.0 1 1 1.441 2.0 0.192 1.0 0.192 1.0 112 0 False 3 3.6 0 96.587 0 304100 304100 3300.0 3310.0 A A N
3 5 0 FM 837.2 0.0 0 6 837.2 -96.7 920.9 -48.3 920.9 48.3 837.2 96.7 753.5 48.3 753.5 -48.3 837.2 -96.7 0 0 4.09 5.0 1.251 2.0 1.261 2.0 8 0 True 3 3.6 0 0.0 0 305000 305000 3000.0 3010.0 A A W
3 5 1 FI 753.48 145.01 0 6 753.5 48.3 837.2 96.7 837.2 193.3 753.5 241.7 669.8 193.3 669.8 96.7 753.5 48.3 0 0 4.711 5.0 1.685 2.0 1.721 2.0 1 0 True 6 7.2 0 10.894 1 305010 305011 3000.0 3010.0 A A N
3 5 2 FI 669.76 290.02 0 6 669.8 193.3 753.5 241.7 753.5 338.4 669.8 386.7 586.0 338.4 586.0 241.7 669.8 193.3 0 0 4.998 6.0 1.802 2.0 1.858 2.0 1 0 False 6 7.2 0 23.414 1 305020 305021 3000.0 3010.0 A A N
3 5 3 FI 586.04 435.02 1 6 586.0 338.4 669.8 386.7 669.8 483.4 586.0 531.7 502.3 483.4 502.3 386.7 586.0 338.4 0 1 5.018 6.0 1.813 2.0 1.864 2.0 3 0 True 6 7.2 0 36.587 1 305030 305031 3101.0 3110.0 B A N
3 5 4 FI 502.32 580.03 1 6 502.3 483.4 586.0 531.7 586.0 628.4 502.3 676.7 418.6 628.4 418.6 531.7 502.3 483.4 0 1 4.708 5.0 1.705 2.0 1.743 2.0 2 0 True 6 7.2 0 49.107 1 305040 305041 3100.0 3111.0 A C N
3 5 5 FM 418.6 725.036 1 6 502.345 676.686 502.279 773.373 418.621 821.673 334.855 773.386 334.921 676.7 418.579 628.4 502.345 676.686 1 0 4.09 5.0 1.251 2.0 1.261 2.0 108 0 True 3 3.6 0 60.0 0 305050 305050 3200.0 3210.0 A A W
3 5 6 FM 334.878 870.045 1 6 418.621 821.673 418.555 918.359 334.897 966.659 251.132 918.373 251.197 821.686 334.855 773.386 418.621 821.673 1 0 3.725 4.0 1.062 2.0 1.055 2.0 107 0 False 3 3.6 0 68.948 0 305060 305060 3200.0 3210.0 A A N
3 5 7 FO 251.155 1015.054 1 6 334.897 966.659 334.882 1063.432 251.137 1111.782 167.408 1063.359 167.387 966.723 251.132 918.373 334.897 966.659 1 0 3.268 4.0 0.896 1.0 0.867 1.0 106 0 True 3 3.6 0 76.102 0 305070 305070 3200.0 3210.0 A A W
3 5 8 FO 167.447 1160.066 1 6 251.137 1111.782 251.158 1208.418 167.413 1256.768 83.734 1208.432 83.663 1111.709 167.408 1063.359 251.137 1111.782 1 0 2.729 3.0 0.755 1.0 0.73 1.0 109 0 True 3 3.6 0 81.787 0 305080 305080 3200.0 3210.0 A A W
3 5 9 FO 83.724 1305.075 1 6 167.413 1256.768 167.434 1353.405 83.69 1401.755 0.011 1353.418 -0.01 1256.782 83.734 1208.432 167.413 1256.768 1 0 2.253 3.0 0.603 1.0 0.588 1.0 110 1 False 3 3.6 0 86.329 0 305090 305090 3200.0 3211.0 A A E
3 5 10 dOe 0.002 1450.083 1 5 83.69 1401.755 83.768 1450.091 -83.705 1450.018 -83.734 1401.768 0.011 1353.418 83.69 1401.755 0.0 0.0 1 0 1.192 2.0 0.144 1.0 0.144 1.0 110 1 False 2 2.4 0 90.0 0 305100 305100 3200.0 3211.0 A A N
3 6 0 FO 1004.64 0.0 0 6 1004.6 -96.7 1088.4 -48.3 1088.4 48.3 1004.6 96.7 920.9 48.3 920.9 -48.3 1004.6 -96.7 0 0 3.451 4.0 0.946 1.0 0.919 1.0 8 1 False 3 3.6 0 0.0 0 306000 306000 3000.0 3010.0 A A E
3 6 1 FM 920.92 145.01 0 6 920.9 48.3 1004.6 96.7 1004.6 193.3 920.9 241.7 837.2 193.3 837.2 96.7 920.9 48.3 0 0 3.725 4.0 1.062 2.0 1.055 2.0 7 0 False 3 3.6 0 8.948 0 306010 306010 3000.0 3010.0 A A N
3 6 2 FM 837.2 290.02 0 6 837.2 193.3 920.9 241.7 920.9 338.4 837.2 386.7 753.5 338.4 753.5 241.7 837.2 193.3 0 0 4.014 5.0 1.153 2.0 1.153 2.0 6 0 False 3 3.6 0 19.107 0 306020 306020 3000.0 3010.0 A A N
3 6 3 FM 753.48 435.02 4 6 753.5 338.4 837.2 386.7 837.2 483.4 753.5 531.7 669.8 483.4 669.8 386.7 753.5 338.4 0 1 4.16 5.0 1.187 2.0 1.19 2.0 11 1 False 3 3.6 0 30.0 0 306030 306030 3100.0 3110.0 A A E
3 6 4 FM 669.76 580.03 4 6 669.8 483.4 753.5 531.7 753.5 628.4 669.8 676.7 586.0 628.4 586.0 531.7 669.8 483.4 0 1 4.044 5.0 1.15 2.0 1.152 2.0 5 1 False 3 3.6 0 40.893 0 306040 306040 3100.0 3110.0 A A N
3 6 5 FM 586.04 725.04 4 6 586.0 628.4 669.8 676.7 669.8 773.4 586.0 821.7 502.3 773.4 502.3 676.7 586.0 628.4 0 1 3.727 4.0 1.057 2.0 1.051 2.0 4 1 False 3 3.6 0 51.052 0 306050 306050 3100.0 3110.0 A A N
3 6 6 FO 502.32 870.044 1 6 586.045 821.659 586.029 918.432 502.371 966.732 418.555 918.359 418.621 821.673 502.279 773.373 586.045 821.659 1 0 3.451 4.0 0.946 1.0 0.919 1.0 108 1 False 3 3.6 0 60.0 0 306060 306060 3200.0 3210.0 A A E
3 6 7 FO 418.603 1015.061 1 6 502.371 966.732 502.305 1063.418 418.647 1111.718 334.882 1063.432 334.897 966.659 418.555 918.359 502.371 966.732 1 0 2.969 4.0 0.829 1.0 0.801 1.0 107 0 True 3 3.6 0 67.589 0 306070 306070 3200.0 3210.0 A A W
3 6 8 FO 334.88 1160.07 1 6 418.647 1111.718 418.582 1208.405 334.837 1256.755 251.158 1208.418 251.137 1111.782 334.882 1063.432 418.647 1111.718 1 0 2.717 3.0 0.716 1.0 0.692 1.0 106 1 False 3 3.6 0 73.898 0 306080 306080 3200.0 3210.0 A A E
3 6 9 FO 251.167 1305.073 1 6 334.837 1256.755 334.858 1353.391 251.113 1401.741 167.434 1353.405 167.413 1256.768 251.158 1208.418 334.837 1256.755 1 0 2.063 3.0 0.59 1.0 0.577 1.0 109 1 False 3 3.6 0 79.106 0 306090 306090 3200.0 3210.0 A A E
3 6 10 bOe 167.444 1450.082 2 5 251.134 1498.377 83.711 1498.391 83.69 1401.755 167.434 1353.405 251.113 1401.741 251.134 1498.377 0.0 0.0 1 0 1.479 2.0 0.192 1.0 0.192 1.0 110 1 False 3 3.6 0 83.413 0 306100 306100 3200.0 3211.0 A A N
3 7 0 FO 1172.09 0.0 0 6 1172.1 -96.7 1255.8 -48.3 1255.8 48.3 1172.1 96.7 1088.4 48.3 1088.4 -48.3 1172.1 -96.7 0 0 2.787 3.0 0.756 1.0 0.729 1.0 13 0 True 3 3.6 0 0.0 0 307000 307000 3001.0 3010.0 C A W
3 7 1 FO 1088.37 145.01 0 6 1088.4 48.3 1172.1 96.7 1172.1 193.3 1088.4 241.7 1004.6 193.3 1004.6 96.7 1088.4 48.3 0 0 2.969 4.0 0.829 1.0 0.801 1.0 7 0 True 3 3.6 0 7.589 0 307010 307010 3000.0 3010.0 A A W
3 7 2 FO 1004.64 290.02 0 6 1004.6 193.3 1088.4 241.7 1088.4 338.4 1004.6 386.7 920.9 338.4 920.9 241.7 1004.6 193.3 0 0 3.268 4.0 0.896 1.0 0.867 1.0 6 0 True 3 3.6 0 16.102 0 307020 307020 3000.0 3010.0 A A W
3 7 3 FO 920.92 435.02 0 6 920.9 338.4 1004.6 386.7 1004.6 483.4 920.9 531.7 837.2 483.4 837.2 386.7 920.9 338.4 0 0 3.403 4.0 0.943 1.0 0.916 1.0 9 0 False 3 3.6 0 25.285 0 307030 307030 3000.0 3010.0 A A N
3 7 4 FO 837.2 580.03 4 6 837.2 483.4 920.9 531.7 920.9 628.4 837.2 676.7 753.5 628.4 753.5 531.7 837.2 483.4 0 1 3.374 4.0 0.942 1.0 0.916 1.0 11 0 True 3 3.6 0 34.715 0 307040 307040 3100.0 3110.0 A A W
3 7 5 FO 753.48 725.04 4 6 753.5 628.4 837.2 676.7 837.2 773.4 753.5 821.7 669.8 773.4 669.8 676.7 753.5 628.4 0 1 3.252 4.0 0.907 1.0 0.88 1.0 5 1 False 3 3.6 0 43.898 0 307050 307050 3100.0 3110.0 A A E
3 7 6 FO 669.76 870.05 4 6 669.8 773.4 753.5 821.7 753.5 918.4 669.8 966.7 586.0 918.4 586.0 821.7 669.8 773.4 0 1 2.955 4.0 0.841 1.0 0.813 1.0 4 1 False 3 3.6 0 52.411 0 307060 307060 3100.0 3110.0 A A E
3 7 7 FO 586.045 1015.06 1 6 669.795 966.718 669.729 1063.405 586.071 1111.705 502.305 1063.418 502.371 966.732 586.029 918.432 669.795 966.718 1 0 2.787 3.0 0.756 1.0 0.729 1.0 113 0 True 3 3.6 0 60.0 0 307070 307070 3201.0 3210.0 C A W
3 7 8 FO 502.323 1160.068 1 6 586.071 1111.705 586.005 1208.391 502.347 1256.691 418.582 1208.405 418.647 1111.718 502.305 1063.418 586.071 1111.705 1 0 2.462 3.0 0.653 1.0 0.633 1.0 107 1 False 3 3.6 0 66.587 0 307080 307080 3200.0 3210.0 A A E
3 7 9 FO 418.6 1305.077 1 6 502.347 1256.691 502.282 1353.377 418.537 1401.727 334.858 1353.391 334.837 1256.755 418.582 1208.405 502.347 1256.691 1 0 1.904 2.0 0.645 1.0 0.645 1.0 106 1 False 3 3.6 0 72.216 0 307090 307090 3200.0 3210.0 A A N
3 7 10 aOe 334.887 1450.081 1 4 418.537 1401.727 251.134 1498.377 251.113 1401.741 334.858 1353.391 418.537 1401.727 0.0 0.0 0.0 0.0 1 0 1.144 2.0 0.144 1.0 0.144 1.0 109 1 False 3 3.6 0 76.996 0 307100 307100 3200.0 3210.0 A A N
3 8 0 FO 1339.53 0.0 0 6 1339.5 -96.7 1423.2 -48.3 1423.2 48.3 1339.5 96.7 1255.8 48.3 1255.8 -48.3 1339.5 -96.7 0 0 1.971 3.0 0.663 1.0 0.663 1.0 13 1 False 3 3.6 0 0.0 0 308000 308000 3001.0 3010.0 C A E
3 8 1 FO 1255.81 145.01 0 6 1255.8 48.3 1339.5 96.7 1339.5 193.3 1255.8 241.7 1172.1 193.3 1172.1 96.7 1255.8 48.3 0 0 2.462 3.0 0.653 1.0 0.633 1.0 7 1 False 3 3.6 0 6.587 0 308010 308010 3000.0 3010.0 A A E
3 8 2 FO 1172.09 290.02 0 6 1172.1 193.3 1255.8 241.7 1255.8 338.4 1172.1 386.7 1088.4 338.4 1088.4 241.7 1172.1 193.3 0 0 2.717 3.0 0.716 1.0 0.692 1.0 6 1 False 3 3.6 0 13.898 0 308020 308020 3000.0 3010.0 A A E
3 8 3 FO 1088.37 435.02 0 6 1088.4 338.4 1172.1 386.7 1172.1 483.4 1088.4 531.7 1004.6 483.4 1004.6 386.7 1088.4 338.4 0 0 2.729 3.0 0.755 1.0 0.73 1.0 9 0 True 3 3.6 0 21.787 0 308030 308030 3000.0 3010.0 A A W
3 8 4 FO 1004.64 580.03 0 6 1004.6 483.4 1088.4 531.7 1088.4 628.4 1004.6 676.7 920.9 628.4 920.9 531.7 1004.6 483.4 0 0 2.736 3.0 0.761 1.0 0.736 1.0 10 0 True 3 3.6 0 30.0 0 308040 308040 3000.0 3011.0 A A W
3 8 5 FO 920.92 725.04 4 6 920.9 628.4 1004.6 676.7 1004.6 773.4 920.9 821.7 837.2 773.4 837.2 676.7 920.9 628.4 0 1 2.699 3.0 0.757 1.0 0.731 1.0 12 1 False 3 3.6 0 38.213 0 308050 308050 3100.0 3110.0 A A E
3 8 6 FO 837.2 870.05 4 6 837.2 773.4 920.9 821.7 920.9 918.4 837.2 966.7 753.5 918.4 753.5 821.7 837.2 773.4 0 1 2.711 3.0 0.715 1.0 0.691 1.0 5 0 True 3 3.6 0 46.102 0 308060 308060 3100.0 3110.0 A A W
3 8 7 FO 753.48 1015.06 4 6 753.5 918.4 837.2 966.7 837.2 1063.4 753.5 1111.7 669.8 1063.4 669.8 966.7 753.5 918.4 0 1 2.485 3.0 0.661 1.0 0.639 1.0 4 0 True 3 3.6 0 53.413 0 308070 308070 3100.0 3110.0 A A W
3 8 8 FO 669.765 1160.067 1 6 753.495 1111.691 753.429 1208.377 669.771 1256.677 586.005 1208.391 586.071 1111.705 669.729 1063.405 753.495 1111.691 1 0 1.971 3.0 0.663 1.0 0.663 1.0 113 1 False 3 3.6 0 60.0 0 308080 308080 3201.0 3210.0 C A E
3 8 9 FOe 586.043 1305.076 1 6 669.771 1256.677 669.755 1353.45 586.097 1401.75 502.282 1353.377 502.347 1256.691 586.005 1208.391 669.771 1256.677 1 0 1.727 2.0 0.508 1.0 0.504 1.0 107 1 False 3 3.6 0 65.818 0 308090 308090 3200.0 3210.0 A A N
3 8 10 cOe 502.32 1450.084 1 3 586.097 1401.75 418.537 1401.727 502.282 1353.377 586.097 1401.75 0.0 0.0 0.0 0.0 0.0 0.0 1 0 0.81 0.0 0.0 0.0 0.0 0.0 106 1 False 3 3.6 0 70.894 0 308100 308100 3200.0 3210.0 A A N
3 9 0 cOe 1506.97 0.0 5 3 1423.2 -48.3 1507.0 96.7 1423.2 48.3 1423.2 -48.3 0.0 0.0 0.0 0.0 0.0 0.0 0 0 0.799 0.0 0.0 0.0 0.0 0.0 13 1 False 3 3.6 0 0.0 0 309000 309000 3001.0 3010.0 C A N
3 9 1 FOe 1423.25 145.01 0 6 1423.2 48.3 1507.0 96.7 1507.0 193.3 1423.2 241.7 1339.5 193.3 1339.5 96.7 1423.2 48.3 0 0 1.727 2.0 0.508 1.0 0.504 1.0 7 1 False 3 3.6 0 5.818 0 309010 309010 3000.0 3010.0 A A N
3 9 2 FO 1339.53 290.02 0 6 1339.5 193.3 1423.2 241.7 1423.2 338.4 1339.5 386.7 1255.8 338.4 1255.8 241.7 1339.5 193.3 0 0 1.904 2.0 0.645 1.0 0.645 1.0 6 1 False 3 3.6 0 12.216 0 309020 309020 3000.0 3010.0 A A N
3 9 3 FO 1255.81 435.02 0 6 1255.8 338.4 1339.5 386.7 1339.5 483.4 1255.8 531.7 1172.1 483.4 1172.1 386.7 1255.8 338.4 0 0 2.063 3.0 0.59 1.0 0.577 1.0 9 1 False 3 3.6 0 19.106 0 309030 309030 3000.0 3010.0 A A E
3 9 4 FO 1172.09 580.03 0 6 1172.1 483.4 1255.8 531.7 1255.8 628.4 1172.1 676.7 1088.4 628.4 1088.4 531.7 1172.1 483.4 0 0 2.253 3.0 0.603 1.0 0.588 1.0 10 1 False 3 3.6 0 26.329 0 309040 309040 3000.0 3011.0 A A E
3 9 5 FO 1088.37 725.04 4 6 1088.4 628.4 1172.1 676.7 1172.1 773.4 1088.4 821.7 1004.6 773.4 1004.6 676.7 1088.4 628.4 0 0 2.235 3.0 0.607 1.0 0.591 1.0 10 0 False 3 3.6 0 33.67 0 309050 309050 3000.0 3011.0 A A N
3 9 6 FO 1004.64 870.05 4 6 1004.6 773.4 1088.4 821.7 1088.4 918.4 1004.6 966.7 920.9 918.4 920.9 821.7 1004.6 773.4 0 1 2.081 3.0 0.584 1.0 0.573 1.0 12 0 True 3 3.6 0 40.894 0 309060 309060 3100.0 3110.0 A A W
3 9 7 FO 920.92 1015.06 4 6 920.9 918.4 1004.6 966.7 1004.6 1063.4 920.9 1111.7 837.2 1063.4 837.2 966.7 920.9 918.4 0 1 1.899 2.0 0.647 1.0 0.647 1.0 5 0 False 3 3.6 0 47.784 0 309070 309070 3100.0 3110.0 A A N
3 9 8 bOe 837.2 1160.06 2 5 920.9 1208.4 753.5 1208.4 753.5 1111.7 837.2 1063.4 920.9 1111.7 920.9 1208.4 0.0 0.0 0 1 1.563 2.0 0.192 1.0 0.192 1.0 4 0 False 3 3.6 0 54.183 0 309080 309080 3100.0 3110.0 A A N
3 9 9 cOe 753.485 1305.074 0 3 753.429 1208.377 669.755 1353.45 669.771 1256.677 753.429 1208.377 0.0 0.0 0.0 0.0 0.0 0.0 1 0 0.799 0.0 0.0 0.0 0.0 0.0 113 1 False 3 3.6 0 60.0 0 309090 309090 3201.0 3210.0 C A N
3 10 2 cOe 1506.97 290.02 0 3 1507.0 193.3 1423.2 338.4 1423.2 241.7 1507.0 193.3 0.0 0.0 0.0 0.0 0.0 0.0 0 0 0.81 0.0 0.0 0.0 0.0 0.0 6 1 False 3 3.6 0 10.894 0 310020 310020 3000.0 3010.0 A A N
3 10 3 aOe 1423.25 435.02 0 4 1423.2 338.4 1423.2 531.7 1339.5 483.4 1339.5 386.7 1423.2 338.4 0.0 0.0 0.0 0.0 0 0 1.144 2.0 0.144 1.0 0.144 1.0 9 1 False 3 3.6 0 16.996 0 310030 310030 3000.0 3010.0 A A N
3 10 4 bOe 1339.53 580.03 1 5 1423.2 531.7 1339.5 676.7 1255.8 628.4 1255.8 531.7 1339.5 483.4 1423.2 531.7 0.0 0.0 0 0 1.479 2.0 0.192 1.0 0.192 1.0 10 1 False 3 3.6 0 23.413 0 310040 310040 3000.0 3011.0 A A N
3 10 5 dOe 1255.81 725.04 0 5 1255.8 628.4 1297.7 652.5 1213.9 797.5 1172.1 773.4 1172.1 676.7 1255.8 628.4 0.0 0.0 0 0 1.192 2.0 0.144 1.0 0.144 1.0 10 1 False 2 2.4 0 30.0 0 310050 310050 3000.0 3011.0 A A N
3 10 6 bOe 1172.09 870.05 1 5 1255.8 821.7 1172.1 966.7 1088.4 918.4 1088.4 821.7 1172.1 773.4 1255.8 821.7 0.0 0.0 0 1 1.441 2.0 0.192 1.0 0.192 1.0 12 0 False 3 3.6 0 36.587 0 310060 310060 3100.0 3110.0 A A N
3 10 7 aOe 1088.37 1015.06 1 4 1172.1 966.7 1004.6 1063.4 1004.6 966.7 1088.4 918.4 1172.1 966.7 0.0 0.0 0.0 0.0 0 1 1.139 2.0 0.144 1.0 0.144 1.0 12 0 False 3 3.6 0 43.004 0 310070 310070 3100.0 3110.0 A A N
3 10 8 cOe 1004.64 1160.06 0 3 1004.6 1063.4 920.9 1208.4 920.9 1111.7 1004.6 1063.4 0.0 0.0 0.0 0.0 0.0 0.0 0 1 0.791 0.0 0.0 0.0 0.0 0.0 5 0 False 3 3.6 0 49.107 0 310080 310080 3100.0 3110.0 A A N
4 1 2 dIe -0.002 290.016 4 5 -83.718 338.396 -83.729 316.578 83.695 316.564 83.705 338.382 0.047 386.682 -83.718 338.396 0.0 0.0 1 1 0.0 0.0 1.824 2.0 1.824 2.0 102 0 False 3 3.6 0 90.0 1 401020 401021 4300.0 0.0 A None N
4 1 3 FI -83.725 435.025 2 6 0.047 386.682 -0.018 483.368 -83.763 531.718 -167.442 483.382 -167.463 386.746 -83.718 338.396 0.047 386.682 1 1 0.0 0.0 3.298 4.0 4.021 5.0 102 0 False 6 7.2 0 100.894 1 401030 401031 4300.0 0.0 A None N
4 1 4 FI -167.438 580.028 2 6 -83.763 531.718 -83.742 628.355 -167.487 676.705 -251.166 628.368 -251.187 531.732 -167.442 483.382 -83.763 531.718 1 1 0.0 0.0 2.195 3.0 2.329 3.0 102 0 False 6 7.2 0 106.102 1 401040 401041 4300.0 0.0 A None N
4 1 5 FI -251.161 725.037 2 6 -167.487 676.705 -167.466 773.341 -251.21 821.691 -334.889 773.355 -334.91 676.718 -251.166 628.368 -167.487 676.705 1 1 0.0 0.0 1.609 2.0 1.626 2.0 102 0 True 6 7.2 0 109.107 1 401050 401051 4300.0 0.0 A None N
4 1 6 FM -334.883 870.046 5 6 -251.21 821.691 -251.139 918.414 -334.884 966.764 -418.613 918.341 -418.634 821.705 -334.889 773.355 -251.21 821.691 1 1 0.0 0.0 0.979 1.0 0.961 1.0 104 1 False 3 3.6 0 111.052 0 401060 401060 4300.0 0.0 A None N
4 1 7 FO -418.605 1015.054 5 6 -334.884 966.764 -334.863 1063.4 -418.608 1111.75 -502.287 1063.414 -502.358 966.691 -418.613 918.341 -334.884 966.764 1 1 0.0 0.0 0.783 1.0 0.757 1.0 104 1 False 3 3.6 0 112.411 0 401070 401070 4300.0 0.0 A None E
4 1 8 FO -502.328 1160.063 5 6 -418.608 1111.75 -418.587 1208.386 -502.331 1256.736 -586.01 1208.4 -586.031 1111.764 -502.287 1063.414 -418.608 1111.75 1 1 0.0 0.0 0.614 1.0 0.6 1.0 104 0 True 3 3.6 0 113.413 0 401080 401080 4300.0 0.0 A None W
4 1 9 aOe -586.041 1305.066 2 4 -502.31 1353.373 -669.755 1256.75 -586.01 1208.4 -502.331 1256.736 -502.31 1353.373 0.0 0.0 0.0 0.0 1 1 0.0 0.0 0.144 1.0 0.144 1.0 104 0 False 3 3.6 0 114.183 0 401090 401090 4300.0 0.0 A None N
4 2 0 gIe 334.88 0.0 3 6 334.9 96.7 316.0 85.8 316.0 -85.8 334.9 -96.7 418.6 -48.3 418.6 48.3 334.9 96.7 0 0 0.0 0.0 3.272 4.0 3.272 4.0 0 0 False 6 7.2 0 0.0 1 402000 402001 4000.0 0.0 A None N
4 2 1 dIe 251.16 145.01 3 5 251.2 241.7 232.3 230.8 316.0 85.8 334.9 96.7 334.9 193.3 251.2 241.7 0.0 0.0 0 1 0.0 0.0 1.824 2.0 1.824 2.0 2 0 False 3 3.6 0 30.0 1 402010 402011 4100.0 0.0 A None N
4 2 2 gIe 167.44 290.015 4 6 83.705 338.382 83.695 316.564 232.305 230.764 251.195 241.682 251.129 338.368 167.471 386.668 83.705 338.382 1 0 0.0 0.0 3.272 4.0 3.272 4.0 100 0 False 6 7.2 0 60.0 1 402020 402021 4200.0 0.0 A None N
4 2 3 FI 83.718 435.023 2 6 167.471 386.668 167.405 483.355 83.747 531.655 -0.018 483.368 0.047 386.682 83.705 338.382 167.471 386.668 1 1 0.0 0.0 3.301 4.0 4.015 5.0 103 0 False 6 7.2 0 79.107 1 402030 402031 4300.0 0.0 A None N
4 2 4 FI -0.005 580.032 2 6 83.747 531.655 83.682 628.341 -0.063 676.691 -83.742 628.355 -83.763 531.718 -0.018 483.368 83.747 531.655 1 1 0.0 0.0 2.306 3.0 2.487 3.0 103 0 False 6 7.2 0 90.0 1 402040 402041 4300.0 0.0 A None N
4 2 5 FI -83.718 725.036 2 6 -0.063 676.691 0.008 773.414 -83.737 821.764 -167.466 773.341 -167.487 676.705 -83.742 628.355 -0.063 676.691 1 1 0.0 0.0 1.708 2.0 1.736 2.0 103 0 True 6 7.2 0 96.587 1 402050 402051 4300.0 0.0 A None N
4 2 6 FM -167.441 870.044 5 6 -83.737 821.764 -83.716 918.4 -167.46 966.75 -251.139 918.414 -251.21 821.691 -167.466 773.341 -83.737 821.764 1 1 0.0 0.0 1.058 2.0 1.042 2.0 105 1 False 3 3.6 0 100.893 0 402060 402060 4300.0 0.0 A None N
4 2 7 FO -251.163 1015.053 5 6 -167.46 966.75 -167.439 1063.386 -251.184 1111.736 -334.863 1063.4 -334.884 966.764 -251.139 918.414 -167.46 966.75 1 1 0.0 0.0 0.833 1.0 0.805 1.0 105 1 False 3 3.6 0 103.898 0 402070 402070 4300.0 0.0 A None E
4 2 8 FO -334.885 1160.061 5 6 -251.184 1111.736 -251.163 1208.373 -334.908 1256.723 -418.587 1208.386 -418.608 1111.75 -334.863 1063.4 -251.184 1111.736 1 1 0.0 0.0 0.67 1.0 0.653 1.0 105 0 True 3 3.6 0 106.102 0 402080 402080 4300.0 0.0 A None W
4 2 9 FOe -418.608 1305.07 5 6 -334.908 1256.723 -334.887 1353.359 -418.631 1401.709 -502.31 1353.373 -502.331 1256.736 -418.587 1208.386 -334.908 1256.723 1 1 0.0 0.0 0.518 1.0 0.513 1.0 105 0 False 3 3.6 0 107.784 0 402090 402090 4300.0 0.0 A None N
4 3 0 FI 502.32 0.0 0 6 502.3 -96.7 586.0 -48.3 586.0 48.3 502.3 96.7 418.6 48.3 418.6 -48.3 502.3 -96.7 0 0 0.0 0.0 2.818 3.0 3.229 4.0 0 0 False 6 7.2 0 0.0 1 403000 403001 4000.0 0.0 A None N
4 3 1 FI 418.6 145.01 1 6 418.6 48.3 502.3 96.7 502.3 193.3 418.6 241.7 334.9 193.3 334.9 96.7 418.6 48.3 0 1 0.0 0.0 3.301 4.0 4.015 5.0 3 0 False 6 7.2 0 19.107 1 403010 403011 4100.0 0.0 A None N
4 3 2 FI 334.88 290.02 1 6 334.9 193.3 418.6 241.7 418.6 338.4 334.9 386.7 251.2 338.4 251.2 241.7 334.9 193.3 0 1 0.0 0.0 3.298 4.0 4.021 5.0 2 0 False 6 7.2 0 40.894 1 403020 403021 4100.0 0.0 A None N
4 3 3 FI 251.16 435.022 1 6 334.895 386.655 334.829 483.341 251.171 531.641 167.405 483.355 167.471 386.668 251.129 338.368 334.895 386.655 1 0 0.0 0.0 2.818 3.0 3.229 4.0 100 0 False 6 7.2 0 60.0 1 403030 403031 4200.0 0.0 A None N
4 3 4 FI 167.438 580.031 1 6 251.171 531.641 251.155 628.414 167.497 676.714 83.682 628.341 83.747 531.655 167.405 483.355 251.171 531.641 1 0 0.0 0.0 2.182 3.0 2.318 3.0 101 0 False 6 7.2 0 73.898 1 403040 403041 4200.0 0.0 A None N
4 3 5 FI 83.715 725.039 1 6 167.497 676.714 167.432 773.4 83.687 821.75 0.008 773.414 -0.063 676.691 83.682 628.341 167.497 676.714 1 0 0.0 0.0 1.713 2.0 1.738 2.0 101 0 False 6 7.2 0 83.414 1 403050 403051 4200.0 0.0 A None N
4 3 6 FM 0.002 870.043 5 6 83.687 821.75 83.708 918.386 -0.037 966.736 -83.716 918.4 -83.737 821.764 0.008 773.414 83.687 821.75 1 1 0.0 0.0 1.093 2.0 1.077 2.0 106 1 False 3 3.6 0 90.0 0 403060 403060 4301.0 0.0 B None N
4 3 7 FO -83.721 1015.051 5 6 -0.037 966.736 -0.016 1063.373 -83.76 1111.723 -167.439 1063.386 -167.46 966.75 -83.716 918.4 -0.037 966.736 1 1 0.0 0.0 0.878 1.0 0.847 1.0 106 1 False 3 3.6 0 94.715 0 403070 403070 4301.0 0.0 B None E
4 3 8 FO -167.443 1160.06 5 6 -83.76 1111.723 -83.739 1208.359 -167.484 1256.709 -251.163 1208.373 -251.184 1111.736 -167.439 1063.386 -83.76 1111.723 1 1 0.0 0.0 0.702 1.0 0.683 1.0 106 0 True 3 3.6 0 98.213 0 403080 403080 4301.0 0.0 B None W
4 3 9 FOe -251.165 1305.069 5 6 -167.484 1256.709 -167.413 1353.432 -251.158 1401.782 -334.887 1353.359 -334.908 1256.723 -251.163 1208.373 -167.484 1256.709 1 1 0.0 0.0 0.628 1.0 0.628 1.0 106 0 False 3 3.6 0 100.894 0 403090 403090 4301.0 0.0 B None N
4 4 0 FI 669.76 0.0 0 6 669.8 -96.7 753.5 -48.3 753.5 48.3 669.8 96.7 586.0 48.3 586.0 -48.3 669.8 -96.7 0 0 0.0 0.0 1.898 2.0 1.954 2.0 0 0 True 6 7.2 0 0.0 1 404000 404001 4000.0 0.0 A None N
4 4 1 FI 586.04 145.01 0 6 586.0 48.3 669.8 96.7 669.8 193.3 586.0 241.7 502.3 193.3 502.3 96.7 586.0 48.3 0 0 0.0 0.0 2.182 3.0 2.318 3.0 1 0 False 6 7.2 0 13.898 1 404010 404011 4000.0 0.0 A None N
4 4 2 FI 502.32 290.02 1 6 502.3 193.3 586.0 241.7 586.0 338.4 502.3 386.7 418.6 338.4 418.6 241.7 502.3 193.3 0 1 0.0 0.0 2.306 3.0 2.487 3.0 3 0 False 6 7.2 0 30.0 1 404020 404021 4100.0 0.0 A None N
4 4 3 FI 418.6 435.02 1 6 418.6 338.4 502.3 386.7 502.3 483.4 418.6 531.7 334.9 483.4 334.9 386.7 418.6 338.4 0 1 0.0 0.0 2.195 3.0 2.329 3.0 2 0 False 6 7.2 0 46.102 1 404030 404031 4100.0 0.0 A None N
4 4 4 FI 334.88 580.029 1 6 418.645 531.714 418.579 628.4 334.921 676.7 251.155 628.414 251.171 531.641 334.829 483.341 418.645 531.714 1 0 0.0 0.0 1.898 2.0 1.954 2.0 100 0 True 6 7.2 0 60.0 1 404040 404041 4200.0 0.0 A None N
4 4 5 FI 251.158 725.038 1 6 334.921 676.7 334.855 773.386 251.197 821.686 167.432 773.4 167.497 676.714 251.155 628.414 334.921 676.7 1 0 0.0 0.0 1.594 2.0 1.609 2.0 101 0 True 6 7.2 0 70.894 1 404050 404051 4200.0 0.0 A None N
4 4 6 FM 167.435 870.046 1 6 251.197 821.686 251.132 918.373 167.387 966.723 83.708 918.386 83.687 821.75 167.432 773.4 251.197 821.686 1 0 0.0 0.0 1.061 2.0 1.045 2.0 107 0 False 3 3.6 0 79.107 0 404060 404060 4200.0 0.0 A None N
4 4 7 FO 83.722 1015.05 1 6 167.387 966.723 167.408 1063.359 83.663 1111.709 -0.016 1063.373 -0.037 966.736 83.708 918.386 167.387 966.723 1 0 0.0 0.0 0.874 1.0 0.843 1.0 110 0 True 3 3.6 0 85.285 0 404070 404070 4201.0 0.0 B None W
4 4 8 FO -0.001 1160.059 5 6 83.663 1111.709 83.734 1208.432 -0.01 1256.782 -83.739 1208.359 -83.76 1111.723 -0.016 1063.373 83.663 1111.709 1 0 0.0 0.0 0.709 1.0 0.688 1.0 110 0 False 3 3.6 0 90.0 0 404080 404080 4201.0 0.0 B None N
4 4 9 FO -83.718 1305.076 5 6 -0.01 1256.782 0.011 1353.418 -83.734 1401.768 -167.413 1353.432 -167.484 1256.709 -83.739 1208.359 -0.01 1256.782 1 0 0.0 0.0 0.65 1.0 0.65 1.0 110 0 False 3 3.6 0 93.67 0 404090 404090 4201.0 0.0 B None N
4 4 10 cOe -167.44 1450.085 1 3 -83.734 1401.768 -251.158 1401.782 -167.413 1353.432 -83.734 1401.768 0.0 0.0 0.0 0.0 0.0 0.0 1 1 0.0 0.0 0.0 0.0 0.0 0.0 106 0 False 3 3.6 0 96.587 0 404100 404100 4301.0 0.0 B None N
4 5 0 FM 837.2 0.0 0 6 837.2 -96.7 920.9 -48.3 920.9 48.3 837.2 96.7 753.5 48.3 753.5 -48.3 837.2 -96.7 0 0 0.0 0.0 1.138 2.0 1.123 2.0 9 0 False 3 3.6 0 0.0 0 405000 405000 4000.0 0.0 A None N
4 5 1 FI 753.48 145.01 0 6 753.5 48.3 837.2 96.7 837.2 193.3 753.5 241.7 669.8 193.3 669.8 96.7 753.5 48.3 0 0 0.0 0.0 1.594 2.0 1.609 2.0 1 0 True 6 7.2 0 10.894 1 405010 405011 4000.0 0.0 A None N
4 5 2 FI 669.76 290.02 0 6 669.8 193.3 753.5 241.7 753.5 338.4 669.8 386.7 586.0 338.4 586.0 241.7 669.8 193.3 0 0 0.0 0.0 1.713 2.0 1.738 2.0 1 0 False 6 7.2 0 23.414 1 405020 405021 4000.0 0.0 A None N
4 5 3 FI 586.04 435.02 1 6 586.0 338.4 669.8 386.7 669.8 483.4 586.0 531.7 502.3 483.4 502.3 386.7 586.0 338.4 0 1 0.0 0.0 1.708 2.0 1.736 2.0 3 0 True 6 7.2 0 36.587 1 405030 405031 4100.0 0.0 A None N
4 5 4 FI 502.32 580.03 1 6 502.3 483.4 586.0 531.7 586.0 628.4 502.3 676.7 418.6 628.4 418.6 531.7 502.3 483.4 0 1 0.0 0.0 1.609 2.0 1.626 2.0 2 0 True 6 7.2 0 49.107 1 405040 405041 4100.0 0.0 A None N
4 5 5 FM 418.6 725.036 1 6 502.345 676.686 502.279 773.373 418.621 821.673 334.855 773.386 334.921 676.7 418.579 628.4 502.345 676.686 1 0 0.0 0.0 1.138 2.0 1.123 2.0 109 0 False 3 3.6 0 60.0 0 405050 405050 4200.0 0.0 A None N
4 5 6 FM 334.878 870.045 1 6 418.621 821.673 418.555 918.359 334.897 966.659 251.132 918.373 251.197 821.686 334.855 773.386 418.621 821.673 1 0 0.0 0.0 0.984 1.0 0.965 1.0 108 0 False 3 3.6 0 68.948 0 405060 405060 4200.0 0.0 A None N
4 5 7 FO 251.155 1015.054 1 6 334.897 966.659 334.882 1063.432 251.137 1111.782 167.408 1063.359 167.387 966.723 251.132 918.373 334.897 966.659 1 0 0.0 0.0 0.83 1.0 0.801 1.0 107 0 True 3 3.6 0 76.102 0 405070 405070 4200.0 0.0 A None W
4 5 8 FO 167.447 1160.066 1 6 251.137 1111.782 251.158 1208.418 167.413 1256.768 83.734 1208.432 83.663 1111.709 167.408 1063.359 251.137 1111.782 1 0 0.0 0.0 0.699 1.0 0.679 1.0 110 1 False 3 3.6 0 81.787 0 405080 405080 4201.0 0.0 B None E
4 5 9 FO 83.724 1305.075 5 6 167.413 1256.768 167.434 1353.405 83.69 1401.755 0.011 1353.418 -0.01 1256.782 83.734 1208.432 167.413 1256.768 1 0 0.0 0.0 0.644 1.0 0.644 1.0 110 1 False 3 3.6 0 86.329 0 405090 405090 4201.0 0.0 B None N
4 5 10 cOe 0.002 1450.083 1 3 83.69 1401.755 -83.734 1401.768 0.011 1353.418 83.69 1401.755 0.0 0.0 0.0 0.0 0.0 0.0 1 0 0.0 0.0 0.0 0.0 0.0 0.0 110 0 False 3 3.6 0 90.0 0 405100 405100 4201.0 0.0 B None N
4 6 0 FO 1004.64 0.0 0 6 1004.6 -96.7 1088.4 -48.3 1088.4 48.3 1004.6 96.7 920.9 48.3 920.9 -48.3 1004.6 -96.7 0 0 0.0 0.0 0.873 1.0 0.842 1.0 9 0 True 3 3.6 0 0.0 0 406000 406000 4000.0 0.0 A None W
4 6 1 FM 920.92 145.01 0 6 920.9 48.3 1004.6 96.7 1004.6 193.3 920.9 241.7 837.2 193.3 837.2 96.7 920.9 48.3 0 0 0.0 0.0 0.984 1.0 0.965 1.0 8 0 False 3 3.6 0 8.948 0 406010 406010 4000.0 0.0 A None N
4 6 2 FM 837.2 290.02 0 6 837.2 193.3 920.9 241.7 920.9 338.4 837.2 386.7 753.5 338.4 753.5 241.7 837.2 193.3 0 0 0.0 0.0 1.061 2.0 1.045 2.0 7 0 False 3 3.6 0 19.107 0 406020 406020 4000.0 0.0 A None N
4 6 3 FM 753.48 435.02 4 6 753.5 338.4 837.2 386.7 837.2 483.4 753.5 531.7 669.8 483.4 669.8 386.7 753.5 338.4 0 1 0.0 0.0 1.093 2.0 1.077 2.0 6 1 False 3 3.6 0 30.0 0 406030 406030 4101.0 0.0 B None N
4 6 4 FM 669.76 580.03 4 6 669.8 483.4 753.5 531.7 753.5 628.4 669.8 676.7 586.0 628.4 586.0 531.7 669.8 483.4 0 1 0.0 0.0 1.058 2.0 1.042 2.0 5 1 False 3 3.6 0 40.893 0 406040 406040 4100.0 0.0 A None N
4 6 5 FM 586.04 725.04 4 6 586.0 628.4 669.8 676.7 669.8 773.4 586.0 821.7 502.3 773.4 502.3 676.7 586.0 628.4 0 1 0.0 0.0 0.979 1.0 0.961 1.0 4 1 False 3 3.6 0 51.052 0 406050 406050 4100.0 0.0 A None N
4 6 6 FO 502.32 870.044 1 6 586.045 821.659 586.029 918.432 502.371 966.732 418.555 918.359 418.621 821.673 502.279 773.373 586.045 821.659 1 0 0.0 0.0 0.873 1.0 0.842 1.0 109 0 True 3 3.6 0 60.0 0 406060 406060 4200.0 0.0 A None W
4 6 7 FO 418.603 1015.061 1 6 502.371 966.732 502.305 1063.418 418.647 1111.718 334.882 1063.432 334.897 966.659 418.555 918.359 502.371 966.732 1 0 0.0 0.0 0.767 1.0 0.742 1.0 108 0 True 3 3.6 0 67.589 0 406070 406070 4200.0 0.0 A None W
4 6 8 FO 334.88 1160.07 1 6 418.647 1111.718 418.582 1208.405 334.837 1256.755 251.158 1208.418 251.137 1111.782 334.882 1063.432 418.647 1111.718 1 0 0.0 0.0 0.668 1.0 0.652 1.0 107 1 False 3 3.6 0 73.898 0 406080 406080 4200.0 0.0 A None E
4 6 9 FOe 251.167 1305.073 1 6 334.837 1256.755 334.858 1353.391 251.113 1401.741 167.434 1353.405 167.413 1256.768 251.158 1208.418 334.837 1256.755 1 0 0.0 0.0 0.545 1.0 0.538 1.0 110 1 False 3 3.6 0 79.106 0 406090 406090 4201.0 0.0 B None N
4 6 10 cOe 167.444 1450.082 1 3 251.113 1401.741 83.69 1401.755 167.434 1353.405 251.113 1401.741 0.0 0.0 0.0 0.0 0.0 0.0 1 0 0.0 0.0 0.0 0.0 0.0 0.0 110 1 False 3 3.6 0 83.413 0 406100 406100 4201.0 0.0 B None N
4 7 0 FO 1172.09 0.0 0 6 1172.1 -96.7 1255.8 -48.3 1255.8 48.3 1172.1 96.7 1088.4 48.3 1088.4 -48.3 1172.1 -96.7 0 0 0.0 0.0 0.709 1.0 0.688 1.0 9 1 False 3 3.6 0 0.0 0 407000 407000 4000.0 0.0 A None E
4 7 1 FO 1088.37 145.01 0 6 1088.4 48.3 1172.1 96.7 1172.1 193.3 1088.4 241.7 1004.6 193.3 1004.6 96.7 1088.4 48.3 0 0 0.0 0.0 0.767 1.0 0.742 1.0 8 0 True 3 3.6 0 7.589 0 407010 407010 4000.0 0.0 A None W
4 7 2 FO 1004.64 290.02 0 6 1004.6 193.3 1088.4 241.7 1088.4 338.4 1004.6 386.7 920.9 338.4 920.9 241.7 1004.6 193.3 0 0 0.0 0.0 0.83 1.0 0.801 1.0 7 0 True 3 3.6 0 16.102 0 407020 407020 4000.0 0.0 A None W
4 7 3 FO 920.92 435.02 0 6 920.9 338.4 1004.6 386.7 1004.6 483.4 920.9 531.7 837.2 483.4 837.2 386.7 920.9 338.4 0 0 0.0 0.0 0.874 1.0 0.843 1.0 10 0 True 3 3.6 0 25.285 0 407030 407030 4001.0 0.0 B None W
4 7 4 FO 837.2 580.03 4 6 837.2 483.4 920.9 531.7 920.9 628.4 837.2 676.7 753.5 628.4 753.5 531.7 837.2 483.4 0 1 0.0 0.0 0.878 1.0 0.847 1.0 6 1 False 3 3.6 0 34.715 0 407040 407040 4101.0 0.0 B None E
4 7 5 FO 753.48 725.04 4 6 753.5 628.4 837.2 676.7 837.2 773.4 753.5 821.7 669.8 773.4 669.8 676.7 753.5 628.4 0 1 0.0 0.0 0.833 1.0 0.805 1.0 5 1 False 3 3.6 0 43.898 0 407050 407050 4100.0 0.0 A None E
4 7 6 FO 669.76 870.05 4 6 669.8 773.4 753.5 821.7 753.5 918.4 669.8 966.7 586.0 918.4 586.0 821.7 669.8 773.4 0 1 0.0 0.0 0.783 1.0 0.757 1.0 4 1 False 3 3.6 0 52.411 0 407060 407060 4100.0 0.0 A None E
4 7 7 FO 586.045 1015.06 1 6 669.795 966.718 669.729 1063.405 586.071 1111.705 502.305 1063.418 502.371 966.732 586.029 918.432 669.795 966.718 1 0 0.0 0.0 0.709 1.0 0.688 1.0 109 1 False 3 3.6 0 60.0 0 407070 407070 4200.0 0.0 A None E
4 7 8 FO 502.323 1160.068 1 6 586.071 1111.705 586.005 1208.391 502.347 1256.691 418.582 1208.405 418.647 1111.718 502.305 1063.418 586.071 1111.705 1 0 0.0 0.0 0.604 1.0 0.593 1.0 108 1 False 3 3.6 0 66.587 0 407080 407080 4200.0 0.0 A None E
4 7 9 FOe 418.6 1305.077 1 6 502.347 1256.691 502.282 1353.377 418.537 1401.727 334.858 1353.391 334.837 1256.755 418.582 1208.405 502.347 1256.691 1 0 0.0 0.0 0.512 1.0 0.508 1.0 107 1 False 3 3.6 0 72.216 0 407090 407090 4200.0 0.0 A None N
4 8 0 FOe 1339.53 0.0 0 6 1339.5 -96.7 1423.2 -48.3 1423.2 48.3 1339.5 96.7 1255.8 48.3 1255.8 -48.3 1339.5 -96.7 0 0 0.0 0.0 0.533 1.0 0.527 1.0 9 1 False 3 3.6 0 0.0 0 408000 408000 4000.0 0.0 A None N
4 8 1 FO 1255.81 145.01 0 6 1255.8 48.3 1339.5 96.7 1339.5 193.3 1255.8 241.7 1172.1 193.3 1172.1 96.7 1255.8 48.3 0 0 0.0 0.0 0.604 1.0 0.593 1.0 8 1 False 3 3.6 0 6.587 0 408010 408010 4000.0 0.0 A None E
4 8 2 FO 1172.09 290.02 0 6 1172.1 193.3 1255.8 241.7 1255.8 338.4 1172.1 386.7 1088.4 338.4 1088.4 241.7 1172.1 193.3 0 0 0.0 0.0 0.668 1.0 0.652 1.0 7 1 False 3 3.6 0 13.898 0 408020 408020 4000.0 0.0 A None E
4 8 3 FO 1088.37 435.02 0 6 1088.4 338.4 1172.1 386.7 1172.1 483.4 1088.4 531.7 1004.6 483.4 1004.6 386.7 1088.4 338.4 0 0 0.0 0.0 0.699 1.0 0.679 1.0 10 1 False 3 3.6 0 21.787 0 408030 408030 4001.0 0.0 B None E
4 8 4 FO 1004.64 580.03 4 6 1004.6 483.4 1088.4 531.7 1088.4 628.4 1004.6 676.7 920.9 628.4 920.9 531.7 1004.6 483.4 0 0 0.0 0.0 0.709 1.0 0.688 1.0 10 0 False 3 3.6 0 30.0 0 408040 408040 4001.0 0.0 B None N
4 8 5 FO 920.92 725.04 4 6 920.9 628.4 1004.6 676.7 1004.6 773.4 920.9 821.7 837.2 773.4 837.2 676.7 920.9 628.4 0 1 0.0 0.0 0.702 1.0 0.683 1.0 6 0 True 3 3.6 0 38.213 0 408050 408050 4101.0 0.0 B None W
4 8 6 FO 837.2 870.05 4 6 837.2 773.4 920.9 821.7 920.9 918.4 837.2 966.7 753.5 918.4 753.5 821.7 837.2 773.4 0 1 0.0 0.0 0.67 1.0 0.653 1.0 5 0 True 3 3.6 0 46.102 0 408060 408060 4100.0 0.0 A None W
4 8 7 FO 753.48 1015.06 4 6 753.5 918.4 837.2 966.7 837.2 1063.4 753.5 1111.7 669.8 1063.4 669.8 966.7 753.5 918.4 0 1 0.0 0.0 0.614 1.0 0.6 1.0 4 0 True 3 3.6 0 53.413 0 408070 408070 4100.0 0.0 A None W
4 8 8 FOe 669.765 1160.067 1 6 753.495 1111.691 753.429 1208.377 669.771 1256.677 586.005 1208.391 586.071 1111.705 669.729 1063.405 753.495 1111.691 1 0 0.0 0.0 0.533 1.0 0.527 1.0 109 1 False 3 3.6 0 60.0 0 408080 408080 4200.0 0.0 A None N
4 8 9 aOe 586.043 1305.076 1 4 669.771 1256.677 502.282 1353.377 502.347 1256.691 586.005 1208.391 669.771 1256.677 0.0 0.0 0.0 0.0 1 0 0.0 0.0 0.144 1.0 0.144 1.0 108 1 False 3 3.6 0 65.818 0 408090 408090 4200.0 0.0 A None N
4 9 1 aOe 1423.25 145.01 0 4 1423.2 48.3 1423.2 241.7 1339.5 193.3 1339.5 96.7 1423.2 48.3 0.0 0.0 0.0 0.0 0 0 0.0 0.0 0.144 1.0 0.144 1.0 8 1 False 3 3.6 0 5.818 0 409010 409010 4000.0 0.0 A None N
4 9 2 FOe 1339.53 290.02 0 6 1339.5 193.3 1423.2 241.7 1423.2 338.4 1339.5 386.7 1255.8 338.4 1255.8 241.7 1339.5 193.3 0 0 0.0 0.0 0.512 1.0 0.508 1.0 7 1 False 3 3.6 0 12.216 0 409020 409020 4000.0 0.0 A None N
4 9 3 FOe 1255.81 435.02 0 6 1255.8 338.4 1339.5 386.7 1339.5 483.4 1255.8 531.7 1172.1 483.4 1172.1 386.7 1255.8 338.4 0 0 0.0 0.0 0.545 1.0 0.538 1.0 10 1 False 3 3.6 0 19.106 0 409030 409030 4001.0 0.0 B None N
4 9 4 FO 1172.09 580.03 4 6 1172.1 483.4 1255.8 531.7 1255.8 628.4 1172.1 676.7 1088.4 628.4 1088.4 531.7 1172.1 483.4 0 0 0.0 0.0 0.644 1.0 0.644 1.0 10 1 False 3 3.6 0 26.329 0 409040 409040 4001.0 0.0 B None N
4 9 5 FO 1088.37 725.04 4 6 1088.4 628.4 1172.1 676.7 1172.1 773.4 1088.4 821.7 1004.6 773.4 1004.6 676.7 1088.4 628.4 0 0 0.0 0.0 0.65 1.0 0.65 1.0 10 0 False 3 3.6 0 33.67 0 409050 409050 4001.0 0.0 B None N
4 9 6 FOe 1004.64 870.05 4 6 1004.6 773.4 1088.4 821.7 1088.4 918.4 1004.6 966.7 920.9 918.4 920.9 821.7 1004.6 773.4 0 1 0.0 0.0 0.628 1.0 0.628 1.0 6 0 False 3 3.6 0 40.894 0 409060 409060 4101.0 0.0 B None N
4 9 7 FOe 920.92 1015.06 4 6 920.9 918.4 1004.6 966.7 1004.6 1063.4 920.9 1111.7 837.2 1063.4 837.2 966.7 920.9 918.4 0 1 0.0 0.0 0.518 1.0 0.513 1.0 5 0 False 3 3.6 0 47.784 0 409070 409070 4100.0 0.0 A None N
4 9 8 aOe 837.2 1160.06 1 4 920.9 1111.7 753.5 1208.4 753.5 1111.7 837.2 1063.4 920.9 1111.7 0.0 0.0 0.0 0.0 0 1 0.0 0.0 0.144 1.0 0.144 1.0 4 0 False 3 3.6 0 54.183 0 409080 409080 4100.0 0.0 A None N
4 10 4 cOe 1339.53 580.03 0 3 1339.5 483.4 1255.8 628.4 1255.8 531.7 1339.5 483.4 0.0 0.0 0.0 0.0 0.0 0.0 0 0 0.0 0.0 0.0 0.0 0.0 0.0 10 1 False 3 3.6 0 23.413 0 410040 410040 4001.0 0.0 B None N
4 10 5 cOe 1255.81 725.04 0 3 1255.8 628.4 1172.1 773.4 1172.1 676.7 1255.8 628.4 0.0 0.0 0.0 0.0 0.0 0.0 0 0 0.0 0.0 0.0 0.0 0.0 0.0 10 0 False 3 3.6 0 30.0 0 410050 410050 4001.0 0.0 B None N
4 10 6 cOe 1172.09 870.05 0 3 1172.1 773.4 1088.4 918.4 1088.4 821.7 1172.1 773.4 0.0 0.0 0.0 0.0 0.0 0.0 0 1 0.0 0.0 0.0 0.0 0.0 0.0 6 0 False 3 3.6 0 36.587 0 410060 410060 4101.0 0.0 B None N
5 1 2 dIe -0.002 290.016 4 5 -83.718 338.396 -83.729 316.578 83.695 316.564 83.705 338.382 0.047 386.682 -83.718 338.396 0.0 0.0 1 1 6.13 7.0 2.045 3.0 2.045 3.0 102 0 False 3 3.6 0 90.0 1 501020 501021 5300.0 5311.0 A C N
5 1 3 FI -83.725 435.025 2 6 0.047 386.682 -0.018 483.368 -83.763 531.718 -167.442 483.382 -167.463 386.746 -83.718 338.396 0.047 386.682 1 1 9.723 10.0 3.451 4.0 4.349 5.0 102 0 False 6 7.2 0 100.894 1 501030 501031 5300.0 5311.0 A C N
5 1 4 FI -167.438 580.028 2 6 -83.763 531.718 -83.742 628.355 -167.487 676.705 -251.166 628.368 -251.187 531.732 -167.442 483.382 -83.763 531.718 1 1 6.205 7.0 2.281 3.0 2.465 3.0 102 0 False 6 7.2 0 106.102 1 501040 501041 5300.0 5311.0 A C N
5 1 5 FI -251.161 725.037 2 6 -167.487 676.705 -167.466 773.341 -251.21 821.691 -334.889 773.355 -334.91 676.718 -251.166 628.368 -167.487 676.705 1 1 4.381 5.0 1.662 2.0 1.691 2.0 102 0 True 6 7.2 0 109.107 1 501050 501051 5300.0 5311.0 A C N
5 1 6 FM -334.883 870.046 5 6 -251.21 821.691 -251.139 918.414 -334.884 966.764 -418.613 918.341 -418.634 821.705 -334.889 773.355 -251.21 821.691 1 1 3.385 4.0 1.015 2.0 1.006 2.0 104 1 False 3 3.6 0 111.052 0 501060 501060 5300.0 5310.0 A A N
5 1 7 FO -418.605 1015.054 5 6 -334.884 966.764 -334.863 1063.4 -418.608 1111.75 -502.287 1063.414 -502.358 966.691 -418.613 918.341 -334.884 966.764 1 1 2.64 3.0 0.797 1.0 0.77 1.0 104 1 False 3 3.6 0 112.411 0 501070 501070 5300.0 5310.0 A A E
5 1 8 FO -502.328 1160.063 5 6 -418.608 1111.75 -418.587 1208.386 -502.331 1256.736 -586.01 1208.4 -586.031 1111.764 -502.287 1063.414 -418.608 1111.75 1 1 2.231 3.0 0.627 1.0 0.613 1.0 104 0 True 3 3.6 0 113.413 0 501080 501080 5300.0 5310.0 A A W
5 1 9 bOe -586.041 1305.066 3 5 -586.055 1401.723 -669.755 1256.75 -586.01 1208.4 -502.331 1256.736 -502.31 1353.373 -586.055 1401.723 0.0 0.0 1 1 1.451 2.0 0.192 1.0 0.192 1.0 104 0 False 3 3.6 0 114.183 0 501090 501090 5300.0 5310.0 A A N
5 2 0 gIe 334.88 0.0 3 6 334.9 96.7 316.0 85.8 316.0 -85.8 334.9 -96.7 418.6 -48.3 418.6 48.3 334.9 96.7 0 0 9.172 10.0 3.645 4.0 3.645 4.0 0 0 False 6 7.2 0 0.0 1 502000 502001 5001.0 5011.0 B A N
5 2 1 dIe 251.16 145.01 3 5 251.2 241.7 232.3 230.8 316.0 85.8 334.9 96.7 334.9 193.3 251.2 241.7 0.0 0.0 0 1 6.13 7.0 2.045 3.0 2.045 3.0 2 0 False 3 3.6 0 30.0 1 502010 502011 5100.0 5111.0 A C N
5 2 2 gIe 167.44 290.015 4 6 83.705 338.382 83.695 316.564 232.305 230.764 251.195 241.682 251.129 338.368 167.471 386.668 83.705 338.382 1 0 9.172 10.0 3.645 4.0 3.645 4.0 100 0 False 6 7.2 0 60.0 1 502020 502021 5201.0 5211.0 B A N
5 2 3 FI 83.718 435.023 2 6 167.471 386.668 167.405 483.355 83.747 531.655 -0.018 483.368 0.047 386.682 83.705 338.382 167.471 386.668 1 1 9.748 10.0 3.445 4.0 4.342 5.0 103 0 False 6 7.2 0 79.107 1 502030 502031 5301.0 5310.0 B A N
5 2 4 FI -0.005 580.032 2 6 83.747 531.655 83.682 628.341 -0.063 676.691 -83.742 628.355 -83.763 531.718 -0.018 483.368 83.747 531.655 1 1 6.579 7.0 2.41 3.0 2.655 3.0 103 0 False 6 7.2 0 90.0 1 502040 502041 5301.0 5310.0 B A N
5 2 5 FI -83.718 725.036 2 6 -0.063 676.691 0.008 773.414 -83.737 821.764 -167.466 773.341 -167.487 676.705 -83.742 628.355 -0.063 676.691 1 1 4.714 5.0 1.764 2.0 1.81 2.0 103 0 True 6 7.2 0 96.587 1 502050 502051 5301.0 5310.0 B A N
5 2 6 FM -167.441 870.044 5 6 -83.737 821.764 -83.716 918.4 -167.46 966.75 -251.139 918.414 -251.21 821.691 -167.466 773.341 -83.737 821.764 1 1 3.545 4.0 1.099 2.0 1.092 2.0 105 1 False 3 3.6 0 100.893 0 502060 502060 5300.0 5310.0 A A N
5 2 7 FO -251.163 1015.053 5 6 -167.46 966.75 -167.439 1063.386 -251.184 1111.736 -334.863 1063.4 -334.884 966.764 -251.139 918.414 -167.46 966.75 1 1 2.899 3.0 0.861 1.0 0.834 1.0 105 1 False 3 3.6 0 103.898 0 502070 502070 5300.0 5310.0 A A E
5 2 8 FO -334.885 1160.061 5 6 -251.184 1111.736 -251.163 1208.373 -334.908 1256.723 -418.587 1208.386 -418.608 1111.75 -334.863 1063.4 -251.184 1111.736 1 1 2.288 3.0 0.681 1.0 0.661 1.0 105 0 True 3 3.6 0 106.102 0 502080 502080 5300.0 5310.0 A A W
5 2 9 FO -418.608 1305.07 5 6 -334.908 1256.723 -334.887 1353.359 -418.631 1401.709 -502.31 1353.373 -502.331 1256.736 -418.587 1208.386 -334.908 1256.723 1 1 1.736 2.0 0.613 1.0 0.613 1.0 105 0 False 3 3.6 0 107.784 0 502090 502090 5300.0 5310.0 A A N
5 2 10 cOe -502.321 1450.074 1 3 -418.631 1401.709 -586.055 1401.723 -502.31 1353.373 -418.631 1401.709 0.0 0.0 0.0 0.0 0.0 0.0 1 1 0.793 0.0 0.0 0.0 0.0 0.0 105 0 False 3 3.6 0 109.107 0 502100 502100 5300.0 5310.0 A A N
5 3 0 FI 502.32 0.0 0 6 502.3 -96.7 586.0 -48.3 586.0 48.3 502.3 96.7 418.6 48.3 418.6 -48.3 502.3 -96.7 0 0 8.056 9.0 2.955 4.0 3.472 4.0 0 0 False 6 7.2 0 0.0 1 503000 503001 5001.0 5011.0 B A N
5 3 1 FI 418.6 145.01 1 6 418.6 48.3 502.3 96.7 502.3 193.3 418.6 241.7 334.9 193.3 334.9 96.7 418.6 48.3 0 1 9.748 10.0 3.445 4.0 4.342 5.0 3 0 False 6 7.2 0 19.107 1 503010 503011 5101.0 5110.0 B A N
5 3 2 FI 334.88 290.02 1 6 334.9 193.3 418.6 241.7 418.6 338.4 334.9 386.7 251.2 338.4 251.2 241.7 334.9 193.3 0 1 9.723 10.0 3.451 4.0 4.349 5.0 2 0 False 6 7.2 0 40.894 1 503020 503021 5100.0 5111.0 A C N
5 3 3 FI 251.16 435.022 1 6 334.895 386.655 334.829 483.341 251.171 531.641 167.405 483.355 167.471 386.668 251.129 338.368 334.895 386.655 1 0 8.056 9.0 2.955 4.0 3.472 4.0 100 0 False 6 7.2 0 60.0 1 503030 503031 5201.0 5211.0 B A N
5 3 4 FI 167.438 580.031 1 6 251.171 531.641 251.155 628.414 167.497 676.714 83.682 628.341 83.747 531.655 167.405 483.355 251.171 531.641 1 0 6.201 7.0 2.272 3.0 2.459 3.0 101 0 False 6 7.2 0 73.898 1 503040 503041 5200.0 5210.0 A A N
5 3 5 FI 83.715 725.039 1 6 167.497 676.714 167.432 773.4 83.687 821.75 0.008 773.414 -0.063 676.691 83.682 628.341 167.497 676.714 1 0 4.745 5.0 1.767 2.0 1.814 2.0 101 0 False 6 7.2 0 83.414 1 503050 503051 5200.0 5210.0 A A N
5 3 6 FM 0.002 870.043 5 6 83.687 821.75 83.708 918.386 -0.037 966.736 -83.716 918.4 -83.737 821.764 0.008 773.414 83.687 821.75 1 1 3.618 4.0 1.117 2.0 1.114 2.0 111 1 False 3 3.6 0 90.0 0 503060 503060 5300.0 5310.0 A A E
5 3 7 FO -83.721 1015.051 5 6 -0.037 966.736 -0.016 1063.373 -83.76 1111.723 -167.439 1063.386 -167.46 966.75 -83.716 918.4 -0.037 966.736 1 1 3.08 4.0 0.902 1.0 0.875 1.0 111 0 True 3 3.6 0 94.715 0 503070 503070 5300.0 5310.0 A A W
5 3 8 FO -167.443 1160.06 5 6 -83.76 1111.723 -83.739 1208.359 -167.484 1256.709 -251.163 1208.373 -251.184 1111.736 -167.439 1063.386 -83.76 1111.723 1 1 2.284 3.0 0.714 1.0 0.691 1.0 112 1 False 3 3.6 0 98.213 0 503080 503080 5300.0 5310.0 A A E
5 3 9 FO -251.165 1305.069 5 6 -167.484 1256.709 -167.413 1353.432 -251.158 1401.782 -334.887 1353.359 -334.908 1256.723 -251.163 1208.373 -167.484 1256.709 1 1 2.0 3.0 0.55 1.0 0.541 1.0 112 0 True 3 3.6 0 100.894 0 503090 503090 5300.0 5310.0 A A W
5 3 10 aOe -334.883 1450.086 2 4 -251.137 1498.418 -418.631 1401.709 -334.887 1353.359 -251.158 1401.782 -251.137 1498.418 0.0 0.0 0.0 0.0 1 1 1.113 2.0 0.144 1.0 0.144 1.0 112 0 False 3 3.6 0 103.004 0 503100 503100 5300.0 5310.0 A A N
5 4 0 FI 669.76 0.0 0 6 669.8 -96.7 753.5 -48.3 753.5 48.3 669.8 96.7 586.0 48.3 586.0 -48.3 669.8 -96.7 0 0 5.331 6.0 1.963 2.0 2.048 3.0 0 0 True 6 7.2 0 0.0 1 504000 504001 5001.0 5011.0 B A N
5 4 1 FI 586.04 145.01 0 6 586.0 48.3 669.8 96.7 669.8 193.3 586.0 241.7 502.3 193.3 502.3 96.7 586.0 48.3 0 0 6.201 7.0 2.272 3.0 2.459 3.0 1 0 False 6 7.2 0 13.898 1 504010 504011 5000.0 5010.0 A A N
5 4 2 FI 502.32 290.02 1 6 502.3 193.3 586.0 241.7 586.0 338.4 502.3 386.7 418.6 338.4 418.6 241.7 502.3 193.3 0 1 6.579 7.0 2.41 3.0 2.655 3.0 3 0 False 6 7.2 0 30.0 1 504020 504021 5101.0 5110.0 B A N
5 4 3 FI 418.6 435.02 1 6 418.6 338.4 502.3 386.7 502.3 483.4 418.6 531.7 334.9 483.4 334.9 386.7 418.6 338.4 0 1 6.205 7.0 2.281 3.0 2.465 3.0 2 0 False 6 7.2 0 46.102 1 504030 504031 5100.0 5111.0 A C N
5 4 4 FI 334.88 580.029 1 6 418.645 531.714 418.579 628.4 334.921 676.7 251.155 628.414 251.171 531.641 334.829 483.341 418.645 531.714 1 0 5.331 6.0 1.963 2.0 2.048 3.0 100 0 True 6 7.2 0 60.0 1 504040 504041 5201.0 5211.0 B A N
5 4 5 FI 251.158 725.038 1 6 334.921 676.7 334.855 773.386 251.197 821.686 167.432 773.4 167.497 676.714 251.155 628.414 334.921 676.7 1 0 4.442 5.0 1.636 2.0 1.67 2.0 101 0 True 6 7.2 0 70.894 1 504050 504051 5200.0 5210.0 A A N
5 4 6 FM 167.435 870.046 1 6 251.197 821.686 251.132 918.373 167.387 966.723 83.708 918.386 83.687 821.75 167.432 773.4 251.197 821.686 1 0 3.578 4.0 1.094 2.0 1.089 2.0 106 0 False 3 3.6 0 79.107 0 504060 504060 5200.0 5210.0 A A N
5 4 7 FO 83.722 1015.05 1 6 167.387 966.723 167.408 1063.359 83.663 1111.709 -0.016 1063.373 -0.037 966.736 83.708 918.386 167.387 966.723 1 0 3.045 4.0 0.898 1.0 0.869 1.0 109 0 False 3 3.6 0 85.285 0 504070 504070 5200.0 5210.0 A A N
5 4 8 FO -0.001 1160.059 1 6 83.663 1111.709 83.734 1208.432 -0.01 1256.782 -83.739 1208.359 -83.76 1111.723 -0.016 1063.373 83.663 1111.709 1 0 2.331 3.0 0.725 1.0 0.701 1.0 110 0 True 3 3.6 0 90.0 0 504080 504080 5200.0 5211.0 A A W
5 4 9 FO -83.718 1305.076 5 6 -0.01 1256.782 0.011 1353.418 -83.734 1401.768 -167.413 1353.432 -167.484 1256.709 -83.739 1208.359 -0.01 1256.782 1 0 2.053 3.0 0.579 1.0 0.567 1.0 110 0 False 3 3.6 0 93.67 0 504090 504090 5200.0 5211.0 A A N
5 4 10 bOe -167.44 1450.085 2 5 -83.713 1498.405 -251.137 1498.418 -251.158 1401.782 -167.413 1353.432 -83.734 1401.768 -83.713 1498.405 0.0 0.0 1 1 1.374 2.0 0.192 1.0 0.192 1.0 112 0 False 3 3.6 0 96.587 0 504100 504100 5300.0 5310.0 A A N
5 5 0 FM 837.2 0.0 0 6 837.2 -96.7 920.9 -48.3 920.9 48.3 837.2 96.7 753.5 48.3 753.5 -48.3 837.2 -96.7 0 0 3.645 4.0 1.17 2.0 1.167 2.0 8 0 False 3 3.6 0 0.0 0 505000 505000 5000.0 5010.0 A A N
5 5 1 FI 753.48 145.01 0 6 753.5 48.3 837.2 96.7 837.2 193.3 753.5 241.7 669.8 193.3 669.8 96.7 753.5 48.3 0 0 4.442 5.0 1.636 2.0 1.67 2.0 1 0 True 6 7.2 0 10.894 1 505010 505011 5000.0 5010.0 A A N
5 5 2 FI 669.76 290.02 0 6 669.8 193.3 753.5 241.7 753.5 338.4 669.8 386.7 586.0 338.4 586.0 241.7 669.8 193.3 0 0 4.745 5.0 1.767 2.0 1.814 2.0 1 0 False 6 7.2 0 23.414 1 505020 505021 5000.0 5010.0 A A N
5 5 3 FI 586.04 435.02 1 6 586.0 338.4 669.8 386.7 669.8 483.4 586.0 531.7 502.3 483.4 502.3 386.7 586.0 338.4 0 1 4.714 5.0 1.764 2.0 1.81 2.0 3 0 True 6 7.2 0 36.587 1 505030 505031 5101.0 5110.0 B A N
5 5 4 FI 502.32 580.03 1 6 502.3 483.4 586.0 531.7 586.0 628.4 502.3 676.7 418.6 628.4 418.6 531.7 502.3 483.4 0 1 4.381 5.0 1.662 2.0 1.691 2.0 2 0 True 6 7.2 0 49.107 1 505040 505041 5100.0 5111.0 A C N
5 5 5 FM 418.6 725.036 1 6 502.345 676.686 502.279 773.373 418.621 821.673 334.855 773.386 334.921 676.7 418.579 628.4 502.345 676.686 1 0 3.645 4.0 1.17 2.0 1.167 2.0 108 0 False 3 3.6 0 60.0 0 505050 505050 5200.0 5210.0 A A N
5 5 6 FM 334.878 870.045 1 6 418.621 821.673 418.555 918.359 334.897 966.659 251.132 918.373 251.197 821.686 334.855 773.386 418.621 821.673 1 0 3.366 4.0 1.015 2.0 1.006 2.0 107 0 False 3 3.6 0 68.948 0 505060 505060 5200.0 5210.0 A A N
5 5 7 FO 251.155 1015.054 1 6 334.897 966.659 334.882 1063.432 251.137 1111.782 167.408 1063.359 167.387 966.723 251.132 918.373 334.897 966.659 1 0 2.954 4.0 0.854 1.0 0.826 1.0 106 0 True 3 3.6 0 76.102 0 505070 505070 5200.0 5210.0 A A W
5 5 8 FO 167.447 1160.066 1 6 251.137 1111.782 251.158 1208.418 167.413 1256.768 83.734 1208.432 83.663 1111.709 167.408 1063.359 251.137 1111.782 1 0 2.365 3.0 0.718 1.0 0.696 1.0 109 0 True 3 3.6 0 81.787 0 505080 505080 5200.0 5210.0 A A W
5 5 9 FO 83.724 1305.075 1 6 167.413 1256.768 167.434 1353.405 83.69 1401.755 0.011 1353.418 -0.01 1256.782 83.734 1208.432 167.413 1256.768 1 0 2.033 3.0 0.571 1.0 0.563 1.0 110 1 False 3 3.6 0 86.329 0 505090 505090 5200.0 5211.0 A A E
5 5 10 dOe 0.002 1450.083 1 5 83.69 1401.755 83.768 1450.091 -83.705 1450.018 -83.734 1401.768 0.011 1353.418 83.69 1401.755 0.0 0.0 1 0 1.146 2.0 0.144 1.0 0.144 1.0 110 1 False 2 2.4 0 90.0 0 505100 505100 5200.0 5211.0 A A N
5 6 0 FO 1004.64 0.0 0 6 1004.6 -96.7 1088.4 -48.3 1088.4 48.3 1004.6 96.7 920.9 48.3 920.9 -48.3 1004.6 -96.7 0 0 3.151 4.0 0.898 1.0 0.868 1.0 8 0 True 3 3.6 0 0.0 0 506000 506000 5000.0 5010.0 A A W
5 6 1 FM 920.92 145.01 0 6 920.9 48.3 1004.6 96.7 1004.6 193.3 920.9 241.7 837.2 193.3 837.2 96.7 920.9 48.3 0 0 3.366 4.0 1.015 2.0 1.006 2.0 7 0 False 3 3.6 0 8.948 0 506010 506010 5000.0 5010.0 A A N
5 6 2 FM 837.2 290.02 0 6 837.2 193.3 920.9 241.7 920.9 338.4 837.2 386.7 753.5 338.4 753.5 241.7 837.2 193.3 0 0 3.578 4.0 1.094 2.0 1.089 2.0 6 0 False 3 3.6 0 19.107 0 506020 506020 5000.0 5010.0 A A N
5 6 3 FM 753.48 435.02 4 6 753.5 338.4 837.2 386.7 837.2 483.4 753.5 531.7 669.8 483.4 669.8 386.7 753.5 338.4 0 1 3.618 4.0 1.117 2.0 1.114 2.0 11 1 False 3 3.6 0 30.0 0 506030 506030 5100.0 5110.0 A A E
5 6 4 FM 669.76 580.03 4 6 669.8 483.4 753.5 531.7 753.5 628.4 669.8 676.7 586.0 628.4 586.0 531.7 669.8 483.4 0 1 3.545 4.0 1.099 2.0 1.092 2.0 5 1 False 3 3.6 0 40.893 0 506040 506040 5100.0 5110.0 A A N
5 6 5 FM 586.04 725.04 4 6 586.0 628.4 669.8 676.7 669.8 773.4 586.0 821.7 502.3 773.4 502.3 676.7 586.0 628.4 0 1 3.385 4.0 1.015 2.0 1.006 2.0 4 1 False 3 3.6 0 51.052 0 506050 506050 5100.0 5110.0 A A N
5 6 6 FO 502.32 870.044 1 6 586.045 821.659 586.029 918.432 502.371 966.732 418.555 918.359 418.621 821.673 502.279 773.373 586.045 821.659 1 0 3.151 4.0 0.898 1.0 0.868 1.0 108 0 True 3 3.6 0 60.0 0 506060 506060 5200.0 5210.0 A A W
5 6 7 FO 418.603 1015.061 1 6 502.371 966.732 502.305 1063.418 418.647 1111.718 334.882 1063.432 334.897 966.659 418.555 918.359 502.371 966.732 1 0 2.671 3.0 0.791 1.0 0.764 1.0 107 0 True 3 3.6 0 67.589 0 506070 506070 5200.0 5210.0 A A W
5 6 8 FO 334.88 1160.07 1 6 418.647 1111.718 418.582 1208.405 334.837 1256.755 251.158 1208.418 251.137 1111.782 334.882 1063.432 418.647 1111.718 1 0 2.365 3.0 0.682 1.0 0.663 1.0 106 1 False 3 3.6 0 73.898 0 506080 506080 5200.0 5210.0 A A E
5 6 9 FO 251.167 1305.073 1 6 334.837 1256.755 334.858 1353.391 251.113 1401.741 167.434 1353.405 167.413 1256.768 251.158 1208.418 334.837 1256.755 1 0 1.966 2.0 0.553 1.0 0.546 1.0 109 1 False 3 3.6 0 79.106 0 506090 506090 5200.0 5210.0 A A E
5 6 10 bOe 167.444 1450.082 2 5 251.134 1498.377 83.711 1498.391 83.69 1401.755 167.434 1353.405 251.113 1401.741 251.134 1498.377 0.0 0.0 1 0 1.372 2.0 0.192 1.0 0.192 1.0 110 1 False 3 3.6 0 83.413 0 506100 506100 5200.0 5211.0 A A N
5 7 0 FO 1172.09 0.0 0 6 1172.1 -96.7 1255.8 -48.3 1255.8 48.3 1172.1 96.7 1088.4 48.3 1088.4 -48.3 1172.1 -96.7 0 0 2.296 3.0 0.719 1.0 0.695 1.0 8 1 False 3 3.6 0 0.0 0 507000 507000 5000.0 5010.0 A A E
5 7 1 FO 1088.37 145.01 0 6 1088.4 48.3 1172.1 96.7 1172.1 193.3 1088.4 241.7 1004.6 193.3 1004.6 96.7 1088.4 48.3 0 0 2.671 3.0 0.791 1.0 0.764 1.0 7 0 True 3 3.6 0 7.589 0 507010 507010 5000.0 5010.0 A A W
5 7 2 FO 1004.64 290.02 0 6 1004.6 193.3 1088.4 241.7 1088.4 338.4 1004.6 386.7 920.9 338.4 920.9 241.7 1004.6 193.3 0 0 2.954 4.0 0.854 1.0 0.826 1.0 6 0 True 3 3.6 0 16.102 0 507020 507020 5000.0 5010.0 A A W
5 7 3 FO 920.92 435.02 0 6 920.9 338.4 1004.6 386.7 1004.6 483.4 920.9 531.7 837.2 483.4 837.2 386.7 920.9 338.4 0 0 3.045 4.0 0.898 1.0 0.869 1.0 9 0 False 3 3.6 0 25.285 0 507030 507030 5000.0 5010.0 A A N
5 7 4 FO 837.2 580.03 4 6 837.2 483.4 920.9 531.7 920.9 628.4 837.2 676.7 753.5 628.4 753.5 531.7 837.2 483.4 0 1 3.08 4.0 0.902 1.0 0.875 1.0 11 0 True 3 3.6 0 34.715 0 507040 507040 5100.0 5110.0 A A W
5 7 5 FO 753.48 725.04 4 6 753.5 628.4 837.2 676.7 837.2 773.4 753.5 821.7 669.8 773.4 669.8 676.7 753.5 628.4 0 1 2.899 3.0 0.861 1.0 0.834 1.0 5 1 False 3 3.6 0 43.898 0 507050 507050 5100.0 5110.0 A A E
5 7 6 FO 669.76 870.05 4 6 669.8 773.4 753.5 821.7 753.5 918.4 669.8 966.7 586.0 918.4 586.0 821.7 669.8 773.4 0 1 2.64 3.0 0.797 1.0 0.77 1.0 4 1 False 3 3.6 0 52.411 0 507060 507060 5100.0 5110.0 A A E
5 7 7 FO 586.045 1015.06 1 6 669.795 966.718 669.729 1063.405 586.071 1111.705 502.305 1063.418 502.371 966.732 586.029 918.432 669.795 966.718 1 0 2.296 3.0 0.719 1.0 0.695 1.0 108 1 False 3 3.6 0 60.0 0 507070 507070 5200.0 5210.0 A A E
5 7 8 FO 502.323 1160.068 1 6 586.071 1111.705 586.005 1208.391 502.347 1256.691 418.582 1208.405 418.647 1111.718 502.305 1063.418 586.071 1111.705 1 0 2.17 3.0 0.624 1.0 0.607 1.0 107 1 False 3 3.6 0 66.587 0 507080 507080 5200.0 5210.0 A A E
5 7 9 FO 418.6 1305.077 1 6 502.347 1256.691 502.282 1353.377 418.537 1401.727 334.858 1353.391 334.837 1256.755 418.582 1208.405 502.347 1256.691 1 0 1.745 2.0 0.604 1.0 0.604 1.0 106 1 False 3 3.6 0 72.216 0 507090 507090 5200.0 5210.0 A A N
5 7 10 aOe 334.887 1450.081 1 4 418.537 1401.727 251.134 1498.377 251.113 1401.741 334.858 1353.391 418.537 1401.727 0.0 0.0 0.0 0.0 1 0 1.093 2.0 0.144 1.0 0.144 1.0 109 1 False 3 3.6 0 76.996 0 507100 507100 5200.0 5210.0 A A N
5 8 0 FO 1339.53 0.0 0 6 1339.5 -96.7 1423.2 -48.3 1423.2 48.3 1339.5 96.7 1255.8 48.3 1255.8 -48.3 1339.5 -96.7 0 0 1.864 2.0 0.629 1.0 0.629 1.0 8 1 False 3 3.6 0 0.0 0 508000 508000 5000.0 5010.0 A A N
5 8 1 FO 1255.81 145.01 0 6 1255.8 48.3 1339.5 96.7 1339.5 193.3 1255.8 241.7 1172.1 193.3 1172.1 96.7 1255.8 48.3 0 0 2.17 3.0 0.624 1.0 0.607 1.0 7 1 False 3 3.6 0 6.587 0 508010 508010 5000.0 5010.0 A A E
5 8 2 FO 1172.09 290.02 0 6 1172.1 193.3 1255.8 241.7 1255.8 338.4 1172.1 386.7 1088.4 338.4 1088.4 241.7 1172.1 193.3 0 0 2.365 3.0 0.682 1.0 0.663 1.0 6 1 False 3 3.6 0 13.898 0 508020 508020 5000.0 5010.0 A A E
5 8 3 FO 1088.37 435.02 0 6 1088.4 338.4 1172.1 386.7 1172.1 483.4 1088.4 531.7 1004.6 483.4 1004.6 386.7 1088.4 338.4 0 0 2.365 3.0 0.718 1.0 0.696 1.0 9 0 True 3 3.6 0 21.787 0 508030 508030 5000.0 5010.0 A A W
5 8 4 FO 1004.64 580.03 0 6 1004.6 483.4 1088.4 531.7 1088.4 628.4 1004.6 676.7 920.9 628.4 920.9 531.7 1004.6 483.4 0 0 2.331 3.0 0.725 1.0 0.701 1.0 10 0 True 3 3.6 0 30.0 0 508040 508040 5000.0 5011.0 A A W
5 8 5 FO 920.92 725.04 4 6 920.9 628.4 1004.6 676.7 1004.6 773.4 920.9 821.7 837.2 773.4 837.2 676.7 920.9 628.4 0 1 2.284 3.0 0.714 1.0 0.691 1.0 12 1 False 3 3.6 0 38.213 0 508050 508050 5100.0 5110.0 A A E
5 8 6 FO 837.2 870.05 4 6 837.2 773.4 920.9 821.7 920.9 918.4 837.2 966.7 753.5 918.4 753.5 821.7 837.2 773.4 0 1 2.288 3.0 0.681 1.0 0.661 1.0 5 0 True 3 3.6 0 46.102 0 508060 508060 5100.0 5110.0 A A W
5 8 7 FO 753.48 1015.06 4 6 753.5 918.4 837.2 966.7 837.2 1063.4 753.5 1111.7 669.8 1063.4 669.8 966.7 753.5 918.4 0 1 2.231 3.0 0.627 1.0 0.613 1.0 4 0 True 3 3.6 0 53.413 0 508070 508070 5100.0 5110.0 A A W
5 8 8 FO 669.765 1160.067 1 6 753.495 1111.691 753.429 1208.377 669.771 1256.677 586.005 1208.391 586.071 1111.705 669.729 1063.405 753.495 1111.691 1 0 1.864 2.0 0.629 1.0 0.629 1.0 108 1 False 3 3.6 0 60.0 0 508080 508080 5200.0 5210.0 A A N
5 8 9 FOe 586.043 1305.076 1 6 669.771 1256.677 669.755 1353.45 586.097 1401.75 502.282 1353.377 502.347 1256.691 586.005 1208.391 669.771 1256.677 1 0 1.566 2.0 0.485 1.0 0.485 1.0 107 1 False 3 3.6 0 65.818 0 508090 508090 5200.0 5210.0 A A N
5 8 10 cOe 502.32 1450.084 1 3 586.097 1401.75 418.537 1401.727 502.282 1353.377 586.097 1401.75 0.0 0.0 0.0 0.0 0.0 0.0 1 0 0.793 0.0 0.0 0.0 0.0 0.0 106 1 False 3 3.6 0 70.894 0 508100 508100 5200.0 5210.0 A A N
5 9 0 cOe 1506.97 0.0 5 3 1423.2 -48.3 1507.0 96.7 1423.2 48.3 1423.2 -48.3 0.0 0.0 0.0 0.0 0.0 0.0 0 0 0.809 0.0 0.0 0.0 0.0 0.0 8 1 False 3 3.6 0 0.0 0 509000 509000 5000.0 5010.0 A A N
5 9 1 FOe 1423.25 145.01 0 6 1423.2 48.3 1507.0 96.7 1507.0 193.3 1423.2 241.7 1339.5 193.3 1339.5 96.7 1423.2 48.3 0 0 1.566 2.0 0.485 1.0 0.485 1.0 7 1 False 3 3.6 0 5.818 0 509010 509010 5000.0 5010.0 A A N
5 9 2 FO 1339.53 290.02 0 6 1339.5 193.3 1423.2 241.7 1423.2 338.4 1339.5 386.7 1255.8 338.4 1255.8 241.7 1339.5 193.3 0 0 1.745 2.0 0.604 1.0 0.604 1.0 6 1 False 3 3.6 0 12.216 0 509020 509020 5000.0 5010.0 A A N
5 9 3 FO 1255.81 435.02 0 6 1255.8 338.4 1339.5 386.7 1339.5 483.4 1255.8 531.7 1172.1 483.4 1172.1 386.7 1255.8 338.4 0 0 1.966 2.0 0.553 1.0 0.546 1.0 9 1 False 3 3.6 0 19.106 0 509030 509030 5000.0 5010.0 A A E
5 9 4 FO 1172.09 580.03 0 6 1172.1 483.4 1255.8 531.7 1255.8 628.4 1172.1 676.7 1088.4 628.4 1088.4 531.7 1172.1 483.4 0 0 2.033 3.0 0.571 1.0 0.563 1.0 10 1 False 3 3.6 0 26.329 0 509040 509040 5000.0 5011.0 A A E
5 9 5 FO 1088.37 725.04 4 6 1088.4 628.4 1172.1 676.7 1172.1 773.4 1088.4 821.7 1004.6 773.4 1004.6 676.7 1088.4 628.4 0 0 2.053 3.0 0.579 1.0 0.567 1.0 10 0 False 3 3.6 0 33.67 0 509050 509050 5000.0 5011.0 A A N
5 9 6 FO 1004.64 870.05 4 6 1004.6 773.4 1088.4 821.7 1088.4 918.4 1004.6 966.7 920.9 918.4 920.9 821.7 1004.6 773.4 0 1 2.0 3.0 0.55 1.0 0.541 1.0 12 0 True 3 3.6 0 40.894 0 509060 509060 5100.0 5110.0 A A W
5 9 7 FO 920.92 1015.06 4 6 920.9 918.4 1004.6 966.7 1004.6 1063.4 920.9 1111.7 837.2 1063.4 837.2 966.7 920.9 918.4 0 1 1.736 2.0 0.613 1.0 0.613 1.0 5 0 False 3 3.6 0 47.784 0 509070 509070 5100.0 5110.0 A A N
5 9 8 bOe 837.2 1160.06 2 5 920.9 1208.4 753.5 1208.4 753.5 1111.7 837.2 1063.4 920.9 1111.7 920.9 1208.4 0.0 0.0 0 1 1.451 2.0 0.192 1.0 0.192 1.0 4 0 False 3 3.6 0 54.183 0 509080 509080 5100.0 5110.0 A A N
5 9 9 cOe 753.485 1305.074 0 3 753.429 1208.377 669.755 1353.45 669.771 1256.677 753.429 1208.377 0.0 0.0 0.0 0.0 0.0 0.0 1 0 0.809 0.0 0.0 0.0 0.0 0.0 108 1 False 3 3.6 0 60.0 0 509090 509090 5200.0 5210.0 A A N
5 10 2 cOe 1506.97 290.02 0 3 1507.0 193.3 1423.2 338.4 1423.2 241.7 1507.0 193.3 0.0 0.0 0.0 0.0 0.0 0.0 0 0 0.793 0.0 0.0 0.0 0.0 0.0 6 1 False 3 3.6 0 10.894 0 510020 510020 5000.0 5010.0 A A N
5 10 3 aOe 1423.25 435.02 0 4 1423.2 338.4 1423.2 531.7 1339.5 483.4 1339.5 386.7 1423.2 338.4 0.0 0.0 0.0 0.0 0 0 1.093 2.0 0.144 1.0 0.144 1.0 9 1 False 3 3.6 0 16.996 0 510030 510030 5000.0 5010.0 A A N
5 10 4 bOe 1339.53 580.03 1 5 1423.2 531.7 1339.5 676.7 1255.8 628.4 1255.8 531.7 1339.5 483.4 1423.2 531.7 0.0 0.0 0 0 1.372 2.0 0.192 1.0 0.192 1.0 10 1 False 3 3.6 0 23.413 0 510040 510040 5000.0 5011.0 A A N
5 10 5 dOe 1255.81 725.04 0 5 1255.8 628.4 1297.7 652.5 1213.9 797.5 1172.1 773.4 1172.1 676.7 1255.8 628.4 0.0 0.0 0 0 1.146 2.0 0.144 1.0 0.144 1.0 10 1 False 2 2.4 0 30.0 0 510050 510050 5000.0 5011.0 A A N
5 10 6 bOe 1172.09 870.05 1 5 1255.8 821.7 1172.1 966.7 1088.4 918.4 1088.4 821.7 1172.1 773.4 1255.8 821.7 0.0 0.0 0 1 1.374 2.0 0.192 1.0 0.192 1.0 12 0 False 3 3.6 0 36.587 0 510060 510060 5100.0 5110.0 A A N
5 10 7 aOe 1088.37 1015.06 1 4 1172.1 966.7 1004.6 1063.4 1004.6 966.7 1088.4 918.4 1172.1 966.7 0.0 0.0 0.0 0.0 0 1 1.113 2.0 0.144 1.0 0.144 1.0 12 0 False 3 3.6 0 43.004 0 510070 510070 5100.0 5110.0 A A N
5 10 8 cOe 1004.64 1160.06 0 3 1004.6 1063.4 920.9 1208.4 920.9 1111.7 1004.6 1063.4 0.0 0.0 0.0 0.0 0.0 0.0 0 1 0.793 0.0 0.0 0.0 0.0 0.0 5 0 False 3 3.6 0 49.107 0 510080 510080 5100.0 5110.0 A A N
6 1 2 dIe -0.002 290.016 4 5 -83.718 338.396 -83.729 316.578 83.695 316.564 83.705 338.382 0.047 386.682 -83.718 338.396 0.0 0.0 1 1 0.0 0.0 1.869 2.0 1.869 2.0 102 0 False 3 3.6 0 90.0 1 601020 601021 6300.0 0.0 A None N
6 1 3 FI -83.725 435.025 2 6 0.047 386.682 -0.018 483.368 -83.763 531.718 -167.442 483.382 -167.463 386.746 -83.718 338.396 0.047 386.682 1 1 0.0 0.0 3.181 4.0 3.835 4.0 102 0 False 6 7.2 0 100.894 1 601030 601031 6300.0 0.0 A None N
6 1 4 FI -167.438 580.028 2 6 -83.763 531.718 -83.742 628.355 -167.487 676.705 -251.166 628.368 -251.187 531.732 -167.442 483.382 -83.763 531.718 1 1 0.0 0.0 2.063 3.0 2.175 3.0 102 0 False 6 7.2 0 106.102 1 601040 601041 6300.0 0.0 A None N
6 1 5 FI -251.161 725.037 2 6 -167.487 676.705 -167.466 773.341 -251.21 821.691 -334.889 773.355 -334.91 676.718 -251.166 628.368 -167.487 676.705 1 1 0.0 0.0 1.508 2.0 1.525 2.0 102 0 True 6 7.2 0 109.107 1 601050 601051 6300.0 0.0 A None N
6 1 6 FM -334.883 870.046 5 6 -251.21 821.691 -251.139 918.414 -334.884 966.764 -418.613 918.341 -418.634 821.705 -334.889 773.355 -251.21 821.691 1 1 0.0 0.0 0.909 1.0 0.885 1.0 104 1 False 3 3.6 0 111.052 0 601060 601060 6300.0 0.0 A None N
6 1 7 FO -418.605 1015.054 5 6 -334.884 966.764 -334.863 1063.4 -418.608 1111.75 -502.287 1063.414 -502.358 966.691 -418.613 918.341 -334.884 966.764 1 1 0.0 0.0 0.717 1.0 0.688 1.0 104 1 False 3 3.6 0 112.411 0 601070 601070 6300.0 0.0 A None E
6 1 8 FO -502.328 1160.063 5 6 -418.608 1111.75 -418.587 1208.386 -502.331 1256.736 -586.01 1208.4 -586.031 1111.764 -502.287 1063.414 -418.608 1111.75 1 1 0.0 0.0 0.565 1.0 0.554 1.0 104 0 True 3 3.6 0 113.413 0 601080 601080 6300.0 0.0 A None W
6 1 9 aOe -586.041 1305.066 2 4 -502.31 1353.373 -669.755 1256.75 -586.01 1208.4 -502.331 1256.736 -502.31 1353.373 0.0 0.0 0.0 0.0 1 1 0.0 0.0 0.144 1.0 0.144 1.0 104 0 False 3 3.6 0 114.183 0 601090 601090 6300.0 0.0 A None N
6 2 0 gIe 334.88 0.0 3 6 334.9 96.7 316.0 85.8 316.0 -85.8 334.9 -96.7 418.6 -48.3 418.6 48.3 334.9 96.7 0 0 0.0 0.0 3.298 4.0 3.298 4.0 0 0 False 6 7.2 0 0.0 1 602000 602001 6001.0 0.0 B None N
6 2 1 dIe 251.16 145.01 3 5 251.2 241.7 232.3 230.8 316.0 85.8 334.9 96.7 334.9 193.3 251.2 241.7 0.0 0.0 0 1 0.0 0.0 1.869 2.0 1.869 2.0 2 0 False 3 3.6 0 30.0 1 602010 602011 6100.0 0.0 A None N
6 2 2 gIe 167.44 290.015 4 6 83.705 338.382 83.695 316.564 232.305 230.764 251.195 241.682 251.129 338.368 167.471 386.668 83.705 338.382 1 0 0.0 0.0 3.298 4.0 3.298 4.0 100 0 False 6 7.2 0 60.0 1 602020 602021 6201.0 0.0 B None N
6 2 3 FI 83.718 435.023 2 6 167.471 386.668 167.405 483.355 83.747 531.655 -0.018 483.368 0.047 386.682 83.705 338.382 167.471 386.668 1 1 0.0 0.0 3.181 4.0 3.836 4.0 103 0 False 6 7.2 0 79.107 1 602030 602031 6300.0 0.0 A None N
6 2 4 FI -0.005 580.032 2 6 83.747 531.655 83.682 628.341 -0.063 676.691 -83.742 628.355 -83.763 531.718 -0.018 483.368 83.747 531.655 1 1 0.0 0.0 2.195 3.0 2.344 3.0 103 0 False 6 7.2 0 90.0 1 602040 602041 6300.0 0.0 A None N
6 2 5 FI -83.718 725.036 2 6 -0.063 676.691 0.008 773.414 -83.737 821.764 -167.466 773.341 -167.487 676.705 -83.742 628.355 -0.063 676.691 1 1 0.0 0.0 1.606 2.0 1.629 2.0 103 0 True 6 7.2 0 96.587 1 602050 602051 6300.0 0.0 A None N
6 2 6 FM -167.441 870.044 5 6 -83.737 821.764 -83.716 918.4 -167.46 966.75 -251.139 918.414 -251.21 821.691 -167.466 773.341 -83.737 821.764 1 1 0.0 0.0 0.971 1.0 0.947 1.0 105 1 False 3 3.6 0 100.893 0 602060 602060 6300.0 0.0 A None N
6 2 7 FO -251.163 1015.053 5 6 -167.46 966.75 -167.439 1063.386 -251.184 1111.736 -334.863 1063.4 -334.884 966.764 -251.139 918.414 -167.46 966.75 1 1 0.0 0.0 0.771 1.0 0.74 1.0 105 1 False 3 3.6 0 103.898 0 602070 602070 6300.0 0.0 A None E
6 2 8 FO -334.885 1160.061 5 6 -251.184 1111.736 -251.163 1208.373 -334.908 1256.723 -418.587 1208.386 -418.608 1111.75 -334.863 1063.4 -251.184 1111.736 1 1 0.0 0.0 0.619 1.0 0.604 1.0 105 0 True 3 3.6 0 106.102 0 602080 602080 6300.0 0.0 A None W
6 2 9 FOe -418.608 1305.07 5 6 -334.908 1256.723 -334.887 1353.359 -418.631 1401.709 -502.31 1353.373 -502.331 1256.736 -418.587 1208.386 -334.908 1256.723 1 1 0.0 0.0 0.55 1.0 0.55 1.0 105 0 False 3 3.6 0 107.784 0 602090 602090 6300.0 0.0 A None N
6 3 0 FI 502.32 0.0 0 6 502.3 -96.7 586.0 -48.3 586.0 48.3 502.3 96.7 418.6 48.3 418.6 -48.3 502.3 -96.7 0 0 0.0 0.0 2.68 3.0 3.042 4.0 0 0 False 6 7.2 0 0.0 1 603000 603001 6001.0 0.0 B None N
6 3 1 FI 418.6 145.01 1 6 418.6 48.3 502.3 96.7 502.3 193.3 418.6 241.7 334.9 193.3 334.9 96.7 418.6 48.3 0 1 0.0 0.0 3.181 4.0 3.836 4.0 3 0 False 6 7.2 0 19.107 1 603010 603011 6100.0 0.0 A None N
6 3 2 FI 334.88 290.02 1 6 334.9 193.3 418.6 241.7 418.6 338.4 334.9 386.7 251.2 338.4 251.2 241.7 334.9 193.3 0 1 0.0 0.0 3.181 4.0 3.835 4.0 2 0 False 6 7.2 0 40.894 1 603020 603021 6100.0 0.0 A None N
6 3 3 FI 251.16 435.022 1 6 334.895 386.655 334.829 483.341 251.171 531.641 167.405 483.355 167.471 386.668 251.129 338.368 334.895 386.655 1 0 0.0 0.0 2.68 3.0 3.042 4.0 100 0 False 6 7.2 0 60.0 1 603030 603031 6201.0 0.0 B None N
6 3 4 FI 167.438 580.031 1 6 251.171 531.641 251.155 628.414 167.497 676.714 83.682 628.341 83.747 531.655 167.405 483.355 251.171 531.641 1 0 0.0 0.0 2.075 3.0 2.187 3.0 101 0 False 6 7.2 0 73.898 1 603040 603041 6200.0 0.0 A None N
6 3 5 FI 83.715 725.039 1 6 167.497 676.714 167.432 773.4 83.687 821.75 0.008 773.414 -0.063 676.691 83.682 628.341 167.497 676.714 1 0 0.0 0.0 1.606 2.0 1.627 2.0 101 0 False 6 7.2 0 83.414 1 603050 603051 6200.0 0.0 A None N
6 3 6 FM 0.002 870.043 5 6 83.687 821.75 83.708 918.386 -0.037 966.736 -83.716 918.4 -83.737 821.764 0.008 773.414 83.687 821.75 1 1 0.0 0.0 0.992 2.0 0.968 1.0 106 1 False 3 3.6 0 90.0 0 603060 603060 6301.0 0.0 B None N
6 3 7 FO -83.721 1015.051 5 6 -0.037 966.736 -0.016 1063.373 -83.76 1111.723 -167.439 1063.386 -167.46 966.75 -83.716 918.4 -0.037 966.736 1 1 0.0 0.0 0.803 1.0 0.771 1.0 106 1 False 3 3.6 0 94.715 0 603070 603070 6301.0 0.0 B None E
6 3 8 FO -167.443 1160.06 5 6 -83.76 1111.723 -83.739 1208.359 -167.484 1256.709 -251.163 1208.373 -251.184 1111.736 -167.439 1063.386 -83.76 1111.723 1 1 0.0 0.0 0.644 1.0 0.625 1.0 106 0 True 3 3.6 0 98.213 0 603080 603080 6301.0 0.0 B None W
6 3 9 FO -251.165 1305.069 5 6 -167.484 1256.709 -167.413 1353.432 -251.158 1401.782 -334.887 1353.359 -334.908 1256.723 -251.163 1208.373 -167.484 1256.709 1 1 0.0 0.0 0.496 1.0 0.492 1.0 106 0 False 3 3.6 0 100.894 0 603090 603090 6301.0 0.0 B None N
6 3 10 cOe -334.883 1450.086 1 3 -251.158 1401.782 -418.631 1401.709 -334.887 1353.359 -251.158 1401.782 0.0 0.0 0.0 0.0 0.0 0.0 1 1 0.0 0.0 0.0 0.0 0.0 0.0 106 0 False 3 3.6 0 103.004 0 603100 603100 6301.0 0.0 B None N
6 4 0 FI 669.76 0.0 0 6 669.8 -96.7 753.5 -48.3 753.5 48.3 669.8 96.7 586.0 48.3 586.0 -48.3 669.8 -96.7 0 0 0.0 0.0 1.79 2.0 1.835 2.0 0 0 True 6 7.2 0 0.0 1 604000 604001 6001.0 0.0 B None N
6 4 1 FI 586.04 145.01 0 6 586.0 48.3 669.8 96.7 669.8 193.3 586.0 241.7 502.3 193.3 502.3 96.7 586.0 48.3 0 0 0.0 0.0 2.075 3.0 2.187 3.0 1 0 False 6 7.2 0 13.898 1 604010 604011 6000.0 0.0 A None N
6 4 2 FI 502.32 290.02 1 6 502.3 193.3 586.0 241.7 586.0 338.4 502.3 386.7 418.6 338.4 418.6 241.7 502.3 193.3 0 1 0.0 0.0 2.195 3.0 2.344 3.0 3 0 False 6 7.2 0 30.0 1 604020 604021 6100.0 0.0 A None N
6 4 3 FI 418.6 435.02 1 6 418.6 338.4 502.3 386.7 502.3 483.4 418.6 531.7 334.9 483.4 334.9 386.7 418.6 338.4 0 1 0.0 0.0 2.063 3.0 2.175 3.0 2 0 False 6 7.2 0 46.102 1 604030 604031 6100.0 0.0 A None N
6 4 4 FI 334.88 580.029 1 6 418.645 531.714 418.579 628.4 334.921 676.7 251.155 628.414 251.171 531.641 334.829 483.341 418.645 531.714 1 0 0.0 0.0 1.79 2.0 1.835 2.0 100 0 True 6 7.2 0 60.0 1 604040 604041 6201.0 0.0 B None N
6 4 5 FI 251.158 725.038 1 6 334.921 676.7 334.855 773.386 251.197 821.686 167.432 773.4 167.497 676.714 251.155 628.414 334.921 676.7 1 0 0.0 0.0 1.491 2.0 1.51 2.0 101 0 True 6 7.2 0 70.894 1 604050 604051 6200.0 0.0 A None N
6 4 6 FM 167.435 870.046 1 6 251.197 821.686 251.132 918.373 167.387 966.723 83.708 918.386 83.687 821.75 167.432 773.4 251.197 821.686 1 0 0.0 0.0 0.969 1.0 0.944 1.0 107 0 False 3 3.6 0 79.107 0 604060 604060 6200.0 0.0 A None N
6 4 7 FO 83.722 1015.05 1 6 167.387 966.723 167.408 1063.359 83.663 1111.709 -0.016 1063.373 -0.037 966.736 83.708 918.386 167.387 966.723 1 0 0.0 0.0 0.803 1.0 0.77 1.0 110 0 False 3 3.6 0 85.285 0 604070 604070 6200.0 0.0 A None N
6 4 8 FO -0.001 1160.059 1 6 83.663 1111.709 83.734 1208.432 -0.01 1256.782 -83.739 1208.359 -83.76 1111.723 -0.016 1063.373 83.663 1111.709 1 0 0.0 0.0 0.651 1.0 0.632 1.0 111 0 True 3 3.6 0 90.0 0 604080 604080 6200.0 0.0 A None W
6 4 9 FO -83.718 1305.076 5 6 -0.01 1256.782 0.011 1353.418 -83.734 1401.768 -167.413 1353.432 -167.484 1256.709 -83.739 1208.359 -0.01 1256.782 1 0 0.0 0.0 0.523 1.0 0.516 1.0 111 0 False 3 3.6 0 93.67 0 604090 604090 6200.0 0.0 A None N
6 4 10 dOe -167.44 1450.085 1 5 -83.734 1401.768 -83.705 1450.018 -251.216 1450.082 -251.158 1401.782 -167.413 1353.432 -83.734 1401.768 0.0 0.0 1 0 0.0 0.0 0.144 1.0 0.144 1.0 111 0 False 2 2.4 0 96.587 0 604100 604100 6200.0 0.0 A None N
6 5 0 FM 837.2 0.0 0 6 837.2 -96.7 920.9 -48.3 920.9 48.3 837.2 96.7 753.5 48.3 753.5 -48.3 837.2 -96.7 0 0 0.0 0.0 1.034 2.0 1.009 2.0 9 0 False 3 3.6 0 0.0 0 605000 605000 6000.0 0.0 A None N
6 5 1 FI 753.48 145.01 0 6 753.5 48.3 837.2 96.7 837.2 193.3 753.5 241.7 669.8 193.3 669.8 96.7 753.5 48.3 0 0 0.0 0.0 1.491 2.0 1.51 2.0 1 0 True 6 7.2 0 10.894 1 605010 605011 6000.0 0.0 A None N
6 5 2 FI 669.76 290.02 0 6 669.8 193.3 753.5 241.7 753.5 338.4 669.8 386.7 586.0 338.4 586.0 241.7 669.8 193.3 0 0 0.0 0.0 1.606 2.0 1.627 2.0 1 0 False 6 7.2 0 23.414 1 605020 605021 6000.0 0.0 A None N
6 5 3 FI 586.04 435.02 1 6 586.0 338.4 669.8 386.7 669.8 483.4 586.0 531.7 502.3 483.4 502.3 386.7 586.0 338.4 0 1 0.0 0.0 1.606 2.0 1.629 2.0 3 0 True 6 7.2 0 36.587 1 605030 605031 6100.0 0.0 A None N
6 5 4 FI 502.32 580.03 1 6 502.3 483.4 586.0 531.7 586.0 628.4 502.3 676.7 418.6 628.4 418.6 531.7 502.3 483.4 0 1 0.0 0.0 1.508 2.0 1.525 2.0 2 0 True 6 7.2 0 49.107 1 605040 605041 6100.0 0.0 A None N
6 5 5 FM 418.6 725.036 1 6 502.345 676.686 502.279 773.373 418.621 821.673 334.855 773.386 334.921 676.7 418.579 628.4 502.345 676.686 1 0 0.0 0.0 1.034 2.0 1.009 2.0 109 0 False 3 3.6 0 60.0 0 605050 605050 6200.0 0.0 A None N
6 5 6 FM 334.878 870.045 1 6 418.621 821.673 418.555 918.359 334.897 966.659 251.132 918.373 251.197 821.686 334.855 773.386 418.621 821.673 1 0 0.0 0.0 0.91 1.0 0.886 1.0 108 0 False 3 3.6 0 68.948 0 605060 605060 6200.0 0.0 A None N
6 5 7 FO 251.155 1015.054 1 6 334.897 966.659 334.882 1063.432 251.137 1111.782 167.408 1063.359 167.387 966.723 251.132 918.373 334.897 966.659 1 0 0.0 0.0 0.769 1.0 0.738 1.0 107 0 True 3 3.6 0 76.102 0 605070 605070 6200.0 0.0 A None W
6 5 8 FO 167.447 1160.066 1 6 251.137 1111.782 251.158 1208.418 167.413 1256.768 83.734 1208.432 83.663 1111.709 167.408 1063.359 251.137 1111.782 1 0 0.0 0.0 0.638 1.0 0.62 1.0 110 0 True 3 3.6 0 81.787 0 605080 605080 6200.0 0.0 A None W
6 5 9 FO 83.724 1305.075 1 6 167.413 1256.768 167.434 1353.405 83.69 1401.755 0.011 1353.418 -0.01 1256.782 83.734 1208.432 167.413 1256.768 1 0 0.0 0.0 0.512 1.0 0.507 1.0 111 1 False 3 3.6 0 86.329 0 605090 605090 6200.0 0.0 A None E
6 5 10 dOe 0.002 1450.083 1 5 83.69 1401.755 83.768 1450.091 -83.705 1450.018 -83.734 1401.768 0.011 1353.418 83.69 1401.755 0.0 0.0 1 0 0.0 0.0 0.144 1.0 0.144 1.0 111 1 False 2 2.4 0 90.0 0 605100 605100 6200.0 0.0 A None N
6 6 0 FO 1004.64 0.0 0 6 1004.6 -96.7 1088.4 -48.3 1088.4 48.3 1004.6 96.7 920.9 48.3 920.9 -48.3 1004.6 -96.7 0 0 0.0 0.0 0.812 1.0 0.779 1.0 9 0 True 3 3.6 0 0.0 0 606000 606000 6000.0 0.0 A None W
6 6 1 FM 920.92 145.01 0 6 920.9 48.3 1004.6 96.7 1004.6 193.3 920.9 241.7 837.2 193.3 837.2 96.7 920.9 48.3 0 0 0.0 0.0 0.91 1.0 0.886 1.0 8 0 False 3 3.6 0 8.948 0 606010 606010 6000.0 0.0 A None N
6 6 2 FM 837.2 290.02 0 6 837.2 193.3 920.9 241.7 920.9 338.4 837.2 386.7 753.5 338.4 753.5 241.7 837.2 193.3 0 0 0.0 0.0 0.969 1.0 0.944 1.0 7 0 False 3 3.6 0 19.107 0 606020 606020 6000.0 0.0 A None N
6 6 3 FM 753.48 435.02 4 6 753.5 338.4 837.2 386.7 837.2 483.4 753.5 531.7 669.8 483.4 669.8 386.7 753.5 338.4 0 1 0.0 0.0 0.992 2.0 0.968 1.0 6 1 False 3 3.6 0 30.0 0 606030 606030 6101.0 0.0 B None N
6 6 4 FM 669.76 580.03 4 6 669.8 483.4 753.5 531.7 753.5 628.4 669.8 676.7 586.0 628.4 586.0 531.7 669.8 483.4 0 1 0.0 0.0 0.971 1.0 0.947 1.0 5 1 False 3 3.6 0 40.893 0 606040 606040 6100.0 0.0 A None N
6 6 5 FM 586.04 725.04 4 6 586.0 628.4 669.8 676.7 669.8 773.4 586.0 821.7 502.3 773.4 502.3 676.7 586.0 628.4 0 1 0.0 0.0 0.909 1.0 0.885 1.0 4 1 False 3 3.6 0 51.052 0 606050 606050 6100.0 0.0 A None N
6 6 6 FO 502.32 870.044 1 6 586.045 821.659 586.029 918.432 502.371 966.732 418.555 918.359 418.621 821.673 502.279 773.373 586.045 821.659 1 0 0.0 0.0 0.812 1.0 0.779 1.0 109 0 True 3 3.6 0 60.0 0 606060 606060 6200.0 0.0 A None W
6 6 7 FO 418.603 1015.061 1 6 502.371 966.732 502.305 1063.418 418.647 1111.718 334.882 1063.432 334.897 966.659 418.555 918.359 502.371 966.732 1 0 0.0 0.0 0.714 1.0 0.688 1.0 108 0 True 3 3.6 0 67.589 0 606070 606070 6200.0 0.0 A None W
6 6 8 FO 334.88 1160.07 1 6 418.647 1111.718 418.582 1208.405 334.837 1256.755 251.158 1208.418 251.137 1111.782 334.882 1063.432 418.647 1111.718 1 0 0.0 0.0 0.619 1.0 0.604 1.0 107 1 False 3 3.6 0 73.898 0 606080 606080 6200.0 0.0 A None E
6 6 9 FO 251.167 1305.073 1 6 334.837 1256.755 334.858 1353.391 251.113 1401.741 167.434 1353.405 167.413 1256.768 251.158 1208.418 334.837 1256.755 1 0 0.0 0.0 0.571 1.0 0.571 1.0 110 1 False 3 3.6 0 79.106 0 606090 606090 6200.0 0.0 A None E
6 6 10 dOe 167.444 1450.082 1 5 251.113 1401.741 251.192 1450.077 83.768 1450.091 83.69 1401.755 167.434 1353.405 251.113 1401.741 0.0 0.0 1 0 0.0 0.0 0.144 1.0 0.144 1.0 111 1 False 2 2.4 0 83.413 0 606100 606100 6200.0 0.0 A None N
6 7 0 FO 1172.09 0.0 0 6 1172.1 -96.7 1255.8 -48.3 1255.8 48.3 1172.1 96.7 1088.4 48.3 1088.4 -48.3 1172.1 -96.7 0 0 0.0 0.0 0.646 1.0 0.627 1.0 9 1 False 3 3.6 0 0.0 0 607000 607000 6000.0 0.0 A None E
6 7 1 FO 1088.37 145.01 0 6 1088.4 48.3 1172.1 96.7 1172.1 193.3 1088.4 241.7 1004.6 193.3 1004.6 96.7 1088.4 48.3 0 0 0.0 0.0 0.714 1.0 0.688 1.0 8 0 True 3 3.6 0 7.589 0 607010 607010 6000.0 0.0 A None W
6 7 2 FO 1004.64 290.02 0 6 1004.6 193.3 1088.4 241.7 1088.4 338.4 1004.6 386.7 920.9 338.4 920.9 241.7 1004.6 193.3 0 0 0.0 0.0 0.769 1.0 0.738 1.0 7 0 True 3 3.6 0 16.102 0 607020 607020 6000.0 0.0 A None W
6 7 3 FO 920.92 435.02 0 6 920.9 338.4 1004.6 386.7 1004.6 483.4 920.9 531.7 837.2 483.4 837.2 386.7 920.9 338.4 0 0 0.0 0.0 0.803 1.0 0.77 1.0 10 0 False 3 3.6 0 25.285 0 607030 607030 6000.0 0.0 A None N
6 7 4 FO 837.2 580.03 4 6 837.2 483.4 920.9 531.7 920.9 628.4 837.2 676.7 753.5 628.4 753.5 531.7 837.2 483.4 0 1 0.0 0.0 0.803 1.0 0.771 1.0 6 1 False 3 3.6 0 34.715 0 607040 607040 6101.0 0.0 B None E
6 7 5 FO 753.48 725.04 4 6 753.5 628.4 837.2 676.7 837.2 773.4 753.5 821.7 669.8 773.4 669.8 676.7 753.5 628.4 0 1 0.0 0.0 0.771 1.0 0.74 1.0 5 1 False 3 3.6 0 43.898 0 607050 607050 6100.0 0.0 A None E
6 7 6 FO 669.76 870.05 4 6 669.8 773.4 753.5 821.7 753.5 918.4 669.8 966.7 586.0 918.4 586.0 821.7 669.8 773.4 0 1 0.0 0.0 0.717 1.0 0.688 1.0 4 1 False 3 3.6 0 52.411 0 607060 607060 6100.0 0.0 A None E
6 7 7 FO 586.045 1015.06 1 6 669.795 966.718 669.729 1063.405 586.071 1111.705 502.305 1063.418 502.371 966.732 586.029 918.432 669.795 966.718 1 0 0.0 0.0 0.646 1.0 0.627 1.0 109 1 False 3 3.6 0 60.0 0 607070 607070 6200.0 0.0 A None E
6 7 8 FO 502.323 1160.068 1 6 586.071 1111.705 586.005 1208.391 502.347 1256.691 418.582 1208.405 418.647 1111.718 502.305 1063.418 586.071 1111.705 1 0 0.0 0.0 0.564 1.0 0.553 1.0 108 1 False 3 3.6 0 66.587 0 607080 607080 6200.0 0.0 A None E
6 7 9 FOe 418.6 1305.077 1 6 502.347 1256.691 502.282 1353.377 418.537 1401.727 334.858 1353.391 334.837 1256.755 418.582 1208.405 502.347 1256.691 1 0 0.0 0.0 0.466 1.0 0.463 1.0 107 1 False 3 3.6 0 72.216 0 607090 607090 6200.0 0.0 A None N
6 7 10 cOe 334.887 1450.081 1 3 418.537 1401.727 251.113 1401.741 334.858 1353.391 418.537 1401.727 0.0 0.0 0.0 0.0 0.0 0.0 1 0 0.0 0.0 0.0 0.0 0.0 0.0 110 1 False 3 3.6 0 76.996 0 607100 607100 6200.0 0.0 A None N
6 8 0 FOe 1339.53 0.0 0 6 1339.5 -96.7 1423.2 -48.3 1423.2 48.3 1339.5 96.7 1255.8 48.3 1255.8 -48.3 1339.5 -96.7 0 0 0.0 0.0 0.487 1.0 0.484 1.0 9 1 False 3 3.6 0 0.0 0 608000 608000 6000.0 0.0 A None N
6 8 1 FO 1255.81 145.01 0 6 1255.8 48.3 1339.5 96.7 1339.5 193.3 1255.8 241.7 1172.1 193.3 1172.1 96.7 1255.8 48.3 0 0 0.0 0.0 0.564 1.0 0.553 1.0 8 1 False 3 3.6 0 6.587 0 608010 608010 6000.0 0.0 A None E
6 8 2 FO 1172.09 290.02 0 6 1172.1 193.3 1255.8 241.7 1255.8 338.4 1172.1 386.7 1088.4 338.4 1088.4 241.7 1172.1 193.3 0 0 0.0 0.0 0.619 1.0 0.604 1.0 7 1 False 3 3.6 0 13.898 0 608020 608020 6000.0 0.0 A None E
6 8 3 FO 1088.37 435.02 0 6 1088.4 338.4 1172.1 386.7 1172.1 483.4 1088.4 531.7 1004.6 483.4 1004.6 386.7 1088.4 338.4 0 0 0.0 0.0 0.638 1.0 0.62 1.0 10 0 True 3 3.6 0 21.787 0 608030 608030 6000.0 0.0 A None W
6 8 4 FO 1004.64 580.03 0 6 1004.6 483.4 1088.4 531.7 1088.4 628.4 1004.6 676.7 920.9 628.4 920.9 531.7 1004.6 483.4 0 0 0.0 0.0 0.651 1.0 0.632 1.0 11 0 True 3 3.6 0 30.0 0 608040 608040 6000.0 0.0 A None W
6 8 5 FO 920.92 725.04 4 6 920.9 628.4 1004.6 676.7 1004.6 773.4 920.9 821.7 837.2 773.4 837.2 676.7 920.9 628.4 0 1 0.0 0.0 0.644 1.0 0.625 1.0 6 0 True 3 3.6 0 38.213 0 608050 608050 6101.0 0.0 B None W
6 8 6 FO 837.2 870.05 4 6 837.2 773.4 920.9 821.7 920.9 918.4 837.2 966.7 753.5 918.4 753.5 821.7 837.2 773.4 0 1 0.0 0.0 0.619 1.0 0.604 1.0 5 0 True 3 3.6 0 46.102 0 608060 608060 6100.0 0.0 A None W
6 8 7 FO 753.48 1015.06 4 6 753.5 918.4 837.2 966.7 837.2 1063.4 753.5 1111.7 669.8 1063.4 669.8 966.7 753.5 918.4 0 1 0.0 0.0 0.565 1.0 0.554 1.0 4 0 True 3 3.6 0 53.413 0 608070 608070 6100.0 0.0 A None W
6 8 8 FOe 669.765 1160.067 1 6 753.495 1111.691 753.429 1208.377 669.771 1256.677 586.005 1208.391 586.071 1111.705 669.729 1063.405 753.495 1111.691 1 0 0.0 0.0 0.487 1.0 0.484 1.0 109 1 False 3 3.6 0 60.0 0 608080 608080 6200.0 0.0 A None N
6 8 9 aOe 586.043 1305.076 1 4 669.771 1256.677 502.282 1353.377 502.347 1256.691 586.005 1208.391 669.771 1256.677 0.0 0.0 0.0 0.0 1 0 0.0 0.0 0.144 1.0 0.144 1.0 108 1 False 3 3.6 0 65.818 0 608090 608090 6200.0 0.0 A None N
6 9 1 aOe 1423.25 145.01 0 4 1423.2 48.3 1423.2 241.7 1339.5 193.3 1339.5 96.7 1423.2 48.3 0.0 0.0 0.0 0.0 0 0 0.0 0.0 0.144 1.0 0.144 1.0 8 1 False 3 3.6 0 5.818 0 609010 609010 6000.0 0.0 A None N
6 9 2 FOe 1339.53 290.02 0 6 1339.5 193.3 1423.2 241.7 1423.2 338.4 1339.5 386.7 1255.8 338.4 1255.8 241.7 1339.5 193.3 0 0 0.0 0.0 0.466 1.0 0.463 1.0 7 1 False 3 3.6 0 12.216 0 609020 609020 6000.0 0.0 A None N
6 9 3 FO 1255.81 435.02 0 6 1255.8 338.4 1339.5 386.7 1339.5 483.4 1255.8 531.7 1172.1 483.4 1172.1 386.7 1255.8 338.4 0 0 0.0 0.0 0.571 1.0 0.571 1.0 10 1 False 3 3.6 0 19.106 0 609030 609030 6000.0 0.0 A None E
6 9 4 FO 1172.09 580.03 0 6 1172.1 483.4 1255.8 531.7 1255.8 628.4 1172.1 676.7 1088.4 628.4 1088.4 531.7 1172.1 483.4 0 0 0.0 0.0 0.512 1.0 0.507 1.0 11 1 False 3 3.6 0 26.329 0 609040 609040 6000.0 0.0 A None E
6 9 5 FO 1088.37 725.04 4 6 1088.4 628.4 1172.1 676.7 1172.1 773.4 1088.4 821.7 1004.6 773.4 1004.6 676.7 1088.4 628.4 0 0 0.0 0.0 0.523 1.0 0.516 1.0 11 0 False 3 3.6 0 33.67 0 609050 609050 6000.0 0.0 A None N
6 9 6 FO 1004.64 870.05 4 6 1004.6 773.4 1088.4 821.7 1088.4 918.4 1004.6 966.7 920.9 918.4 920.9 821.7 1004.6 773.4 0 1 0.0 0.0 0.496 1.0 0.492 1.0 6 0 False 3 3.6 0 40.894 0 609060 609060 6101.0 0.0 B None N
6 9 7 FOe 920.92 1015.06 4 6 920.9 918.4 1004.6 966.7 1004.6 1063.4 920.9 1111.7 837.2 1063.4 837.2 966.7 920.9 918.4 0 1 0.0 0.0 0.55 1.0 0.55 1.0 5 0 False 3 3.6 0 47.784 0 609070 609070 6100.0 0.0 A None N
6 9 8 aOe 837.2 1160.06 1 4 920.9 1111.7 753.5 1208.4 753.5 1111.7 837.2 1063.4 920.9 1111.7 0.0 0.0 0.0 0.0 0 1 0.0 0.0 0.144 1.0 0.144 1.0 4 0 False 3 3.6 0 54.183 0 609080 609080 6100.0 0.0 A None N
6 10 3 cOe 1423.25 435.02 0 3 1423.2 338.4 1339.5 483.4 1339.5 386.7 1423.2 338.4 0.0 0.0 0.0 0.0 0.0 0.0 0 0 0.0 0.0 0.0 0.0 0.0 0.0 10 1 False 3 3.6 0 16.996 0 610030 610030 6000.0 0.0 A None N
6 10 4 dOe 1339.53 580.03 0 5 1339.5 483.4 1381.4 507.5 1297.7 652.5 1255.8 628.4 1255.8 531.7 1339.5 483.4 0.0 0.0 0 0 0.0 0.0 0.144 1.0 0.144 1.0 11 1 False 2 2.4 0 23.413 0 610040 610040 6000.0 0.0 A None N
6 10 5 dOe 1255.81 725.04 0 5 1255.8 628.4 1297.7 652.5 1213.9 797.5 1172.1 773.4 1172.1 676.7 1255.8 628.4 0.0 0.0 0 0 0.0 0.0 0.144 1.0 0.144 1.0 11 1 False 2 2.4 0 30.0 0 610050 610050 6000.0 0.0 A None N
6 10 6 dOe 1172.09 870.05 0 5 1172.1 773.4 1213.9 797.5 1130.2 942.6 1088.4 918.4 1088.4 821.7 1172.1 773.4 0.0 0.0 0 0 0.0 0.0 0.144 1.0 0.144 1.0 11 0 False 2 2.4 0 36.587 0 610060 610060 6000.0 0.0 A None N
6 10 7 cOe 1088.37 1015.06 0 3 1088.4 918.4 1004.6 1063.4 1004.6 966.7 1088.4 918.4 0.0 0.0 0.0 0.0 0.0 0.0 0 1 0.0 0.0 0.0 0.0 0.0 0.0 6 0 False 3 3.6 0 43.004 0 610070 610070 6101.0 0.0 B None N
7 1 2 dIe -0.002 290.016 4 5 -83.718 338.396 -83.729 316.578 83.695 316.564 83.705 338.382 0.047 386.682 -83.718 338.396 0.0 0.0 1 1 5.798 6.0 1.952 2.0 1.952 2.0 102 0 False 3 3.6 0 90.0 1 701020 701021 7300.0 7310.0 A A N
7 1 3 FI -83.725 435.025 2 6 0.047 386.682 -0.018 483.368 -83.763 531.718 -167.442 483.382 -167.463 386.746 -83.718 338.396 0.047 386.682 1 1 8.583 9.0 3.239 4.0 3.977 5.0 102 0 False 6 7.2 0 100.894 1 701030 701031 7300.0 7310.0 A A N
7 1 4 FI -167.438 580.028 2 6 -83.763 531.718 -83.742 628.355 -167.487 676.705 -251.166 628.368 -251.187 531.732 -167.442 483.382 -83.763 531.718 1 1 5.361 6.0 2.096 3.0 2.226 3.0 102 0 False 6 7.2 0 106.102 1 701040 701041 7300.0 7310.0 A A N
7 1 5 FI -251.161 725.037 2 6 -167.487 676.705 -167.466 773.341 -251.21 821.691 -334.889 773.355 -334.91 676.718 -251.166 628.368 -167.487 676.705 1 1 3.634 4.0 1.518 2.0 1.542 2.0 102 0 True 6 7.2 0 109.107 1 701050 701051 7300.0 7310.0 A A N
7 1 6 FM -334.883 870.046 5 6 -251.21 821.691 -251.139 918.414 -334.884 966.764 -418.613 918.341 -418.634 821.705 -334.889 773.355 -251.21 821.691 1 1 2.757 3.0 0.918 1.0 0.895 1.0 104 1 False 3 3.6 0 111.052 0 701060 701060 7300.0 7310.0 A A N
7 1 7 FO -418.605 1015.054 5 6 -334.884 966.764 -334.863 1063.4 -418.608 1111.75 -502.287 1063.414 -502.358 966.691 -418.613 918.341 -334.884 966.764 1 1 2.144 3.0 0.722 1.0 0.696 1.0 104 1 False 3 3.6 0 112.411 0 701070 701070 7300.0 7310.0 A A E
7 1 8 FO -502.328 1160.063 5 6 -418.608 1111.75 -418.587 1208.386 -502.331 1256.736 -586.01 1208.4 -586.031 1111.764 -502.287 1063.414 -418.608 1111.75 1 1 1.763 2.0 0.566 1.0 0.557 1.0 104 0 True 3 3.6 0 113.413 0 701080 701080 7300.0 7310.0 A A W
7 1 9 bOe -586.041 1305.066 3 5 -586.055 1401.723 -669.755 1256.75 -586.01 1208.4 -502.331 1256.736 -502.31 1353.373 -586.055 1401.723 0.0 0.0 1 1 1.217 2.0 0.192 1.0 0.192 1.0 104 0 False 3 3.6 0 114.183 0 701090 701090 7300.0 7310.0 A A N
7 2 0 gIe 334.88 0.0 3 6 334.9 96.7 316.0 85.8 316.0 -85.8 334.9 -96.7 418.6 -48.3 418.6 48.3 334.9 96.7 0 0 8.543 9.0 3.464 4.0 3.464 4.0 0 0 False 6 7.2 0 0.0 1 702000 702001 7001.0 7010.0 B A N
7 2 1 dIe 251.16 145.01 3 5 251.2 241.7 232.3 230.8 316.0 85.8 334.9 96.7 334.9 193.3 251.2 241.7 0.0 0.0 0 1 5.798 6.0 1.952 2.0 1.952 2.0 2 0 False 3 3.6 0 30.0 1 702010 702011 7100.0 7110.0 A A N
7 2 2 gIe 167.44 290.015 4 6 83.705 338.382 83.695 316.564 232.305 230.764 251.195 241.682 251.129 338.368 167.471 386.668 83.705 338.382 1 0 8.543 9.0 3.464 4.0 3.464 4.0 100 0 False 6 7.2 0 60.0 1 702020 702021 7201.0 7210.0 B A N
7 2 3 FI 83.718 435.023 2 6 167.471 386.668 167.405 483.355 83.747 531.655 -0.018 483.368 0.047 386.682 83.705 338.382 167.471 386.668 1 1 8.61 9.0 3.235 4.0 3.983 5.0 103 0 False 6 7.2 0 79.107 1 702030 702031 7300.0 7310.0 A A N
7 2 4 FI -0.005 580.032 2 6 83.747 531.655 83.682 628.341 -0.063 676.691 -83.742 628.355 -83.763 531.718 -0.018 483.368 83.747 531.655 1 1 5.719 6.0 2.226 3.0 2.397 3.0 103 0 False 6 7.2 0 90.0 1 702040 702041 7300.0 7310.0 A A N
7 2 5 FI -83.718 725.036 2 6 -0.063 676.691 0.008 773.414 -83.737 821.764 -167.466 773.341 -167.487 676.705 -83.742 628.355 -0.063 676.691 1 1 4.009 5.0 1.622 2.0 1.653 2.0 103 0 True 6 7.2 0 96.587 1 702050 702051 7300.0 7310.0 A A N
7 2 6 FM -167.441 870.044 5 6 -83.737 821.764 -83.716 918.4 -167.46 966.75 -251.139 918.414 -251.21 821.691 -167.466 773.341 -83.737 821.764 1 1 2.789 3.0 0.976 1.0 0.951 1.0 105 1 False 3 3.6 0 100.893 0 702060 702060 7300.0 7310.0 A A N
7 2 7 FO -251.163 1015.053 5 6 -167.46 966.75 -167.439 1063.386 -251.184 1111.736 -334.863 1063.4 -334.884 966.764 -251.139 918.414 -167.46 966.75 1 1 2.357 3.0 0.775 1.0 0.746 1.0 105 1 False 3 3.6 0 103.898 0 702070 702070 7300.0 7310.0 A A E
7 2 8 FO -334.885 1160.061 5 6 -251.184 1111.736 -251.163 1208.373 -334.908 1256.723 -418.587 1208.386 -418.608 1111.75 -334.863 1063.4 -251.184 1111.736 1 1 1.779 2.0 0.612 1.0 0.6 1.0 105 0 True 3 3.6 0 106.102 0 702080 702080 7300.0 7310.0 A A W
7 2 9 FO -418.608 1305.07 5 6 -334.908 1256.723 -334.887 1353.359 -418.631 1401.709 -502.31 1353.373 -502.331 1256.736 -418.587 1208.386 -334.908 1256.723 1 1 1.492 2.0 0.547 1.0 0.547 1.0 105 0 False 3 3.6 0 107.784 0 702090 702090 7300.0 7310.0 A A N
7 2 10 cOe -502.321 1450.074 1 3 -418.631 1401.709 -586.055 1401.723 -502.31 1353.373 -418.631 1401.709 0.0 0.0 0.0 0.0 0.0 0.0 1 1 0.76 0.0 0.0 0.0 0.0 0.0 105 0 False 3 3.6 0 109.107 0 702100 702100 7300.0 7310.0 A A N
7 3 0 FI 502.32 0.0 0 6 502.3 -96.7 586.0 -48.3 586.0 48.3 502.3 96.7 418.6 48.3 418.6 -48.3 502.3 -96.7 0 0 7.038 8.0 2.723 3.0 3.124 4.0 0 0 False 6 7.2 0 0.0 1 703000 703001 7001.0 7010.0 B A N
7 3 1 FI 418.6 145.01 1 6 418.6 48.3 502.3 96.7 502.3 193.3 418.6 241.7 334.9 193.3 334.9 96.7 418.6 48.3 0 1 8.61 9.0 3.235 4.0 3.983 5.0 3 0 False 6 7.2 0 19.107 1 703010 703011 7100.0 7110.0 A A N
7 3 2 FI 334.88 290.02 1 6 334.9 193.3 418.6 241.7 418.6 338.4 334.9 386.7 251.2 338.4 251.2 241.7 334.9 193.3 0 1 8.583 9.0 3.239 4.0 3.977 5.0 2 0 False 6 7.2 0 40.894 1 703020 703021 7100.0 7110.0 A A N
7 3 3 FI 251.16 435.022 1 6 334.895 386.655 334.829 483.341 251.171 531.641 167.405 483.355 167.471 386.668 251.129 338.368 334.895 386.655 1 0 7.038 8.0 2.723 3.0 3.124 4.0 100 0 False 6 7.2 0 60.0 1 703030 703031 7201.0 7210.0 B A N
7 3 4 FI 167.438 580.031 1 6 251.171 531.641 251.155 628.414 167.497 676.714 83.682 628.341 83.747 531.655 167.405 483.355 251.171 531.641 1 0 5.401 6.0 2.089 3.0 2.223 3.0 101 0 False 6 7.2 0 73.898 1 703040 703041 7200.0 7211.0 A C N
7 3 5 FI 83.715 725.039 1 6 167.497 676.714 167.432 773.4 83.687 821.75 0.008 773.414 -0.063 676.691 83.682 628.341 167.497 676.714 1 0 3.981 5.0 1.616 2.0 1.649 2.0 101 0 False 6 7.2 0 83.414 1 703050 703051 7200.0 7211.0 A C N
7 3 6 FM 0.002 870.043 5 6 83.687 821.75 83.708 918.386 -0.037 966.736 -83.716 918.4 -83.737 821.764 0.008 773.414 83.687 821.75 1 1 2.879 3.0 0.996 2.0 0.97 1.0 106 1 False 3 3.6 0 90.0 0 703060 703060 7301.0 7311.0 B B N
7 3 7 FM -83.721 1015.051 5 6 -0.037 966.736 -0.016 1063.373 -83.76 1111.723 -167.439 1063.386 -167.46 966.75 -83.716 918.4 -0.037 966.736 1 1 2.308 3.0 0.783 1.0 0.761 1.0 106 1 False 3 3.6 0 94.715 0 703070 703070 7301.0 7311.0 B B E
7 3 8 FO -167.443 1160.06 5 6 -83.76 1111.723 -83.739 1208.359 -167.484 1256.709 -251.163 1208.373 -251.184 1111.736 -167.439 1063.386 -83.76 1111.723 1 1 1.876 2.0 0.639 1.0 0.623 1.0 106 0 True 3 3.6 0 98.213 0 703080 703080 7301.0 7311.0 B B W
7 3 9 FO -251.165 1305.069 5 6 -167.484 1256.709 -167.413 1353.432 -251.158 1401.782 -334.887 1353.359 -334.908 1256.723 -251.163 1208.373 -167.484 1256.709 1 1 1.625 2.0 0.496 1.0 0.495 1.0 106 0 False 3 3.6 0 100.894 0 703090 703090 7301.0 7311.0 B B N
7 3 10 aOe -334.883 1450.086 2 4 -251.137 1498.418 -418.631 1401.709 -334.887 1353.359 -251.158 1401.782 -251.137 1498.418 0.0 0.0 0.0 0.0 1 1 1.003 2.0 0.144 1.0 0.144 1.0 106 0 False 3 3.6 0 103.004 0 703100 703100 7301.0 7311.0 B B N
7 4 0 FI 669.76 0.0 0 6 669.8 -96.7 753.5 -48.3 753.5 48.3 669.8 96.7 586.0 48.3 586.0 -48.3 669.8 -96.7 0 0 4.534 5.0 1.801 2.0 1.861 2.0 0 0 True 6 7.2 0 0.0 1 704000 704001 7001.0 7010.0 B A N
7 4 1 FI 586.04 145.01 0 6 586.0 48.3 669.8 96.7 669.8 193.3 586.0 241.7 502.3 193.3 502.3 96.7 586.0 48.3 0 0 5.401 6.0 2.089 3.0 2.223 3.0 1 0 False 6 7.2 0 13.898 1 704010 704011 7000.0 7011.0 A C N
7 4 2 FI 502.32 290.02 1 6 502.3 193.3 586.0 241.7 586.0 338.4 502.3 386.7 418.6 338.4 418.6 241.7 502.3 193.3 0 1 5.719 6.0 2.226 3.0 2.397 3.0 3 0 False 6 7.2 0 30.0 1 704020 704021 7100.0 7110.0 A A N
7 4 3 FI 418.6 435.02 1 6 418.6 338.4 502.3 386.7 502.3 483.4 418.6 531.7 334.9 483.4 334.9 386.7 418.6 338.4 0 1 5.361 6.0 2.096 3.0 2.226 3.0 2 0 False 6 7.2 0 46.102 1 704030 704031 7100.0 7110.0 A A N
7 4 4 FI 334.88 580.029 1 6 418.645 531.714 418.579 628.4 334.921 676.7 251.155 628.414 251.171 531.641 334.829 483.341 418.645 531.714 1 0 4.534 5.0 1.801 2.0 1.861 2.0 100 0 True 6 7.2 0 60.0 1 704040 704041 7201.0 7210.0 B A N
7 4 5 FI 251.158 725.038 1 6 334.921 676.7 334.855 773.386 251.197 821.686 167.432 773.4 167.497 676.714 251.155 628.414 334.921 676.7 1 0 3.679 4.0 1.508 2.0 1.53 2.0 101 0 True 6 7.2 0 70.894 1 704050 704051 7200.0 7211.0 A C N
7 4 6 FM 167.435 870.046 1 6 251.197 821.686 251.132 918.373 167.387 966.723 83.708 918.386 83.687 821.75 167.432 773.4 251.197 821.686 1 0 2.845 3.0 0.98 1.0 0.957 1.0 107 0 False 3 3.6 0 79.107 0 704060 704060 7200.0 7210.0 A A N
7 4 7 FM 83.722 1015.05 1 6 167.387 966.723 167.408 1063.359 83.663 1111.709 -0.016 1063.373 -0.037 966.736 83.708 918.386 167.387 966.723 1 0 2.285 3.0 0.784 1.0 0.763 1.0 110 0 False 3 3.6 0 85.285 0 704070 704070 7200.0 7210.0 A A N
7 4 8 FO -0.001 1160.059 1 6 83.663 1111.709 83.734 1208.432 -0.01 1256.782 -83.739 1208.359 -83.76 1111.723 -0.016 1063.373 83.663 1111.709 1 0 1.889 2.0 0.652 1.0 0.636 1.0 111 0 True 3 3.6 0 90.0 0 704080 704080 7200.0 7211.0 A C W
7 4 9 FO -83.718 1305.076 5 6 -0.01 1256.782 0.011 1353.418 -83.734 1401.768 -167.413 1353.432 -167.484 1256.709 -83.739 1208.359 -0.01 1256.782 1 0 1.663 2.0 0.519 1.0 0.516 1.0 111 0 False 3 3.6 0 93.67 0 704090 704090 7200.0 7211.0 A C N
7 4 10 bOe -167.44 1450.085 2 5 -83.713 1498.405 -251.137 1498.418 -251.158 1401.782 -167.413 1353.432 -83.734 1401.768 -83.713 1498.405 0.0 0.0 1 0 1.193 2.0 0.192 1.0 0.192 1.0 111 0 False 3 3.6 0 96.587 0 704100 704100 7200.0 7211.0 A C N
7 5 0 FM 837.2 0.0 0 6 837.2 -96.7 920.9 -48.3 920.9 48.3 837.2 96.7 753.5 48.3 753.5 -48.3 837.2 -96.7 0 0 3.001 4.0 1.038 2.0 1.013 2.0 9 0 False 3 3.6 0 0.0 0 705000 705000 7000.0 7010.0 A A N
7 5 1 FI 753.48 145.01 0 6 753.5 48.3 837.2 96.7 837.2 193.3 753.5 241.7 669.8 193.3 669.8 96.7 753.5 48.3 0 0 3.679 4.0 1.508 2.0 1.53 2.0 1 0 True 6 7.2 0 10.894 1 705010 705011 7000.0 7011.0 A C N
7 5 2 FI 669.76 290.02 0 6 669.8 193.3 753.5 241.7 753.5 338.4 669.8 386.7 586.0 338.4 586.0 241.7 669.8 193.3 0 0 3.981 5.0 1.616 2.0 1.649 2.0 1 0 False 6 7.2 0 23.414 1 705020 705021 7000.0 7011.0 A C N
7 5 3 FI 586.04 435.02 1 6 586.0 338.4 669.8 386.7 669.8 483.4 586.0 531.7 502.3 483.4 502.3 386.7 586.0 338.4 0 1 4.009 5.0 1.622 2.0 1.653 2.0 3 0 True 6 7.2 0 36.587 1 705030 705031 7100.0 7110.0 A A N
7 5 4 FI 502.32 580.03 1 6 502.3 483.4 586.0 531.7 586.0 628.4 502.3 676.7 418.6 628.4 418.6 531.7 502.3 483.4 0 1 3.634 4.0 1.518 2.0 1.542 2.0 2 0 True 6 7.2 0 49.107 1 705040 705041 7100.0 7110.0 A A N
7 5 5 FM 418.6 725.036 1 6 502.345 676.686 502.279 773.373 418.621 821.673 334.855 773.386 334.921 676.7 418.579 628.4 502.345 676.686 1 0 3.001 4.0 1.038 2.0 1.013 2.0 109 0 False 3 3.6 0 60.0 0 705050 705050 7200.0 7210.0 A A N
7 5 6 FM 334.878 870.045 1 6 418.621 821.673 418.555 918.359 334.897 966.659 251.132 918.373 251.197 821.686 334.855 773.386 418.621 821.673 1 0 2.772 3.0 0.915 1.0 0.893 1.0 108 0 False 3 3.6 0 68.948 0 705060 705060 7200.0 7210.0 A A N
7 5 7 FO 251.155 1015.054 1 6 334.897 966.659 334.882 1063.432 251.137 1111.782 167.408 1063.359 167.387 966.723 251.132 918.373 334.897 966.659 1 0 2.361 3.0 0.77 1.0 0.742 1.0 107 0 True 3 3.6 0 76.102 0 705070 705070 7200.0 7210.0 A A W
7 5 8 FO 167.447 1160.066 1 6 251.137 1111.782 251.158 1208.418 167.413 1256.768 83.734 1208.432 83.663 1111.709 167.408 1063.359 251.137 1111.782 1 0 1.888 2.0 0.643 1.0 0.626 1.0 110 0 True 3 3.6 0 81.787 0 705080 705080 7200.0 7210.0 A A W
7 5 9 FO 83.724 1305.075 1 6 167.413 1256.768 167.434 1353.405 83.69 1401.755 0.011 1353.418 -0.01 1256.782 83.734 1208.432 167.413 1256.768 1 0 1.717 2.0 0.516 1.0 0.513 1.0 111 1 False 3 3.6 0 86.329 0 705090 705090 7200.0 7211.0 A C E
7 5 10 dOe 0.002 1450.083 1 5 83.69 1401.755 83.768 1450.091 -83.705 1450.018 -83.734 1401.768 0.011 1353.418 83.69 1401.755 0.0 0.0 1 0 0.992 2.0 0.144 1.0 0.144 1.0 111 1 False 2 2.4 0 90.0 0 705100 705100 7200.0 7211.0 A C N
7 6 0 FM 1004.64 0.0 0 6 1004.6 -96.7 1088.4 -48.3 1088.4 48.3 1004.6 96.7 920.9 48.3 920.9 -48.3 1004.6 -96.7 0 0 2.363 3.0 0.789 1.0 0.767 1.0 9 0 True 3 3.6 0 0.0 0 706000 706000 7000.0 7010.0 A A W
7 6 1 FM 920.92 145.01 0 6 920.9 48.3 1004.6 96.7 1004.6 193.3 920.9 241.7 837.2 193.3 837.2 96.7 920.9 48.3 0 0 2.772 3.0 0.915 1.0 0.893 1.0 8 0 False 3 3.6 0 8.948 0 706010 706010 7000.0 7010.0 A A N
7 6 2 FM 837.2 290.02 0 6 837.2 193.3 920.9 241.7 920.9 338.4 837.2 386.7 753.5 338.4 753.5 241.7 837.2 193.3 0 0 2.845 3.0 0.98 1.0 0.957 1.0 7 0 False 3 3.6 0 19.107 0 706020 706020 7000.0 7010.0 A A N
7 6 3 FM 753.48 435.02 4 6 753.5 338.4 837.2 386.7 837.2 483.4 753.5 531.7 669.8 483.4 669.8 386.7 753.5 338.4 0 1 2.879 3.0 0.996 2.0 0.97 1.0 6 1 False 3 3.6 0 30.0 0 706030 706030 7101.0 7111.0 B B N
7 6 4 FM 669.76 580.03 4 6 669.8 483.4 753.5 531.7 753.5 628.4 669.8 676.7 586.0 628.4 586.0 531.7 669.8 483.4 0 1 2.789 3.0 0.976 1.0 0.951 1.0 5 1 False 3 3.6 0 40.893 0 706040 706040 7100.0 7110.0 A A N
7 6 5 FM 586.04 725.04 4 6 586.0 628.4 669.8 676.7 669.8 773.4 586.0 821.7 502.3 773.4 502.3 676.7 586.0 628.4 0 1 2.757 3.0 0.918 1.0 0.895 1.0 4 1 False 3 3.6 0 51.052 0 706050 706050 7100.0 7110.0 A A N
7 6 6 FM 502.32 870.044 1 6 586.045 821.659 586.029 918.432 502.371 966.732 418.555 918.359 418.621 821.673 502.279 773.373 586.045 821.659 1 0 2.363 3.0 0.789 1.0 0.767 1.0 109 0 True 3 3.6 0 60.0 0 706060 706060 7200.0 7210.0 A A W
7 6 7 FO 418.603 1015.061 1 6 502.371 966.732 502.305 1063.418 418.647 1111.718 334.882 1063.432 334.897 966.659 418.555 918.359 502.371 966.732 1 0 2.16 3.0 0.711 1.0 0.687 1.0 108 0 True 3 3.6 0 67.589 0 706070 706070 7200.0 7210.0 A A W
7 6 8 FO 334.88 1160.07 1 6 418.647 1111.718 418.582 1208.405 334.837 1256.755 251.158 1208.418 251.137 1111.782 334.882 1063.432 418.647 1111.718 1 0 1.803 2.0 0.614 1.0 0.602 1.0 107 1 False 3 3.6 0 73.898 0 706080 706080 7200.0 7210.0 A A E
7 6 9 FO 251.167 1305.073 1 6 334.837 1256.755 334.858 1353.391 251.113 1401.741 167.434 1353.405 167.413 1256.768 251.158 1208.418 334.837 1256.755 1 0 1.608 2.0 0.499 1.0 0.498 1.0 110 1 False 3 3.6 0 79.106 0 706090 706090 7200.0 7210.0 A A E
7 6 10 bOe 167.444 1450.082 2 5 251.134 1498.377 83.711 1498.391 83.69 1401.755 167.434 1353.405 251.113 1401.741 251.134 1498.377 0.0 0.0 1 0 1.207 2.0 0.192 1.0 0.192 1.0 111 1 False 3 3.6 0 83.413 0 706100 706100 7200.0 7211.0 A C N
7 7 0 FO 1172.09 0.0 0 6 1172.1 -96.7 1255.8 -48.3 1255.8 48.3 1172.1 96.7 1088.4 48.3 1088.4 -48.3 1172.1 -96.7 0 0 1.834 2.0 0.646 1.0 0.629 1.0 9 1 False 3 3.6 0 0.0 0 707000 707000 7000.0 7010.0 A A E
7 7 1 FO 1088.37 145.01 0 6 1088.4 48.3 1172.1 96.7 1172.1 193.3 1088.4 241.7 1004.6 193.3 1004.6 96.7 1088.4 48.3 0 0 2.16 3.0 0.711 1.0 0.687 1.0 8 0 True 3 3.6 0 7.589 0 707010 707010 7000.0 7010.0 A A W
7 7 2 FO 1004.64 290.02 0 6 1004.6 193.3 1088.4 241.7 1088.4 338.4 1004.6 386.7 920.9 338.4 920.9 241.7 1004.6 193.3 0 0 2.361 3.0 0.77 1.0 0.742 1.0 7 0 True 3 3.6 0 16.102 0 707020 707020 7000.0 7010.0 A A W
7 7 3 FM 920.92 435.02 0 6 920.9 338.4 1004.6 386.7 1004.6 483.4 920.9 531.7 837.2 483.4 837.2 386.7 920.9 338.4 0 0 2.285 3.0 0.784 1.0 0.763 1.0 10 0 False 3 3.6 0 25.285 0 707030 707030 7000.0 7010.0 A A N
7 7 4 FM 837.2 580.03 4 6 837.2 483.4 920.9 531.7 920.9 628.4 837.2 676.7 753.5 628.4 753.5 531.7 837.2 483.4 0 1 2.308 3.0 0.783 1.0 0.761 1.0 6 1 False 3 3.6 0 34.715 0 707040 707040 7101.0 7111.0 B B E
7 7 5 FO 753.48 725.04 4 6 753.5 628.4 837.2 676.7 837.2 773.4 753.5 821.7 669.8 773.4 669.8 676.7 753.5 628.4 0 1 2.357 3.0 0.775 1.0 0.746 1.0 5 1 False 3 3.6 0 43.898 0 707050 707050 7100.0 7110.0 A A E
7 7 6 FO 669.76 870.05 4 6 669.8 773.4 753.5 821.7 753.5 918.4 669.8 966.7 586.0 918.4 586.0 821.7 669.8 773.4 0 1 2.144 3.0 0.722 1.0 0.696 1.0 4 1 False 3 3.6 0 52.411 0 707060 707060 7100.0 7110.0 A A E
7 7 7 FO 586.045 1015.06 1 6 669.795 966.718 669.729 1063.405 586.071 1111.705 502.305 1063.418 502.371 966.732 586.029 918.432 669.795 966.718 1 0 1.834 2.0 0.646 1.0 0.629 1.0 109 1 False 3 3.6 0 60.0 0 707070 707070 7200.0 7210.0 A A E
7 7 8 FO 502.323 1160.068 1 6 586.071 1111.705 586.005 1208.391 502.347 1256.691 418.582 1208.405 418.647 1111.718 502.305 1063.418 586.071 1111.705 1 0 1.761 2.0 0.561 1.0 0.554 1.0 108 1 False 3 3.6 0 66.587 0 707080 707080 7200.0 7210.0 A A E
7 7 9 FO 418.6 1305.077 1 6 502.347 1256.691 502.282 1353.377 418.537 1401.727 334.858 1353.391 334.837 1256.755 418.582 1208.405 502.347 1256.691 1 0 1.521 2.0 0.537 1.0 0.537 1.0 107 1 False 3 3.6 0 72.216 0 707090 707090 7200.0 7210.0 A A N
7 7 10 aOe 334.887 1450.081 1 4 418.537 1401.727 251.134 1498.377 251.113 1401.741 334.858 1353.391 418.537 1401.727 0.0 0.0 0.0 0.0 1 0 0.997 2.0 0.144 1.0 0.144 1.0 110 1 False 3 3.6 0 76.996 0 707100 707100 7200.0 7210.0 A A N
7 8 0 FO 1339.53 0.0 0 6 1339.5 -96.7 1423.2 -48.3 1423.2 48.3 1339.5 96.7 1255.8 48.3 1255.8 -48.3 1339.5 -96.7 0 0 1.591 2.0 0.562 1.0 0.562 1.0 9 1 False 3 3.6 0 0.0 0 708000 708000 7000.0 7010.0 A A N
7 8 1 FO 1255.81 145.01 0 6 1255.8 48.3 1339.5 96.7 1339.5 193.3 1255.8 241.7 1172.1 193.3 1172.1 96.7 1255.8 48.3 0 0 1.761 2.0 0.561 1.0 0.554 1.0 8 1 False 3 3.6 0 6.587 0 708010 708010 7000.0 7010.0 A A E
7 8 2 FO 1172.09 290.02 0 6 1172.1 193.3 1255.8 241.7 1255.8 338.4 1172.1 386.7 1088.4 338.4 1088.4 241.7 1172.1 193.3 0 0 1.803 2.0 0.614 1.0 0.602 1.0 7 1 False 3 3.6 0 13.898 0 708020 708020 7000.0 7010.0 A A E
7 8 3 FO 1088.37 435.02 0 6 1088.4 338.4 1172.1 386.7 1172.1 483.4 1088.4 531.7 1004.6 483.4 1004.6 386.7 1088.4 338.4 0 0 1.888 2.0 0.643 1.0 0.626 1.0 10 0 True 3 3.6 0 21.787 0 708030 708030 7000.0 7010.0 A A W
7 8 4 FO 1004.64 580.03 0 6 1004.6 483.4 1088.4 531.7 1088.4 628.4 1004.6 676.7 920.9 628.4 920.9 531.7 1004.6 483.4 0 0 1.889 2.0 0.652 1.0 0.636 1.0 11 0 True 3 3.6 0 30.0 0 708040 708040 7000.0 7011.0 A C W
7 8 5 FO 920.92 725.04 4 6 920.9 628.4 1004.6 676.7 1004.6 773.4 920.9 821.7 837.2 773.4 837.2 676.7 920.9 628.4 0 1 1.876 2.0 0.639 1.0 0.623 1.0 6 0 True 3 3.6 0 38.213 0 708050 708050 7101.0 7111.0 B B W
7 8 6 FO 837.2 870.05 4 6 837.2 773.4 920.9 821.7 920.9 918.4 837.2 966.7 753.5 918.4 753.5 821.7 837.2 773.4 0 1 1.779 2.0 0.612 1.0 0.6 1.0 5 0 True 3 3.6 0 46.102 0 708060 708060 7100.0 7110.0 A A W
7 8 7 FO 753.48 1015.06 4 6 753.5 918.4 837.2 966.7 837.2 1063.4 753.5 1111.7 669.8 1063.4 669.8 966.7 753.5 918.4 0 1 1.763 2.0 0.566 1.0 0.557 1.0 4 0 True 3 3.6 0 53.413 0 708070 708070 7100.0 7110.0 A A W
7 8 8 FO 669.765 1160.067 1 6 753.495 1111.691 753.429 1208.377 669.771 1256.677 586.005 1208.391 586.071 1111.705 669.729 1063.405 753.495 1111.691 1 0 1.591 2.0 0.562 1.0 0.562 1.0 109 1 False 3 3.6 0 60.0 0 708080 708080 7200.0 7210.0 A A N
7 8 9 FOe 586.043 1305.076 1 6 669.771 1256.677 669.755 1353.45 586.097 1401.75 502.282 1353.377 502.347 1256.691 586.005 1208.391 669.771 1256.677 1 0 1.37 2.0 0.44 1.0 0.443 1.0 108 1 False 3 3.6 0 65.818 0 708090 708090 7200.0 7210.0 A A N
7 8 10 cOe 502.32 1450.084 1 3 586.097 1401.75 418.537 1401.727 502.282 1353.377 586.097 1401.75 0.0 0.0 0.0 0.0 0.0 0.0 1 0 0.746 0.0 0.0 0.0 0.0 0.0 107 1 False 3 3.6 0 70.894 0 708100 708100 7200.0 7210.0 A A N
7 9 0 cOe 1506.97 0.0 5 3 1423.2 -48.3 1507.0 96.7 1423.2 48.3 1423.2 -48.3 0.0 0.0 0.0 0.0 0.0 0.0 0 0 0.773 0.0 0.0 0.0 0.0 0.0 9 1 False 3 3.6 0 0.0 0 709000 709000 7000.0 7010.0 A A N
7 9 1 FOe 1423.25 145.01 0 6 1423.2 48.3 1507.0 96.7 1507.0 193.3 1423.2 241.7 1339.5 193.3 1339.5 96.7 1423.2 48.3 0 0 1.37 2.0 0.44 1.0 0.443 1.0 8 1 False 3 3.6 0 5.818 0 709010 709010 7000.0 7010.0 A A N
7 9 2 FO 1339.53 290.02 0 6 1339.5 193.3 1423.2 241.7 1423.2 338.4 1339.5 386.7 1255.8 338.4 1255.8 241.7 1339.5 193.3 0 0 1.521 2.0 0.537 1.0 0.537 1.0 7 1 False 3 3.6 0 12.216 0 709020 709020 7000.0 7010.0 A A N
7 9 3 FO 1255.81 435.02 0 6 1255.8 338.4 1339.5 386.7 1339.5 483.4 1255.8 531.7 1172.1 483.4 1172.1 386.7 1255.8 338.4 0 0 1.608 2.0 0.499 1.0 0.498 1.0 10 1 False 3 3.6 0 19.106 0 709030 709030 7000.0 7010.0 A A E
7 9 4 FO 1172.09 580.03 0 6 1172.1 483.4 1255.8 531.7 1255.8 628.4 1172.1 676.7 1088.4 628.4 1088.4 531.7 1172.1 483.4 0 0 1.717 2.0 0.516 1.0 0.513 1.0 11 1 False 3 3.6 0 26.329 0 709040 709040 7000.0 7011.0 A C E
7 9 5 FO 1088.37 725.04 4 6 1088.4 628.4 1172.1 676.7 1172.1 773.4 1088.4 821.7 1004.6 773.4 1004.6 676.7 1088.4 628.4 0 0 1.663 2.0 0.519 1.0 0.516 1.0 11 0 False 3 3.6 0 33.67 0 709050 709050 7000.0 7011.0 A C N
7 9 6 FO 1004.64 870.05 4 6 1004.6 773.4 1088.4 821.7 1088.4 918.4 1004.6 966.7 920.9 918.4 920.9 821.7 1004.6 773.4 0 1 1.625 2.0 0.496 1.0 0.495 1.0 6 0 False 3 3.6 0 40.894 0 709060 709060 7101.0 7111.0 B B N
7 9 7 FO 920.92 1015.06 4 6 920.9 918.4 1004.6 966.7 1004.6 1063.4 920.9 1111.7 837.2 1063.4 837.2 966.7 920.9 918.4 0 1 1.492 2.0 0.547 1.0 0.547 1.0 5 0 False 3 3.6 0 47.784 0 709070 709070 7100.0 7110.0 A A N
7 9 8 bOe 837.2 1160.06 2 5 920.9 1208.4 753.5 1208.4 753.5 1111.7 837.2 1063.4 920.9 1111.7 920.9 1208.4 0.0 0.0 0 1 1.217 2.0 0.192 1.0 0.192 1.0 4 0 False 3 3.6 0 54.183 0 709080 709080 7100.0 7110.0 A A N
7 9 9 cOe 753.485 1305.074 0 3 753.429 1208.377 669.755 1353.45 669.771 1256.677 753.429 1208.377 0.0 0.0 0.0 0.0 0.0 0.0 1 0 0.773 0.0 0.0 0.0 0.0 0.0 109 1 False 3 3.6 0 60.0 0 709090 709090 7200.0 7210.0 A A N
7 10 2 cOe 1506.97 290.02 0 3 1507.0 193.3 1423.2 338.4 1423.2 241.7 1507.0 193.3 0.0 0.0 0.0 0.0 0.0 0.0 0 0 0.746 0.0 0.0 0.0 0.0 0.0 7 1 False 3 3.6 0 10.894 0 710020 710020 7000.0 7010.0 A A N
7 10 3 aOe 1423.25 435.02 0 4 1423.2 338.4 1423.2 531.7 1339.5 483.4 1339.5 386.7 1423.2 338.4 0.0 0.0 0.0 0.0 0 0 0.997 2.0 0.144 1.0 0.144 1.0 10 1 False 3 3.6 0 16.996 0 710030 710030 7000.0 7010.0 A A N
7 10 4 bOe 1339.53 580.03 1 5 1423.2 531.7 1339.5 676.7 1255.8 628.4 1255.8 531.7 1339.5 483.4 1423.2 531.7 0.0 0.0 0 0 1.207 2.0 0.192 1.0 0.192 1.0 11 1 False 3 3.6 0 23.413 0 710040 710040 7000.0 7011.0 A C N
7 10 5 dOe 1255.81 725.04 0 5 1255.8 628.4 1297.7 652.5 1213.9 797.5 1172.1 773.4 1172.1 676.7 1255.8 628.4 0.0 0.0 0 0 0.992 2.0 0.144 1.0 0.144 1.0 11 1 False 2 2.4 0 30.0 0 710050 710050 7000.0 7011.0 A C N
7 10 6 bOe 1172.09 870.05 1 5 1255.8 821.7 1172.1 966.7 1088.4 918.4 1088.4 821.7 1172.1 773.4 1255.8 821.7 0.0 0.0 0 0 1.193 2.0 0.192 1.0 0.192 1.0 11 0 False 3 3.6 0 36.587 0 710060 710060 7000.0 7011.0 A C N
7 10 7 aOe 1088.37 1015.06 1 4 1172.1 966.7 1004.6 1063.4 1004.6 966.7 1088.4 918.4 1172.1 966.7 0.0 0.0 0.0 0.0 0 1 1.003 2.0 0.144 1.0 0.144 1.0 6 0 False 3 3.6 0 43.004 0 710070 710070 7101.0 7111.0 B B N
7 10 8 cOe 1004.64 1160.06 0 3 1004.6 1063.4 920.9 1208.4 920.9 1111.7 1004.6 1063.4 0.0 0.0 0.0 0.0 0.0 0.0 0 1 0.76 0.0 0.0 0.0 0.0 0.0 5 0 False 3 3.6 0 49.107 0 710080 710080 7100.0 7110.0 A A N
8 1 2 dIe -0.002 290.016 4 5 -83.718 338.396 -83.729 316.578 83.695 316.564 83.705 338.382 0.047 386.682 -83.718 338.396 0.0 0.0 1 1 0.0 0.0 1.75 2.0 1.75 2.0 102 0 False 3 3.6 0 90.0 1 801020 801021 8300.0 0.0 A None N
8 1 3 FI -83.725 435.025 2 6 0.047 386.682 -0.018 483.368 -83.763 531.718 -167.442 483.382 -167.463 386.746 -83.718 338.396 0.047 386.682 1 1 0.0 0.0 2.922 3.0 3.438 4.0 102 0 False 6 7.2 0 100.894 1 801030 801031 8300.0 0.0 A None N
8 1 4 FI -167.438 580.028 2 6 -83.763 531.718 -83.742 628.355 -167.487 676.705 -251.166 628.368 -251.187 531.732 -167.442 483.382 -83.763 531.718 1 1 0.0 0.0 1.887 2.0 1.966 2.0 102 0 False 6 7.2 0 106.102 1 801040 801041 8300.0 0.0 A None N
8 1 5 FI -251.161 725.037 2 6 -167.487 676.705 -167.466 773.341 -251.21 821.691 -334.889 773.355 -334.91 676.718 -251.166 628.368 -167.487 676.705 1 1 0.0 0.0 1.365 2.0 1.382 2.0 102 0 True 6 7.2 0 109.107 1 801050 801051 8300.0 0.0 A None N
8 1 6 FM -334.883 870.046 5 6 -251.21 821.691 -251.139 918.414 -334.884 966.764 -418.613 918.341 -418.634 821.705 -334.889 773.355 -251.21 821.691 1 1 0.0 0.0 0.814 1.0 0.786 1.0 104 1 False 3 3.6 0 111.052 0 801060 801060 8300.0 0.0 A None N
8 1 7 FO -418.605 1015.054 5 6 -334.884 966.764 -334.863 1063.4 -418.608 1111.75 -502.287 1063.414 -502.358 966.691 -418.613 918.341 -334.884 966.764 1 1 0.0 0.0 0.642 1.0 0.612 1.0 104 1 False 3 3.6 0 112.411 0 801070 801070 8300.0 0.0 A None E
8 1 8 FO -502.328 1160.063 5 6 -418.608 1111.75 -418.587 1208.386 -502.331 1256.736 -586.01 1208.4 -586.031 1111.764 -502.287 1063.414 -418.608 1111.75 1 1 0.0 0.0 0.507 1.0 0.489 1.0 104 0 True 3 3.6 0 113.413 0 801080 801080 8300.0 0.0 A None W
8 1 9 aOe -586.041 1305.066 2 4 -502.31 1353.373 -669.755 1256.75 -586.01 1208.4 -502.331 1256.736 -502.31 1353.373 0.0 0.0 0.0 0.0 1 1 0.0 0.0 0.144 1.0 0.144 1.0 104 0 False 3 3.6 0 114.183 0 801090 801090 8300.0 0.0 A None N
8 2 0 gIe 334.88 0.0 3 6 334.9 96.7 316.0 85.8 316.0 -85.8 334.9 -96.7 418.6 -48.3 418.6 48.3 334.9 96.7 0 0 0.0 0.0 3.073 4.0 3.073 4.0 0 0 False 6 7.2 0 0.0 1 802000 802001 8001.0 0.0 B None N
8 2 1 dIe 251.16 145.01 3 5 251.2 241.7 232.3 230.8 316.0 85.8 334.9 96.7 334.9 193.3 251.2 241.7 0.0 0.0 0 1 0.0 0.0 1.75 2.0 1.75 2.0 2 0 False 3 3.6 0 30.0 1 802010 802011 8100.0 0.0 A None N
8 2 2 gIe 167.44 290.015 4 6 83.705 338.382 83.695 316.564 232.305 230.764 251.195 241.682 251.129 338.368 167.471 386.668 83.705 338.382 1 0 0.0 0.0 3.073 4.0 3.073 4.0 100 0 False 6 7.2 0 60.0 1 802020 802021 8201.0 0.0 B None N
8 2 3 FI 83.718 435.023 2 6 167.471 386.668 167.405 483.355 83.747 531.655 -0.018 483.368 0.047 386.682 83.705 338.382 167.471 386.668 1 1 0.0 0.0 2.927 3.0 3.455 4.0 103 0 False 6 7.2 0 79.107 1 802030 802031 8300.0 0.0 A None N
8 2 4 FI -0.005 580.032 2 6 83.747 531.655 83.682 628.341 -0.063 676.691 -83.742 628.355 -83.763 531.718 -0.018 483.368 83.747 531.655 1 1 0.0 0.0 2.0 3.0 2.1 3.0 103 0 False 6 7.2 0 90.0 1 802040 802041 8300.0 0.0 A None N
8 2 5 FI -83.718 725.036 2 6 -0.063 676.691 0.008 773.414 -83.737 821.764 -167.466 773.341 -167.487 676.705 -83.742 628.355 -0.063 676.691 1 1 0.0 0.0 1.457 2.0 1.477 2.0 103 0 True 6 7.2 0 96.587 1 802050 802051 8300.0 0.0 A None N
8 2 6 FM -167.441 870.044 5 6 -83.737 821.764 -83.716 918.4 -167.46 966.75 -251.139 918.414 -251.21 821.691 -167.466 773.341 -83.737 821.764 1 1 0.0 0.0 0.873 1.0 0.84 1.0 105 1 False 3 3.6 0 100.893 0 802060 802060 8300.0 0.0 A None N
8 2 7 FO -251.163 1015.053 5 6 -167.46 966.75 -167.439 1063.386 -251.184 1111.736 -334.863 1063.4 -334.884 966.764 -251.139 918.414 -167.46 966.75 1 1 0.0 0.0 0.692 1.0 0.66 1.0 105 1 False 3 3.6 0 103.898 0 802070 802070 8300.0 0.0 A None E
8 2 8 FO -334.885 1160.061 5 6 -251.184 1111.736 -251.163 1208.373 -334.908 1256.723 -418.587 1208.386 -418.608 1111.75 -334.863 1063.4 -251.184 1111.736 1 1 0.0 0.0 0.549 1.0 0.526 1.0 105 0 True 3 3.6 0 106.102 0 802080 802080 8300.0 0.0 A None W
8 2 9 FOe -418.608 1305.07 5 6 -334.908 1256.723 -334.887 1353.359 -418.631 1401.709 -502.31 1353.373 -502.331 1256.736 -418.587 1208.386 -334.908 1256.723 1 1 0.0 0.0 0.491 1.0 0.491 1.0 105 0 False 3 3.6 0 107.784 0 802090 802090 8300.0 0.0 A None N
8 3 0 FI 502.32 0.0 0 6 502.3 -96.7 586.0 -48.3 586.0 48.3 502.3 96.7 418.6 48.3 418.6 -48.3 502.3 -96.7 0 0 0.0 0.0 2.44 3.0 2.709 3.0 0 0 False 6 7.2 0 0.0 1 803000 803001 8001.0 0.0 B None N
8 3 1 FI 418.6 145.01 1 6 418.6 48.3 502.3 96.7 502.3 193.3 418.6 241.7 334.9 193.3 334.9 96.7 418.6 48.3 0 1 0.0 0.0 2.927 3.0 3.455 4.0 3 0 False 6 7.2 0 19.107 1 803010 803011 8100.0 0.0 A None N
8 3 2 FI 334.88 290.02 1 6 334.9 193.3 418.6 241.7 418.6 338.4 334.9 386.7 251.2 338.4 251.2 241.7 334.9 193.3 0 1 0.0 0.0 2.922 3.0 3.438 4.0 2 0 False 6 7.2 0 40.894 1 803020 803021 8100.0 0.0 A None N
8 3 3 FI 251.16 435.022 1 6 334.895 386.655 334.829 483.341 251.171 531.641 167.405 483.355 167.471 386.668 251.129 338.368 334.895 386.655 1 0 0.0 0.0 2.44 3.0 2.709 3.0 100 0 False 6 7.2 0 60.0 1 803030 803031 8201.0 0.0 B None N
8 3 4 FI 167.438 580.031 1 6 251.171 531.641 251.155 628.414 167.497 676.714 83.682 628.341 83.747 531.655 167.405 483.355 251.171 531.641 1 0 0.0 0.0 1.883 2.0 1.969 2.0 101 0 False 6 7.2 0 73.898 1 803040 803041 8200.0 0.0 A None N
8 3 5 FI 83.715 725.039 1 6 167.497 676.714 167.432 773.4 83.687 821.75 0.008 773.414 -0.063 676.691 83.682 628.341 167.497 676.714 1 0 0.0 0.0 1.452 2.0 1.474 2.0 101 0 False 6 7.2 0 83.414 1 803050 803051 8200.0 0.0 A None N
8 3 6 FM 0.002 870.043 5 6 83.687 821.75 83.708 918.386 -0.037 966.736 -83.716 918.4 -83.737 821.764 0.008 773.414 83.687 821.75 1 1 0.0 0.0 0.887 1.0 0.852 1.0 106 1 False 3 3.6 0 90.0 0 803060 803060 8301.0 0.0 B None N
8 3 7 FM -83.721 1015.051 5 6 -0.037 966.736 -0.016 1063.373 -83.76 1111.723 -167.439 1063.386 -167.46 966.75 -83.716 918.4 -0.037 966.736 1 1 0.0 0.0 0.705 1.0 0.681 1.0 106 1 False 3 3.6 0 94.715 0 803070 803070 8301.0 0.0 B None E
8 3 8 FO -167.443 1160.06 5 6 -83.76 1111.723 -83.739 1208.359 -167.484 1256.709 -251.163 1208.373 -251.184 1111.736 -167.439 1063.386 -83.76 1111.723 1 1 0.0 0.0 0.572 1.0 0.548 1.0 106 0 True 3 3.6 0 98.213 0 803080 803080 8301.0 0.0 B None W
8 3 9 FO -251.165 1305.069 5 6 -167.484 1256.709 -167.413 1353.432 -251.158 1401.782 -334.887 1353.359 -334.908 1256.723 -251.163 1208.373 -167.484 1256.709 1 1 0.0 0.0 0.442 1.0 0.432 1.0 106 0 False 3 3.6 0 100.894 0 803090 803090 8301.0 0.0 B None N
8 3 10 cOe -334.883 1450.086 1 3 -251.158 1401.782 -418.631 1401.709 -334.887 1353.359 -251.158 1401.782 0.0 0.0 0.0 0.0 0.0 0.0 1 1 0.0 0.0 0.0 0.0 0.0 0.0 106 0 False 3 3.6 0 103.004 0 803100 803100 8301.0 0.0 B None N
8 4 0 FI 669.76 0.0 0 6 669.8 -96.7 753.5 -48.3 753.5 48.3 669.8 96.7 586.0 48.3 586.0 -48.3 669.8 -96.7 0 0 0.0 0.0 1.62 2.0 1.65 2.0 0 0 True 6 7.2 0 0.0 1 804000 804001 8001.0 0.0 B None N
8 4 1 FI 586.04 145.01 0 6 586.0 48.3 669.8 96.7 669.8 193.3 586.0 241.7 502.3 193.3 502.3 96.7 586.0 48.3 0 0 0.0 0.0 1.883 2.0 1.969 2.0 1 0 False 6 7.2 0 13.898 1 804010 804011 8000.0 0.0 A None N
8 4 2 FI 502.32 290.02 1 6 502.3 193.3 586.0 241.7 586.0 338.4 502.3 386.7 418.6 338.4 418.6 241.7 502.3 193.3 0 1 0.0 0.0 2.0 3.0 2.1 3.0 3 0 False 6 7.2 0 30.0 1 804020 804021 8100.0 0.0 A None N
8 4 3 FI 418.6 435.02 1 6 418.6 338.4 502.3 386.7 502.3 483.4 418.6 531.7 334.9 483.4 334.9 386.7 418.6 338.4 0 1 0.0 0.0 1.887 2.0 1.966 2.0 2 0 False 6 7.2 0 46.102 1 804030 804031 8100.0 0.0 A None N
8 4 4 FI 334.88 580.029 1 6 418.645 531.714 418.579 628.4 334.921 676.7 251.155 628.414 251.171 531.641 334.829 483.341 418.645 531.714 1 0 0.0 0.0 1.62 2.0 1.65 2.0 100 0 True 6 7.2 0 60.0 1 804040 804041 8201.0 0.0 B None N
8 4 5 FI 251.158 725.038 1 6 334.921 676.7 334.855 773.386 251.197 821.686 167.432 773.4 167.497 676.714 251.155 628.414 334.921 676.7 1 0 0.0 0.0 1.358 2.0 1.375 2.0 101 0 True 6 7.2 0 70.894 1 804050 804051 8200.0 0.0 A None N
8 4 6 FM 167.435 870.046 1 6 251.197 821.686 251.132 918.373 167.387 966.723 83.708 918.386 83.687 821.75 167.432 773.4 251.197 821.686 1 0 0.0 0.0 0.871 1.0 0.838 1.0 107 0 False 3 3.6 0 79.107 0 804060 804060 8200.0 0.0 A None N
8 4 7 FM 83.722 1015.05 1 6 167.387 966.723 167.408 1063.359 83.663 1111.709 -0.016 1063.373 -0.037 966.736 83.708 918.386 167.387 966.723 1 0 0.0 0.0 0.704 1.0 0.68 1.0 110 0 False 3 3.6 0 85.285 0 804070 804070 8200.0 0.0 A None N
8 4 8 FO -0.001 1160.059 1 6 83.663 1111.709 83.734 1208.432 -0.01 1256.782 -83.739 1208.359 -83.76 1111.723 -0.016 1063.373 83.663 1111.709 1 0 0.0 0.0 0.587 1.0 0.562 1.0 111 0 True 3 3.6 0 90.0 0 804080 804080 8200.0 0.0 A None W
8 4 9 FO -83.718 1305.076 5 6 -0.01 1256.782 0.011 1353.418 -83.734 1401.768 -167.413 1353.432 -167.484 1256.709 -83.739 1208.359 -0.01 1256.782 1 0 0.0 0.0 0.466 1.0 0.451 1.0 111 0 False 3 3.6 0 93.67 0 804090 804090 8200.0 0.0 A None N
8 4 10 dOe -167.44 1450.085 1 5 -83.734 1401.768 -83.705 1450.018 -251.216 1450.082 -251.158 1401.782 -167.413 1353.432 -83.734 1401.768 0.0 0.0 1 0 0.0 0.0 0.144 1.0 0.144 1.0 111 0 False 2 2.4 0 96.587 0 804100 804100 8200.0 0.0 A None N
8 5 0 FM 837.2 0.0 0 6 837.2 -96.7 920.9 -48.3 920.9 48.3 837.2 96.7 753.5 48.3 753.5 -48.3 837.2 -96.7 0 0 0.0 0.0 0.93 1.0 0.892 1.0 9 0 False 3 3.6 0 0.0 0 805000 805000 8000.0 0.0 A None N
8 5 1 FI 753.48 145.01 0 6 753.5 48.3 837.2 96.7 837.2 193.3 753.5 241.7 669.8 193.3 669.8 96.7 753.5 48.3 0 0 0.0 0.0 1.358 2.0 1.375 2.0 1 0 True 6 7.2 0 10.894 1 805010 805011 8000.0 0.0 A None N
8 5 2 FI 669.76 290.02 0 6 669.8 193.3 753.5 241.7 753.5 338.4 669.8 386.7 586.0 338.4 586.0 241.7 669.8 193.3 0 0 0.0 0.0 1.452 2.0 1.474 2.0 1 0 False 6 7.2 0 23.414 1 805020 805021 8000.0 0.0 A None N
8 5 3 FI 586.04 435.02 1 6 586.0 338.4 669.8 386.7 669.8 483.4 586.0 531.7 502.3 483.4 502.3 386.7 586.0 338.4 0 1 0.0 0.0 1.457 2.0 1.477 2.0 3 0 True 6 7.2 0 36.587 1 805030 805031 8100.0 0.0 A None N
8 5 4 FI 502.32 580.03 1 6 502.3 483.4 586.0 531.7 586.0 628.4 502.3 676.7 418.6 628.4 418.6 531.7 502.3 483.4 0 1 0.0 0.0 1.365 2.0 1.382 2.0 2 0 True 6 7.2 0 49.107 1 805040 805041 8100.0 0.0 A None N
8 5 5 FM 418.6 725.036 1 6 502.345 676.686 502.279 773.373 418.621 821.673 334.855 773.386 334.921 676.7 418.579 628.4 502.345 676.686 1 0 0.0 0.0 0.93 1.0 0.892 1.0 109 0 False 3 3.6 0 60.0 0 805050 805050 8200.0 0.0 A None N
8 5 6 FM 334.878 870.045 1 6 418.621 821.673 418.555 918.359 334.897 966.659 251.132 918.373 251.197 821.686 334.855 773.386 418.621 821.673 1 0 0.0 0.0 0.817 1.0 0.788 1.0 108 0 False 3 3.6 0 68.948 0 805060 805060 8200.0 0.0 A None N
8 5 7 FO 251.155 1015.054 1 6 334.897 966.659 334.882 1063.432 251.137 1111.782 167.408 1063.359 167.387 966.723 251.132 918.373 334.897 966.659 1 0 0.0 0.0 0.692 1.0 0.659 1.0 107 0 True 3 3.6 0 76.102 0 805070 805070 8200.0 0.0 A None W
8 5 8 FO 167.447 1160.066 1 6 251.137 1111.782 251.158 1208.418 167.413 1256.768 83.734 1208.432 83.663 1111.709 167.408 1063.359 251.137 1111.782 1 0 0.0 0.0 0.573 1.0 0.549 1.0 110 0 True 3 3.6 0 81.787 0 805080 805080 8200.0 0.0 A None W
8 5 9 FO 83.724 1305.075 1 6 167.413 1256.768 167.434 1353.405 83.69 1401.755 0.011 1353.418 -0.01 1256.782 83.734 1208.432 167.413 1256.768 1 0 0.0 0.0 0.46 1.0 0.448 1.0 111 1 False 3 3.6 0 86.329 0 805090 805090 8200.0 0.0 A None E
8 5 10 dOe 0.002 1450.083 1 5 83.69 1401.755 83.768 1450.091 -83.705 1450.018 -83.734 1401.768 0.011 1353.418 83.69 1401.755 0.0 0.0 1 0 0.0 0.0 0.144 1.0 0.144 1.0 111 1 False 2 2.4 0 90.0 0 805100 805100 8200.0 0.0 A None N
8 6 0 FM 1004.64 0.0 0 6 1004.6 -96.7 1088.4 -48.3 1088.4 48.3 1004.6 96.7 920.9 48.3 920.9 -48.3 1004.6 -96.7 0 0 0.0 0.0 0.712 1.0 0.688 1.0 9 0 True 3 3.6 0 0.0 0 806000 806000 8000.0 0.0 A None W
8 6 1 FM 920.92 145.01 0 6 920.9 48.3 1004.6 96.7 1004.6 193.3 920.9 241.7 837.2 193.3 837.2 96.7 920.9 48.3 0 0 0.0 0.0 0.817 1.0 0.788 1.0 8 0 False 3 3.6 0 8.948 0 806010 806010 8000.0 0.0 A None N
8 6 2 FM 837.2 290.02 0 6 837.2 193.3 920.9 241.7 920.9 338.4 837.2 386.7 753.5 338.4 753.5 241.7 837.2 193.3 0 0 0.0 0.0 0.871 1.0 0.838 1.0 7 0 False 3 3.6 0 19.107 0 806020 806020 8000.0 0.0 A None N
8 6 3 FM 753.48 435.02 4 6 753.5 338.4 837.2 386.7 837.2 483.4 753.5 531.7 669.8 483.4 669.8 386.7 753.5 338.4 0 1 0.0 0.0 0.887 1.0 0.852 1.0 6 1 False 3 3.6 0 30.0 0 806030 806030 8101.0 0.0 B None N
8 6 4 FM 669.76 580.03 4 6 669.8 483.4 753.5 531.7 753.5 628.4 669.8 676.7 586.0 628.4 586.0 531.7 669.8 483.4 0 1 0.0 0.0 0.873 1.0 0.84 1.0 5 1 False 3 3.6 0 40.893 0 806040 806040 8100.0 0.0 A None N
8 6 5 FM 586.04 725.04 4 6 586.0 628.4 669.8 676.7 669.8 773.4 586.0 821.7 502.3 773.4 502.3 676.7 586.0 628.4 0 1 0.0 0.0 0.814 1.0 0.786 1.0 4 1 False 3 3.6 0 51.052 0 806050 806050 8100.0 0.0 A None N
8 6 6 FM 502.32 870.044 1 6 586.045 821.659 586.029 918.432 502.371 966.732 418.555 918.359 418.621 821.673 502.279 773.373 586.045 821.659 1 0 0.0 0.0 0.712 1.0 0.688 1.0 109 0 True 3 3.6 0 60.0 0 806060 806060 8200.0 0.0 A None W
8 6 7 FO 418.603 1015.061 1 6 502.371 966.732 502.305 1063.418 418.647 1111.718 334.882 1063.432 334.897 966.659 418.555 918.359 502.371 966.732 1 0 0.0 0.0 0.632 1.0 0.603 1.0 108 0 True 3 3.6 0 67.589 0 806070 806070 8200.0 0.0 A None W
8 6 8 FO 334.88 1160.07 1 6 418.647 1111.718 418.582 1208.405 334.837 1256.755 251.158 1208.418 251.137 1111.782 334.882 1063.432 418.647 1111.718 1 0 0.0 0.0 0.547 1.0 0.524 1.0 107 1 False 3 3.6 0 73.898 0 806080 806080 8200.0 0.0 A None E
8 6 9 FO 251.167 1305.073 1 6 334.837 1256.755 334.858 1353.391 251.113 1401.741 167.434 1353.405 167.413 1256.768 251.158 1208.418 334.837 1256.755 1 0 0.0 0.0 0.511 1.0 0.511 1.0 110 1 False 3 3.6 0 79.106 0 806090 806090 8200.0 0.0 A None E
8 6 10 dOe 167.444 1450.082 1 5 251.113 1401.741 251.192 1450.077 83.768 1450.091 83.69 1401.755 167.434 1353.405 251.113 1401.741 0.0 0.0 1 0 0.0 0.0 0.144 1.0 0.144 1.0 111 1 False 2 2.4 0 83.413 0 806100 806100 8200.0 0.0 A None N
8 7 0 FO 1172.09 0.0 0 6 1172.1 -96.7 1255.8 -48.3 1255.8 48.3 1172.1 96.7 1088.4 48.3 1088.4 -48.3 1172.1 -96.7 0 0 0.0 0.0 0.579 1.0 0.555 1.0 9 1 False 3 3.6 0 0.0 0 807000 807000 8000.0 0.0 A None E
8 7 1 FO 1088.37 145.01 0 6 1088.4 48.3 1172.1 96.7 1172.1 193.3 1088.4 241.7 1004.6 193.3 1004.6 96.7 1088.4 48.3 0 0 0.0 0.0 0.632 1.0 0.603 1.0 8 0 True 3 3.6 0 7.589 0 807010 807010 8000.0 0.0 A None W
8 7 2 FO 1004.64 290.02 0 6 1004.6 193.3 1088.4 241.7 1088.4 338.4 1004.6 386.7 920.9 338.4 920.9 241.7 1004.6 193.3 0 0 0.0 0.0 0.692 1.0 0.659 1.0 7 0 True 3 3.6 0 16.102 0 807020 807020 8000.0 0.0 A None W
8 7 3 FM 920.92 435.02 0 6 920.9 338.4 1004.6 386.7 1004.6 483.4 920.9 531.7 837.2 483.4 837.2 386.7 920.9 338.4 0 0 0.0 0.0 0.704 1.0 0.68 1.0 10 0 False 3 3.6 0 25.285 0 807030 807030 8000.0 0.0 A None N
8 7 4 FM 837.2 580.03 4 6 837.2 483.4 920.9 531.7 920.9 628.4 837.2 676.7 753.5 628.4 753.5 531.7 837.2 483.4 0 1 0.0 0.0 0.705 1.0 0.681 1.0 6 1 False 3 3.6 0 34.715 0 807040 807040 8101.0 0.0 B None E
8 7 5 FO 753.48 725.04 4 6 753.5 628.4 837.2 676.7 837.2 773.4 753.5 821.7 669.8 773.4 669.8 676.7 753.5 628.4 0 1 0.0 0.0 0.692 1.0 0.66 1.0 5 1 False 3 3.6 0 43.898 0 807050 807050 8100.0 0.0 A None E
8 7 6 FO 669.76 870.05 4 6 669.8 773.4 753.5 821.7 753.5 918.4 669.8 966.7 586.0 918.4 586.0 821.7 669.8 773.4 0 1 0.0 0.0 0.642 1.0 0.612 1.0 4 1 False 3 3.6 0 52.411 0 807060 807060 8100.0 0.0 A None E
8 7 7 FO 586.045 1015.06 1 6 669.795 966.718 669.729 1063.405 586.071 1111.705 502.305 1063.418 502.371 966.732 586.029 918.432 669.795 966.718 1 0 0.0 0.0 0.579 1.0 0.555 1.0 109 1 False 3 3.6 0 60.0 0 807070 807070 8200.0 0.0 A None E
8 7 8 FO 502.323 1160.068 1 6 586.071 1111.705 586.005 1208.391 502.347 1256.691 418.582 1208.405 418.647 1111.718 502.305 1063.418 586.071 1111.705 1 0 0.0 0.0 0.498 1.0 0.481 1.0 108 1 False 3 3.6 0 66.587 0 807080 807080 8200.0 0.0 A None E
8 7 9 FOe 418.6 1305.077 1 6 502.347 1256.691 502.282 1353.377 418.537 1401.727 334.858 1353.391 334.837 1256.755 418.582 1208.405 502.347 1256.691 1 0 0.0 0.0 0.418 1.0 0.409 1.0 107 1 False 3 3.6 0 72.216 0 807090 807090 8200.0 0.0 A None N
8 7 10 cOe 334.887 1450.081 1 3 418.537 1401.727 251.113 1401.741 334.858 1353.391 418.537 1401.727 0.0 0.0 0.0 0.0 0.0 0.0 1 0 0.0 0.0 0.0 0.0 0.0 0.0 110 1 False 3 3.6 0 76.996 0 807100 807100 8200.0 0.0 A None N
8 8 0 FOe 1339.53 0.0 0 6 1339.5 -96.7 1423.2 -48.3 1423.2 48.3 1339.5 96.7 1255.8 48.3 1255.8 -48.3 1339.5 -96.7 0 0 0.0 0.0 0.442 1.0 0.431 1.0 9 1 False 3 3.6 0 0.0 0 808000 808000 8000.0 0.0 A None N
8 8 1 FO 1255.81 145.01 0 6 1255.8 48.3 1339.5 96.7 1339.5 193.3 1255.8 241.7 1172.1 193.3 1172.1 96.7 1255.8 48.3 0 0 0.0 0.0 0.498 1.0 0.481 1.0 8 1 False 3 3.6 0 6.587 0 808010 808010 8000.0 0.0 A None E
8 8 2 FO 1172.09 290.02 0 6 1172.1 193.3 1255.8 241.7 1255.8 338.4 1172.1 386.7 1088.4 338.4 1088.4 241.7 1172.1 193.3 0 0 0.0 0.0 0.547 1.0 0.524 1.0 7 1 False 3 3.6 0 13.898 0 808020 808020 8000.0 0.0 A None E
8 8 3 FO 1088.37 435.02 0 6 1088.4 338.4 1172.1 386.7 1172.1 483.4 1088.4 531.7 1004.6 483.4 1004.6 386.7 1088.4 338.4 0 0 0.0 0.0 0.573 1.0 0.549 1.0 10 0 True 3 3.6 0 21.787 0 808030 808030 8000.0 0.0 A None W
8 8 4 FO 1004.64 580.03 0 6 1004.6 483.4 1088.4 531.7 1088.4 628.4 1004.6 676.7 920.9 628.4 920.9 531.7 1004.6 483.4 0 0 0.0 0.0 0.587 1.0 0.562 1.0 11 0 True 3 3.6 0 30.0 0 808040 808040 8000.0 0.0 A None W
8 8 5 FO 920.92 725.04 4 6 920.9 628.4 1004.6 676.7 1004.6 773.4 920.9 821.7 837.2 773.4 837.2 676.7 920.9 628.4 0 1 0.0 0.0 0.572 1.0 0.548 1.0 6 0 True 3 3.6 0 38.213 0 808050 808050 8101.0 0.0 B None W
8 8 6 FO 837.2 870.05 4 6 837.2 773.4 920.9 821.7 920.9 918.4 837.2 966.7 753.5 918.4 753.5 821.7 837.2 773.4 0 1 0.0 0.0 0.549 1.0 0.526 1.0 5 0 True 3 3.6 0 46.102 0 808060 808060 8100.0 0.0 A None W
8 8 7 FO 753.48 1015.06 4 6 753.5 918.4 837.2 966.7 837.2 1063.4 753.5 1111.7 669.8 1063.4 669.8 966.7 753.5 918.4 0 1 0.0 0.0 0.507 1.0 0.489 1.0 4 0 True 3 3.6 0 53.413 0 808070 808070 8100.0 0.0 A None W
8 8 8 FOe 669.765 1160.067 1 6 753.495 1111.691 753.429 1208.377 669.771 1256.677 586.005 1208.391 586.071 1111.705 669.729 1063.405 753.495 1111.691 1 0 0.0 0.0 0.442 1.0 0.431 1.0 109 1 False 3 3.6 0 60.0 0 808080 808080 8200.0 0.0 A None N
8 8 9 aOe 586.043 1305.076 1 4 669.771 1256.677 502.282 1353.377 502.347 1256.691 586.005 1208.391 669.771 1256.677 0.0 0.0 0.0 0.0 1 0 0.0 0.0 0.144 1.0 0.144 1.0 108 1 False 3 3.6 0 65.818 0 808090 808090 8200.0 0.0 A None N
8 9 1 aOe 1423.25 145.01 0 4 1423.2 48.3 1423.2 241.7 1339.5 193.3 1339.5 96.7 1423.2 48.3 0.0 0.0 0.0 0.0 0 0 0.0 0.0 0.144 1.0 0.144 1.0 8 1 False 3 3.6 0 5.818 0 809010 809010 8000.0 0.0 A None N
8 9 2 FOe 1339.53 290.02 0 6 1339.5 193.3 1423.2 241.7 1423.2 338.4 1339.5 386.7 1255.8 338.4 1255.8 241.7 1339.5 193.3 0 0 0.0 0.0 0.418 1.0 0.409 1.0 7 1 False 3 3.6 0 12.216 0 809020 809020 8000.0 0.0 A None N
8 9 3 FO 1255.81 435.02 0 6 1255.8 338.4 1339.5 386.7 1339.5 483.4 1255.8 531.7 1172.1 483.4 1172.1 386.7 1255.8 338.4 0 0 0.0 0.0 0.511 1.0 0.511 1.0 10 1 False 3 3.6 0 19.106 0 809030 809030 8000.0 0.0 A None E
8 9 4 FO 1172.09 580.03 0 6 1172.1 483.4 1255.8 531.7 1255.8 628.4 1172.1 676.7 1088.4 628.4 1088.4 531.7 1172.1 483.4 0 0 0.0 0.0 0.46 1.0 0.448 1.0 11 1 False 3 3.6 0 26.329 0 809040 809040 8000.0 0.0 A None E
8 9 5 FO 1088.37 725.04 4 6 1088.4 628.4 1172.1 676.7 1172.1 773.4 1088.4 821.7 1004.6 773.4 1004.6 676.7 1088.4 628.4 0 0 0.0 0.0 0.466 1.0 0.451 1.0 11 0 False 3 3.6 0 33.67 0 809050 809050 8000.0 0.0 A None N
8 9 6 FO 1004.64 870.05 4 6 1004.6 773.4 1088.4 821.7 1088.4 918.4 1004.6 966.7 920.9 918.4 920.9 821.7 1004.6 773.4 0 1 0.0 0.0 0.442 1.0 0.432 1.0 6 0 False 3 3.6 0 40.894 0 809060 809060 8101.0 0.0 B None N
8 9 7 FOe 920.92 1015.06 4 6 920.9 918.4 1004.6 966.7 1004.6 1063.4 920.9 1111.7 837.2 1063.4 837.2 966.7 920.9 918.4 0 1 0.0 0.0 0.491 1.0 0.491 1.0 5 0 False 3 3.6 0 47.784 0 809070 809070 8100.0 0.0 A None N
8 9 8 aOe 837.2 1160.06 1 4 920.9 1111.7 753.5 1208.4 753.5 1111.7 837.2 1063.4 920.9 1111.7 0.0 0.0 0.0 0.0 0 1 0.0 0.0 0.144 1.0 0.144 1.0 4 0 False 3 3.6 0 54.183 0 809080 809080 8100.0 0.0 A None N
8 10 3 cOe 1423.25 435.02 0 3 1423.2 338.4 1339.5 483.4 1339.5 386.7 1423.2 338.4 0.0 0.0 0.0 0.0 0.0 0.0 0 0 0.0 0.0 0.0 0.0 0.0 0.0 10 1 False 3 3.6 0 16.996 0 810030 810030 8000.0 0.0 A None N
8 10 4 dOe 1339.53 580.03 0 5 1339.5 483.4 1381.4 507.5 1297.7 652.5 1255.8 628.4 1255.8 531.7 1339.5 483.4 0.0 0.0 0 0 0.0 0.0 0.144 1.0 0.144 1.0 11 1 False 2 2.4 0 23.413 0 810040 810040 8000.0 0.0 A None N
8 10 5 dOe 1255.81 725.04 0 5 1255.8 628.4 1297.7 652.5 1213.9 797.5 1172.1 773.4 1172.1 676.7 1255.8 628.4 0.0 0.0 0 0 0.0 0.0 0.144 1.0 0.144 1.0 11 1 False 2 2.4 0 30.0 0 810050 810050 8000.0 0.0 A None N
8 10 6 dOe 1172.09 870.05 0 5 1172.1 773.4 1213.9 797.5 1130.2 942.6 1088.4 918.4 1088.4 821.7 1172.1 773.4 0.0 0.0 0 0 0.0 0.0 0.144 1.0 0.144 1.0 11 0 False 2 2.4 0 36.587 0 810060 810060 8000.0 0.0 A None N
8 10 7 cOe 1088.37 1015.06 0 3 1088.4 918.4 1004.6 1063.4 1004.6 966.7 1088.4 918.4 0.0 0.0 0.0 0.0 0.0 0.0 0 1 0.0 0.0 0.0 0.0 0.0 0.0 6 0 False 3 3.6 0 43.004 0 810070 810070 8101.0 0.0 B None N
9 1 2 dIe -0.002 290.016 4 5 -83.718 338.396 -83.729 316.578 83.695 316.564 83.705 338.382 0.047 386.682 -83.718 338.396 0.0 0.0 1 1 5.279 6.0 1.798 2.0 1.798 2.0 102 0 False 3 3.6 0 90.0 1 901020 901021 9300.0 9310.0 A A N
9 1 3 FI -83.725 435.025 2 6 0.047 386.682 -0.018 483.368 -83.763 531.718 -167.442 483.382 -167.463 386.746 -83.718 338.396 0.047 386.682 1 1 7.112 8.0 2.934 3.0 3.481 4.0 102 0 False 6 7.2 0 100.894 1 901030 901031 9300.0 9310.0 A A N
9 1 4 FI -167.438 580.028 2 6 -83.763 531.718 -83.742 628.355 -167.487 676.705 -251.166 628.368 -251.187 531.732 -167.442 483.382 -83.763 531.718 1 1 4.381 5.0 1.877 2.0 1.962 2.0 102 0 False 6 7.2 0 106.102 1 901040 901041 9300.0 9310.0 A A N
9 1 5 FI -251.161 725.037 2 6 -167.487 676.705 -167.466 773.341 -251.21 821.691 -334.889 773.355 -334.91 676.718 -251.166 628.368 -167.487 676.705 1 1 2.895 3.0 1.368 2.0 1.385 2.0 102 0 True 6 7.2 0 109.107 1 901050 901051 9300.0 9310.0 A A N
9 1 6 FM -334.883 870.046 5 6 -251.21 821.691 -251.139 918.414 -334.884 966.764 -418.613 918.341 -418.634 821.705 -334.889 773.355 -251.21 821.691 1 1 2.134 3.0 0.808 1.0 0.774 1.0 104 1 False 3 3.6 0 111.052 0 901060 901060 9300.0 9310.0 A A N
9 1 7 FO -418.605 1015.054 5 6 -334.884 966.764 -334.863 1063.4 -418.608 1111.75 -502.287 1063.414 -502.358 966.691 -418.613 918.341 -334.884 966.764 1 1 1.713 2.0 0.631 1.0 0.6 1.0 104 1 False 3 3.6 0 112.411 0 901070 901070 9300.0 9310.0 A A E
9 1 8 FO -502.328 1160.063 5 6 -418.608 1111.75 -418.587 1208.386 -502.331 1256.736 -586.01 1208.4 -586.031 1111.764 -502.287 1063.414 -418.608 1111.75 1 1 1.406 2.0 0.491 1.0 0.479 1.0 104 0 True 3 3.6 0 113.413 0 901080 901080 9300.0 9310.0 A A W
9 1 9 FOe -586.041 1305.066 5 6 -502.331 1256.736 -502.31 1353.373 -586.055 1401.723 -669.734 1353.386 -669.755 1256.75 -586.01 1208.4 -502.331 1256.736 1 1 1.139 2.0 0.402 1.0 0.401 1.0 104 0 False 3 3.6 0 114.183 0 901090 901090 9300.0 9310.0 A A N
9 2 0 gIe 334.88 0.0 3 6 334.9 96.7 316.0 85.8 316.0 -85.8 334.9 -96.7 418.6 -48.3 418.6 48.3 334.9 96.7 0 0 7.513 8.0 3.117 4.0 3.117 4.0 0 0 False 6 7.2 0 0.0 1 902000 902001 9001.0 9011.0 B B N
9 2 1 dIe 251.16 145.01 3 5 251.2 241.7 232.3 230.8 316.0 85.8 334.9 96.7 334.9 193.3 251.2 241.7 0.0 0.0 0 1 5.279 6.0 1.798 2.0 1.798 2.0 2 0 False 3 3.6 0 30.0 1 902010 902011 9100.0 9110.0 A A N
9 2 2 gIe 167.44 290.015 4 6 83.705 338.382 83.695 316.564 232.305 230.764 251.195 241.682 251.129 338.368 167.471 386.668 83.705 338.382 1 0 7.513 8.0 3.117 4.0 3.117 4.0 100 0 False 6 7.2 0 60.0 1 902020 902021 9201.0 9211.0 B B N
9 2 3 FI 83.718 435.023 2 6 167.471 386.668 167.405 483.355 83.747 531.655 -0.018 483.368 0.047 386.682 83.705 338.382 167.471 386.668 1 1 7.138 8.0 2.933 3.0 3.481 4.0 103 0 False 6 7.2 0 79.107 1 902030 902031 9300.0 9310.0 A A N
9 2 4 FI -0.005 580.032 2 6 83.747 531.655 83.682 628.341 -0.063 676.691 -83.742 628.355 -83.763 531.718 -0.018 483.368 83.747 531.655 1 1 4.67 5.0 1.99 3.0 2.103 3.0 103 0 False 6 7.2 0 90.0 1 902040 902041 9300.0 9310.0 A A N
9 2 5 FI -83.718 725.036 2 6 -0.063 676.691 0.008 773.414 -83.737 821.764 -167.466 773.341 -167.487 676.705 -83.742 628.355 -0.063 676.691 1 1 3.152 4.0 1.451 2.0 1.475 2.0 103 0 True 6 7.2 0 96.587 1 902050 902051 9300.0 9310.0 A A N
9 2 6 FM -167.441 870.044 5 6 -83.737 821.764 -83.716 918.4 -167.46 966.75 -251.139 918.414 -251.21 821.691 -167.466 773.341 -83.737 821.764 1 1 2.195 3.0 0.86 1.0 0.821 1.0 105 1 False 3 3.6 0 100.893 0 902060 902060 9300.0 9310.0 A A N
9 2 7 FO -251.163 1015.053 5 6 -167.46 966.75 -167.439 1063.386 -251.184 1111.736 -334.863 1063.4 -334.884 966.764 -251.139 918.414 -167.46 966.75 1 1 1.84 2.0 0.688 1.0 0.652 1.0 105 1 False 3 3.6 0 103.898 0 902070 902070 9300.0 9310.0 A A E
9 2 8 FO -334.885 1160.061 5 6 -251.184 1111.736 -251.163 1208.373 -334.908 1256.723 -418.587 1208.386 -418.608 1111.75 -334.863 1063.4 -251.184 1111.736 1 1 1.431 2.0 0.547 1.0 0.526 1.0 105 0 True 3 3.6 0 106.102 0 902080 902080 9300.0 9310.0 A A W
9 2 9 FO -418.608 1305.07 5 6 -334.908 1256.723 -334.887 1353.359 -418.631 1401.709 -502.31 1353.373 -502.331 1256.736 -418.587 1208.386 -334.908 1256.723 1 1 1.225 2.0 0.419 1.0 0.417 1.0 105 0 False 3 3.6 0 107.784 0 902090 902090 9300.0 9310.0 A A N
9 2 10 aOe -502.321 1450.074 2 4 -418.56 1498.432 -586.055 1401.723 -502.31 1353.373 -418.631 1401.709 -418.56 1498.432 0.0 0.0 0.0 0.0 1 1 0.856 1.0 0.144 1.0 0.144 1.0 105 0 False 3 3.6 0 109.107 0 902100 902100 9300.0 9310.0 A A N
9 3 0 FI 502.32 0.0 0 6 502.3 -96.7 586.0 -48.3 586.0 48.3 502.3 96.7 418.6 48.3 418.6 -48.3 502.3 -96.7 0 0 5.823 6.0 2.437 3.0 2.717 3.0 0 0 False 6 7.2 0 0.0 1 903000 903001 9001.0 9011.0 B B N
9 3 1 FI 418.6 145.01 1 6 418.6 48.3 502.3 96.7 502.3 193.3 418.6 241.7 334.9 193.3 334.9 96.7 418.6 48.3 0 1 7.138 8.0 2.933 3.0 3.481 4.0 3 0 False 6 7.2 0 19.107 1 903010 903011 9100.0 9110.0 A A N
9 3 2 FI 334.88 290.02 1 6 334.9 193.3 418.6 241.7 418.6 338.4 334.9 386.7 251.2 338.4 251.2 241.7 334.9 193.3 0 1 7.112 8.0 2.934 3.0 3.481 4.0 2 0 False 6 7.2 0 40.894 1 903020 903021 9100.0 9110.0 A A N
9 3 3 FI 251.16 435.022 1 6 334.895 386.655 334.829 483.341 251.171 531.641 167.405 483.355 167.471 386.668 251.129 338.368 334.895 386.655 1 0 5.823 6.0 2.437 3.0 2.717 3.0 100 0 False 6 7.2 0 60.0 1 903030 903031 9201.0 9211.0 B B N
9 3 4 FI 167.438 580.031 1 6 251.171 531.641 251.155 628.414 167.497 676.714 83.682 628.341 83.747 531.655 167.405 483.355 251.171 531.641 1 0 4.342 5.0 1.877 2.0 1.965 2.0 101 0 False 6 7.2 0 73.898 1 903040 903041 9200.0 9210.0 A A N
9 3 5 FI 83.715 725.039 1 6 167.497 676.714 167.432 773.4 83.687 821.75 0.008 773.414 -0.063 676.691 83.682 628.341 167.497 676.714 1 0 3.173 4.0 1.449 2.0 1.472 2.0 101 0 False 6 7.2 0 83.414 1 903050 903051 9200.0 9210.0 A A N
9 3 6 FM 0.002 870.043 5 6 83.687 821.75 83.708 918.386 -0.037 966.736 -83.716 918.4 -83.737 821.764 0.008 773.414 83.687 821.75 1 1 2.299 3.0 0.877 1.0 0.839 1.0 106 1 False 3 3.6 0 90.0 0 903060 903060 9301.0 9311.0 B B N
9 3 7 FM -83.721 1015.051 5 6 -0.037 966.736 -0.016 1063.373 -83.76 1111.723 -167.439 1063.386 -167.46 966.75 -83.716 918.4 -0.037 966.736 1 1 1.812 2.0 0.695 1.0 0.666 1.0 106 1 False 3 3.6 0 94.715 0 903070 903070 9301.0 9311.0 B B E
9 3 8 FO -167.443 1160.06 5 6 -83.76 1111.723 -83.739 1208.359 -167.484 1256.709 -251.163 1208.373 -251.184 1111.736 -167.439 1063.386 -83.76 1111.723 1 1 1.49 2.0 0.568 1.0 0.545 1.0 106 0 True 3 3.6 0 98.213 0 903080 903080 9301.0 9311.0 B B W
9 3 9 FO -251.165 1305.069 5 6 -167.484 1256.709 -167.413 1353.432 -251.158 1401.782 -334.887 1353.359 -334.908 1256.723 -251.163 1208.373 -167.484 1256.709 1 1 1.317 2.0 0.443 1.0 0.438 1.0 106 0 False 3 3.6 0 100.894 0 903090 903090 9301.0 9311.0 B B N
9 3 10 bOe -334.883 1450.086 2 5 -251.137 1498.418 -418.56 1498.432 -418.631 1401.709 -334.887 1353.359 -251.158 1401.782 -251.137 1498.418 0.0 0.0 1 1 1.025 2.0 0.192 1.0 0.192 1.0 106 0 False 3 3.6 0 103.004 0 903100 903100 9301.0 9311.0 B B N
9 4 0 FI 669.76 0.0 0 6 669.8 -96.7 753.5 -48.3 753.5 48.3 669.8 96.7 586.0 48.3 586.0 -48.3 669.8 -96.7 0 0 3.658 4.0 1.618 2.0 1.655 2.0 0 0 True 6 7.2 0 0.0 1 904000 904001 9001.0 9011.0 B B N
9 4 1 FI 586.04 145.01 0 6 586.0 48.3 669.8 96.7 669.8 193.3 586.0 241.7 502.3 193.3 502.3 96.7 586.0 48.3 0 0 4.342 5.0 1.877 2.0 1.965 2.0 1 0 False 6 7.2 0 13.898 1 904010 904011 9000.0 9010.0 A A N
9 4 2 FI 502.32 290.02 1 6 502.3 193.3 586.0 241.7 586.0 338.4 502.3 386.7 418.6 338.4 418.6 241.7 502.3 193.3 0 1 4.67 5.0 1.99 3.0 2.103 3.0 3 0 False 6 7.2 0 30.0 1 904020 904021 9100.0 9110.0 A A N
9 4 3 FI 418.6 435.02 1 6 418.6 338.4 502.3 386.7 502.3 483.4 418.6 531.7 334.9 483.4 334.9 386.7 418.6 338.4 0 1 4.381 5.0 1.877 2.0 1.962 2.0 2 0 False 6 7.2 0 46.102 1 904030 904031 9100.0 9110.0 A A N
9 4 4 FI 334.88 580.029 1 6 418.645 531.714 418.579 628.4 334.921 676.7 251.155 628.414 251.171 531.641 334.829 483.341 418.645 531.714 1 0 3.658 4.0 1.618 2.0 1.655 2.0 100 0 True 6 7.2 0 60.0 1 904040 904041 9201.0 9211.0 B B N
9 4 5 FI 251.158 725.038 1 6 334.921 676.7 334.855 773.386 251.197 821.686 167.432 773.4 167.497 676.714 251.155 628.414 334.921 676.7 1 0 2.917 3.0 1.341 2.0 1.36 2.0 101 0 True 6 7.2 0 70.894 1 904050 904051 9200.0 9210.0 A A N
9 4 6 FM 167.435 870.046 1 6 251.197 821.686 251.132 918.373 167.387 966.723 83.708 918.386 83.687 821.75 167.432 773.4 251.197 821.686 1 0 2.174 3.0 0.864 1.0 0.826 1.0 107 0 False 3 3.6 0 79.107 0 904060 904060 9200.0 9210.0 A A N
9 4 7 FM 83.722 1015.05 1 6 167.387 966.723 167.408 1063.359 83.663 1111.709 -0.016 1063.373 -0.037 966.736 83.708 918.386 167.387 966.723 1 0 1.846 2.0 0.698 1.0 0.667 1.0 110 0 False 3 3.6 0 85.285 0 904070 904070 9200.0 9210.0 A A N
9 4 8 FO -0.001 1160.059 1 6 83.663 1111.709 83.734 1208.432 -0.01 1256.782 -83.739 1208.359 -83.76 1111.723 -0.016 1063.373 83.663 1111.709 1 0 1.478 2.0 0.581 1.0 0.557 1.0 111 0 True 3 3.6 0 90.0 0 904080 904080 9200.0 9210.0 A A W
9 4 9 FO -83.718 1305.076 5 6 -0.01 1256.782 0.011 1353.418 -83.734 1401.768 -167.413 1353.432 -167.484 1256.709 -83.739 1208.359 -0.01 1256.782 1 0 1.339 2.0 0.459 1.0 0.452 1.0 111 0 False 3 3.6 0 93.67 0 904090 904090 9200.0 9210.0 A A N
9 4 10 FOe -167.44 1450.085 5 6 -83.734 1401.768 -83.713 1498.405 -167.458 1546.755 -251.137 1498.418 -251.158 1401.782 -167.413 1353.432 -83.734 1401.768 1 0 1.109 2.0 0.374 1.0 0.375 1.0 111 0 False 3 3.6 0 96.587 0 904100 904100 9200.0 9210.0 A A N
9 5 0 FM 837.2 0.0 0 6 837.2 -96.7 920.9 -48.3 920.9 48.3 837.2 96.7 753.5 48.3 753.5 -48.3 837.2 -96.7 0 0 2.369 3.0 0.927 1.0 0.885 1.0 9 0 False 3 3.6 0 0.0 0 905000 905000 9000.0 9010.0 A A N
9 5 1 FI 753.48 145.01 0 6 753.5 48.3 837.2 96.7 837.2 193.3 753.5 241.7 669.8 193.3 669.8 96.7 753.5 48.3 0 0 2.917 3.0 1.341 2.0 1.36 2.0 1 0 True 6 7.2 0 10.894 1 905010 905011 9000.0 9010.0 A A N
9 5 2 FI 669.76 290.02 0 6 669.8 193.3 753.5 241.7 753.5 338.4 669.8 386.7 586.0 338.4 586.0 241.7 669.8 193.3 0 0 3.173 4.0 1.449 2.0 1.472 2.0 1 0 False 6 7.2 0 23.414 1 905020 905021 9000.0 9010.0 A A N
9 5 3 FI 586.04 435.02 1 6 586.0 338.4 669.8 386.7 669.8 483.4 586.0 531.7 502.3 483.4 502.3 386.7 586.0 338.4 0 1 3.152 4.0 1.451 2.0 1.475 2.0 3 0 True 6 7.2 0 36.587 1 905030 905031 9100.0 9110.0 A A N
9 5 4 FI 502.32 580.03 1 6 502.3 483.4 586.0 531.7 586.0 628.4 502.3 676.7 418.6 628.4 418.6 531.7 502.3 483.4 0 1 2.895 3.0 1.368 2.0 1.385 2.0 2 0 True 6 7.2 0 49.107 1 905040 905041 9100.0 9110.0 A A N
9 5 5 FM 418.6 725.036 1 6 502.345 676.686 502.279 773.373 418.621 821.673 334.855 773.386 334.921 676.7 418.579 628.4 502.345 676.686 1 0 2.369 3.0 0.927 1.0 0.885 1.0 109 0 False 3 3.6 0 60.0 0 905050 905050 9200.0 9210.0 A A N
9 5 6 FM 334.878 870.045 1 6 418.621 821.673 418.555 918.359 334.897 966.659 251.132 918.373 251.197 821.686 334.855 773.386 418.621 821.673 1 0 2.141 3.0 0.807 1.0 0.772 1.0 108 0 False 3 3.6 0 68.948 0 905060 905060 9200.0 9210.0 A A N
9 5 7 FO 251.155 1015.054 1 6 334.897 966.659 334.882 1063.432 251.137 1111.782 167.408 1063.359 167.387 966.723 251.132 918.373 334.897 966.659 1 0 1.834 2.0 0.679 1.0 0.644 1.0 107 0 True 3 3.6 0 76.102 0 905070 905070 9200.0 9210.0 A A W
9 5 8 FO 167.447 1160.066 1 6 251.137 1111.782 251.158 1208.418 167.413 1256.768 83.734 1208.432 83.663 1111.709 167.408 1063.359 251.137 1111.782 1 0 1.493 2.0 0.562 1.0 0.541 1.0 110 0 True 3 3.6 0 81.787 0 905080 905080 9200.0 9210.0 A A W
9 5 9 FO 83.724 1305.075 1 6 167.413 1256.768 167.434 1353.405 83.69 1401.755 0.011 1353.418 -0.01 1256.782 83.734 1208.432 167.413 1256.768 1 0 1.367 2.0 0.448 1.0 0.442 1.0 111 1 False 3 3.6 0 86.329 0 905090 905090 9200.0 9210.0 A A E
9 5 10 dOe 0.002 1450.083 1 5 83.69 1401.755 83.768 1450.091 -83.705 1450.018 -83.734 1401.768 0.011 1353.418 83.69 1401.755 0.0 0.0 1 0 0.875 1.0 0.144 1.0 0.144 1.0 111 1 False 2 2.4 0 90.0 0 905100 905100 9200.0 9210.0 A A N
9 6 0 FM 1004.64 0.0 0 6 1004.6 -96.7 1088.4 -48.3 1088.4 48.3 1004.6 96.7 920.9 48.3 920.9 -48.3 1004.6 -96.7 0 0 1.826 2.0 0.702 1.0 0.671 1.0 9 0 True 3 3.6 0 0.0 0 906000 906000 9000.0 9010.0 A A W
9 6 1 FM 920.92 145.01 0 6 920.9 48.3 1004.6 96.7 1004.6 193.3 920.9 241.7 837.2 193.3 837.2 96.7 920.9 48.3 0 0 2.141 3.0 0.807 1.0 0.772 1.0 8 0 False 3 3.6 0 8.948 0 906010 906010 9000.0 9010.0 A A N
9 6 2 FM 837.2 290.02 0 6 837.2 193.3 920.9 241.7 920.9 338.4 837.2 386.7 753.5 338.4 753.5 241.7 837.2 193.3 0 0 2.174 3.0 0.864 1.0 0.826 1.0 7 0 False 3 3.6 0 19.107 0 906020 906020 9000.0 9010.0 A A N
9 6 3 FM 753.48 435.02 4 6 753.5 338.4 837.2 386.7 837.2 483.4 753.5 531.7 669.8 483.4 669.8 386.7 753.5 338.4 0 1 2.299 3.0 0.877 1.0 0.839 1.0 6 1 False 3 3.6 0 30.0 0 906030 906030 9101.0 9111.0 B B N
9 6 4 FM 669.76 580.03 4 6 669.8 483.4 753.5 531.7 753.5 628.4 669.8 676.7 586.0 628.4 586.0 531.7 669.8 483.4 0 1 2.195 3.0 0.86 1.0 0.821 1.0 5 1 False 3 3.6 0 40.893 0 906040 906040 9100.0 9110.0 A A N
9 6 5 FM 586.04 725.04 4 6 586.0 628.4 669.8 676.7 669.8 773.4 586.0 821.7 502.3 773.4 502.3 676.7 586.0 628.4 0 1 2.134 3.0 0.808 1.0 0.774 1.0 4 1 False 3 3.6 0 51.052 0 906050 906050 9100.0 9110.0 A A N
9 6 6 FM 502.32 870.044 1 6 586.045 821.659 586.029 918.432 502.371 966.732 418.555 918.359 418.621 821.673 502.279 773.373 586.045 821.659 1 0 1.826 2.0 0.702 1.0 0.671 1.0 109 0 True 3 3.6 0 60.0 0 906060 906060 9200.0 9210.0 A A W
9 6 7 FO 418.603 1015.061 1 6 502.371 966.732 502.305 1063.418 418.647 1111.718 334.882 1063.432 334.897 966.659 418.555 918.359 502.371 966.732 1 0 1.693 2.0 0.628 1.0 0.598 1.0 108 0 True 3 3.6 0 67.589 0 906070 906070 9200.0 9210.0 A A W
9 6 8 FO 334.88 1160.07 1 6 418.647 1111.718 418.582 1208.405 334.837 1256.755 251.158 1208.418 251.137 1111.782 334.882 1063.432 418.647 1111.718 1 0 1.455 2.0 0.539 1.0 0.52 1.0 107 1 False 3 3.6 0 73.898 0 906080 906080 9200.0 9210.0 A A E
9 6 9 FO 251.167 1305.073 1 6 334.837 1256.755 334.858 1353.391 251.113 1401.741 167.434 1353.405 167.413 1256.768 251.158 1208.418 334.837 1256.755 1 0 1.312 2.0 0.431 1.0 0.429 1.0 110 1 False 3 3.6 0 79.106 0 906090 906090 9200.0 9210.0 A A E
9 6 10 FOe 167.444 1450.082 1 6 251.113 1401.741 251.134 1498.377 167.39 1546.727 83.711 1498.391 83.69 1401.755 167.434 1353.405 251.113 1401.741 1 0 1.105 2.0 0.371 1.0 0.373 1.0 111 1 False 3 3.6 0 83.413 0 906100 906100 9200.0 9210.0 A A N
9 7 0 FO 1172.09 0.0 0 6 1172.1 -96.7 1255.8 -48.3 1255.8 48.3 1172.1 96.7 1088.4 48.3 1088.4 -48.3 1172.1 -96.7 0 0 1.497 2.0 0.564 1.0 0.542 1.0 9 1 False 3 3.6 0 0.0 0 907000 907000 9000.0 9010.0 A A E
9 7 1 FO 1088.37 145.01 0 6 1088.4 48.3 1172.1 96.7 1172.1 193.3 1088.4 241.7 1004.6 193.3 1004.6 96.7 1088.4 48.3 0 0 1.693 2.0 0.628 1.0 0.598 1.0 8 0 True 3 3.6 0 7.589 0 907010 907010 9000.0 9010.0 A A W
9 7 2 FO 1004.64 290.02 0 6 1004.6 193.3 1088.4 241.7 1088.4 338.4 1004.6 386.7 920.9 338.4 920.9 241.7 1004.6 193.3 0 0 1.834 2.0 0.679 1.0 0.644 1.0 7 0 True 3 3.6 0 16.102 0 907020 907020 9000.0 9010.0 A A W
9 7 3 FM 920.92 435.02 0 6 920.9 338.4 1004.6 386.7 1004.6 483.4 920.9 531.7 837.2 483.4 837.2 386.7 920.9 338.4 0 0 1.846 2.0 0.698 1.0 0.667 1.0 10 0 False 3 3.6 0 25.285 0 907030 907030 9000.0 9010.0 A A N
9 7 4 FM 837.2 580.03 4 6 837.2 483.4 920.9 531.7 920.9 628.4 837.2 676.7 753.5 628.4 753.5 531.7 837.2 483.4 0 1 1.812 2.0 0.695 1.0 0.666 1.0 6 1 False 3 3.6 0 34.715 0 907040 907040 9101.0 9111.0 B B E
9 7 5 FO 753.48 725.04 4 6 753.5 628.4 837.2 676.7 837.2 773.4 753.5 821.7 669.8 773.4 669.8 676.7 753.5 628.4 0 1 1.84 2.0 0.688 1.0 0.652 1.0 5 1 False 3 3.6 0 43.898 0 907050 907050 9100.0 9110.0 A A E
9 7 6 FO 669.76 870.05 4 6 669.8 773.4 753.5 821.7 753.5 918.4 669.8 966.7 586.0 918.4 586.0 821.7 669.8 773.4 0 1 1.713 2.0 0.631 1.0 0.6 1.0 4 1 False 3 3.6 0 52.411 0 907060 907060 9100.0 9110.0 A A E
9 7 7 FO 586.045 1015.06 1 6 669.795 966.718 669.729 1063.405 586.071 1111.705 502.305 1063.418 502.371 966.732 586.029 918.432 669.795 966.718 1 0 1.497 2.0 0.564 1.0 0.542 1.0 109 1 False 3 3.6 0 60.0 0 907070 907070 9200.0 9210.0 A A E
9 7 8 FO 502.323 1160.068 1 6 586.071 1111.705 586.005 1208.391 502.347 1256.691 418.582 1208.405 418.647 1111.718 502.305 1063.418 586.071 1111.705 1 0 1.413 2.0 0.495 1.0 0.483 1.0 108 1 False 3 3.6 0 66.587 0 907080 907080 9200.0 9210.0 A A E
9 7 9 FO 418.6 1305.077 1 6 502.347 1256.691 502.282 1353.377 418.537 1401.727 334.858 1353.391 334.837 1256.755 418.582 1208.405 502.347 1256.691 1 0 1.252 2.0 0.412 1.0 0.409 1.0 107 1 False 3 3.6 0 72.216 0 907090 907090 9200.0 9210.0 A A N
9 7 10 bOe 334.887 1450.081 2 5 418.608 1498.45 251.134 1498.377 251.113 1401.741 334.858 1353.391 418.537 1401.727 418.608 1498.45 0.0 0.0 1 0 1.03 2.0 0.192 1.0 0.192 1.0 110 1 False 3 3.6 0 76.996 0 907100 907100 9200.0 9210.0 A A N
9 8 0 FO 1339.53 0.0 0 6 1339.5 -96.7 1423.2 -48.3 1423.2 48.3 1339.5 96.7 1255.8 48.3 1255.8 -48.3 1339.5 -96.7 0 0 1.297 2.0 0.43 1.0 0.427 1.0 9 1 False 3 3.6 0 0.0 0 908000 908000 9000.0 9010.0 A A N
9 8 1 FO 1255.81 145.01 0 6 1255.8 48.3 1339.5 96.7 1339.5 193.3 1255.8 241.7 1172.1 193.3 1172.1 96.7 1255.8 48.3 0 0 1.413 2.0 0.495 1.0 0.483 1.0 8 1 False 3 3.6 0 6.587 0 908010 908010 9000.0 9010.0 A A E
9 8 2 FO 1172.09 290.02 0 6 1172.1 193.3 1255.8 241.7 1255.8 338.4 1172.1 386.7 1088.4 338.4 1088.4 241.7 1172.1 193.3 0 0 1.455 2.0 0.539 1.0 0.52 1.0 7 1 False 3 3.6 0 13.898 0 908020 908020 9000.0 9010.0 A A E
9 8 3 FO 1088.37 435.02 0 6 1088.4 338.4 1172.1 386.7 1172.1 483.4 1088.4 531.7 1004.6 483.4 1004.6 386.7 1088.4 338.4 0 0 1.493 2.0 0.562 1.0 0.541 1.0 10 0 True 3 3.6 0 21.787 0 908030 908030 9000.0 9010.0 A A W
9 8 4 FO 1004.64 580.03 0 6 1004.6 483.4 1088.4 531.7 1088.4 628.4 1004.6 676.7 920.9 628.4 920.9 531.7 1004.6 483.4 0 0 1.478 2.0 0.581 1.0 0.557 1.0 11 0 True 3 3.6 0 30.0 0 908040 908040 9000.0 9010.0 A A W
9 8 5 FO 920.92 725.04 4 6 920.9 628.4 1004.6 676.7 1004.6 773.4 920.9 821.7 837.2 773.4 837.2 676.7 920.9 628.4 0 1 1.49 2.0 0.568 1.0 0.545 1.0 6 0 True 3 3.6 0 38.213 0 908050 908050 9101.0 9111.0 B B W
9 8 6 FO 837.2 870.05 4 6 837.2 773.4 920.9 821.7 920.9 918.4 837.2 966.7 753.5 918.4 753.5 821.7 837.2 773.4 0 1 1.431 2.0 0.547 1.0 0.526 1.0 5 0 True 3 3.6 0 46.102 0 908060 908060 9100.0 9110.0 A A W
9 8 7 FO 753.48 1015.06 4 6 753.5 918.4 837.2 966.7 837.2 1063.4 753.5 1111.7 669.8 1063.4 669.8 966.7 753.5 918.4 0 1 1.406 2.0 0.491 1.0 0.479 1.0 4 0 True 3 3.6 0 53.413 0 908070 908070 9100.0 9110.0 A A W
9 8 8 FO 669.765 1160.067 1 6 753.495 1111.691 753.429 1208.377 669.771 1256.677 586.005 1208.391 586.071 1111.705 669.729 1063.405 753.495 1111.691 1 0 1.297 2.0 0.43 1.0 0.427 1.0 109 1 False 3 3.6 0 60.0 0 908080 908080 9200.0 9210.0 A A N
9 8 9 FOe 586.043 1305.076 1 6 669.771 1256.677 669.755 1353.45 586.097 1401.75 502.282 1353.377 502.347 1256.691 586.005 1208.391 669.771 1256.677 1 0 1.161 2.0 0.385 1.0 0.386 1.0 108 1 False 3 3.6 0 65.818 0 908090 908090 9200.0 9210.0 A A N
9 8 10 aOe 502.32 1450.084 1 4 586.097 1401.75 418.608 1498.45 418.537 1401.727 502.282 1353.377 586.097 1401.75 0.0 0.0 0.0 0.0 1 0 0.849 1.0 0.144 1.0 0.144 1.0 107 1 False 3 3.6 0 70.894 0 908100 908100 9200.0 9210.0 A A N
9 9 0 aOe 1506.97 0.0 0 4 1507.0 -96.7 1507.0 96.7 1423.2 48.3 1423.2 -48.3 1507.0 -96.7 0.0 0.0 0.0 0.0 0 0 0.926 1.0 0.144 1.0 0.144 1.0 9 1 False 3 3.6 0 0.0 0 909000 909000 9000.0 9010.0 A A N
9 9 1 FOe 1423.25 145.01 0 6 1423.2 48.3 1507.0 96.7 1507.0 193.3 1423.2 241.7 1339.5 193.3 1339.5 96.7 1423.2 48.3 0 0 1.161 2.0 0.385 1.0 0.386 1.0 8 1 False 3 3.6 0 5.818 0 909010 909010 9000.0 9010.0 A A N
9 9 2 FO 1339.53 290.02 0 6 1339.5 193.3 1423.2 241.7 1423.2 338.4 1339.5 386.7 1255.8 338.4 1255.8 241.7 1339.5 193.3 0 0 1.252 2.0 0.412 1.0 0.409 1.0 7 1 False 3 3.6 0 12.216 0 909020 909020 9000.0 9010.0 A A N
9 9 3 FO 1255.81 435.02 0 6 1255.8 338.4 1339.5 386.7 1339.5 483.4 1255.8 531.7 1172.1 483.4 1172.1 386.7 1255.8 338.4 0 0 1.312 2.0 0.431 1.0 0.429 1.0 10 1 False 3 3.6 0 19.106 0 909030 909030 9000.0 9010.0 A A E
9 9 4 FO 1172.09 580.03 0 6 1172.1 483.4 1255.8 531.7 1255.8 628.4 1172.1 676.7 1088.4 628.4 1088.4 531.7 1172.1 483.4 0 0 1.367 2.0 0.448 1.0 0.442 1.0 11 1 False 3 3.6 0 26.329 0 909040 909040 9000.0 9010.0 A A E
9 9 5 FO 1088.37 725.04 4 6 1088.4 628.4 1172.1 676.7 1172.1 773.4 1088.4 821.7 1004.6 773.4 1004.6 676.7 1088.4 628.4 0 0 1.339 2.0 0.459 1.0 0.452 1.0 11 0 False 3 3.6 0 33.67 0 909050 909050 9000.0 9010.0 A A N
9 9 6 FO 1004.64 870.05 4 6 1004.6 773.4 1088.4 821.7 1088.4 918.4 1004.6 966.7 920.9 918.4 920.9 821.7 1004.6 773.4 0 1 1.317 2.0 0.443 1.0 0.438 1.0 6 0 False 3 3.6 0 40.894 0 909060 909060 9101.0 9111.0 B B N
9 9 7 FO 920.92 1015.06 4 6 920.9 918.4 1004.6 966.7 1004.6 1063.4 920.9 1111.7 837.2 1063.4 837.2 966.7 920.9 918.4 0 1 1.225 2.0 0.419 1.0 0.417 1.0 5 0 False 3 3.6 0 47.784 0 909070 909070 9100.0 9110.0 A A N
9 9 8 FOe 837.2 1160.06 4 6 837.2 1063.4 920.9 1111.7 920.9 1208.4 837.2 1256.7 753.5 1208.4 753.5 1111.7 837.2 1063.4 0 1 1.139 2.0 0.402 1.0 0.401 1.0 4 0 False 3 3.6 0 54.183 0 909080 909080 9100.0 9110.0 A A N
9 9 9 aOe 753.485 1305.074 1 4 837.245 1256.75 669.755 1353.45 669.771 1256.677 753.429 1208.377 837.245 1256.75 0.0 0.0 0.0 0.0 1 0 0.926 1.0 0.144 1.0 0.144 1.0 109 1 False 3 3.6 0 60.0 0 909090 909090 9200.0 9210.0 A A N
9 10 2 aOe 1506.97 290.02 0 4 1507.0 193.3 1507.0 386.7 1423.2 338.4 1423.2 241.7 1507.0 193.3 0.0 0.0 0.0 0.0 0 0 0.849 1.0 0.144 1.0 0.144 1.0 7 1 False 3 3.6 0 10.894 0 910020 910020 9000.0 9010.0 A A N
9 10 3 bOe 1423.25 435.02 1 5 1507.0 386.7 1423.2 531.7 1339.5 483.4 1339.5 386.7 1423.2 338.4 1507.0 386.7 0.0 0.0 0 0 1.03 2.0 0.192 1.0 0.192 1.0 10 1 False 3 3.6 0 16.996 0 910030 910030 9000.0 9010.0 A A N
9 10 4 FOe 1339.53 580.03 0 6 1339.5 483.4 1423.2 531.7 1423.2 628.4 1339.5 676.7 1255.8 628.4 1255.8 531.7 1339.5 483.4 0 0 1.105 2.0 0.371 1.0 0.373 1.0 11 1 False 3 3.6 0 23.413 0 910040 910040 9000.0 9010.0 A A N
9 10 5 dOe 1255.81 725.04 0 5 1255.8 628.4 1297.7 652.5 1213.9 797.5 1172.1 773.4 1172.1 676.7 1255.8 628.4 0.0 0.0 0 0 0.875 1.0 0.144 1.0 0.144 1.0 11 1 False 2 2.4 0 30.0 0 910050 910050 9000.0 9010.0 A A N
9 10 6 FOe 1172.09 870.05 4 6 1172.1 773.4 1255.8 821.7 1255.8 918.4 1172.1 966.7 1088.4 918.4 1088.4 821.7 1172.1 773.4 0 0 1.109 2.0 0.374 1.0 0.375 1.0 11 0 False 3 3.6 0 36.587 0 910060 910060 9000.0 9010.0 A A N
9 10 7 bOe 1088.37 1015.06 1 5 1172.1 966.7 1088.4 1111.7 1004.6 1063.4 1004.6 966.7 1088.4 918.4 1172.1 966.7 0.0 0.0 0 1 1.025 2.0 0.192 1.0 0.192 1.0 6 0 False 3 3.6 0 43.004 0 910070 910070 9101.0 9111.0 B B N
9 10 8 aOe 1004.64 1160.06 1 4 1088.4 1111.7 920.9 1208.4 920.9 1111.7 1004.6 1063.4 1088.4 1111.7 0.0 0.0 0.0 0.0 0 1 0.856 1.0 0.144 1.0 0.144 1.0 5 0 False 3 3.6 0 49.107 0 910080 910080 9100.0 9110.0 A A N
10 1 2 dIe -0.002 290.016 4 5 -83.718 338.396 -83.729 316.578 83.695 316.564 83.705 338.382 0.047 386.682 -83.718 338.396 0.0 0.0 1 1 0.0 0.0 1.612 2.0 1.612 2.0 102 0 False 3 3.6 0 90.0 1 1001020 1001021 10300.0 0.0 A None N
10 1 3 FI -83.725 435.025 2 6 0.047 386.682 -0.018 483.368 -83.763 531.718 -167.442 483.382 -167.463 386.746 -83.718 338.396 0.047 386.682 1 1 0.0 0.0 2.632 3.0 3.012 4.0 102 0 False 6 7.2 0 100.894 1 1001030 1001031 10300.0 0.0 A None N
10 1 4 FI -167.438 580.028 2 6 -83.763 531.718 -83.742 628.355 -167.487 676.705 -251.166 628.368 -251.187 531.732 -167.442 483.382 -83.763 531.718 1 1 0.0 0.0 1.706 2.0 1.761 2.0 102 0 False 6 7.2 0 106.102 1 1001040 1001041 10300.0 0.0 A None N
10 1 5 FI -251.161 725.037 2 6 -167.487 676.705 -167.466 773.341 -251.21 821.691 -334.889 773.355 -334.91 676.718 -251.166 628.368 -167.487 676.705 1 1 0.0 0.0 1.238 2.0 1.249 2.0 102 0 True 6 7.2 0 109.107 1 1001050 1001051 10300.0 0.0 A None N
10 1 6 FM -334.883 870.046 5 6 -251.21 821.691 -251.139 918.414 -334.884 966.764 -418.613 918.341 -418.634 821.705 -334.889 773.355 -251.21 821.691 1 1 0.0 0.0 0.731 1.0 0.69 1.0 104 1 False 3 3.6 0 111.052 0 1001060 1001060 10300.0 0.0 A None N
10 1 7 FO -418.605 1015.054 5 6 -334.884 966.764 -334.863 1063.4 -418.608 1111.75 -502.287 1063.414 -502.358 966.691 -418.613 918.341 -334.884 966.764 1 1 0.0 0.0 0.576 1.0 0.545 1.0 104 1 False 3 3.6 0 112.411 0 1001070 1001070 10300.0 0.0 A None E
10 1 8 FO -502.328 1160.063 5 6 -418.608 1111.75 -418.587 1208.386 -502.331 1256.736 -586.01 1208.4 -586.031 1111.764 -502.287 1063.414 -418.608 1111.75 1 1 0.0 0.0 0.449 1.0 0.432 1.0 104 0 True 3 3.6 0 113.413 0 1001080 1001080 10300.0 0.0 A None W
10 1 9 bOe -586.041 1305.066 2 5 -502.31 1353.373 -669.734 1353.386 -669.755 1256.75 -586.01 1208.4 -502.331 1256.736 -502.31 1353.373 0.0 0.0 1 1 0.0 0.0 0.192 1.0 0.192 1.0 104 0 False 3 3.6 0 114.183 0 1001090 1001090 10300.0 0.0 A None N
10 2 0 gIe 334.88 0.0 3 6 334.9 96.7 316.0 85.8 316.0 -85.8 334.9 -96.7 418.6 -48.3 418.6 48.3 334.9 96.7 0 0 0.0 0.0 2.764 3.0 2.764 3.0 0 0 False 6 7.2 0 0.0 1 1002000 1002001 10001.0 0.0 B None N
10 2 1 dIe 251.16 145.01 3 5 251.2 241.7 232.3 230.8 316.0 85.8 334.9 96.7 334.9 193.3 251.2 241.7 0.0 0.0 0 1 0.0 0.0 1.612 2.0 1.612 2.0 2 0 False 3 3.6 0 30.0 1 1002010 1002011 10100.0 0.0 A None N
10 2 2 gIe 167.44 290.015 4 6 83.705 338.382 83.695 316.564 232.305 230.764 251.195 241.682 251.129 338.368 167.471 386.668 83.705 338.382 1 0 0.0 0.0 2.764 3.0 2.764 3.0 100 0 False 6 7.2 0 60.0 1 1002020 1002021 10201.0 0.0 B None N
10 2 3 FI 83.718 435.023 2 6 167.471 386.668 167.405 483.355 83.747 531.655 -0.018 483.368 0.047 386.682 83.705 338.382 167.471 386.668 1 1 0.0 0.0 2.632 3.0 3.017 4.0 103 0 False 6 7.2 0 79.107 1 1002030 1002031 10300.0 0.0 A None N
10 2 4 FI -0.005 580.032 2 6 83.747 531.655 83.682 628.341 -0.063 676.691 -83.742 628.355 -83.763 531.718 -0.018 483.368 83.747 531.655 1 1 0.0 0.0 1.8 2.0 1.87 2.0 103 0 False 6 7.2 0 90.0 1 1002040 1002041 10300.0 0.0 A None N
10 2 5 FI -83.718 725.036 2 6 -0.063 676.691 0.008 773.414 -83.737 821.764 -167.466 773.341 -167.487 676.705 -83.742 628.355 -0.063 676.691 1 1 0.0 0.0 1.313 2.0 1.333 2.0 103 0 True 6 7.2 0 96.587 1 1002050 1002051 10300.0 0.0 A None N
10 2 6 FM -167.441 870.044 5 6 -83.737 821.764 -83.716 918.4 -167.46 966.75 -251.139 918.414 -251.21 821.691 -167.466 773.341 -83.737 821.764 1 1 0.0 0.0 0.783 1.0 0.738 1.0 105 1 False 3 3.6 0 100.893 0 1002060 1002060 10300.0 0.0 A None N
10 2 7 FO -251.163 1015.053 5 6 -167.46 966.75 -167.439 1063.386 -251.184 1111.736 -334.863 1063.4 -334.884 966.764 -251.139 918.414 -167.46 966.75 1 1 0.0 0.0 0.627 1.0 0.592 1.0 105 1 False 3 3.6 0 103.898 0 1002070 1002070 10300.0 0.0 A None E
10 2 8 FO -334.885 1160.061 5 6 -251.184 1111.736 -251.163 1208.373 -334.908 1256.723 -418.587 1208.386 -418.608 1111.75 -334.863 1063.4 -251.184 1111.736 1 1 0.0 0.0 0.484 1.0 0.464 1.0 105 0 True 3 3.6 0 106.102 0 1002080 1002080 10300.0 0.0 A None W
10 2 9 FOe -418.608 1305.07 5 6 -334.908 1256.723 -334.887 1353.359 -418.631 1401.709 -502.31 1353.373 -502.331 1256.736 -418.587 1208.386 -334.908 1256.723 1 1 0.0 0.0 0.381 1.0 0.374 1.0 105 0 False 3 3.6 0 107.784 0 1002090 1002090 10300.0 0.0 A None N
10 3 0 FI 502.32 0.0 0 6 502.3 -96.7 586.0 -48.3 586.0 48.3 502.3 96.7 418.6 48.3 418.6 -48.3 502.3 -96.7 0 0 0.0 0.0 2.19 3.0 2.364 3.0 0 0 False 6 7.2 0 0.0 1 1003000 1003001 10001.0 0.0 B None N
10 3 1 FI 418.6 145.01 1 6 418.6 48.3 502.3 96.7 502.3 193.3 418.6 241.7 334.9 193.3 334.9 96.7 418.6 48.3 0 1 0.0 0.0 2.632 3.0 3.017 4.0 3 0 False 6 7.2 0 19.107 1 1003010 1003011 10100.0 0.0 A None N
10 3 2 FI 334.88 290.02 1 6 334.9 193.3 418.6 241.7 418.6 338.4 334.9 386.7 251.2 338.4 251.2 241.7 334.9 193.3 0 1 0.0 0.0 2.632 3.0 3.012 4.0 2 0 False 6 7.2 0 40.894 1 1003020 1003021 10100.0 0.0 A None N
10 3 3 FI 251.16 435.022 1 6 334.895 386.655 334.829 483.341 251.171 531.641 167.405 483.355 167.471 386.668 251.129 338.368 334.895 386.655 1 0 0.0 0.0 2.19 3.0 2.364 3.0 100 0 False 6 7.2 0 60.0 1 1003030 1003031 10201.0 0.0 B None N
10 3 4 FI 167.438 580.031 1 6 251.171 531.641 251.155 628.414 167.497 676.714 83.682 628.341 83.747 531.655 167.405 483.355 251.171 531.641 1 0 0.0 0.0 1.702 2.0 1.754 2.0 101 0 False 6 7.2 0 73.898 1 1003040 1003041 10200.0 0.0 A None N
10 3 5 FI 83.715 725.039 1 6 167.497 676.714 167.432 773.4 83.687 821.75 0.008 773.414 -0.063 676.691 83.682 628.341 167.497 676.714 1 0 0.0 0.0 1.303 2.0 1.319 2.0 101 0 False 6 7.2 0 83.414 1 1003050 1003051 10200.0 0.0 A None N
10 3 6 FM 0.002 870.043 5 6 83.687 821.75 83.708 918.386 -0.037 966.736 -83.716 918.4 -83.737 821.764 0.008 773.414 83.687 821.75 1 1 0.0 0.0 0.793 1.0 0.746 1.0 106 1 False 3 3.6 0 90.0 0 1003060 1003060 10301.0 0.0 B None N
10 3 7 FM -83.721 1015.051 5 6 -0.037 966.736 -0.016 1063.373 -83.76 1111.723 -167.439 1063.386 -167.46 966.75 -83.716 918.4 -0.037 966.736 1 1 0.0 0.0 0.639 1.0 0.608 1.0 106 1 False 3 3.6 0 94.715 0 1003070 1003070 10301.0 0.0 B None E
10 3 8 FO -167.443 1160.06 5 6 -83.76 1111.723 -83.739 1208.359 -167.484 1256.709 -251.163 1208.373 -251.184 1111.736 -167.439 1063.386 -83.76 1111.723 1 1 0.0 0.0 0.51 1.0 0.486 1.0 106 0 True 3 3.6 0 98.213 0 1003080 1003080 10301.0 0.0 B None W
10 3 9 FO -251.165 1305.069 5 6 -167.484 1256.709 -167.413 1353.432 -251.158 1401.782 -334.887 1353.359 -334.908 1256.723 -251.163 1208.373 -167.484 1256.709 1 1 0.0 0.0 0.391 1.0 0.383 1.0 106 0 False 3 3.6 0 100.894 0 1003090 1003090 10301.0 0.0 B None N
10 3 10 dOe -334.883 1450.086 1 5 -251.158 1401.782 -251.216 1450.082 -418.639 1450.096 -418.631 1401.709 -334.887 1353.359 -251.158 1401.782 0.0 0.0 1 1 0.0 0.0 0.144 1.0 0.144 1.0 106 0 False 2 2.4 0 103.004 0 1003100 1003100 10301.0 0.0 B None N
10 4 0 FI 669.76 0.0 0 6 669.8 -96.7 753.5 -48.3 753.5 48.3 669.8 96.7 586.0 48.3 586.0 -48.3 669.8 -96.7 0 0 0.0 0.0 1.466 2.0 1.484 2.0 0 0 True 6 7.2 0 0.0 1 1004000 1004001 10001.0 0.0 B None N
10 4 1 FI 586.04 145.01 0 6 586.0 48.3 669.8 96.7 669.8 193.3 586.0 241.7 502.3 193.3 502.3 96.7 586.0 48.3 0 0 0.0 0.0 1.702 2.0 1.754 2.0 1 0 False 6 7.2 0 13.898 1 1004010 1004011 10000.0 0.0 A None N
10 4 2 FI 502.32 290.02 1 6 502.3 193.3 586.0 241.7 586.0 338.4 502.3 386.7 418.6 338.4 418.6 241.7 502.3 193.3 0 1 0.0 0.0 1.8 2.0 1.87 2.0 3 0 False 6 7.2 0 30.0 1 1004020 1004021 10100.0 0.0 A None N
10 4 3 FI 418.6 435.02 1 6 418.6 338.4 502.3 386.7 502.3 483.4 418.6 531.7 334.9 483.4 334.9 386.7 418.6 338.4 0 1 0.0 0.0 1.706 2.0 1.761 2.0 2 0 False 6 7.2 0 46.102 1 1004030 1004031 10100.0 0.0 A None N
10 4 4 FI 334.88 580.029 1 6 418.645 531.714 418.579 628.4 334.921 676.7 251.155 628.414 251.171 531.641 334.829 483.341 418.645 531.714 1 0 0.0 0.0 1.466 2.0 1.484 2.0 100 0 True 6 7.2 0 60.0 1 1004040 1004041 10201.0 0.0 B None N
10 4 5 FI 251.158 725.038 1 6 334.921 676.7 334.855 773.386 251.197 821.686 167.432 773.4 167.497 676.714 251.155 628.414 334.921 676.7 1 0 0.0 0.0 1.224 2.0 1.231 2.0 101 0 True 6 7.2 0 70.894 1 1004050 1004051 10200.0 0.0 A None N
10 4 6 FM 167.435 870.046 1 6 251.197 821.686 251.132 918.373 167.387 966.723 83.708 918.386 83.687 821.75 167.432 773.4 251.197 821.686 1 0 0.0 0.0 0.778 1.0 0.732 1.0 107 0 False 3 3.6 0 79.107 0 1004060 1004060 10200.0 0.0 A None N
10 4 7 FM 83.722 1015.05 1 6 167.387 966.723 167.408 1063.359 83.663 1111.709 -0.016 1063.373 -0.037 966.736 83.708 918.386 167.387 966.723 1 0 0.0 0.0 0.638 1.0 0.606 1.0 110 0 False 3 3.6 0 85.285 0 1004070 1004070 10200.0 0.0 A None N
10 4 8 FO -0.001 1160.059 1 6 83.663 1111.709 83.734 1208.432 -0.01 1256.782 -83.739 1208.359 -83.76 1111.723 -0.016 1063.373 83.663 1111.709 1 0 0.0 0.0 0.527 1.0 0.501 1.0 111 0 True 3 3.6 0 90.0 0 1004080 1004080 10200.0 0.0 A None W
10 4 9 FO -83.718 1305.076 5 6 -0.01 1256.782 0.011 1353.418 -83.734 1401.768 -167.413 1353.432 -167.484 1256.709 -83.739 1208.359 -0.01 1256.782 1 0 0.0 0.0 0.417 1.0 0.404 1.0 111 0 False 3 3.6 0 93.67 0 1004090 1004090 10200.0 0.0 A None N
10 4 10 dOe -167.44 1450.085 1 5 -83.734 1401.768 -83.705 1450.018 -251.216 1450.082 -251.158 1401.782 -167.413 1353.432 -83.734 1401.768 0.0 0.0 1 0 0.0 0.0 0.144 1.0 0.144 1.0 111 0 False 2 2.4 0 96.587 0 1004100 1004100 10200.0 0.0 A None N
10 5 0 FM 837.2 0.0 0 6 837.2 -96.7 920.9 -48.3 920.9 48.3 837.2 96.7 753.5 48.3 753.5 -48.3 837.2 -96.7 0 0 0.0 0.0 0.836 1.0 0.785 1.0 9 0 False 3 3.6 0 0.0 0 1005000 1005000 10000.0 0.0 A None N
10 5 1 FI 753.48 145.01 0 6 753.5 48.3 837.2 96.7 837.2 193.3 753.5 241.7 669.8 193.3 669.8 96.7 753.5 48.3 0 0 0.0 0.0 1.224 2.0 1.231 2.0 1 0 True 6 7.2 0 10.894 1 1005010 1005011 10000.0 0.0 A None N
10 5 2 FI 669.76 290.02 0 6 669.8 193.3 753.5 241.7 753.5 338.4 669.8 386.7 586.0 338.4 586.0 241.7 669.8 193.3 0 0 0.0 0.0 1.303 2.0 1.319 2.0 1 0 False 6 7.2 0 23.414 1 1005020 1005021 10000.0 0.0 A None N
10 5 3 FI 586.04 435.02 1 6 586.0 338.4 669.8 386.7 669.8 483.4 586.0 531.7 502.3 483.4 502.3 386.7 586.0 338.4 0 1 0.0 0.0 1.313 2.0 1.333 2.0 3 0 True 6 7.2 0 36.587 1 1005030 1005031 10100.0 0.0 A None N
10 5 4 FI 502.32 580.03 1 6 502.3 483.4 586.0 531.7 586.0 628.4 502.3 676.7 418.6 628.4 418.6 531.7 502.3 483.4 0 1 0.0 0.0 1.238 2.0 1.249 2.0 2 0 True 6 7.2 0 49.107 1 1005040 1005041 10100.0 0.0 A None N
10 5 5 FM 418.6 725.036 1 6 502.345 676.686 502.279 773.373 418.621 821.673 334.855 773.386 334.921 676.7 418.579 628.4 502.345 676.686 1 0 0.0 0.0 0.836 1.0 0.785 1.0 109 0 False 3 3.6 0 60.0 0 1005050 1005050 10200.0 0.0 A None N
10 5 6 FM 334.878 870.045 1 6 418.621 821.673 418.555 918.359 334.897 966.659 251.132 918.373 251.197 821.686 334.855 773.386 418.621 821.673 1 0 0.0 0.0 0.733 1.0 0.692 1.0 108 0 False 3 3.6 0 68.948 0 1005060 1005060 10200.0 0.0 A None N
10 5 7 FO 251.155 1015.054 1 6 334.897 966.659 334.882 1063.432 251.137 1111.782 167.408 1063.359 167.387 966.723 251.132 918.373 334.897 966.659 1 0 0.0 0.0 0.618 1.0 0.584 1.0 107 0 True 3 3.6 0 76.102 0 1005070 1005070 10200.0 0.0 A None W
10 5 8 FO 167.447 1160.066 1 6 251.137 1111.782 251.158 1208.418 167.413 1256.768 83.734 1208.432 83.663 1111.709 167.408 1063.359 251.137 1111.782 1 0 0.0 0.0 0.505 1.0 0.482 1.0 110 0 True 3 3.6 0 81.787 0 1005080 1005080 10200.0 0.0 A None W
10 5 9 FO 83.724 1305.075 1 6 167.413 1256.768 167.434 1353.405 83.69 1401.755 0.011 1353.418 -0.01 1256.782 83.734 1208.432 167.413 1256.768 1 0 0.0 0.0 0.409 1.0 0.397 1.0 111 1 False 3 3.6 0 86.329 0 1005090 1005090 10200.0 0.0 A None E
10 5 10 dOe 0.002 1450.083 1 5 83.69 1401.755 83.768 1450.091 -83.705 1450.018 -83.734 1401.768 0.011 1353.418 83.69 1401.755 0.0 0.0 1 0 0.0 0.0 0.144 1.0 0.144 1.0 111 1 False 2 2.4 0 90.0 0 1005100 1005100 10200.0 0.0 A None N
10 6 0 FM 1004.64 0.0 0 6 1004.6 -96.7 1088.4 -48.3 1088.4 48.3 1004.6 96.7 920.9 48.3 920.9 -48.3 1004.6 -96.7 0 0 0.0 0.0 0.645 1.0 0.613 1.0 9 0 True 3 3.6 0 0.0 0 1006000 1006000 10000.0 0.0 A None W
10 6 1 FM 920.92 145.01 0 6 920.9 48.3 1004.6 96.7 1004.6 193.3 920.9 241.7 837.2 193.3 837.2 96.7 920.9 48.3 0 0 0.0 0.0 0.733 1.0 0.692 1.0 8 0 False 3 3.6 0 8.948 0 1006010 1006010 10000.0 0.0 A None N
10 6 2 FM 837.2 290.02 0 6 837.2 193.3 920.9 241.7 920.9 338.4 837.2 386.7 753.5 338.4 753.5 241.7 837.2 193.3 0 0 0.0 0.0 0.778 1.0 0.732 1.0 7 0 False 3 3.6 0 19.107 0 1006020 1006020 10000.0 0.0 A None N
10 6 3 FM 753.48 435.02 4 6 753.5 338.4 837.2 386.7 837.2 483.4 753.5 531.7 669.8 483.4 669.8 386.7 753.5 338.4 0 1 0.0 0.0 0.793 1.0 0.746 1.0 6 1 False 3 3.6 0 30.0 0 1006030 1006030 10101.0 0.0 B None N
10 6 4 FM 669.76 580.03 4 6 669.8 483.4 753.5 531.7 753.5 628.4 669.8 676.7 586.0 628.4 586.0 531.7 669.8 483.4 0 1 0.0 0.0 0.783 1.0 0.738 1.0 5 1 False 3 3.6 0 40.893 0 1006040 1006040 10100.0 0.0 A None N
10 6 5 FM 586.04 725.04 4 6 586.0 628.4 669.8 676.7 669.8 773.4 586.0 821.7 502.3 773.4 502.3 676.7 586.0 628.4 0 1 0.0 0.0 0.731 1.0 0.69 1.0 4 1 False 3 3.6 0 51.052 0 1006050 1006050 10100.0 0.0 A None N
10 6 6 FM 502.32 870.044 1 6 586.045 821.659 586.029 918.432 502.371 966.732 418.555 918.359 418.621 821.673 502.279 773.373 586.045 821.659 1 0 0.0 0.0 0.645 1.0 0.613 1.0 109 0 True 3 3.6 0 60.0 0 1006060 1006060 10200.0 0.0 A None W
10 6 7 FO 418.603 1015.061 1 6 502.371 966.732 502.305 1063.418 418.647 1111.718 334.882 1063.432 334.897 966.659 418.555 918.359 502.371 966.732 1 0 0.0 0.0 0.569 1.0 0.541 1.0 108 0 True 3 3.6 0 67.589 0 1006070 1006070 10200.0 0.0 A None W
10 6 8 FO 334.88 1160.07 1 6 418.647 1111.718 418.582 1208.405 334.837 1256.755 251.158 1208.418 251.137 1111.782 334.882 1063.432 418.647 1111.718 1 0 0.0 0.0 0.483 1.0 0.463 1.0 107 1 False 3 3.6 0 73.898 0 1006080 1006080 10200.0 0.0 A None E
10 6 9 FO 251.167 1305.073 1 6 334.837 1256.755 334.858 1353.391 251.113 1401.741 167.434 1353.405 167.413 1256.768 251.158 1208.418 334.837 1256.755 1 0 0.0 0.0 0.39 1.0 0.383 1.0 110 1 False 3 3.6 0 79.106 0 1006090 1006090 10200.0 0.0 A None E
10 6 10 dOe 167.444 1450.082 1 5 251.113 1401.741 251.192 1450.077 83.768 1450.091 83.69 1401.755 167.434 1353.405 251.113 1401.741 0.0 0.0 1 0 0.0 0.0 0.144 1.0 0.144 1.0 111 1 False 2 2.4 0 83.413 0 1006100 1006100 10200.0 0.0 A None N
10 7 0 FO 1172.09 0.0 0 6 1172.1 -96.7 1255.8 -48.3 1255.8 48.3 1172.1 96.7 1088.4 48.3 1088.4 -48.3 1172.1 -96.7 0 0 0.0 0.0 0.51 1.0 0.487 1.0 9 1 False 3 3.6 0 0.0 0 1007000 1007000 10000.0 0.0 A None E
10 7 1 FO 1088.37 145.01 0 6 1088.4 48.3 1172.1 96.7 1172.1 193.3 1088.4 241.7 1004.6 193.3 1004.6 96.7 1088.4 48.3 0 0 0.0 0.0 0.569 1.0 0.541 1.0 8 0 True 3 3.6 0 7.589 0 1007010 1007010 10000.0 0.0 A None W
10 7 2 FO 1004.64 290.02 0 6 1004.6 193.3 1088.4 241.7 1088.4 338.4 1004.6 386.7 920.9 338.4 920.9 241.7 1004.6 193.3 0 0 0.0 0.0 0.618 1.0 0.584 1.0 7 0 True 3 3.6 0 16.102 0 1007020 1007020 10000.0 0.0 A None W
10 7 3 FM 920.92 435.02 0 6 920.9 338.4 1004.6 386.7 1004.6 483.4 920.9 531.7 837.2 483.4 837.2 386.7 920.9 338.4 0 0 0.0 0.0 0.638 1.0 0.606 1.0 10 0 False 3 3.6 0 25.285 0 1007030 1007030 10000.0 0.0 A None N
10 7 4 FM 837.2 580.03 4 6 837.2 483.4 920.9 531.7 920.9 628.4 837.2 676.7 753.5 628.4 753.5 531.7 837.2 483.4 0 1 0.0 0.0 0.639 1.0 0.608 1.0 6 1 False 3 3.6 0 34.715 0 1007040 1007040 10101.0 0.0 B None E
10 7 5 FO 753.48 725.04 4 6 753.5 628.4 837.2 676.7 837.2 773.4 753.5 821.7 669.8 773.4 669.8 676.7 753.5 628.4 0 1 0.0 0.0 0.627 1.0 0.592 1.0 5 1 False 3 3.6 0 43.898 0 1007050 1007050 10100.0 0.0 A None E
10 7 6 FO 669.76 870.05 4 6 669.8 773.4 753.5 821.7 753.5 918.4 669.8 966.7 586.0 918.4 586.0 821.7 669.8 773.4 0 1 0.0 0.0 0.576 1.0 0.545 1.0 4 1 False 3 3.6 0 52.411 0 1007060 1007060 10100.0 0.0 A None E
10 7 7 FO 586.045 1015.06 1 6 669.795 966.718 669.729 1063.405 586.071 1111.705 502.305 1063.418 502.371 966.732 586.029 918.432 669.795 966.718 1 0 0.0 0.0 0.51 1.0 0.487 1.0 109 1 False 3 3.6 0 60.0 0 1007070 1007070 10200.0 0.0 A None E
10 7 8 FO 502.323 1160.068 1 6 586.071 1111.705 586.005 1208.391 502.347 1256.691 418.582 1208.405 418.647 1111.718 502.305 1063.418 586.071 1111.705 1 0 0.0 0.0 0.445 1.0 0.429 1.0 108 1 False 3 3.6 0 66.587 0 1007080 1007080 10200.0 0.0 A None E
10 7 9 FOe 418.6 1305.077 1 6 502.347 1256.691 502.282 1353.377 418.537 1401.727 334.858 1353.391 334.837 1256.755 418.582 1208.405 502.347 1256.691 1 0 0.0 0.0 0.375 1.0 0.368 1.0 107 1 False 3 3.6 0 72.216 0 1007090 1007090 10200.0 0.0 A None N
10 7 10 dOe 334.887 1450.081 1 5 418.537 1401.727 418.616 1450.064 251.192 1450.077 251.113 1401.741 334.858 1353.391 418.537 1401.727 0.0 0.0 1 0 0.0 0.0 0.144 1.0 0.144 1.0 110 1 False 2 2.4 0 76.996 0 1007100 1007100 10200.0 0.0 A None N
10 8 0 FO 1339.53 0.0 0 6 1339.5 -96.7 1423.2 -48.3 1423.2 48.3 1339.5 96.7 1255.8 48.3 1255.8 -48.3 1339.5 -96.7 0 0 0.0 0.0 0.392 1.0 0.383 1.0 9 1 False 3 3.6 0 0.0 0 1008000 1008000 10000.0 0.0 A None N
10 8 1 FO 1255.81 145.01 0 6 1255.8 48.3 1339.5 96.7 1339.5 193.3 1255.8 241.7 1172.1 193.3 1172.1 96.7 1255.8 48.3 0 0 0.0 0.0 0.445 1.0 0.429 1.0 8 1 False 3 3.6 0 6.587 0 1008010 1008010 10000.0 0.0 A None E
10 8 2 FO 1172.09 290.02 0 6 1172.1 193.3 1255.8 241.7 1255.8 338.4 1172.1 386.7 1088.4 338.4 1088.4 241.7 1172.1 193.3 0 0 0.0 0.0 0.483 1.0 0.463 1.0 7 1 False 3 3.6 0 13.898 0 1008020 1008020 10000.0 0.0 A None E
10 8 3 FO 1088.37 435.02 0 6 1088.4 338.4 1172.1 386.7 1172.1 483.4 1088.4 531.7 1004.6 483.4 1004.6 386.7 1088.4 338.4 0 0 0.0 0.0 0.505 1.0 0.482 1.0 10 0 True 3 3.6 0 21.787 0 1008030 1008030 10000.0 0.0 A None W
10 8 4 FO 1004.64 580.03 0 6 1004.6 483.4 1088.4 531.7 1088.4 628.4 1004.6 676.7 920.9 628.4 920.9 531.7 1004.6 483.4 0 0 0.0 0.0 0.527 1.0 0.501 1.0 11 0 True 3 3.6 0 30.0 0 1008040 1008040 10000.0 0.0 A None W
10 8 5 FO 920.92 725.04 4 6 920.9 628.4 1004.6 676.7 1004.6 773.4 920.9 821.7 837.2 773.4 837.2 676.7 920.9 628.4 0 1 0.0 0.0 0.51 1.0 0.486 1.0 6 0 True 3 3.6 0 38.213 0 1008050 1008050 10101.0 0.0 B None W
10 8 6 FO 837.2 870.05 4 6 837.2 773.4 920.9 821.7 920.9 918.4 837.2 966.7 753.5 918.4 753.5 821.7 837.2 773.4 0 1 0.0 0.0 0.484 1.0 0.464 1.0 5 0 True 3 3.6 0 46.102 0 1008060 1008060 10100.0 0.0 A None W
10 8 7 FO 753.48 1015.06 4 6 753.5 918.4 837.2 966.7 837.2 1063.4 753.5 1111.7 669.8 1063.4 669.8 966.7 753.5 918.4 0 1 0.0 0.0 0.449 1.0 0.432 1.0 4 0 True 3 3.6 0 53.413 0 1008070 1008070 10100.0 0.0 A None W
10 8 8 FO 669.765 1160.067 1 6 753.495 1111.691 753.429 1208.377 669.771 1256.677 586.005 1208.391 586.071 1111.705 669.729 1063.405 753.495 1111.691 1 0 0.0 0.0 0.392 1.0 0.383 1.0 109 1 False 3 3.6 0 60.0 0 1008080 1008080 10200.0 0.0 A None N
10 8 9 bOe 586.043 1305.076 2 5 669.755 1353.45 502.282 1353.377 502.347 1256.691 586.005 1208.391 669.771 1256.677 669.755 1353.45 0.0 0.0 1 0 0.0 0.0 0.192 1.0 0.192 1.0 108 1 False 3 3.6 0 65.818 0 1008090 1008090 10200.0 0.0 A None N
10 9 0 aOe 1506.97 0.0 0 4 1507.0 -96.7 1507.0 96.7 1423.2 48.3 1423.2 -48.3 1507.0 -96.7 0.0 0.0 0.0 0.0 0 0 0.0 0.0 0.144 1.0 0.144 1.0 9 1 False 3 3.6 0 0.0 0 1009000 1009000 10000.0 0.0 A None N
10 9 1 bOe 1423.25 145.01 1 5 1507.0 96.7 1423.2 241.7 1339.5 193.3 1339.5 96.7 1423.2 48.3 1507.0 96.7 0.0 0.0 0 0 0.0 0.0 0.192 1.0 0.192 1.0 8 1 False 3 3.6 0 5.818 0 1009010 1009010 10000.0 0.0 A None N
10 9 2 FOe 1339.53 290.02 0 6 1339.5 193.3 1423.2 241.7 1423.2 338.4 1339.5 386.7 1255.8 338.4 1255.8 241.7 1339.5 193.3 0 0 0.0 0.0 0.375 1.0 0.368 1.0 7 1 False 3 3.6 0 12.216 0 1009020 1009020 10000.0 0.0 A None N
10 9 3 FO 1255.81 435.02 0 6 1255.8 338.4 1339.5 386.7 1339.5 483.4 1255.8 531.7 1172.1 483.4 1172.1 386.7 1255.8 338.4 0 0 0.0 0.0 0.39 1.0 0.383 1.0 10 1 False 3 3.6 0 19.106 0 1009030 1009030 10000.0 0.0 A None E
10 9 4 FO 1172.09 580.03 0 6 1172.1 483.4 1255.8 531.7 1255.8 628.4 1172.1 676.7 1088.4 628.4 1088.4 531.7 1172.1 483.4 0 0 0.0 0.0 0.409 1.0 0.397 1.0 11 1 False 3 3.6 0 26.329 0 1009040 1009040 10000.0 0.0 A None E
10 9 5 FO 1088.37 725.04 4 6 1088.4 628.4 1172.1 676.7 1172.1 773.4 1088.4 821.7 1004.6 773.4 1004.6 676.7 1088.4 628.4 0 0 0.0 0.0 0.417 1.0 0.404 1.0 11 0 False 3 3.6 0 33.67 0 1009050 1009050 10000.0 0.0 A None N
10 9 6 FO 1004.64 870.05 4 6 1004.6 773.4 1088.4 821.7 1088.4 918.4 1004.6 966.7 920.9 918.4 920.9 821.7 1004.6 773.4 0 1 0.0 0.0 0.391 1.0 0.383 1.0 6 0 False 3 3.6 0 40.894 0 1009060 1009060 10101.0 0.0 B None N
10 9 7 FOe 920.92 1015.06 4 6 920.9 918.4 1004.6 966.7 1004.6 1063.4 920.9 1111.7 837.2 1063.4 837.2 966.7 920.9 918.4 0 1 0.0 0.0 0.381 1.0 0.374 1.0 5 0 False 3 3.6 0 47.784 0 1009070 1009070 10100.0 0.0 A None N
10 9 8 bOe 837.2 1160.06 1 5 920.9 1111.7 837.2 1256.7 753.5 1208.4 753.5 1111.7 837.2 1063.4 920.9 1111.7 0.0 0.0 0 1 0.0 0.0 0.192 1.0 0.192 1.0 4 0 False 3 3.6 0 54.183 0 1009080 1009080 10100.0 0.0 A None N
10 9 9 aOe 753.485 1305.074 1 4 837.245 1256.75 669.755 1353.45 669.771 1256.677 753.429 1208.377 837.245 1256.75 0.0 0.0 0.0 0.0 1 0 0.0 0.0 0.144 1.0 0.144 1.0 109 1 False 3 3.6 0 60.0 0 1009090 1009090 10200.0 0.0 A None N
10 10 3 dOe 1423.25 435.02 0 5 1423.2 338.4 1465.1 362.5 1381.4 507.5 1339.5 483.4 1339.5 386.7 1423.2 338.4 0.0 0.0 0 0 0.0 0.0 0.144 1.0 0.144 1.0 10 1 False 2 2.4 0 16.996 0 1010030 1010030 10000.0 0.0 A None N
10 10 4 dOe 1339.53 580.03 0 5 1339.5 483.4 1381.4 507.5 1297.7 652.5 1255.8 628.4 1255.8 531.7 1339.5 483.4 0.0 0.0 0 0 0.0 0.0 0.144 1.0 0.144 1.0 11 1 False 2 2.4 0 23.413 0 1010040 1010040 10000.0 0.0 A None N
10 10 5 dOe 1255.81 725.04 0 5 1255.8 628.4 1297.7 652.5 1213.9 797.5 1172.1 773.4 1172.1 676.7 1255.8 628.4 0.0 0.0 0 0 0.0 0.0 0.144 1.0 0.144 1.0 11 1 False 2 2.4 0 30.0 0 1010050 1010050 10000.0 0.0 A None N
10 10 6 dOe 1172.09 870.05 0 5 1172.1 773.4 1213.9 797.5 1130.2 942.6 1088.4 918.4 1088.4 821.7 1172.1 773.4 0.0 0.0 0 0 0.0 0.0 0.144 1.0 0.144 1.0 11 0 False 2 2.4 0 36.587 0 1010060 1010060 10000.0 0.0 A None N
10 10 7 dOe 1088.37 1015.06 0 5 1088.4 918.4 1130.2 942.6 1046.5 1087.6 1004.6 1063.4 1004.6 966.7 1088.4 918.4 0.0 0.0 0 1 0.0 0.0 0.144 1.0 0.144 1.0 6 0 False 2 2.4 0 43.004 0 1010070 1010070 10101.0 0.0 B None N
11 1 2 dIe -0.002 290.016 4 5 -83.718 338.396 -83.729 316.578 83.695 316.564 83.705 338.382 0.047 386.682 -83.718 338.396 0.0 0.0 1 1 4.618 5.0 1.639 2.0 1.639 2.0 102 0 False 3 3.6 0 90.0 1 1101020 1101021 11300.0 11310.0 A A N
11 1 3 FI -83.725 435.025 2 6 0.047 386.682 -0.018 483.368 -83.763 531.718 -167.442 483.382 -167.463 386.746 -83.718 338.396 0.047 386.682 1 1 5.8 6.0 2.624 3.0 3.011 4.0 102 0 False 6 7.2 0 100.894 1 1101030 1101031 11300.0 11310.0 A A N
11 1 4 FI -167.438 580.028 2 6 -83.763 531.718 -83.742 628.355 -167.487 676.705 -251.166 628.368 -251.187 531.732 -167.442 483.382 -83.763 531.718 1 1 3.468 4.0 1.687 2.0 1.742 2.0 102 0 False 6 7.2 0 106.102 1 1101040 1101041 11300.0 11310.0 A A N
11 1 5 FI -251.161 725.037 2 6 -167.487 676.705 -167.466 773.341 -251.21 821.691 -334.889 773.355 -334.91 676.718 -251.166 628.368 -167.487 676.705 1 1 2.28 3.0 1.233 2.0 1.241 2.0 102 0 True 6 7.2 0 109.107 1 1101050 1101051 11300.0 11310.0 A A N
11 1 6 FM -334.883 870.046 5 6 -251.21 821.691 -251.139 918.414 -334.884 966.764 -418.613 918.341 -418.634 821.705 -334.889 773.355 -251.21 821.691 1 1 1.66 2.0 0.73 1.0 0.688 1.0 104 1 False 3 3.6 0 111.052 0 1101060 1101060 11300.0 11310.0 A A N
11 1 7 FO -418.605 1015.054 5 6 -334.884 966.764 -334.863 1063.4 -418.608 1111.75 -502.287 1063.414 -502.358 966.691 -418.613 918.341 -334.884 966.764 1 1 1.442 2.0 0.567 1.0 0.537 1.0 104 1 False 3 3.6 0 112.411 0 1101070 1101070 11300.0 11310.0 A A E
11 1 8 FO -502.328 1160.063 5 6 -418.608 1111.75 -418.587 1208.386 -502.331 1256.736 -586.01 1208.4 -586.031 1111.764 -502.287 1063.414 -418.608 1111.75 1 1 1.187 2.0 0.437 1.0 0.422 1.0 104 0 True 3 3.6 0 113.413 0 1101080 1101080 11300.0 11310.0 A A W
11 1 9 FOe -586.041 1305.066 5 6 -502.331 1256.736 -502.31 1353.373 -586.055 1401.723 -669.734 1353.386 -669.755 1256.75 -586.01 1208.4 -502.331 1256.736 1 1 0.986 2.0 0.353 1.0 0.349 1.0 104 0 False 3 3.6 0 114.183 0 1101090 1101090 11300.0 11310.0 A A N
11 2 0 gIe 334.88 0.0 3 6 334.9 96.7 316.0 85.8 316.0 -85.8 334.9 -96.7 418.6 -48.3 418.6 48.3 334.9 96.7 0 0 6.43 7.0 2.795 3.0 2.795 3.0 0 0 False 6 7.2 0 0.0 1 1102000 1102001 11001.0 11010.0 B A N
11 2 1 dIe 251.16 145.01 3 5 251.2 241.7 232.3 230.8 316.0 85.8 334.9 96.7 334.9 193.3 251.2 241.7 0.0 0.0 0 1 4.618 5.0 1.639 2.0 1.639 2.0 2 0 False 3 3.6 0 30.0 1 1102010 1102011 11100.0 11110.0 A A N
11 2 2 gIe 167.44 290.015 4 6 83.705 338.382 83.695 316.564 232.305 230.764 251.195 241.682 251.129 338.368 167.471 386.668 83.705 338.382 1 0 6.43 7.0 2.795 3.0 2.795 3.0 100 0 False 6 7.2 0 60.0 1 1102020 1102021 11201.0 11210.0 B A N
11 2 3 FI 83.718 435.023 2 6 167.471 386.668 167.405 483.355 83.747 531.655 -0.018 483.368 0.047 386.682 83.705 338.382 167.471 386.668 1 1 5.747 6.0 2.641 3.0 3.031 4.0 103 0 False 6 7.2 0 79.107 1 1102030 1102031 11300.0 11310.0 A A N
11 2 4 FI -0.005 580.032 2 6 83.747 531.655 83.682 628.341 -0.063 676.691 -83.742 628.355 -83.763 531.718 -0.018 483.368 83.747 531.655 1 1 3.704 4.0 1.792 2.0 1.865 2.0 103 0 False 6 7.2 0 90.0 1 1102040 1102041 11300.0 11310.0 A A N
11 2 5 FI -83.718 725.036 2 6 -0.063 676.691 0.008 773.414 -83.737 821.764 -167.466 773.341 -167.487 676.705 -83.742 628.355 -0.063 676.691 1 1 2.444 3.0 1.301 2.0 1.319 2.0 103 0 True 6 7.2 0 96.587 1 1102050 1102051 11300.0 11310.0 A A N
11 2 6 FM -167.441 870.044 5 6 -83.737 821.764 -83.716 918.4 -167.46 966.75 -251.139 918.414 -251.21 821.691 -167.466 773.341 -83.737 821.764 1 1 1.763 2.0 0.771 1.0 0.726 1.0 105 1 False 3 3.6 0 100.893 0 1102060 1102060 11300.0 11310.0 A A N
11 2 7 FO -251.163 1015.053 5 6 -167.46 966.75 -167.439 1063.386 -251.184 1111.736 -334.863 1063.4 -334.884 966.764 -251.139 918.414 -167.46 966.75 1 1 1.502 2.0 0.622 1.0 0.585 1.0 105 1 False 3 3.6 0 103.898 0 1102070 1102070 11300.0 11310.0 A A E
11 2 8 FO -334.885 1160.061 5 6 -251.184 1111.736 -251.163 1208.373 -334.908 1256.723 -418.587 1208.386 -418.608 1111.75 -334.863 1063.4 -251.184 1111.736 1 1 1.169 2.0 0.477 1.0 0.457 1.0 105 0 True 3 3.6 0 106.102 0 1102080 1102080 11300.0 11310.0 A A W
11 2 9 FO -418.608 1305.07 5 6 -334.908 1256.723 -334.887 1353.359 -418.631 1401.709 -502.31 1353.373 -502.331 1256.736 -418.587 1208.386 -334.908 1256.723 1 1 1.066 2.0 0.372 1.0 0.366 1.0 105 0 False 3 3.6 0 107.784 0 1102090 1102090 11300.0 11310.0 A A N
11 2 10 aOe -502.321 1450.074 2 4 -418.56 1498.432 -586.055 1401.723 -502.31 1353.373 -418.631 1401.709 -418.56 1498.432 0.0 0.0 0.0 0.0 1 1 0.795 1.0 0.144 1.0 0.144 1.0 105 0 False 3 3.6 0 109.107 0 1102100 1102100 11300.0 11310.0 A A N
11 3 0 FI 502.32 0.0 0 6 502.3 -96.7 586.0 -48.3 586.0 48.3 502.3 96.7 418.6 48.3 418.6 -48.3 502.3 -96.7 0 0 4.659 5.0 2.185 3.0 2.361 3.0 0 0 False 6 7.2 0 0.0 1 1103000 1103001 11001.0 11010.0 B A N
11 3 1 FI 418.6 145.01 1 6 418.6 48.3 502.3 96.7 502.3 193.3 418.6 241.7 334.9 193.3 334.9 96.7 418.6 48.3 0 1 5.747 6.0 2.641 3.0 3.031 4.0 3 0 False 6 7.2 0 19.107 1 1103010 1103011 11100.0 11110.0 A A N
11 3 2 FI 334.88 290.02 1 6 334.9 193.3 418.6 241.7 418.6 338.4 334.9 386.7 251.2 338.4 251.2 241.7 334.9 193.3 0 1 5.8 6.0 2.624 3.0 3.011 4.0 2 0 False 6 7.2 0 40.894 1 1103020 1103021 11100.0 11110.0 A A N
11 3 3 FI 251.16 435.022 1 6 334.895 386.655 334.829 483.341 251.171 531.641 167.405 483.355 167.471 386.668 251.129 338.368 334.895 386.655 1 0 4.659 5.0 2.185 3.0 2.361 3.0 100 0 False 6 7.2 0 60.0 1 1103030 1103031 11201.0 11210.0 B A N
11 3 4 FI 167.438 580.031 1 6 251.171 531.641 251.155 628.414 167.497 676.714 83.682 628.341 83.747 531.655 167.405 483.355 251.171 531.641 1 0 3.453 4.0 1.696 2.0 1.75 2.0 101 0 False 6 7.2 0 73.898 1 1103040 1103041 11200.0 11210.0 A A N
11 3 5 FI 83.715 725.039 1 6 167.497 676.714 167.432 773.4 83.687 821.75 0.008 773.414 -0.063 676.691 83.682 628.341 167.497 676.714 1 0 2.476 3.0 1.299 2.0 1.316 2.0 101 0 False 6 7.2 0 83.414 1 1103050 1103051 11200.0 11210.0 A A N
11 3 6 FM 0.002 870.043 5 6 83.687 821.75 83.708 918.386 -0.037 966.736 -83.716 918.4 -83.737 821.764 0.008 773.414 83.687 821.75 1 1 1.81 2.0 0.789 1.0 0.741 1.0 106 1 False 3 3.6 0 90.0 0 1103060 1103060 11301.0 11310.0 B A N
11 3 7 FM -83.721 1015.051 5 6 -0.037 966.736 -0.016 1063.373 -83.76 1111.723 -167.439 1063.386 -167.46 966.75 -83.716 918.4 -0.037 966.736 1 1 1.491 2.0 0.636 1.0 0.604 1.0 106 1 False 3 3.6 0 94.715 0 1103070 1103070 11301.0 11310.0 B A E
11 3 8 FO -167.443 1160.06 5 6 -83.76 1111.723 -83.739 1208.359 -167.484 1256.709 -251.163 1208.373 -251.184 1111.736 -167.439 1063.386 -83.76 1111.723 1 1 1.246 2.0 0.506 1.0 0.482 1.0 106 0 True 3 3.6 0 98.213 0 1103080 1103080 11301.0 11310.0 B A W
11 3 9 FO -251.165 1305.069 5 6 -167.484 1256.709 -167.413 1353.432 -251.158 1401.782 -334.887 1353.359 -334.908 1256.723 -251.163 1208.373 -167.484 1256.709 1 1 1.133 2.0 0.389 1.0 0.381 1.0 106 0 False 3 3.6 0 100.894 0 1103090 1103090 11301.0 11310.0 B A N
11 3 10 bOe -334.883 1450.086 2 5 -251.137 1498.418 -418.56 1498.432 -418.631 1401.709 -334.887 1353.359 -251.158 1401.782 -251.137 1498.418 0.0 0.0 1 1 0.918 1.0 0.192 1.0 0.192 1.0 106 0 False 3 3.6 0 103.004 0 1103100 1103100 11301.0 11310.0 B A N
11 4 0 FI 669.76 0.0 0 6 669.8 -96.7 753.5 -48.3 753.5 48.3 669.8 96.7 586.0 48.3 586.0 -48.3 669.8 -96.7 0 0 2.869 3.0 1.456 2.0 1.482 2.0 0 0 True 6 7.2 0 0.0 1 1104000 1104001 11001.0 11010.0 B A N
11 4 1 FI 586.04 145.01 0 6 586.0 48.3 669.8 96.7 669.8 193.3 586.0 241.7 502.3 193.3 502.3 96.7 586.0 48.3 0 0 3.453 4.0 1.696 2.0 1.75 2.0 1 0 False 6 7.2 0 13.898 1 1104010 1104011 11000.0 11010.0 A A N
11 4 2 FI 502.32 290.02 1 6 502.3 193.3 586.0 241.7 586.0 338.4 502.3 386.7 418.6 338.4 418.6 241.7 502.3 193.3 0 1 3.704 4.0 1.792 2.0 1.865 2.0 3 0 False 6 7.2 0 30.0 1 1104020 1104021 11100.0 11110.0 A A N
11 4 3 FI 418.6 435.02 1 6 418.6 338.4 502.3 386.7 502.3 483.4 418.6 531.7 334.9 483.4 334.9 386.7 418.6 338.4 0 1 3.468 4.0 1.687 2.0 1.742 2.0 2 0 False 6 7.2 0 46.102 1 1104030 1104031 11100.0 11110.0 A A N
11 4 4 FI 334.88 580.029 1 6 418.645 531.714 418.579 628.4 334.921 676.7 251.155 628.414 251.171 531.641 334.829 483.341 418.645 531.714 1 0 2.869 3.0 1.456 2.0 1.482 2.0 100 0 True 6 7.2 0 60.0 1 1104040 1104041 11201.0 11210.0 B A N
11 4 5 FI 251.158 725.038 1 6 334.921 676.7 334.855 773.386 251.197 821.686 167.432 773.4 167.497 676.714 251.155 628.414 334.921 676.7 1 0 2.29 3.0 1.221 2.0 1.229 2.0 101 0 True 6 7.2 0 70.894 1 1104050 1104051 11200.0 11210.0 A A N
11 4 6 FM 167.435 870.046 1 6 251.197 821.686 251.132 918.373 167.387 966.723 83.708 918.386 83.687 821.75 167.432 773.4 251.197 821.686 1 0 1.758 2.0 0.769 1.0 0.725 1.0 107 0 False 3 3.6 0 79.107 0 1104060 1104060 11200.0 11210.0 A A N
11 4 7 FM 83.722 1015.05 1 6 167.387 966.723 167.408 1063.359 83.663 1111.709 -0.016 1063.373 -0.037 966.736 83.708 918.386 167.387 966.723 1 0 1.483 2.0 0.638 1.0 0.607 1.0 110 0 False 3 3.6 0 85.285 0 1104070 1104070 11200.0 11210.0 A A N
11 4 8 FO -0.001 1160.059 1 6 83.663 1111.709 83.734 1208.432 -0.01 1256.782 -83.739 1208.359 -83.76 1111.723 -0.016 1063.373 83.663 1111.709 1 0 1.238 2.0 0.515 1.0 0.49 1.0 111 0 True 3 3.6 0 90.0 0 1104080 1104080 11200.0 11211.0 A B W
11 4 9 FO -83.718 1305.076 5 6 -0.01 1256.782 0.011 1353.418 -83.734 1401.768 -167.413 1353.432 -167.484 1256.709 -83.739 1208.359 -0.01 1256.782 1 0 1.142 2.0 0.402 1.0 0.392 1.0 111 0 False 3 3.6 0 93.67 0 1104090 1104090 11200.0 11211.0 A B N
11 4 10 FOe -167.44 1450.085 5 6 -83.734 1401.768 -83.713 1498.405 -167.458 1546.755 -251.137 1498.418 -251.158 1401.782 -167.413 1353.432 -83.734 1401.768 1 0 0.969 2.0 0.341 1.0 0.338 1.0 111 0 False 3 3.6 0 96.587 0 1104100 1104100 11200.0 11211.0 A B N
11 5 0 FM 837.2 0.0 0 6 837.2 -96.7 920.9 -48.3 920.9 48.3 837.2 96.7 753.5 48.3 753.5 -48.3 837.2 -96.7 0 0 1.915 2.0 0.836 1.0 0.785 1.0 9 0 False 3 3.6 0 0.0 0 1105000 1105000 11000.0 11010.0 A A N
11 5 1 FI 753.48 145.01 0 6 753.5 48.3 837.2 96.7 837.2 193.3 753.5 241.7 669.8 193.3 669.8 96.7 753.5 48.3 0 0 2.29 3.0 1.221 2.0 1.229 2.0 1 0 True 6 7.2 0 10.894 1 1105010 1105011 11000.0 11010.0 A A N
11 5 2 FI 669.76 290.02 0 6 669.8 193.3 753.5 241.7 753.5 338.4 669.8 386.7 586.0 338.4 586.0 241.7 669.8 193.3 0 0 2.476 3.0 1.299 2.0 1.316 2.0 1 0 False 6 7.2 0 23.414 1 1105020 1105021 11000.0 11010.0 A A N
11 5 3 FI 586.04 435.02 1 6 586.0 338.4 669.8 386.7 669.8 483.4 586.0 531.7 502.3 483.4 502.3 386.7 586.0 338.4 0 1 2.444 3.0 1.301 2.0 1.319 2.0 3 0 True 6 7.2 0 36.587 1 1105030 1105031 11100.0 11110.0 A A N
11 5 4 FI 502.32 580.03 1 6 502.3 483.4 586.0 531.7 586.0 628.4 502.3 676.7 418.6 628.4 418.6 531.7 502.3 483.4 0 1 2.28 3.0 1.233 2.0 1.241 2.0 2 0 True 6 7.2 0 49.107 1 1105040 1105041 11100.0 11110.0 A A N
11 5 5 FM 418.6 725.036 1 6 502.345 676.686 502.279 773.373 418.621 821.673 334.855 773.386 334.921 676.7 418.579 628.4 502.345 676.686 1 0 1.915 2.0 0.836 1.0 0.785 1.0 109 0 False 3 3.6 0 60.0 0 1105050 1105050 11200.0 11210.0 A A N
11 5 6 FM 334.878 870.045 1 6 418.621 821.673 418.555 918.359 334.897 966.659 251.132 918.373 251.197 821.686 334.855 773.386 418.621 821.673 1 0 1.67 2.0 0.724 1.0 0.684 1.0 108 0 False 3 3.6 0 68.948 0 1105060 1105060 11200.0 11210.0 A A N
11 5 7 FO 251.155 1015.054 1 6 334.897 966.659 334.882 1063.432 251.137 1111.782 167.408 1063.359 167.387 966.723 251.132 918.373 334.897 966.659 1 0 1.498 2.0 0.616 1.0 0.58 1.0 107 0 True 3 3.6 0 76.102 0 1105070 1105070 11200.0 11210.0 A A W
11 5 8 FO 167.447 1160.066 1 6 251.137 1111.782 251.158 1208.418 167.413 1256.768 83.734 1208.432 83.663 1111.709 167.408 1063.359 251.137 1111.782 1 0 1.27 2.0 0.496 1.0 0.475 1.0 110 0 True 3 3.6 0 81.787 0 1105080 1105080 11200.0 11210.0 A A W
11 5 9 FO 83.724 1305.075 1 6 167.413 1256.768 167.434 1353.405 83.69 1401.755 0.011 1353.418 -0.01 1256.782 83.734 1208.432 167.413 1256.768 1 0 1.157 2.0 0.396 1.0 0.387 1.0 111 1 False 3 3.6 0 86.329 0 1105090 1105090 11200.0 11211.0 A B E
11 5 10 dOe 0.002 1450.083 1 5 83.69 1401.755 83.768 1450.091 -83.705 1450.018 -83.734 1401.768 0.011 1353.418 83.69 1401.755 0.0 0.0 1 0 0.806 1.0 0.144 1.0 0.144 1.0 111 1 False 2 2.4 0 90.0 0 1105100 1105100 11200.0 11211.0 A B N
11 6 0 FM 1004.64 0.0 0 6 1004.6 -96.7 1088.4 -48.3 1088.4 48.3 1004.6 96.7 920.9 48.3 920.9 -48.3 1004.6 -96.7 0 0 1.502 2.0 0.639 1.0 0.607 1.0 9 0 True 3 3.6 0 0.0 0 1106000 1106000 11000.0 11010.0 A A W
11 6 1 FM 920.92 145.01 0 6 920.9 48.3 1004.6 96.7 1004.6 193.3 920.9 241.7 837.2 193.3 837.2 96.7 920.9 48.3 0 0 1.67 2.0 0.724 1.0 0.684 1.0 8 0 False 3 3.6 0 8.948 0 1106010 1106010 11000.0 11010.0 A A N
11 6 2 FM 837.2 290.02 0 6 837.2 193.3 920.9 241.7 920.9 338.4 837.2 386.7 753.5 338.4 753.5 241.7 837.2 193.3 0 0 1.758 2.0 0.769 1.0 0.725 1.0 7 0 False 3 3.6 0 19.107 0 1106020 1106020 11000.0 11010.0 A A N
11 6 3 FM 753.48 435.02 4 6 753.5 338.4 837.2 386.7 837.2 483.4 753.5 531.7 669.8 483.4 669.8 386.7 753.5 338.4 0 1 1.81 2.0 0.789 1.0 0.741 1.0 6 1 False 3 3.6 0 30.0 0 1106030 1106030 11101.0 11110.0 B A N
11 6 4 FM 669.76 580.03 4 6 669.8 483.4 753.5 531.7 753.5 628.4 669.8 676.7 586.0 628.4 586.0 531.7 669.8 483.4 0 1 1.763 2.0 0.771 1.0 0.726 1.0 5 1 False 3 3.6 0 40.893 0 1106040 1106040 11100.0 11110.0 A A N
11 6 5 FM 586.04 725.04 4 6 586.0 628.4 669.8 676.7 669.8 773.4 586.0 821.7 502.3 773.4 502.3 676.7 586.0 628.4 0 1 1.66 2.0 0.73 1.0 0.688 1.0 4 1 False 3 3.6 0 51.052 0 1106050 1106050 11100.0 11110.0 A A N
11 6 6 FM 502.32 870.044 1 6 586.045 821.659 586.029 918.432 502.371 966.732 418.555 918.359 418.621 821.673 502.279 773.373 586.045 821.659 1 0 1.502 2.0 0.639 1.0 0.607 1.0 109 0 True 3 3.6 0 60.0 0 1106060 1106060 11200.0 11210.0 A A W
11 6 7 FO 418.603 1015.061 1 6 502.371 966.732 502.305 1063.418 418.647 1111.718 334.882 1063.432 334.897 966.659 418.555 918.359 502.371 966.732 1 0 1.402 2.0 0.565 1.0 0.535 1.0 108 0 True 3 3.6 0 67.589 0 1106070 1106070 11200.0 11210.0 A A W
11 6 8 FO 334.88 1160.07 1 6 418.647 1111.718 418.582 1208.405 334.837 1256.755 251.158 1208.418 251.137 1111.782 334.882 1063.432 418.647 1111.718 1 0 1.198 2.0 0.478 1.0 0.458 1.0 107 1 False 3 3.6 0 73.898 0 1106080 1106080 11200.0 11210.0 A A E
11 6 9 FO 251.167 1305.073 1 6 334.837 1256.755 334.858 1353.391 251.113 1401.741 167.434 1353.405 167.413 1256.768 251.158 1208.418 334.837 1256.755 1 0 1.132 2.0 0.39 1.0 0.382 1.0 110 1 False 3 3.6 0 79.106 0 1106090 1106090 11200.0 11210.0 A A E
11 6 10 FOe 167.444 1450.082 1 6 251.113 1401.741 251.134 1498.377 167.39 1546.727 83.711 1498.391 83.69 1401.755 167.434 1353.405 251.113 1401.741 1 0 0.99 2.0 0.332 1.0 0.33 1.0 111 1 False 3 3.6 0 83.413 0 1106100 1106100 11200.0 11211.0 A B N
11 7 0 FO 1172.09 0.0 0 6 1172.1 -96.7 1255.8 -48.3 1255.8 48.3 1172.1 96.7 1088.4 48.3 1088.4 -48.3 1172.1 -96.7 0 0 1.236 2.0 0.498 1.0 0.476 1.0 9 1 False 3 3.6 0 0.0 0 1107000 1107000 11000.0 11010.0 A A E
11 7 1 FO 1088.37 145.01 0 6 1088.4 48.3 1172.1 96.7 1172.1 193.3 1088.4 241.7 1004.6 193.3 1004.6 96.7 1088.4 48.3 0 0 1.402 2.0 0.565 1.0 0.535 1.0 8 0 True 3 3.6 0 7.589 0 1107010 1107010 11000.0 11010.0 A A W
11 7 2 FO 1004.64 290.02 0 6 1004.6 193.3 1088.4 241.7 1088.4 338.4 1004.6 386.7 920.9 338.4 920.9 241.7 1004.6 193.3 0 0 1.498 2.0 0.616 1.0 0.58 1.0 7 0 True 3 3.6 0 16.102 0 1107020 1107020 11000.0 11010.0 A A W
11 7 3 FM 920.92 435.02 0 6 920.9 338.4 1004.6 386.7 1004.6 483.4 920.9 531.7 837.2 483.4 837.2 386.7 920.9 338.4 0 0 1.483 2.0 0.638 1.0 0.607 1.0 10 0 False 3 3.6 0 25.285 0 1107030 1107030 11000.0 11010.0 A A N
11 7 4 FM 837.2 580.03 4 6 837.2 483.4 920.9 531.7 920.9 628.4 837.2 676.7 753.5 628.4 753.5 531.7 837.2 483.4 0 1 1.491 2.0 0.636 1.0 0.604 1.0 6 1 False 3 3.6 0 34.715 0 1107040 1107040 11101.0 11110.0 B A E
11 7 5 FO 753.48 725.04 4 6 753.5 628.4 837.2 676.7 837.2 773.4 753.5 821.7 669.8 773.4 669.8 676.7 753.5 628.4 0 1 1.502 2.0 0.622 1.0 0.585 1.0 5 1 False 3 3.6 0 43.898 0 1107050 1107050 11100.0 11110.0 A A E
11 7 6 FO 669.76 870.05 4 6 669.8 773.4 753.5 821.7 753.5 918.4 669.8 966.7 586.0 918.4 586.0 821.7 669.8 773.4 0 1 1.442 2.0 0.567 1.0 0.537 1.0 4 1 False 3 3.6 0 52.411 0 1107060 1107060 11100.0 11110.0 A A E
11 7 7 FO 586.045 1015.06 1 6 669.795 966.718 669.729 1063.405 586.071 1111.705 502.305 1063.418 502.371 966.732 586.029 918.432 669.795 966.718 1 0 1.236 2.0 0.498 1.0 0.476 1.0 109 1 False 3 3.6 0 60.0 0 1107070 1107070 11200.0 11210.0 A A E
11 7 8 FO 502.323 1160.068 1 6 586.071 1111.705 586.005 1208.391 502.347 1256.691 418.582 1208.405 418.647 1111.718 502.305 1063.418 586.071 1111.705 1 0 1.182 2.0 0.437 1.0 0.421 1.0 108 1 False 3 3.6 0 66.587 0 1107080 1107080 11200.0 11210.0 A A E
11 7 9 FO 418.6 1305.077 1 6 502.347 1256.691 502.282 1353.377 418.537 1401.727 334.858 1353.391 334.837 1256.755 418.582 1208.405 502.347 1256.691 1 0 1.075 2.0 0.373 1.0 0.365 1.0 107 1 False 3 3.6 0 72.216 0 1107090 1107090 11200.0 11210.0 A A N
11 7 10 bOe 334.887 1450.081 2 5 418.608 1498.45 251.134 1498.377 251.113 1401.741 334.858 1353.391 418.537 1401.727 418.608 1498.45 0.0 0.0 1 0 0.905 1.0 0.192 1.0 0.192 1.0 110 1 False 3 3.6 0 76.996 0 1107100 1107100 11200.0 11210.0 A A N
11 8 0 FO 1339.53 0.0 0 6 1339.5 -96.7 1423.2 -48.3 1423.2 48.3 1339.5 96.7 1255.8 48.3 1255.8 -48.3 1339.5 -96.7 0 0 1.108 2.0 0.385 1.0 0.377 1.0 9 1 False 3 3.6 0 0.0 0 1108000 1108000 11000.0 11010.0 A A N
11 8 1 FO 1255.81 145.01 0 6 1255.8 48.3 1339.5 96.7 1339.5 193.3 1255.8 241.7 1172.1 193.3 1172.1 96.7 1255.8 48.3 0 0 1.182 2.0 0.437 1.0 0.421 1.0 8 1 False 3 3.6 0 6.587 0 1108010 1108010 11000.0 11010.0 A A E
11 8 2 FO 1172.09 290.02 0 6 1172.1 193.3 1255.8 241.7 1255.8 338.4 1172.1 386.7 1088.4 338.4 1088.4 241.7 1172.1 193.3 0 0 1.198 2.0 0.478 1.0 0.458 1.0 7 1 False 3 3.6 0 13.898 0 1108020 1108020 11000.0 11010.0 A A E
11 8 3 FO 1088.37 435.02 0 6 1088.4 338.4 1172.1 386.7 1172.1 483.4 1088.4 531.7 1004.6 483.4 1004.6 386.7 1088.4 338.4 0 0 1.27 2.0 0.496 1.0 0.475 1.0 10 0 True 3 3.6 0 21.787 0 1108030 1108030 11000.0 11010.0 A A W
11 8 4 FO 1004.64 580.03 0 6 1004.6 483.4 1088.4 531.7 1088.4 628.4 1004.6 676.7 920.9 628.4 920.9 531.7 1004.6 483.4 0 0 1.238 2.0 0.515 1.0 0.49 1.0 11 0 True 3 3.6 0 30.0 0 1108040 1108040 11000.0 11011.0 A B W
11 8 5 FO 920.92 725.04 4 6 920.9 628.4 1004.6 676.7 1004.6 773.4 920.9 821.7 837.2 773.4 837.2 676.7 920.9 628.4 0 1 1.246 2.0 0.506 1.0 0.482 1.0 6 0 True 3 3.6 0 38.213 0 1108050 1108050 11101.0 11110.0 B A W
11 8 6 FO 837.2 870.05 4 6 837.2 773.4 920.9 821.7 920.9 918.4 837.2 966.7 753.5 918.4 753.5 821.7 837.2 773.4 0 1 1.169 2.0 0.477 1.0 0.457 1.0 5 0 True 3 3.6 0 46.102 0 1108060 1108060 11100.0 11110.0 A A W
11 8 7 FO 753.48 1015.06 4 6 753.5 918.4 837.2 966.7 837.2 1063.4 753.5 1111.7 669.8 1063.4 669.8 966.7 753.5 918.4 0 1 1.187 2.0 0.437 1.0 0.422 1.0 4 0 True 3 3.6 0 53.413 0 1108070 1108070 11100.0 11110.0 A A W
11 8 8 FO 669.765 1160.067 1 6 753.495 1111.691 753.429 1208.377 669.771 1256.677 586.005 1208.391 586.071 1111.705 669.729 1063.405 753.495 1111.691 1 0 1.108 2.0 0.385 1.0 0.377 1.0 109 1 False 3 3.6 0 60.0 0 1108080 1108080 11200.0 11210.0 A A N
11 8 9 FOe 586.043 1305.076 1 6 669.771 1256.677 669.755 1353.45 586.097 1401.75 502.282 1353.377 502.347 1256.691 586.005 1208.391 669.771 1256.677 1 0 1.0 2.0 0.344 1.0 0.341 1.0 108 1 False 3 3.6 0 65.818 0 1108090 1108090 11200.0 11210.0 A A N
11 8 10 aOe 502.32 1450.084 1 4 586.097 1401.75 418.608 1498.45 418.537 1401.727 502.282 1353.377 586.097 1401.75 0.0 0.0 0.0 0.0 1 0 0.793 1.0 0.144 1.0 0.144 1.0 107 1 False 3 3.6 0 70.894 0 1108100 1108100 11200.0 11210.0 A A N
11 9 0 aOe 1506.97 0.0 0 4 1507.0 -96.7 1507.0 96.7 1423.2 48.3 1423.2 -48.3 1507.0 -96.7 0.0 0.0 0.0 0.0 0 0 0.813 1.0 0.144 1.0 0.144 1.0 9 1 False 3 3.6 0 0.0 0 1109000 1109000 11000.0 11010.0 A A N
11 9 1 FOe 1423.25 145.01 0 6 1423.2 48.3 1507.0 96.7 1507.0 193.3 1423.2 241.7 1339.5 193.3 1339.5 96.7 1423.2 48.3 0 0 1.0 2.0 0.344 1.0 0.341 1.0 8 1 False 3 3.6 0 5.818 0 1109010 1109010 11000.0 11010.0 A A N
11 9 2 FO 1339.53 290.02 0 6 1339.5 193.3 1423.2 241.7 1423.2 338.4 1339.5 386.7 1255.8 338.4 1255.8 241.7 1339.5 193.3 0 0 1.075 2.0 0.373 1.0 0.365 1.0 7 1 False 3 3.6 0 12.216 0 1109020 1109020 11000.0 11010.0 A A N
11 9 3 FO 1255.81 435.02 0 6 1255.8 338.4 1339.5 386.7 1339.5 483.4 1255.8 531.7 1172.1 483.4 1172.1 386.7 1255.8 338.4 0 0 1.132 2.0 0.39 1.0 0.382 1.0 10 1 False 3 3.6 0 19.106 0 1109030 1109030 11000.0 11010.0 A A E
11 9 4 FO 1172.09 580.03 0 6 1172.1 483.4 1255.8 531.7 1255.8 628.4 1172.1 676.7 1088.4 628.4 1088.4 531.7 1172.1 483.4 0 0 1.157 2.0 0.396 1.0 0.387 1.0 11 1 False 3 3.6 0 26.329 0 1109040 1109040 11000.0 11011.0 A B E
11 9 5 FO 1088.37 725.04 4 6 1088.4 628.4 1172.1 676.7 1172.1 773.4 1088.4 821.7 1004.6 773.4 1004.6 676.7 1088.4 628.4 0 0 1.142 2.0 0.402 1.0 0.392 1.0 11 0 False 3 3.6 0 33.67 0 1109050 1109050 11000.0 11011.0 A B N
11 9 6 FO 1004.64 870.05 4 6 1004.6 773.4 1088.4 821.7 1088.4 918.4 1004.6 966.7 920.9 918.4 920.9 821.7 1004.6 773.4 0 1 1.133 2.0 0.389 1.0 0.381 1.0 6 0 False 3 3.6 0 40.894 0 1109060 1109060 11101.0 11110.0 B A N
11 9 7 FO 920.92 1015.06 4 6 920.9 918.4 1004.6 966.7 1004.6 1063.4 920.9 1111.7 837.2 1063.4 837.2 966.7 920.9 918.4 0 1 1.066 2.0 0.372 1.0 0.366 1.0 5 0 False 3 3.6 0 47.784 0 1109070 1109070 11100.0 11110.0 A A N
11 9 8 FOe 837.2 1160.06 4 6 837.2 1063.4 920.9 1111.7 920.9 1208.4 837.2 1256.7 753.5 1208.4 753.5 1111.7 837.2 1063.4 0 1 0.986 2.0 0.353 1.0 0.349 1.0 4 0 False 3 3.6 0 54.183 0 1109080 1109080 11100.0 11110.0 A A N
11 9 9 aOe 753.485 1305.074 1 4 837.245 1256.75 669.755 1353.45 669.771 1256.677 753.429 1208.377 837.245 1256.75 0.0 0.0 0.0 0.0 1 0 0.813 1.0 0.144 1.0 0.144 1.0 109 1 False 3 3.6 0 60.0 0 1109090 1109090 11200.0 11210.0 A A N
11 10 2 aOe 1506.97 290.02 0 4 1507.0 193.3 1507.0 386.7 1423.2 338.4 1423.2 241.7 1507.0 193.3 0.0 0.0 0.0 0.0 0 0 0.793 1.0 0.144 1.0 0.144 1.0 7 1 False 3 3.6 0 10.894 0 1110020 1110020 11000.0 11010.0 A A N
11 10 3 bOe 1423.25 435.02 1 5 1507.0 386.7 1423.2 531.7 1339.5 483.4 1339.5 386.7 1423.2 338.4 1507.0 386.7 0.0 0.0 0 0 0.905 1.0 0.192 1.0 0.192 1.0 10 1 False 3 3.6 0 16.996 0 1110030 1110030 11000.0 11010.0 A A N
11 10 4 FOe 1339.53 580.03 0 6 1339.5 483.4 1423.2 531.7 1423.2 628.4 1339.5 676.7 1255.8 628.4 1255.8 531.7 1339.5 483.4 0 0 0.99 2.0 0.332 1.0 0.33 1.0 11 1 False 3 3.6 0 23.413 0 1110040 1110040 11000.0 11011.0 A B N
11 10 5 dOe 1255.81 725.04 0 5 1255.8 628.4 1297.7 652.5 1213.9 797.5 1172.1 773.4 1172.1 676.7 1255.8 628.4 0.0 0.0 0 0 0.806 1.0 0.144 1.0 0.144 1.0 11 1 False 2 2.4 0 30.0 0 1110050 1110050 11000.0 11011.0 A B N
11 10 6 FOe 1172.09 870.05 4 6 1172.1 773.4 1255.8 821.7 1255.8 918.4 1172.1 966.7 1088.4 918.4 1088.4 821.7 1172.1 773.4 0 0 0.969 2.0 0.341 1.0 0.338 1.0 11 0 False 3 3.6 0 36.587 0 1110060 1110060 11000.0 11011.0 A B N
11 10 7 bOe 1088.37 1015.06 1 5 1172.1 966.7 1088.4 1111.7 1004.6 1063.4 1004.6 966.7 1088.4 918.4 1172.1 966.7 0.0 0.0 0 1 0.918 1.0 0.192 1.0 0.192 1.0 6 0 False 3 3.6 0 43.004 0 1110070 1110070 11101.0 11110.0 B A N
11 10 8 aOe 1004.64 1160.06 1 4 1088.4 1111.7 920.9 1208.4 920.9 1111.7 1004.6 1063.4 1088.4 1111.7 0.0 0.0 0.0 0.0 0 1 0.795 1.0 0.144 1.0 0.144 1.0 5 0 False 3 3.6 0 49.107 0 1110080 1110080 11100.0 11110.0 A A N
12 1 2 dIe -0.002 290.016 4 5 -83.718 338.396 -83.729 316.578 83.695 316.564 83.705 338.382 0.047 386.682 -83.718 338.396 0.0 0.0 1 1 0.0 0.0 1.467 2.0 1.467 2.0 102 0 False 3 3.6 0 90.0 1 1201020 1201021 12300.0 0.0 A None N
12 1 3 FI -83.725 435.025 2 6 0.047 386.682 -0.018 483.368 -83.763 531.718 -167.442 483.382 -167.463 386.746 -83.718 338.396 0.047 386.682 1 1 0.0 0.0 2.379 3.0 2.647 3.0 102 0 False 6 7.2 0 100.894 1 1201030 1201031 12300.0 0.0 A None N
12 1 4 FI -167.438 580.028 2 6 -83.763 531.718 -83.742 628.355 -167.487 676.705 -251.166 628.368 -251.187 531.732 -167.442 483.382 -83.763 531.718 1 1 0.0 0.0 1.548 2.0 1.582 2.0 102 0 False 6 7.2 0 106.102 1 1201040 1201041 12300.0 0.0 A None N
12 1 5 FI -251.161 725.037 2 6 -167.487 676.705 -167.466 773.341 -251.21 821.691 -334.889 773.355 -334.91 676.718 -251.166 628.368 -167.487 676.705 1 1 0.0 0.0 1.146 2.0 1.147 2.0 102 0 True 6 7.2 0 109.107 1 1201050 1201051 12300.0 0.0 A None N
12 1 6 FM -334.883 870.046 5 6 -251.21 821.691 -251.139 918.414 -334.884 966.764 -418.613 918.341 -418.634 821.705 -334.889 773.355 -251.21 821.691 1 1 0.0 0.0 0.672 1.0 0.626 1.0 104 1 False 3 3.6 0 111.052 0 1201060 1201060 12300.0 0.0 A None N
12 1 7 FO -418.605 1015.054 5 6 -334.884 966.764 -334.863 1063.4 -418.608 1111.75 -502.287 1063.414 -502.358 966.691 -418.613 918.341 -334.884 966.764 1 1 0.0 0.0 0.523 1.0 0.489 1.0 104 1 False 3 3.6 0 112.411 0 1201070 1201070 12300.0 0.0 A None E
12 1 8 FO -502.328 1160.063 5 6 -418.608 1111.75 -418.587 1208.386 -502.331 1256.736 -586.01 1208.4 -586.031 1111.764 -502.287 1063.414 -418.608 1111.75 1 1 0.0 0.0 0.402 1.0 0.385 1.0 104 0 True 3 3.6 0 113.413 0 1201080 1201080 12300.0 0.0 A None W
12 1 9 bOe -586.041 1305.066 2 5 -502.31 1353.373 -669.734 1353.386 -669.755 1256.75 -586.01 1208.4 -502.331 1256.736 -502.31 1353.373 0.0 0.0 1 1 0.0 0.0 0.192 1.0 0.192 1.0 104 0 False 3 3.6 0 114.183 0 1201090 1201090 12300.0 0.0 A None N
12 2 0 gIe 334.88 0.0 3 6 334.9 96.7 316.0 85.8 316.0 -85.8 334.9 -96.7 418.6 -48.3 418.6 48.3 334.9 96.7 0 0 0.0 0.0 2.492 3.0 2.492 3.0 0 0 False 6 7.2 0 0.0 1 1202000 1202001 12001.0 0.0 B None N
12 2 1 dIe 251.16 145.01 3 5 251.2 241.7 232.3 230.8 316.0 85.8 334.9 96.7 334.9 193.3 251.2 241.7 0.0 0.0 0 1 0.0 0.0 1.467 2.0 1.467 2.0 2 0 False 3 3.6 0 30.0 1 1202010 1202011 12100.0 0.0 A None N
12 2 2 gIe 167.44 290.015 4 6 83.705 338.382 83.695 316.564 232.305 230.764 251.195 241.682 251.129 338.368 167.471 386.668 83.705 338.382 1 0 0.0 0.0 2.492 3.0 2.492 3.0 100 0 False 6 7.2 0 60.0 1 1202020 1202021 12201.0 0.0 B None N
12 2 3 FI 83.718 435.023 2 6 167.471 386.668 167.405 483.355 83.747 531.655 -0.018 483.368 0.047 386.682 83.705 338.382 167.471 386.668 1 1 0.0 0.0 2.389 3.0 2.658 3.0 103 0 False 6 7.2 0 79.107 1 1202030 1202031 12300.0 0.0 A None N
12 2 4 FI -0.005 580.032 2 6 83.747 531.655 83.682 628.341 -0.063 676.691 -83.742 628.355 -83.763 531.718 -0.018 483.368 83.747 531.655 1 1 0.0 0.0 1.639 2.0 1.684 2.0 103 0 False 6 7.2 0 90.0 1 1202040 1202041 12300.0 0.0 A None N
12 2 5 FI -83.718 725.036 2 6 -0.063 676.691 0.008 773.414 -83.737 821.764 -167.466 773.341 -167.487 676.705 -83.742 628.355 -0.063 676.691 1 1 0.0 0.0 1.201 2.0 1.21 2.0 103 0 True 6 7.2 0 96.587 1 1202050 1202051 12300.0 0.0 A None N
12 2 6 FM -167.441 870.044 5 6 -83.737 821.764 -83.716 918.4 -167.46 966.75 -251.139 918.414 -251.21 821.691 -167.466 773.341 -83.737 821.764 1 1 0.0 0.0 0.713 1.0 0.659 1.0 105 1 False 3 3.6 0 100.893 0 1202060 1202060 12300.0 0.0 A None N
12 2 7 FO -251.163 1015.053 5 6 -167.46 966.75 -167.439 1063.386 -251.184 1111.736 -334.863 1063.4 -334.884 966.764 -251.139 918.414 -167.46 966.75 1 1 0.0 0.0 0.571 1.0 0.532 1.0 105 1 False 3 3.6 0 103.898 0 1202070 1202070 12300.0 0.0 A None E
12 2 8 FO -334.885 1160.061 5 6 -251.184 1111.736 -251.163 1208.373 -334.908 1256.723 -418.587 1208.386 -418.608 1111.75 -334.863 1063.4 -251.184 1111.736 1 1 0.0 0.0 0.436 1.0 0.413 1.0 105 0 True 3 3.6 0 106.102 0 1202080 1202080 12300.0 0.0 A None W
12 2 9 FOe -418.608 1305.07 5 6 -334.908 1256.723 -334.887 1353.359 -418.631 1401.709 -502.31 1353.373 -502.331 1256.736 -418.587 1208.386 -334.908 1256.723 1 1 0.0 0.0 0.346 1.0 0.337 1.0 105 0 False 3 3.6 0 107.784 0 1202090 1202090 12300.0 0.0 A None N
12 3 0 FI 502.32 0.0 0 6 502.3 -96.7 586.0 -48.3 586.0 48.3 502.3 96.7 418.6 48.3 418.6 -48.3 502.3 -96.7 0 0 0.0 0.0 1.986 3.0 2.101 3.0 0 0 False 6 7.2 0 0.0 1 1203000 1203001 12001.0 0.0 B None N
12 3 1 FI 418.6 145.01 1 6 418.6 48.3 502.3 96.7 502.3 193.3 418.6 241.7 334.9 193.3 334.9 96.7 418.6 48.3 0 1 0.0 0.0 2.389 3.0 2.658 3.0 3 0 False 6 7.2 0 19.107 1 1203010 1203011 12100.0 0.0 A None N
12 3 2 FI 334.88 290.02 1 6 334.9 193.3 418.6 241.7 418.6 338.4 334.9 386.7 251.2 338.4 251.2 241.7 334.9 193.3 0 1 0.0 0.0 2.379 3.0 2.647 3.0 2 0 False 6 7.2 0 40.894 1 1203020 1203021 12100.0 0.0 A None N
12 3 3 FI 251.16 435.022 1 6 334.895 386.655 334.829 483.341 251.171 531.641 167.405 483.355 167.471 386.668 251.129 338.368 334.895 386.655 1 0 0.0 0.0 1.986 3.0 2.101 3.0 100 0 False 6 7.2 0 60.0 1 1203030 1203031 12201.0 0.0 B None N
12 3 4 FI 167.438 580.031 1 6 251.171 531.641 251.155 628.414 167.497 676.714 83.682 628.341 83.747 531.655 167.405 483.355 251.171 531.641 1 0 0.0 0.0 1.548 2.0 1.578 2.0 101 0 False 6 7.2 0 73.898 1 1203040 1203041 12200.0 0.0 A None N
12 3 5 FI 83.715 725.039 1 6 167.497 676.714 167.432 773.4 83.687 821.75 0.008 773.414 -0.063 676.691 83.682 628.341 167.497 676.714 1 0 0.0 0.0 1.207 2.0 1.214 2.0 101 0 False 6 7.2 0 83.414 1 1203050 1203051 12200.0 0.0 A None N
12 3 6 FM 0.002 870.043 5 6 83.687 821.75 83.708 918.386 -0.037 966.736 -83.716 918.4 -83.737 821.764 0.008 773.414 83.687 821.75 1 1 0.0 0.0 0.727 1.0 0.672 1.0 106 1 False 3 3.6 0 90.0 0 1203060 1203060 12300.0 0.0 A None N
12 3 7 FM -83.721 1015.051 5 6 -0.037 966.736 -0.016 1063.373 -83.76 1111.723 -167.439 1063.386 -167.46 966.75 -83.716 918.4 -0.037 966.736 1 1 0.0 0.0 0.592 1.0 0.555 1.0 106 1 False 3 3.6 0 94.715 0 1203070 1203070 12300.0 0.0 A None E
12 3 8 FO -167.443 1160.06 5 6 -83.76 1111.723 -83.739 1208.359 -167.484 1256.709 -251.163 1208.373 -251.184 1111.736 -167.439 1063.386 -83.76 1111.723 1 1 0.0 0.0 0.46 1.0 0.434 1.0 106 0 True 3 3.6 0 98.213 0 1203080 1203080 12300.0 0.0 A None W
12 3 9 FO -251.165 1305.069 5 6 -167.484 1256.709 -167.413 1353.432 -251.158 1401.782 -334.887 1353.359 -334.908 1256.723 -251.163 1208.373 -167.484 1256.709 1 1 0.0 0.0 0.36 1.0 0.35 1.0 106 0 False 3 3.6 0 100.894 0 1203090 1203090 12300.0 0.0 A None N
12 3 10 aOe -334.883 1450.086 2 4 -251.137 1498.418 -418.631 1401.709 -334.887 1353.359 -251.158 1401.782 -251.137 1498.418 0.0 0.0 0.0 0.0 1 1 0.0 0.0 0.144 1.0 0.144 1.0 106 0 False 3 3.6 0 103.004 0 1203100 1203100 12300.0 0.0 A None N
12 4 0 FI 669.76 0.0 0 6 669.8 -96.7 753.5 -48.3 753.5 48.3 669.8 96.7 586.0 48.3 586.0 -48.3 669.8 -96.7 0 0 0.0 0.0 1.33 2.0 1.348 2.0 0 0 True 6 7.2 0 0.0 1 1204000 1204001 12001.0 0.0 B None N
12 4 1 FI 586.04 145.01 0 6 586.0 48.3 669.8 96.7 669.8 193.3 586.0 241.7 502.3 193.3 502.3 96.7 586.0 48.3 0 0 0.0 0.0 1.548 2.0 1.578 2.0 1 0 False 6 7.2 0 13.898 1 1204010 1204011 12000.0 0.0 A None N
12 4 2 FI 502.32 290.02 1 6 502.3 193.3 586.0 241.7 586.0 338.4 502.3 386.7 418.6 338.4 418.6 241.7 502.3 193.3 0 1 0.0 0.0 1.639 2.0 1.684 2.0 3 0 False 6 7.2 0 30.0 1 1204020 1204021 12100.0 0.0 A None N
12 4 3 FI 418.6 435.02 1 6 418.6 338.4 502.3 386.7 502.3 483.4 418.6 531.7 334.9 483.4 334.9 386.7 418.6 338.4 0 1 0.0 0.0 1.548 2.0 1.582 2.0 2 0 False 6 7.2 0 46.102 1 1204030 1204031 12100.0 0.0 A None N
12 4 4 FI 334.88 580.029 1 6 418.645 531.714 418.579 628.4 334.921 676.7 251.155 628.414 251.171 531.641 334.829 483.341 418.645 531.714 1 0 0.0 0.0 1.33 2.0 1.348 2.0 100 0 True 6 7.2 0 60.0 1 1204040 1204041 12201.0 0.0 B None N
12 4 5 FI 251.158 725.038 1 6 334.921 676.7 334.855 773.386 251.197 821.686 167.432 773.4 167.497 676.714 251.155 628.414 334.921 676.7 1 0 0.0 0.0 1.138 2.0 1.137 2.0 101 0 True 6 7.2 0 70.894 1 1204050 1204051 12200.0 0.0 A None N
12 4 6 FM 167.435 870.046 1 6 251.197 821.686 251.132 918.373 167.387 966.723 83.708 918.386 83.687 821.75 167.432 773.4 251.197 821.686 1 0 0.0 0.0 0.715 1.0 0.661 1.0 107 0 False 3 3.6 0 79.107 0 1204060 1204060 12200.0 0.0 A None N
12 4 7 FM 83.722 1015.05 1 6 167.387 966.723 167.408 1063.359 83.663 1111.709 -0.016 1063.373 -0.037 966.736 83.708 918.386 167.387 966.723 1 0 0.0 0.0 0.593 1.0 0.558 1.0 110 0 False 3 3.6 0 85.285 0 1204070 1204070 12200.0 0.0 A None N
12 4 8 FO -0.001 1160.059 1 6 83.663 1111.709 83.734 1208.432 -0.01 1256.782 -83.739 1208.359 -83.76 1111.723 -0.016 1063.373 83.663 1111.709 1 0 0.0 0.0 0.472 1.0 0.444 1.0 111 0 True 3 3.6 0 90.0 0 1204080 1204080 12200.0 0.0 A None W
12 4 9 FO -83.718 1305.076 5 6 -0.01 1256.782 0.011 1353.418 -83.734 1401.768 -167.413 1353.432 -167.484 1256.709 -83.739 1208.359 -0.01 1256.782 1 0 0.0 0.0 0.369 1.0 0.358 1.0 111 0 False 3 3.6 0 93.67 0 1204090 1204090 12200.0 0.0 A None N
12 4 10 bOe -167.44 1450.085 2 5 -83.713 1498.405 -251.137 1498.418 -251.158 1401.782 -167.413 1353.432 -83.734 1401.768 -83.713 1498.405 0.0 0.0 1 0 0.0 0.0 0.192 1.0 0.192 1.0 111 0 False 3 3.6 0 96.587 0 1204100 1204100 12200.0 0.0 A None N
12 5 0 FM 837.2 0.0 0 6 837.2 -96.7 920.9 -48.3 920.9 48.3 837.2 96.7 753.5 48.3 753.5 -48.3 837.2 -96.7 0 0 0.0 0.0 0.77 1.0 0.711 1.0 9 0 False 3 3.6 0 0.0 0 1205000 1205000 12000.0 0.0 A None N
12 5 1 FI 753.48 145.01 0 6 753.5 48.3 837.2 96.7 837.2 193.3 753.5 241.7 669.8 193.3 669.8 96.7 753.5 48.3 0 0 0.0 0.0 1.138 2.0 1.137 2.0 1 0 True 6 7.2 0 10.894 1 1205010 1205011 12000.0 0.0 A None N
12 5 2 FI 669.76 290.02 0 6 669.8 193.3 753.5 241.7 753.5 338.4 669.8 386.7 586.0 338.4 586.0 241.7 669.8 193.3 0 0 0.0 0.0 1.207 2.0 1.214 2.0 1 0 False 6 7.2 0 23.414 1 1205020 1205021 12000.0 0.0 A None N
12 5 3 FI 586.04 435.02 1 6 586.0 338.4 669.8 386.7 669.8 483.4 586.0 531.7 502.3 483.4 502.3 386.7 586.0 338.4 0 1 0.0 0.0 1.201 2.0 1.21 2.0 3 0 True 6 7.2 0 36.587 1 1205030 1205031 12100.0 0.0 A None N
12 5 4 FI 502.32 580.03 1 6 502.3 483.4 586.0 531.7 586.0 628.4 502.3 676.7 418.6 628.4 418.6 531.7 502.3 483.4 0 1 0.0 0.0 1.146 2.0 1.147 2.0 2 0 True 6 7.2 0 49.107 1 1205040 1205041 12100.0 0.0 A None N
12 5 5 FM 418.6 725.036 1 6 502.345 676.686 502.279 773.373 418.621 821.673 334.855 773.386 334.921 676.7 418.579 628.4 502.345 676.686 1 0 0.0 0.0 0.77 1.0 0.711 1.0 109 0 False 3 3.6 0 60.0 0 1205050 1205050 12200.0 0.0 A None N
12 5 6 FM 334.878 870.045 1 6 418.621 821.673 418.555 918.359 334.897 966.659 251.132 918.373 251.197 821.686 334.855 773.386 418.621 821.673 1 0 0.0 0.0 0.667 1.0 0.621 1.0 108 0 False 3 3.6 0 68.948 0 1205060 1205060 12200.0 0.0 A None N
12 5 7 FO 251.155 1015.054 1 6 334.897 966.659 334.882 1063.432 251.137 1111.782 167.408 1063.359 167.387 966.723 251.132 918.373 334.897 966.659 1 0 0.0 0.0 0.568 1.0 0.53 1.0 107 0 True 3 3.6 0 76.102 0 1205070 1205070 12200.0 0.0 A None W
12 5 8 FO 167.447 1160.066 1 6 251.137 1111.782 251.158 1208.418 167.413 1256.768 83.734 1208.432 83.663 1111.709 167.408 1063.359 251.137 1111.782 1 0 0.0 0.0 0.452 1.0 0.426 1.0 110 0 True 3 3.6 0 81.787 0 1205080 1205080 12200.0 0.0 A None W
12 5 9 FO 83.724 1305.075 1 6 167.413 1256.768 167.434 1353.405 83.69 1401.755 0.011 1353.418 -0.01 1256.782 83.734 1208.432 167.413 1256.768 1 0 0.0 0.0 0.367 1.0 0.355 1.0 111 1 False 3 3.6 0 86.329 0 1205090 1205090 12200.0 0.0 A None E
12 5 10 dOe 0.002 1450.083 1 5 83.69 1401.755 83.768 1450.091 -83.705 1450.018 -83.734 1401.768 0.011 1353.418 83.69 1401.755 0.0 0.0 1 0 0.0 0.0 0.144 1.0 0.144 1.0 111 1 False 2 2.4 0 90.0 0 1205100 1205100 12200.0 0.0 A None N
12 6 0 FM 1004.64 0.0 0 6 1004.6 -96.7 1088.4 -48.3 1088.4 48.3 1004.6 96.7 920.9 48.3 920.9 -48.3 1004.6 -96.7 0 0 0.0 0.0 0.594 1.0 0.559 1.0 9 0 True 3 3.6 0 0.0 0 1206000 1206000 12000.0 0.0 A None W
12 6 1 FM 920.92 145.01 0 6 920.9 48.3 1004.6 96.7 1004.6 193.3 920.9 241.7 837.2 193.3 837.2 96.7 920.9 48.3 0 0 0.0 0.0 0.667 1.0 0.621 1.0 8 0 False 3 3.6 0 8.948 0 1206010 1206010 12000.0 0.0 A None N
12 6 2 FM 837.2 290.02 0 6 837.2 193.3 920.9 241.7 920.9 338.4 837.2 386.7 753.5 338.4 753.5 241.7 837.2 193.3 0 0 0.0 0.0 0.715 1.0 0.661 1.0 7 0 False 3 3.6 0 19.107 0 1206020 1206020 12000.0 0.0 A None N
12 6 3 FM 753.48 435.02 4 6 753.5 338.4 837.2 386.7 837.2 483.4 753.5 531.7 669.8 483.4 669.8 386.7 753.5 338.4 0 1 0.0 0.0 0.727 1.0 0.672 1.0 6 1 False 3 3.6 0 30.0 0 1206030 1206030 12100.0 0.0 A None N
12 6 4 FM 669.76 580.03 4 6 669.8 483.4 753.5 531.7 753.5 628.4 669.8 676.7 586.0 628.4 586.0 531.7 669.8 483.4 0 1 0.0 0.0 0.713 1.0 0.659 1.0 5 1 False 3 3.6 0 40.893 0 1206040 1206040 12100.0 0.0 A None N
12 6 5 FM 586.04 725.04 4 6 586.0 628.4 669.8 676.7 669.8 773.4 586.0 821.7 502.3 773.4 502.3 676.7 586.0 628.4 0 1 0.0 0.0 0.672 1.0 0.626 1.0 4 1 False 3 3.6 0 51.052 0 1206050 1206050 12100.0 0.0 A None N
12 6 6 FM 502.32 870.044 1 6 586.045 821.659 586.029 918.432 502.371 966.732 418.555 918.359 418.621 821.673 502.279 773.373 586.045 821.659 1 0 0.0 0.0 0.594 1.0 0.559 1.0 109 0 True 3 3.6 0 60.0 0 1206060 1206060 12200.0 0.0 A None W
12 6 7 FO 418.603 1015.061 1 6 502.371 966.732 502.305 1063.418 418.647 1111.718 334.882 1063.432 334.897 966.659 418.555 918.359 502.371 966.732 1 0 0.0 0.0 0.517 1.0 0.484 1.0 108 0 True 3 3.6 0 67.589 0 1206070 1206070 12200.0 0.0 A None W
12 6 8 FO 334.88 1160.07 1 6 418.647 1111.718 418.582 1208.405 334.837 1256.755 251.158 1208.418 251.137 1111.782 334.882 1063.432 418.647 1111.718 1 0 0.0 0.0 0.437 1.0 0.413 1.0 107 1 False 3 3.6 0 73.898 0 1206080 1206080 12200.0 0.0 A None E
12 6 9 FO 251.167 1305.073 1 6 334.837 1256.755 334.858 1353.391 251.113 1401.741 167.434 1353.405 167.413 1256.768 251.158 1208.418 334.837 1256.755 1 0 0.0 0.0 0.354 1.0 0.343 1.0 110 1 False 3 3.6 0 79.106 0 1206090 1206090 12200.0 0.0 A None E
12 6 10 bOe 167.444 1450.082 2 5 251.134 1498.377 83.711 1498.391 83.69 1401.755 167.434 1353.405 251.113 1401.741 251.134 1498.377 0.0 0.0 1 0 0.0 0.0 0.192 1.0 0.192 1.0 111 1 False 3 3.6 0 83.413 0 1206100 1206100 12200.0 0.0 A None N
12 7 0 FO 1172.09 0.0 0 6 1172.1 -96.7 1255.8 -48.3 1255.8 48.3 1172.1 96.7 1088.4 48.3 1088.4 -48.3 1172.1 -96.7 0 0 0.0 0.0 0.46 1.0 0.433 1.0 9 1 False 3 3.6 0 0.0 0 1207000 1207000 12000.0 0.0 A None E
12 7 1 FO 1088.37 145.01 0 6 1088.4 48.3 1172.1 96.7 1172.1 193.3 1088.4 241.7 1004.6 193.3 1004.6 96.7 1088.4 48.3 0 0 0.0 0.0 0.517 1.0 0.484 1.0 8 0 True 3 3.6 0 7.589 0 1207010 1207010 12000.0 0.0 A None W
12 7 2 FO 1004.64 290.02 0 6 1004.6 193.3 1088.4 241.7 1088.4 338.4 1004.6 386.7 920.9 338.4 920.9 241.7 1004.6 193.3 0 0 0.0 0.0 0.568 1.0 0.53 1.0 7 0 True 3 3.6 0 16.102 0 1207020 1207020 12000.0 0.0 A None W
12 7 3 FM 920.92 435.02 0 6 920.9 338.4 1004.6 386.7 1004.6 483.4 920.9 531.7 837.2 483.4 837.2 386.7 920.9 338.4 0 0 0.0 0.0 0.593 1.0 0.558 1.0 10 0 False 3 3.6 0 25.285 0 1207030 1207030 12000.0 0.0 A None N
12 7 4 FM 837.2 580.03 4 6 837.2 483.4 920.9 531.7 920.9 628.4 837.2 676.7 753.5 628.4 753.5 531.7 837.2 483.4 0 1 0.0 0.0 0.592 1.0 0.555 1.0 6 1 False 3 3.6 0 34.715 0 1207040 1207040 12100.0 0.0 A None E
12 7 5 FO 753.48 725.04 4 6 753.5 628.4 837.2 676.7 837.2 773.4 753.5 821.7 669.8 773.4 669.8 676.7 753.5 628.4 0 1 0.0 0.0 0.571 1.0 0.532 1.0 5 1 False 3 3.6 0 43.898 0 1207050 1207050 12100.0 0.0 A None E
12 7 6 FO 669.76 870.05 4 6 669.8 773.4 753.5 821.7 753.5 918.4 669.8 966.7 586.0 918.4 586.0 821.7 669.8 773.4 0 1 0.0 0.0 0.523 1.0 0.489 1.0 4 1 False 3 3.6 0 52.411 0 1207060 1207060 12100.0 0.0 A None E
12 7 7 FO 586.045 1015.06 1 6 669.795 966.718 669.729 1063.405 586.071 1111.705 502.305 1063.418 502.371 966.732 586.029 918.432 669.795 966.718 1 0 0.0 0.0 0.46 1.0 0.433 1.0 109 1 False 3 3.6 0 60.0 0 1207070 1207070 12200.0 0.0 A None E
12 7 8 FO 502.323 1160.068 1 6 586.071 1111.705 586.005 1208.391 502.347 1256.691 418.582 1208.405 418.647 1111.718 502.305 1063.418 586.071 1111.705 1 0 0.0 0.0 0.401 1.0 0.383 1.0 108 1 False 3 3.6 0 66.587 0 1207080 1207080 12200.0 0.0 A None E
12 7 9 FOe 418.6 1305.077 1 6 502.347 1256.691 502.282 1353.377 418.537 1401.727 334.858 1353.391 334.837 1256.755 418.582 1208.405 502.347 1256.691 1 0 0.0 0.0 0.339 1.0 0.331 1.0 107 1 False 3 3.6 0 72.216 0 1207090 1207090 12200.0 0.0 A None N
12 7 10 aOe 334.887 1450.081 1 4 418.537 1401.727 251.134 1498.377 251.113 1401.741 334.858 1353.391 418.537 1401.727 0.0 0.0 0.0 0.0 1 0 0.0 0.0 0.144 1.0 0.144 1.0 110 1 False 3 3.6 0 76.996 0 1207100 1207100 12200.0 0.0 A None N
12 8 0 FO 1339.53 0.0 0 6 1339.5 -96.7 1423.2 -48.3 1423.2 48.3 1339.5 96.7 1255.8 48.3 1255.8 -48.3 1339.5 -96.7 0 0 0.0 0.0 0.35 1.0 0.341 1.0 9 1 False 3 3.6 0 0.0 0 1208000 1208000 12000.0 0.0 A None N
12 8 1 FO 1255.81 145.01 0 6 1255.8 48.3 1339.5 96.7 1339.5 193.3 1255.8 241.7 1172.1 193.3 1172.1 96.7 1255.8 48.3 0 0 0.0 0.0 0.401 1.0 0.383 1.0 8 1 False 3 3.6 0 6.587 0 1208010 1208010 12000.0 0.0 A None E
12 8 2 FO 1172.09 290.02 0 6 1172.1 193.3 1255.8 241.7 1255.8 338.4 1172.1 386.7 1088.4 338.4 1088.4 241.7 1172.1 193.3 0 0 0.0 0.0 0.437 1.0 0.413 1.0 7 1 False 3 3.6 0 13.898 0 1208020 1208020 12000.0 0.0 A None E
12 8 3 FO 1088.37 435.02 0 6 1088.4 338.4 1172.1 386.7 1172.1 483.4 1088.4 531.7 1004.6 483.4 1004.6 386.7 1088.4 338.4 0 0 0.0 0.0 0.452 1.0 0.426 1.0 10 0 True 3 3.6 0 21.787 0 1208030 1208030 12000.0 0.0 A None W
12 8 4 FO 1004.64 580.03 0 6 1004.6 483.4 1088.4 531.7 1088.4 628.4 1004.6 676.7 920.9 628.4 920.9 531.7 1004.6 483.4 0 0 0.0 0.0 0.472 1.0 0.444 1.0 11 0 True 3 3.6 0 30.0 0 1208040 1208040 12000.0 0.0 A None W
12 8 5 FO 920.92 725.04 4 6 920.9 628.4 1004.6 676.7 1004.6 773.4 920.9 821.7 837.2 773.4 837.2 676.7 920.9 628.4 0 1 0.0 0.0 0.46 1.0 0.434 1.0 6 0 True 3 3.6 0 38.213 0 1208050 1208050 12100.0 0.0 A None W
12 8 6 FO 837.2 870.05 4 6 837.2 773.4 920.9 821.7 920.9 918.4 837.2 966.7 753.5 918.4 753.5 821.7 837.2 773.4 0 1 0.0 0.0 0.436 1.0 0.413 1.0 5 0 True 3 3.6 0 46.102 0 1208060 1208060 12100.0 0.0 A None W
12 8 7 FO 753.48 1015.06 4 6 753.5 918.4 837.2 966.7 837.2 1063.4 753.5 1111.7 669.8 1063.4 669.8 966.7 753.5 918.4 0 1 0.0 0.0 0.402 1.0 0.385 1.0 4 0 True 3 3.6 0 53.413 0 1208070 1208070 12100.0 0.0 A None W
12 8 8 FO 669.765 1160.067 1 6 753.495 1111.691 753.429 1208.377 669.771 1256.677 586.005 1208.391 586.071 1111.705 669.729 1063.405 753.495 1111.691 1 0 0.0 0.0 0.35 1.0 0.341 1.0 109 1 False 3 3.6 0 60.0 0 1208080 1208080 12200.0 0.0 A None N
12 8 9 bOe 586.043 1305.076 2 5 669.755 1353.45 502.282 1353.377 502.347 1256.691 586.005 1208.391 669.771 1256.677 669.755 1353.45 0.0 0.0 1 0 0.0 0.0 0.192 1.0 0.192 1.0 108 1 False 3 3.6 0 65.818 0 1208090 1208090 12200.0 0.0 A None N
12 9 0 aOe 1506.97 0.0 0 4 1507.0 -96.7 1507.0 96.7 1423.2 48.3 1423.2 -48.3 1507.0 -96.7 0.0 0.0 0.0 0.0 0 0 0.0 0.0 0.144 1.0 0.144 1.0 9 1 False 3 3.6 0 0.0 0 1209000 1209000 12000.0 0.0 A None N
12 9 1 bOe 1423.25 145.01 1 5 1507.0 96.7 1423.2 241.7 1339.5 193.3 1339.5 96.7 1423.2 48.3 1507.0 96.7 0.0 0.0 0 0 0.0 0.0 0.192 1.0 0.192 1.0 8 1 False 3 3.6 0 5.818 0 1209010 1209010 12000.0 0.0 A None N
12 9 2 FOe 1339.53 290.02 0 6 1339.5 193.3 1423.2 241.7 1423.2 338.4 1339.5 386.7 1255.8 338.4 1255.8 241.7 1339.5 193.3 0 0 0.0 0.0 0.339 1.0 0.331 1.0 7 1 False 3 3.6 0 12.216 0 1209020 1209020 12000.0 0.0 A None N
12 9 3 FO 1255.81 435.02 0 6 1255.8 338.4 1339.5 386.7 1339.5 483.4 1255.8 531.7 1172.1 483.4 1172.1 386.7 1255.8 338.4 0 0 0.0 0.0 0.354 1.0 0.343 1.0 10 1 False 3 3.6 0 19.106 0 1209030 1209030 12000.0 0.0 A None E
12 9 4 FO 1172.09 580.03 0 6 1172.1 483.4 1255.8 531.7 1255.8 628.4 1172.1 676.7 1088.4 628.4 1088.4 531.7 1172.1 483.4 0 0 0.0 0.0 0.367 1.0 0.355 1.0 11 1 False 3 3.6 0 26.329 0 1209040 1209040 12000.0 0.0 A None E
12 9 5 FO 1088.37 725.04 4 6 1088.4 628.4 1172.1 676.7 1172.1 773.4 1088.4 821.7 1004.6 773.4 1004.6 676.7 1088.4 628.4 0 0 0.0 0.0 0.369 1.0 0.358 1.0 11 0 False 3 3.6 0 33.67 0 1209050 1209050 12000.0 0.0 A None N
12 9 6 FO 1004.64 870.05 4 6 1004.6 773.4 1088.4 821.7 1088.4 918.4 1004.6 966.7 920.9 918.4 920.9 821.7 1004.6 773.4 0 1 0.0 0.0 0.36 1.0 0.35 1.0 6 0 False 3 3.6 0 40.894 0 1209060 1209060 12100.0 0.0 A None N
12 9 7 FOe 920.92 1015.06 4 6 920.9 918.4 1004.6 966.7 1004.6 1063.4 920.9 1111.7 837.2 1063.4 837.2 966.7 920.9 918.4 0 1 0.0 0.0 0.346 1.0 0.337 1.0 5 0 False 3 3.6 0 47.784 0 1209070 1209070 12100.0 0.0 A None N
12 9 8 bOe 837.2 1160.06 1 5 920.9 1111.7 837.2 1256.7 753.5 1208.4 753.5 1111.7 837.2 1063.4 920.9 1111.7 0.0 0.0 0 1 0.0 0.0 0.192 1.0 0.192 1.0 4 0 False 3 3.6 0 54.183 0 1209080 1209080 12100.0 0.0 A None N
12 9 9 aOe 753.485 1305.074 1 4 837.245 1256.75 669.755 1353.45 669.771 1256.677 753.429 1208.377 837.245 1256.75 0.0 0.0 0.0 0.0 1 0 0.0 0.0 0.144 1.0 0.144 1.0 109 1 False 3 3.6 0 60.0 0 1209090 1209090 12200.0 0.0 A None N
12 10 3 aOe 1423.25 435.02 0 4 1423.2 338.4 1423.2 531.7 1339.5 483.4 1339.5 386.7 1423.2 338.4 0.0 0.0 0.0 0.0 0 0 0.0 0.0 0.144 1.0 0.144 1.0 10 1 False 3 3.6 0 16.996 0 1210030 1210030 12000.0 0.0 A None N
12 10 4 bOe 1339.53 580.03 1 5 1423.2 531.7 1339.5 676.7 1255.8 628.4 1255.8 531.7 1339.5 483.4 1423.2 531.7 0.0 0.0 0 0 0.0 0.0 0.192 1.0 0.192 1.0 11 1 False 3 3.6 0 23.413 0 1210040 1210040 12000.0 0.0 A None N
12 10 5 dOe 1255.81 725.04 0 5 1255.8 628.4 1297.7 652.5 1213.9 797.5 1172.1 773.4 1172.1 676.7 1255.8 628.4 0.0 0.0 0 0 0.0 0.0 0.144 1.0 0.144 1.0 11 1 False 2 2.4 0 30.0 0 1210050 1210050 12000.0 0.0 A None N
12 10 6 bOe 1172.09 870.05 1 5 1255.8 821.7 1172.1 966.7 1088.4 918.4 1088.4 821.7 1172.1 773.4 1255.8 821.7 0.0 0.0 0 0 0.0 0.0 0.192 1.0 0.192 1.0 11 0 False 3 3.6 0 36.587 0 1210060 1210060 12000.0 0.0 A None N
12 10 7 aOe 1088.37 1015.06 1 4 1172.1 966.7 1004.6 1063.4 1004.6 966.7 1088.4 918.4 1172.1 966.7 0.0 0.0 0.0 0.0 0 1 0.0 0.0 0.144 1.0 0.144 1.0 6 0 False 3 3.6 0 43.004 0 1210070 1210070 12100.0 0.0 A None N
13 1 2 dIe -0.002 290.016 4 5 -83.718 338.396 -83.729 316.578 83.695 316.564 83.705 338.382 0.047 386.682 -83.718 338.396 0.0 0.0 1 1 4.038 5.0 1.51 2.0 1.51 2.0 102 0 False 3 3.6 0 90.0 1 1301020 1301021 13300.0 13310.0 A A N
13 1 3 FI -83.725 435.025 2 6 0.047 386.682 -0.018 483.368 -83.763 531.718 -167.442 483.382 -167.463 386.746 -83.718 338.396 0.047 386.682 1 1 4.666 5.0 2.376 3.0 2.642 3.0 102 0 False 6 7.2 0 100.894 1 1301030 1301031 13300.0 13310.0 A A N
13 1 4 FI -167.438 580.028 2 6 -83.763 531.718 -83.742 628.355 -167.487 676.705 -251.166 628.368 -251.187 531.732 -167.442 483.382 -83.763 531.718 1 1 2.765 3.0 1.54 2.0 1.57 2.0 102 0 False 6 7.2 0 106.102 1 1301040 1301041 13300.0 13310.0 A A N
13 1 5 FI -251.161 725.037 2 6 -167.487 676.705 -167.466 773.341 -251.21 821.691 -334.889 773.355 -334.91 676.718 -251.166 628.368 -167.487 676.705 1 1 1.885 2.0 1.136 2.0 1.133 2.0 102 0 True 6 7.2 0 109.107 1 1301050 1301051 13300.0 13310.0 A A N
13 1 6 FM -334.883 870.046 5 6 -251.21 821.691 -251.139 918.414 -334.884 966.764 -418.613 918.341 -418.634 821.705 -334.889 773.355 -251.21 821.691 1 1 1.398 2.0 0.667 1.0 0.623 1.0 104 1 False 3 3.6 0 111.052 0 1301060 1301060 13300.0 13310.0 A A N
13 1 7 FO -418.605 1015.054 5 6 -334.884 966.764 -334.863 1063.4 -418.608 1111.75 -502.287 1063.414 -502.358 966.691 -418.613 918.341 -334.884 966.764 1 1 1.221 2.0 0.521 1.0 0.486 1.0 104 1 False 3 3.6 0 112.411 0 1301070 1301070 13300.0 13310.0 A A E
13 1 8 FO -502.328 1160.063 5 6 -418.608 1111.75 -418.587 1208.386 -502.331 1256.736 -586.01 1208.4 -586.031 1111.764 -502.287 1063.414 -418.608 1111.75 1 1 1.053 2.0 0.392 1.0 0.376 1.0 104 0 True 3 3.6 0 113.413 0 1301080 1301080 13300.0 13310.0 A A W
13 1 9 FOe -586.041 1305.066 5 6 -502.331 1256.736 -502.31 1353.373 -586.055 1401.723 -669.734 1353.386 -669.755 1256.75 -586.01 1208.4 -502.331 1256.736 1 1 0.891 2.0 0.322 1.0 0.316 1.0 104 0 False 3 3.6 0 114.183 0 1301090 1301090 13300.0 13310.0 A A N
13 2 0 gIe 334.88 0.0 3 6 334.9 96.7 316.0 85.8 316.0 -85.8 334.9 -96.7 418.6 -48.3 418.6 48.3 334.9 96.7 0 0 5.53 6.0 2.527 3.0 2.527 3.0 0 0 False 6 7.2 0 0.0 1 1302000 1302001 13001.0 13010.0 B A N
13 2 1 dIe 251.16 145.01 3 5 251.2 241.7 232.3 230.8 316.0 85.8 334.9 96.7 334.9 193.3 251.2 241.7 0.0 0.0 0 1 4.038 5.0 1.51 2.0 1.51 2.0 2 0 False 3 3.6 0 30.0 1 1302010 1302011 13100.0 13110.0 A A N
13 2 2 gIe 167.44 290.015 4 6 83.705 338.382 83.695 316.564 232.305 230.764 251.195 241.682 251.129 338.368 167.471 386.668 83.705 338.382 1 0 5.53 6.0 2.527 3.0 2.527 3.0 100 0 False 6 7.2 0 60.0 1 1302020 1302021 13201.0 13210.0 B A N
13 2 3 FI 83.718 435.023 2 6 167.471 386.668 167.405 483.355 83.747 531.655 -0.018 483.368 0.047 386.682 83.705 338.382 167.471 386.668 1 1 4.651 5.0 2.381 3.0 2.65 3.0 103 0 False 6 7.2 0 79.107 1 1302030 1302031 13300.0 13310.0 A A N
13 2 4 FI -0.005 580.032 2 6 83.747 531.655 83.682 628.341 -0.063 676.691 -83.742 628.355 -83.763 531.718 -0.018 483.368 83.747 531.655 1 1 2.978 4.0 1.632 2.0 1.68 2.0 103 0 False 6 7.2 0 90.0 1 1302040 1302041 13300.0 13310.0 A A N
13 2 5 FI -83.718 725.036 2 6 -0.063 676.691 0.008 773.414 -83.737 821.764 -167.466 773.341 -167.487 676.705 -83.742 628.355 -0.063 676.691 1 1 2.024 3.0 1.195 2.0 1.202 2.0 103 0 True 6 7.2 0 96.587 1 1302050 1302051 13300.0 13310.0 A A N
13 2 6 FM -167.441 870.044 5 6 -83.737 821.764 -83.716 918.4 -167.46 966.75 -251.139 918.414 -251.21 821.691 -167.466 773.341 -83.737 821.764 1 1 1.483 2.0 0.709 1.0 0.657 1.0 105 1 False 3 3.6 0 100.893 0 1302060 1302060 13300.0 13310.0 A A N
13 2 7 FM -251.163 1015.053 5 6 -167.46 966.75 -167.439 1063.386 -251.184 1111.736 -334.863 1063.4 -334.884 966.764 -251.139 918.414 -167.46 966.75 1 1 1.225 2.0 0.561 1.0 0.526 1.0 105 1 False 3 3.6 0 103.898 0 1302070 1302070 13300.0 13310.0 A A E
13 2 8 FO -334.885 1160.061 5 6 -251.184 1111.736 -251.163 1208.373 -334.908 1256.723 -418.587 1208.386 -418.608 1111.75 -334.863 1063.4 -251.184 1111.736 1 1 1.052 2.0 0.426 1.0 0.405 1.0 105 0 True 3 3.6 0 106.102 0 1302080 1302080 13300.0 13310.0 A A W
13 2 9 FO -418.608 1305.07 5 6 -334.908 1256.723 -334.887 1353.359 -418.631 1401.709 -502.31 1353.373 -502.331 1256.736 -418.587 1208.386 -334.908 1256.723 1 1 0.955 2.0 0.341 1.0 0.333 1.0 105 0 False 3 3.6 0 107.784 0 1302090 1302090 13300.0 13310.0 A A N
13 2 10 aOe -502.321 1450.074 2 4 -418.56 1498.432 -586.055 1401.723 -502.31 1353.373 -418.631 1401.709 -418.56 1498.432 0.0 0.0 0.0 0.0 1 1 0.763 1.0 0.144 1.0 0.144 1.0 105 0 False 3 3.6 0 109.107 0 1302100 1302100 13300.0 13310.0 A A N
13 3 0 FI 502.32 0.0 0 6 502.3 -96.7 586.0 -48.3 586.0 48.3 502.3 96.7 418.6 48.3 418.6 -48.3 502.3 -96.7 0 0 3.751 4.0 1.98 3.0 2.091 3.0 0 0 False 6 7.2 0 0.0 1 1303000 1303001 13001.0 13010.0 B A N
13 3 1 FI 418.6 145.01 1 6 418.6 48.3 502.3 96.7 502.3 193.3 418.6 241.7 334.9 193.3 334.9 96.7 418.6 48.3 0 1 4.651 5.0 2.381 3.0 2.65 3.0 3 0 False 6 7.2 0 19.107 1 1303010 1303011 13100.0 13110.0 A A N
13 3 2 FI 334.88 290.02 1 6 334.9 193.3 418.6 241.7 418.6 338.4 334.9 386.7 251.2 338.4 251.2 241.7 334.9 193.3 0 1 4.666 5.0 2.376 3.0 2.642 3.0 2 0 False 6 7.2 0 40.894 1 1303020 1303021 13100.0 13110.0 A A N
13 3 3 FI 251.16 435.022 1 6 334.895 386.655 334.829 483.341 251.171 531.641 167.405 483.355 167.471 386.668 251.129 338.368 334.895 386.655 1 0 3.751 4.0 1.98 3.0 2.091 3.0 100 0 False 6 7.2 0 60.0 1 1303030 1303031 13201.0 13210.0 B A N
13 3 4 FI 167.438 580.031 1 6 251.171 531.641 251.155 628.414 167.497 676.714 83.682 628.341 83.747 531.655 167.405 483.355 251.171 531.641 1 0 2.778 3.0 1.545 2.0 1.576 2.0 101 0 False 6 7.2 0 73.898 1 1303040 1303041 13200.0 13210.0 A A N
13 3 5 FI 83.715 725.039 1 6 167.497 676.714 167.432 773.4 83.687 821.75 0.008 773.414 -0.063 676.691 83.682 628.341 167.497 676.714 1 0 2.021 3.0 1.202 2.0 1.209 2.0 101 0 False 6 7.2 0 83.414 1 1303050 1303051 13200.0 13210.0 A A N
13 3 6 FM 0.002 870.043 5 6 83.687 821.75 83.708 918.386 -0.037 966.736 -83.716 918.4 -83.737 821.764 0.008 773.414 83.687 821.75 1 1 1.525 2.0 0.716 1.0 0.664 1.0 106 1 False 3 3.6 0 90.0 0 1303060 1303060 13300.0 13310.0 A A N
13 3 7 FM -83.721 1015.051 5 6 -0.037 966.736 -0.016 1063.373 -83.76 1111.723 -167.439 1063.386 -167.46 966.75 -83.716 918.4 -0.037 966.736 1 1 1.282 2.0 0.584 1.0 0.548 1.0 106 1 False 3 3.6 0 94.715 0 1303070 1303070 13300.0 13310.0 A A E
13 3 8 FO -167.443 1160.06 5 6 -83.76 1111.723 -83.739 1208.359 -167.484 1256.709 -251.163 1208.373 -251.184 1111.736 -167.439 1063.386 -83.76 1111.723 1 1 1.118 2.0 0.45 1.0 0.425 1.0 106 0 True 3 3.6 0 98.213 0 1303080 1303080 13300.0 13310.0 A A W
13 3 9 FO -251.165 1305.069 5 6 -167.484 1256.709 -167.413 1353.432 -251.158 1401.782 -334.887 1353.359 -334.908 1256.723 -251.163 1208.373 -167.484 1256.709 1 1 1.032 2.0 0.352 1.0 0.342 1.0 106 0 False 3 3.6 0 100.894 0 1303090 1303090 13300.0 13310.0 A A N
13 3 10 bOe -334.883 1450.086 2 5 -251.137 1498.418 -418.56 1498.432 -418.631 1401.709 -334.887 1353.359 -251.158 1401.782 -251.137 1498.418 0.0 0.0 1 1 0.853 1.0 0.192 1.0 0.192 1.0 106 0 False 3 3.6 0 103.004 0 1303100 1303100 13300.0 13310.0 A A N
13 4 0 FI 669.76 0.0 0 6 669.8 -96.7 753.5 -48.3 753.5 48.3 669.8 96.7 586.0 48.3 586.0 -48.3 669.8 -96.7 0 0 2.33 3.0 1.329 2.0 1.347 2.0 0 0 True 6 7.2 0 0.0 1 1304000 1304001 13001.0 13010.0 B A N
13 4 1 FI 586.04 145.01 0 6 586.0 48.3 669.8 96.7 669.8 193.3 586.0 241.7 502.3 193.3 502.3 96.7 586.0 48.3 0 0 2.778 3.0 1.545 2.0 1.576 2.0 1 0 False 6 7.2 0 13.898 1 1304010 1304011 13000.0 13010.0 A A N
13 4 2 FI 502.32 290.02 1 6 502.3 193.3 586.0 241.7 586.0 338.4 502.3 386.7 418.6 338.4 418.6 241.7 502.3 193.3 0 1 2.978 4.0 1.632 2.0 1.68 2.0 3 0 False 6 7.2 0 30.0 1 1304020 1304021 13100.0 13110.0 A A N
13 4 3 FI 418.6 435.02 1 6 418.6 338.4 502.3 386.7 502.3 483.4 418.6 531.7 334.9 483.4 334.9 386.7 418.6 338.4 0 1 2.765 3.0 1.54 2.0 1.57 2.0 2 0 False 6 7.2 0 46.102 1 1304030 1304031 13100.0 13110.0 A A N
13 4 4 FI 334.88 580.029 1 6 418.645 531.714 418.579 628.4 334.921 676.7 251.155 628.414 251.171 531.641 334.829 483.341 418.645 531.714 1 0 2.33 3.0 1.329 2.0 1.347 2.0 100 0 True 6 7.2 0 60.0 1 1304040 1304041 13201.0 13210.0 B A N
13 4 5 FI 251.158 725.038 1 6 334.921 676.7 334.855 773.386 251.197 821.686 167.432 773.4 167.497 676.714 251.155 628.414 334.921 676.7 1 0 1.902 2.0 1.131 2.0 1.13 2.0 101 0 True 6 7.2 0 70.894 1 1304050 1304051 13200.0 13210.0 A A N
13 4 6 FM 167.435 870.046 1 6 251.197 821.686 251.132 918.373 167.387 966.723 83.708 918.386 83.687 821.75 167.432 773.4 251.197 821.686 1 0 1.505 2.0 0.707 1.0 0.655 1.0 107 0 False 3 3.6 0 79.107 0 1304060 1304060 13200.0 13210.0 A A N
13 4 7 FM 83.722 1015.05 1 6 167.387 966.723 167.408 1063.359 83.663 1111.709 -0.016 1063.373 -0.037 966.736 83.708 918.386 167.387 966.723 1 0 1.264 2.0 0.59 1.0 0.554 1.0 110 0 False 3 3.6 0 85.285 0 1304070 1304070 13200.0 13211.0 A B N
13 4 8 FO -0.001 1160.059 1 6 83.663 1111.709 83.734 1208.432 -0.01 1256.782 -83.739 1208.359 -83.76 1111.723 -0.016 1063.373 83.663 1111.709 1 0 1.096 2.0 0.467 1.0 0.438 1.0 111 0 True 3 3.6 0 90.0 0 1304080 1304080 13200.0 13210.0 A A W
13 4 9 FO -83.718 1305.076 5 6 -0.01 1256.782 0.011 1353.418 -83.734 1401.768 -167.413 1353.432 -167.484 1256.709 -83.739 1208.359 -0.01 1256.782 1 0 1.039 2.0 0.367 1.0 0.355 1.0 111 0 False 3 3.6 0 93.67 0 1304090 1304090 13200.0 13210.0 A A N
13 4 10 FOe -167.44 1450.085 5 6 -83.734 1401.768 -83.713 1498.405 -167.458 1546.755 -251.137 1498.418 -251.158 1401.782 -167.413 1353.432 -83.734 1401.768 1 0 0.887 2.0 0.313 1.0 0.308 1.0 111 0 False 3 3.6 0 96.587 0 1304100 1304100 13200.0 13210.0 A A N
13 5 0 FM 837.2 0.0 0 6 837.2 -96.7 920.9 -48.3 920.9 48.3 837.2 96.7 753.5 48.3 753.5 -48.3 837.2 -96.7 0 0 1.641 2.0 0.764 1.0 0.704 1.0 9 0 False 3 3.6 0 0.0 0 1305000 1305000 13000.0 13010.0 A A N
13 5 1 FI 753.48 145.01 0 6 753.5 48.3 837.2 96.7 837.2 193.3 753.5 241.7 669.8 193.3 669.8 96.7 753.5 48.3 0 0 1.902 2.0 1.131 2.0 1.13 2.0 1 0 True 6 7.2 0 10.894 1 1305010 1305011 13000.0 13010.0 A A N
13 5 2 FI 669.76 290.02 0 6 669.8 193.3 753.5 241.7 753.5 338.4 669.8 386.7 586.0 338.4 586.0 241.7 669.8 193.3 0 0 2.021 3.0 1.202 2.0 1.209 2.0 1 0 False 6 7.2 0 23.414 1 1305020 1305021 13000.0 13010.0 A A N
13 5 3 FI 586.04 435.02 1 6 586.0 338.4 669.8 386.7 669.8 483.4 586.0 531.7 502.3 483.4 502.3 386.7 586.0 338.4 0 1 2.024 3.0 1.195 2.0 1.202 2.0 3 0 True 6 7.2 0 36.587 1 1305030 1305031 13100.0 13110.0 A A N
13 5 4 FI 502.32 580.03 1 6 502.3 483.4 586.0 531.7 586.0 628.4 502.3 676.7 418.6 628.4 418.6 531.7 502.3 483.4 0 1 1.885 2.0 1.136 2.0 1.133 2.0 2 0 True 6 7.2 0 49.107 1 1305040 1305041 13100.0 13110.0 A A N
13 5 5 FM 418.6 725.036 1 6 502.345 676.686 502.279 773.373 418.621 821.673 334.855 773.386 334.921 676.7 418.579 628.4 502.345 676.686 1 0 1.641 2.0 0.764 1.0 0.704 1.0 109 0 False 3 3.6 0 60.0 0 1305050 1305050 13200.0 13210.0 A A N
13 5 6 FM 334.878 870.045 1 6 418.621 821.673 418.555 918.359 334.897 966.659 251.132 918.373 251.197 821.686 334.855 773.386 418.621 821.673 1 0 1.404 2.0 0.664 1.0 0.62 1.0 108 0 False 3 3.6 0 68.948 0 1305060 1305060 13200.0 13210.0 A A N
13 5 7 FM 251.155 1015.054 1 6 334.897 966.659 334.882 1063.432 251.137 1111.782 167.408 1063.359 167.387 966.723 251.132 918.373 334.897 966.659 1 0 1.23 2.0 0.559 1.0 0.525 1.0 107 0 True 3 3.6 0 76.102 0 1305070 1305070 13200.0 13210.0 A A W
13 5 8 FO 167.447 1160.066 1 6 251.137 1111.782 251.158 1208.418 167.413 1256.768 83.734 1208.432 83.663 1111.709 167.408 1063.359 251.137 1111.782 1 0 1.095 2.0 0.441 1.0 0.418 1.0 110 0 True 3 3.6 0 81.787 0 1305080 1305080 13200.0 13211.0 A B W
13 5 9 FO 83.724 1305.075 1 6 167.413 1256.768 167.434 1353.405 83.69 1401.755 0.011 1353.418 -0.01 1256.782 83.734 1208.432 167.413 1256.768 1 0 1.035 2.0 0.364 1.0 0.352 1.0 111 1 False 3 3.6 0 86.329 0 1305090 1305090 13200.0 13210.0 A A E
13 5 10 bOe 0.002 1450.083 2 5 83.711 1498.391 -83.713 1498.405 -83.734 1401.768 0.011 1353.418 83.69 1401.755 83.711 1498.391 0.0 0.0 1 0 0.871 1.0 0.192 1.0 0.192 1.0 111 1 False 3 3.6 0 90.0 0 1305100 1305100 13200.0 13210.0 A A N
13 6 0 FM 1004.64 0.0 0 6 1004.6 -96.7 1088.4 -48.3 1088.4 48.3 1004.6 96.7 920.9 48.3 920.9 -48.3 1004.6 -96.7 0 0 1.313 2.0 0.592 1.0 0.557 1.0 9 0 True 3 3.6 0 0.0 0 1306000 1306000 13000.0 13010.0 A A W
13 6 1 FM 920.92 145.01 0 6 920.9 48.3 1004.6 96.7 1004.6 193.3 920.9 241.7 837.2 193.3 837.2 96.7 920.9 48.3 0 0 1.404 2.0 0.664 1.0 0.62 1.0 8 0 False 3 3.6 0 8.948 0 1306010 1306010 13000.0 13010.0 A A N
13 6 2 FM 837.2 290.02 0 6 837.2 193.3 920.9 241.7 920.9 338.4 837.2 386.7 753.5 338.4 753.5 241.7 837.2 193.3 0 0 1.505 2.0 0.707 1.0 0.655 1.0 7 0 False 3 3.6 0 19.107 0 1306020 1306020 13000.0 13010.0 A A N
13 6 3 FM 753.48 435.02 4 6 753.5 338.4 837.2 386.7 837.2 483.4 753.5 531.7 669.8 483.4 669.8 386.7 753.5 338.4 0 1 1.525 2.0 0.716 1.0 0.664 1.0 6 1 False 3 3.6 0 30.0 0 1306030 1306030 13100.0 13110.0 A A N
13 6 4 FM 669.76 580.03 4 6 669.8 483.4 753.5 531.7 753.5 628.4 669.8 676.7 586.0 628.4 586.0 531.7 669.8 483.4 0 1 1.483 2.0 0.709 1.0 0.657 1.0 5 1 False 3 3.6 0 40.893 0 1306040 1306040 13100.0 13110.0 A A N
13 6 5 FM 586.04 725.04 4 6 586.0 628.4 669.8 676.7 669.8 773.4 586.0 821.7 502.3 773.4 502.3 676.7 586.0 628.4 0 1 1.398 2.0 0.667 1.0 0.623 1.0 4 1 False 3 3.6 0 51.052 0 1306050 1306050 13100.0 13110.0 A A N
13 6 6 FM 502.32 870.044 1 6 586.045 821.659 586.029 918.432 502.371 966.732 418.555 918.359 418.621 821.673 502.279 773.373 586.045 821.659 1 0 1.313 2.0 0.592 1.0 0.557 1.0 109 0 True 3 3.6 0 60.0 0 1306060 1306060 13200.0 13210.0 A A W
13 6 7 FO 418.603 1015.061 1 6 502.371 966.732 502.305 1063.418 418.647 1111.718 334.882 1063.432 334.897 966.659 418.555 918.359 502.371 966.732 1 0 1.21 2.0 0.51 1.0 0.478 1.0 108 0 True 3 3.6 0 67.589 0 1306070 1306070 13200.0 13210.0 A A W
13 6 8 FO 334.88 1160.07 1 6 418.647 1111.718 418.582 1208.405 334.837 1256.755 251.158 1208.418 251.137 1111.782 334.882 1063.432 418.647 1111.718 1 0 1.085 2.0 0.429 1.0 0.406 1.0 107 1 False 3 3.6 0 73.898 0 1306080 1306080 13200.0 13210.0 A A E
13 6 9 FO 251.167 1305.073 1 6 334.837 1256.755 334.858 1353.391 251.113 1401.741 167.434 1353.405 167.413 1256.768 251.158 1208.418 334.837 1256.755 1 0 1.0 2.0 0.35 1.0 0.34 1.0 110 1 False 3 3.6 0 79.106 0 1306090 1306090 13200.0 13211.0 A B E
13 6 10 FOe 167.444 1450.082 1 6 251.113 1401.741 251.134 1498.377 167.39 1546.727 83.711 1498.391 83.69 1401.755 167.434 1353.405 251.113 1401.741 1 0 0.881 2.0 0.31 1.0 0.305 1.0 111 1 False 3 3.6 0 83.413 0 1306100 1306100 13200.0 13210.0 A A N
13 7 0 FO 1172.09 0.0 0 6 1172.1 -96.7 1255.8 -48.3 1255.8 48.3 1172.1 96.7 1088.4 48.3 1088.4 -48.3 1172.1 -96.7 0 0 1.077 2.0 0.456 1.0 0.43 1.0 9 1 False 3 3.6 0 0.0 0 1307000 1307000 13000.0 13010.0 A A E
13 7 1 FO 1088.37 145.01 0 6 1088.4 48.3 1172.1 96.7 1172.1 193.3 1088.4 241.7 1004.6 193.3 1004.6 96.7 1088.4 48.3 0 0 1.21 2.0 0.51 1.0 0.478 1.0 8 0 True 3 3.6 0 7.589 0 1307010 1307010 13000.0 13010.0 A A W
13 7 2 FM 1004.64 290.02 0 6 1004.6 193.3 1088.4 241.7 1088.4 338.4 1004.6 386.7 920.9 338.4 920.9 241.7 1004.6 193.3 0 0 1.23 2.0 0.559 1.0 0.525 1.0 7 0 True 3 3.6 0 16.102 0 1307020 1307020 13000.0 13010.0 A A W
13 7 3 FM 920.92 435.02 0 6 920.9 338.4 1004.6 386.7 1004.6 483.4 920.9 531.7 837.2 483.4 837.2 386.7 920.9 338.4 0 0 1.264 2.0 0.59 1.0 0.554 1.0 10 0 False 3 3.6 0 25.285 0 1307030 1307030 13000.0 13011.0 A B N
13 7 4 FM 837.2 580.03 4 6 837.2 483.4 920.9 531.7 920.9 628.4 837.2 676.7 753.5 628.4 753.5 531.7 837.2 483.4 0 1 1.282 2.0 0.584 1.0 0.548 1.0 6 1 False 3 3.6 0 34.715 0 1307040 1307040 13100.0 13110.0 A A E
13 7 5 FM 753.48 725.04 4 6 753.5 628.4 837.2 676.7 837.2 773.4 753.5 821.7 669.8 773.4 669.8 676.7 753.5 628.4 0 1 1.225 2.0 0.561 1.0 0.526 1.0 5 1 False 3 3.6 0 43.898 0 1307050 1307050 13100.0 13110.0 A A E
13 7 6 FO 669.76 870.05 4 6 669.8 773.4 753.5 821.7 753.5 918.4 669.8 966.7 586.0 918.4 586.0 821.7 669.8 773.4 0 1 1.221 2.0 0.521 1.0 0.486 1.0 4 1 False 3 3.6 0 52.411 0 1307060 1307060 13100.0 13110.0 A A E
13 7 7 FO 586.045 1015.06 1 6 669.795 966.718 669.729 1063.405 586.071 1111.705 502.305 1063.418 502.371 966.732 586.029 918.432 669.795 966.718 1 0 1.077 2.0 0.456 1.0 0.43 1.0 109 1 False 3 3.6 0 60.0 0 1307070 1307070 13200.0 13210.0 A A E
13 7 8 FO 502.323 1160.068 1 6 586.071 1111.705 586.005 1208.391 502.347 1256.691 418.582 1208.405 418.647 1111.718 502.305 1063.418 586.071 1111.705 1 0 1.064 2.0 0.395 1.0 0.378 1.0 108 1 False 3 3.6 0 66.587 0 1307080 1307080 13200.0 13210.0 A A E
13 7 9 FO 418.6 1305.077 1 6 502.347 1256.691 502.282 1353.377 418.537 1401.727 334.858 1353.391 334.837 1256.755 418.582 1208.405 502.347 1256.691 1 0 0.964 2.0 0.336 1.0 0.327 1.0 107 1 False 3 3.6 0 72.216 0 1307090 1307090 13200.0 13210.0 A A N
13 7 10 bOe 334.887 1450.081 2 5 418.608 1498.45 251.134 1498.377 251.113 1401.741 334.858 1353.391 418.537 1401.727 418.608 1498.45 0.0 0.0 1 0 0.839 1.0 0.192 1.0 0.192 1.0 110 1 False 3 3.6 0 76.996 0 1307100 1307100 13200.0 13211.0 A B N
13 8 0 FO 1339.53 0.0 0 6 1339.5 -96.7 1423.2 -48.3 1423.2 48.3 1339.5 96.7 1255.8 48.3 1255.8 -48.3 1339.5 -96.7 0 0 0.999 2.0 0.352 1.0 0.342 1.0 9 1 False 3 3.6 0 0.0 0 1308000 1308000 13000.0 13010.0 A A N
13 8 1 FO 1255.81 145.01 0 6 1255.8 48.3 1339.5 96.7 1339.5 193.3 1255.8 241.7 1172.1 193.3 1172.1 96.7 1255.8 48.3 0 0 1.064 2.0 0.395 1.0 0.378 1.0 8 1 False 3 3.6 0 6.587 0 1308010 1308010 13000.0 13010.0 A A E
13 8 2 FO 1172.09 290.02 0 6 1172.1 193.3 1255.8 241.7 1255.8 338.4 1172.1 386.7 1088.4 338.4 1088.4 241.7 1172.1 193.3 0 0 1.085 2.0 0.429 1.0 0.406 1.0 7 1 False 3 3.6 0 13.898 0 1308020 1308020 13000.0 13010.0 A A E
13 8 3 FO 1088.37 435.02 0 6 1088.4 338.4 1172.1 386.7 1172.1 483.4 1088.4 531.7 1004.6 483.4 1004.6 386.7 1088.4 338.4 0 0 1.095 2.0 0.441 1.0 0.418 1.0 10 0 True 3 3.6 0 21.787 0 1308030 1308030 13000.0 13011.0 A B W
13 8 4 FO 1004.64 580.03 0 6 1004.6 483.4 1088.4 531.7 1088.4 628.4 1004.6 676.7 920.9 628.4 920.9 531.7 1004.6 483.4 0 0 1.096 2.0 0.467 1.0 0.438 1.0 11 0 True 3 3.6 0 30.0 0 1308040 1308040 13000.0 13010.0 A A W
13 8 5 FO 920.92 725.04 4 6 920.9 628.4 1004.6 676.7 1004.6 773.4 920.9 821.7 837.2 773.4 837.2 676.7 920.9 628.4 0 1 1.118 2.0 0.45 1.0 0.425 1.0 6 0 True 3 3.6 0 38.213 0 1308050 1308050 13100.0 13110.0 A A W
13 8 6 FO 837.2 870.05 4 6 837.2 773.4 920.9 821.7 920.9 918.4 837.2 966.7 753.5 918.4 753.5 821.7 837.2 773.4 0 1 1.052 2.0 0.426 1.0 0.405 1.0 5 0 True 3 3.6 0 46.102 0 1308060 1308060 13100.0 13110.0 A A W
13 8 7 FO 753.48 1015.06 4 6 753.5 918.4 837.2 966.7 837.2 1063.4 753.5 1111.7 669.8 1063.4 669.8 966.7 753.5 918.4 0 1 1.053 2.0 0.392 1.0 0.376 1.0 4 0 True 3 3.6 0 53.413 0 1308070 1308070 13100.0 13110.0 A A W
13 8 8 FO 669.765 1160.067 1 6 753.495 1111.691 753.429 1208.377 669.771 1256.677 586.005 1208.391 586.071 1111.705 669.729 1063.405 753.495 1111.691 1 0 0.999 2.0 0.352 1.0 0.342 1.0 109 1 False 3 3.6 0 60.0 0 1308080 1308080 13200.0 13210.0 A A N
13 8 9 FOe 586.043 1305.076 1 6 669.771 1256.677 669.755 1353.45 586.097 1401.75 502.282 1353.377 502.347 1256.691 586.005 1208.391 669.771 1256.677 1 0 0.902 2.0 0.317 1.0 0.312 1.0 108 1 False 3 3.6 0 65.818 0 1308090 1308090 13200.0 13210.0 A A N
13 8 10 aOe 502.32 1450.084 1 4 586.097 1401.75 418.608 1498.45 418.537 1401.727 502.282 1353.377 586.097 1401.75 0.0 0.0 0.0 0.0 1 0 0.76 1.0 0.144 1.0 0.144 1.0 107 1 False 3 3.6 0 70.894 0 1308100 1308100 13200.0 13210.0 A A N
13 9 0 aOe 1506.97 0.0 0 4 1507.0 -96.7 1507.0 96.7 1423.2 48.3 1423.2 -48.3 1507.0 -96.7 0.0 0.0 0.0 0.0 0 0 0.773 1.0 0.144 1.0 0.144 1.0 9 1 False 3 3.6 0 0.0 0 1309000 1309000 13000.0 13010.0 A A N
13 9 1 FOe 1423.25 145.01 0 6 1423.2 48.3 1507.0 96.7 1507.0 193.3 1423.2 241.7 1339.5 193.3 1339.5 96.7 1423.2 48.3 0 0 0.902 2.0 0.317 1.0 0.312 1.0 8 1 False 3 3.6 0 5.818 0 1309010 1309010 13000.0 13010.0 A A N
13 9 2 FO 1339.53 290.02 0 6 1339.5 193.3 1423.2 241.7 1423.2 338.4 1339.5 386.7 1255.8 338.4 1255.8 241.7 1339.5 193.3 0 0 0.964 2.0 0.336 1.0 0.327 1.0 7 1 False 3 3.6 0 12.216 0 1309020 1309020 13000.0 13010.0 A A N
13 9 3 FO 1255.81 435.02 0 6 1255.8 338.4 1339.5 386.7 1339.5 483.4 1255.8 531.7 1172.1 483.4 1172.1 386.7 1255.8 338.4 0 0 1.0 2.0 0.35 1.0 0.34 1.0 10 1 False 3 3.6 0 19.106 0 1309030 1309030 13000.0 13011.0 A B E
13 9 4 FO 1172.09 580.03 0 6 1172.1 483.4 1255.8 531.7 1255.8 628.4 1172.1 676.7 1088.4 628.4 1088.4 531.7 1172.1 483.4 0 0 1.035 2.0 0.364 1.0 0.352 1.0 11 1 False 3 3.6 0 26.329 0 1309040 1309040 13000.0 13010.0 A A E
13 9 5 FO 1088.37 725.04 4 6 1088.4 628.4 1172.1 676.7 1172.1 773.4 1088.4 821.7 1004.6 773.4 1004.6 676.7 1088.4 628.4 0 0 1.039 2.0 0.367 1.0 0.355 1.0 11 0 False 3 3.6 0 33.67 0 1309050 1309050 13000.0 13010.0 A A N
13 9 6 FO 1004.64 870.05 4 6 1004.6 773.4 1088.4 821.7 1088.4 918.4 1004.6 966.7 920.9 918.4 920.9 821.7 1004.6 773.4 0 1 1.032 2.0 0.352 1.0 0.342 1.0 6 0 False 3 3.6 0 40.894 0 1309060 1309060 13100.0 13110.0 A A N
13 9 7 FO 920.92 1015.06 4 6 920.9 918.4 1004.6 966.7 1004.6 1063.4 920.9 1111.7 837.2 1063.4 837.2 966.7 920.9 918.4 0 1 0.955 2.0 0.341 1.0 0.333 1.0 5 0 False 3 3.6 0 47.784 0 1309070 1309070 13100.0 13110.0 A A N
13 9 8 FOe 837.2 1160.06 4 6 837.2 1063.4 920.9 1111.7 920.9 1208.4 837.2 1256.7 753.5 1208.4 753.5 1111.7 837.2 1063.4 0 1 0.891 2.0 0.322 1.0 0.316 1.0 4 0 False 3 3.6 0 54.183 0 1309080 1309080 13100.0 13110.0 A A N
13 9 9 aOe 753.485 1305.074 1 4 837.245 1256.75 669.755 1353.45 669.771 1256.677 753.429 1208.377 837.245 1256.75 0.0 0.0 0.0 0.0 1 0 0.773 1.0 0.144 1.0 0.144 1.0 109 1 False 3 3.6 0 60.0 0 1309090 1309090 13200.0 13210.0 A A N
13 10 2 aOe 1506.97 290.02 0 4 1507.0 193.3 1507.0 386.7 1423.2 338.4 1423.2 241.7 1507.0 193.3 0.0 0.0 0.0 0.0 0 0 0.76 1.0 0.144 1.0 0.144 1.0 7 1 False 3 3.6 0 10.894 0 1310020 1310020 13000.0 13010.0 A A N
13 10 3 bOe 1423.25 435.02 1 5 1507.0 386.7 1423.2 531.7 1339.5 483.4 1339.5 386.7 1423.2 338.4 1507.0 386.7 0.0 0.0 0 0 0.839 1.0 0.192 1.0 0.192 1.0 10 1 False 3 3.6 0 16.996 0 1310030 1310030 13000.0 13011.0 A B N
13 10 4 FOe 1339.53 580.03 0 6 1339.5 483.4 1423.2 531.7 1423.2 628.4 1339.5 676.7 1255.8 628.4 1255.8 531.7 1339.5 483.4 0 0 0.881 2.0 0.31 1.0 0.305 1.0 11 1 False 3 3.6 0 23.413 0 1310040 1310040 13000.0 13010.0 A A N
13 10 5 bOe 1255.81 725.04 1 5 1339.5 676.7 1255.8 821.7 1172.1 773.4 1172.1 676.7 1255.8 628.4 1339.5 676.7 0.0 0.0 0 0 0.871 1.0 0.192 1.0 0.192 1.0 11 1 False 3 3.6 0 30.0 0 1310050 1310050 13000.0 13010.0 A A N
13 10 6 FOe 1172.09 870.05 4 6 1172.1 773.4 1255.8 821.7 1255.8 918.4 1172.1 966.7 1088.4 918.4 1088.4 821.7 1172.1 773.4 0 0 0.887 2.0 0.313 1.0 0.308 1.0 11 0 False 3 3.6 0 36.587 0 1310060 1310060 13000.0 13010.0 A A N
13 10 7 bOe 1088.37 1015.06 1 5 1172.1 966.7 1088.4 1111.7 1004.6 1063.4 1004.6 966.7 1088.4 918.4 1172.1 966.7 0.0 0.0 0 1 0.853 1.0 0.192 1.0 0.192 1.0 6 0 False 3 3.6 0 43.004 0 1310070 1310070 13100.0 13110.0 A A N
13 10 8 aOe 1004.64 1160.06 1 4 1088.4 1111.7 920.9 1208.4 920.9 1111.7 1004.6 1063.4 1088.4 1111.7 0.0 0.0 0.0 0.0 0 1 0.763 1.0 0.144 1.0 0.144 1.0 5 0 False 3 3.6 0 49.107 0 1310080 1310080 13100.0 13110.0 A A N
14 1 2 dIe -0.002 290.016 4 5 -83.718 338.396 -83.729 316.578 83.695 316.564 83.705 338.382 0.047 386.682 -83.718 338.396 0.0 0.0 1 1 0.0 0.0 1.373 2.0 1.373 2.0 102 0 False 3 3.6 0 90.0 1 1401020 1401021 14300.0 0.0 A None N
14 1 3 FI -83.725 435.025 2 6 0.047 386.682 -0.018 483.368 -83.763 531.718 -167.442 483.382 -167.463 386.746 -83.718 338.396 0.047 386.682 1 1 0.0 0.0 2.194 3.0 2.375 3.0 102 0 False 6 7.2 0 100.894 1 1401030 1401031 14300.0 0.0 A None N
14 1 4 FI -167.438 580.028 2 6 -83.763 531.718 -83.742 628.355 -167.487 676.705 -251.166 628.368 -251.187 531.732 -167.442 483.382 -83.763 531.718 1 1 0.0 0.0 1.438 2.0 1.458 2.0 102 0 False 6 7.2 0 106.102 1 1401040 1401041 14300.0 0.0 A None N
14 1 5 FI -251.161 725.037 2 6 -167.487 676.705 -167.466 773.341 -251.21 821.691 -334.889 773.355 -334.91 676.718 -251.166 628.368 -167.487 676.705 1 1 0.0 0.0 1.079 2.0 1.072 2.0 102 0 True 6 7.2 0 109.107 1 1401050 1401051 14300.0 0.0 A None N
14 1 6 FM -334.883 870.046 5 6 -251.21 821.691 -251.139 918.414 -334.884 966.764 -418.613 918.341 -418.634 821.705 -334.889 773.355 -251.21 821.691 1 1 0.0 0.0 0.618 1.0 0.574 1.0 104 1 False 3 3.6 0 111.052 0 1401060 1401060 14300.0 0.0 A None N
14 1 7 FO -418.605 1015.054 5 6 -334.884 966.764 -334.863 1063.4 -418.608 1111.75 -502.287 1063.414 -502.358 966.691 -418.613 918.341 -334.884 966.764 1 1 0.0 0.0 0.478 1.0 0.439 1.0 104 1 False 3 3.6 0 112.411 0 1401070 1401070 14300.0 0.0 A None E
14 1 8 FO -502.328 1160.063 5 6 -418.608 1111.75 -418.587 1208.386 -502.331 1256.736 -586.01 1208.4 -586.031 1111.764 -502.287 1063.414 -418.608 1111.75 1 1 0.0 0.0 0.368 1.0 0.345 1.0 104 0 True 3 3.6 0 113.413 0 1401080 1401080 14300.0 0.0 A None W
14 1 9 FOe -586.041 1305.066 5 6 -502.331 1256.736 -502.31 1353.373 -586.055 1401.723 -669.734 1353.386 -669.755 1256.75 -586.01 1208.4 -502.331 1256.736 1 1 0.0 0.0 0.345 1.0 0.345 1.0 104 0 False 3 3.6 0 114.183 0 1401090 1401090 14300.0 0.0 A None N
14 2 0 gIe 334.88 0.0 3 6 334.9 96.7 316.0 85.8 316.0 -85.8 334.9 -96.7 418.6 -48.3 418.6 48.3 334.9 96.7 0 0 0.0 0.0 2.288 3.0 2.288 3.0 0 0 False 6 7.2 0 0.0 1 1402000 1402001 14000.0 0.0 A None N
14 2 1 dIe 251.16 145.01 3 5 251.2 241.7 232.3 230.8 316.0 85.8 334.9 96.7 334.9 193.3 251.2 241.7 0.0 0.0 0 1 0.0 0.0 1.373 2.0 1.373 2.0 2 0 False 3 3.6 0 30.0 1 1402010 1402011 14100.0 0.0 A None N
14 2 2 gIe 167.44 290.015 4 6 83.705 338.382 83.695 316.564 232.305 230.764 251.195 241.682 251.129 338.368 167.471 386.668 83.705 338.382 1 0 0.0 0.0 2.288 3.0 2.288 3.0 100 0 False 6 7.2 0 60.0 1 1402020 1402021 14200.0 0.0 A None N
14 2 3 FI 83.718 435.023 2 6 167.471 386.668 167.405 483.355 83.747 531.655 -0.018 483.368 0.047 386.682 83.705 338.382 167.471 386.668 1 1 0.0 0.0 2.205 3.0 2.395 3.0 103 0 False 6 7.2 0 79.107 1 1402030 1402031 14300.0 0.0 A None N
14 2 4 FI -0.005 580.032 2 6 83.747 531.655 83.682 628.341 -0.063 676.691 -83.742 628.355 -83.763 531.718 -0.018 483.368 83.747 531.655 1 1 0.0 0.0 1.517 2.0 1.542 2.0 103 0 False 6 7.2 0 90.0 1 1402040 1402041 14300.0 0.0 A None N
14 2 5 FI -83.718 725.036 2 6 -0.063 676.691 0.008 773.414 -83.737 821.764 -167.466 773.341 -167.487 676.705 -83.742 628.355 -0.063 676.691 1 1 0.0 0.0 1.128 2.0 1.125 2.0 103 0 True 6 7.2 0 96.587 1 1402050 1402051 14300.0 0.0 A None N
14 2 6 FM -167.441 870.044 5 6 -83.737 821.764 -83.716 918.4 -167.46 966.75 -251.139 918.414 -251.21 821.691 -167.466 773.341 -83.737 821.764 1 1 0.0 0.0 0.665 1.0 0.612 1.0 105 1 False 3 3.6 0 100.893 0 1402060 1402060 14300.0 0.0 A None N
14 2 7 FM -251.163 1015.053 5 6 -167.46 966.75 -167.439 1063.386 -251.184 1111.736 -334.863 1063.4 -334.884 966.764 -251.139 918.414 -167.46 966.75 1 1 0.0 0.0 0.535 1.0 0.492 1.0 105 1 False 3 3.6 0 103.898 0 1402070 1402070 14300.0 0.0 A None E
14 2 8 FO -334.885 1160.061 5 6 -251.184 1111.736 -251.163 1208.373 -334.908 1256.723 -418.587 1208.386 -418.608 1111.75 -334.863 1063.4 -251.184 1111.736 1 1 0.0 0.0 0.395 1.0 0.366 1.0 105 0 True 3 3.6 0 106.102 0 1402080 1402080 14300.0 0.0 A None W
14 2 9 FO -418.608 1305.07 5 6 -334.908 1256.723 -334.887 1353.359 -418.631 1401.709 -502.31 1353.373 -502.331 1256.736 -418.587 1208.386 -334.908 1256.723 1 1 0.0 0.0 0.322 1.0 0.307 1.0 105 0 False 3 3.6 0 107.784 0 1402090 1402090 14300.0 0.0 A None N
14 2 10 cOe -502.321 1450.074 1 3 -418.631 1401.709 -586.055 1401.723 -502.31 1353.373 -418.631 1401.709 0.0 0.0 0.0 0.0 0.0 0.0 1 1 0.0 0.0 0.0 0.0 0.0 0.0 105 0 False 3 3.6 0 109.107 0 1402100 1402100 14300.0 0.0 A None N
14 3 0 FI 502.32 0.0 0 6 502.3 -96.7 586.0 -48.3 586.0 48.3 502.3 96.7 418.6 48.3 418.6 -48.3 502.3 -96.7 0 0 0.0 0.0 1.829 2.0 1.911 2.0 0 0 False 6 7.2 0 0.0 1 1403000 1403001 14000.0 0.0 A None N
14 3 1 FI 418.6 145.01 1 6 418.6 48.3 502.3 96.7 502.3 193.3 418.6 241.7 334.9 193.3 334.9 96.7 418.6 48.3 0 1 0.0 0.0 2.205 3.0 2.395 3.0 3 0 False 6 7.2 0 19.107 1 1403010 1403011 14100.0 0.0 A None N
14 3 2 FI 334.88 290.02 1 6 334.9 193.3 418.6 241.7 418.6 338.4 334.9 386.7 251.2 338.4 251.2 241.7 334.9 193.3 0 1 0.0 0.0 2.194 3.0 2.375 3.0 2 0 False 6 7.2 0 40.894 1 1403020 1403021 14100.0 0.0 A None N
14 3 3 FI 251.16 435.022 1 6 334.895 386.655 334.829 483.341 251.171 531.641 167.405 483.355 167.471 386.668 251.129 338.368 334.895 386.655 1 0 0.0 0.0 1.829 2.0 1.911 2.0 100 0 False 6 7.2 0 60.0 1 1403030 1403031 14200.0 0.0 A None N
14 3 4 FI 167.438 580.031 1 6 251.171 531.641 251.155 628.414 167.497 676.714 83.682 628.341 83.747 531.655 167.405 483.355 251.171 531.641 1 0 0.0 0.0 1.444 2.0 1.467 2.0 101 0 False 6 7.2 0 73.898 1 1403040 1403041 14200.0 0.0 A None N
14 3 5 FI 83.715 725.039 1 6 167.497 676.714 167.432 773.4 83.687 821.75 0.008 773.414 -0.063 676.691 83.682 628.341 167.497 676.714 1 0 0.0 0.0 1.133 2.0 1.129 2.0 101 0 False 6 7.2 0 83.414 1 1403050 1403051 14200.0 0.0 A None N
14 3 6 FM 0.002 870.043 5 6 83.687 821.75 83.708 918.386 -0.037 966.736 -83.716 918.4 -83.737 821.764 0.008 773.414 83.687 821.75 1 1 0.0 0.0 0.678 1.0 0.62 1.0 106 1 False 3 3.6 0 90.0 0 1403060 1403060 14300.0 0.0 A None N
14 3 7 FM -83.721 1015.051 5 6 -0.037 966.736 -0.016 1063.373 -83.76 1111.723 -167.439 1063.386 -167.46 966.75 -83.716 918.4 -0.037 966.736 1 1 0.0 0.0 0.561 1.0 0.519 1.0 106 1 False 3 3.6 0 94.715 0 1403070 1403070 14300.0 0.0 A None E
14 3 8 FO -167.443 1160.06 5 6 -83.76 1111.723 -83.739 1208.359 -167.484 1256.709 -251.163 1208.373 -251.184 1111.736 -167.439 1063.386 -83.76 1111.723 1 1 0.0 0.0 0.417 1.0 0.385 1.0 106 0 True 3 3.6 0 98.213 0 1403080 1403080 14300.0 0.0 A None W
14 3 9 FO -251.165 1305.069 5 6 -167.484 1256.709 -167.413 1353.432 -251.158 1401.782 -334.887 1353.359 -334.908 1256.723 -251.163 1208.373 -167.484 1256.709 1 1 0.0 0.0 0.329 1.0 0.313 1.0 106 0 False 3 3.6 0 100.894 0 1403090 1403090 14300.0 0.0 A None N
14 3 10 dOe -334.883 1450.086 1 5 -251.158 1401.782 -251.216 1450.082 -418.639 1450.096 -418.631 1401.709 -334.887 1353.359 -251.158 1401.782 0.0 0.0 1 1 0.0 0.0 0.144 1.0 0.144 1.0 106 0 False 2 2.4 0 103.004 0 1403100 1403100 14300.0 0.0 A None N
14 4 0 FI 669.76 0.0 0 6 669.8 -96.7 753.5 -48.3 753.5 48.3 669.8 96.7 586.0 48.3 586.0 -48.3 669.8 -96.7 0 0 0.0 0.0 1.243 2.0 1.257 2.0 0 0 True 6 7.2 0 0.0 1 1404000 1404001 14000.0 0.0 A None N
14 4 1 FI 586.04 145.01 0 6 586.0 48.3 669.8 96.7 669.8 193.3 586.0 241.7 502.3 193.3 502.3 96.7 586.0 48.3 0 0 0.0 0.0 1.444 2.0 1.467 2.0 1 0 False 6 7.2 0 13.898 1 1404010 1404011 14000.0 0.0 A None N
14 4 2 FI 502.32 290.02 1 6 502.3 193.3 586.0 241.7 586.0 338.4 502.3 386.7 418.6 338.4 418.6 241.7 502.3 193.3 0 1 0.0 0.0 1.517 2.0 1.542 2.0 3 0 False 6 7.2 0 30.0 1 1404020 1404021 14100.0 0.0 A None N
14 4 3 FI 418.6 435.02 1 6 418.6 338.4 502.3 386.7 502.3 483.4 418.6 531.7 334.9 483.4 334.9 386.7 418.6 338.4 0 1 0.0 0.0 1.438 2.0 1.458 2.0 2 0 False 6 7.2 0 46.102 1 1404030 1404031 14100.0 0.0 A None N
14 4 4 FI 334.88 580.029 1 6 418.645 531.714 418.579 628.4 334.921 676.7 251.155 628.414 251.171 531.641 334.829 483.341 418.645 531.714 1 0 0.0 0.0 1.243 2.0 1.257 2.0 100 0 True 6 7.2 0 60.0 1 1404040 1404041 14200.0 0.0 A None N
14 4 5 FI 251.158 725.038 1 6 334.921 676.7 334.855 773.386 251.197 821.686 167.432 773.4 167.497 676.714 251.155 628.414 334.921 676.7 1 0 0.0 0.0 1.08 2.0 1.072 2.0 101 0 True 6 7.2 0 70.894 1 1404050 1404051 14200.0 0.0 A None N
14 4 6 FM 167.435 870.046 1 6 251.197 821.686 251.132 918.373 167.387 966.723 83.708 918.386 83.687 821.75 167.432 773.4 251.197 821.686 1 0 0.0 0.0 0.663 1.0 0.609 1.0 107 0 False 3 3.6 0 79.107 0 1404060 1404060 14200.0 0.0 A None N
14 4 7 FM 83.722 1015.05 1 6 167.387 966.723 167.408 1063.359 83.663 1111.709 -0.016 1063.373 -0.037 966.736 83.708 918.386 167.387 966.723 1 0 0.0 0.0 0.561 1.0 0.519 1.0 110 0 False 3 3.6 0 85.285 0 1404070 1404070 14200.0 0.0 A None N
14 4 8 FO -0.001 1160.059 1 6 83.663 1111.709 83.734 1208.432 -0.01 1256.782 -83.739 1208.359 -83.76 1111.723 -0.016 1063.373 83.663 1111.709 1 0 0.0 0.0 0.428 1.0 0.394 1.0 111 0 True 3 3.6 0 90.0 0 1404080 1404080 14201.0 0.0 B None W
14 4 9 FO -83.718 1305.076 5 6 -0.01 1256.782 0.011 1353.418 -83.734 1401.768 -167.413 1353.432 -167.484 1256.709 -83.739 1208.359 -0.01 1256.782 1 0 0.0 0.0 0.344 1.0 0.324 1.0 111 0 False 3 3.6 0 93.67 0 1404090 1404090 14201.0 0.0 B None N
14 4 10 bOe -167.44 1450.085 2 5 -83.713 1498.405 -251.137 1498.418 -251.158 1401.782 -167.413 1353.432 -83.734 1401.768 -83.713 1498.405 0.0 0.0 1 0 0.0 0.0 0.192 1.0 0.192 1.0 111 0 False 3 3.6 0 96.587 0 1404100 1404100 14201.0 0.0 B None N
14 5 0 FM 837.2 0.0 0 6 837.2 -96.7 920.9 -48.3 920.9 48.3 837.2 96.7 753.5 48.3 753.5 -48.3 837.2 -96.7 0 0 0.0 0.0 0.723 1.0 0.658 1.0 9 0 False 3 3.6 0 0.0 0 1405000 1405000 14000.0 0.0 A None N
14 5 1 FI 753.48 145.01 0 6 753.5 48.3 837.2 96.7 837.2 193.3 753.5 241.7 669.8 193.3 669.8 96.7 753.5 48.3 0 0 0.0 0.0 1.08 2.0 1.072 2.0 1 0 True 6 7.2 0 10.894 1 1405010 1405011 14000.0 0.0 A None N
14 5 2 FI 669.76 290.02 0 6 669.8 193.3 753.5 241.7 753.5 338.4 669.8 386.7 586.0 338.4 586.0 241.7 669.8 193.3 0 0 0.0 0.0 1.133 2.0 1.129 2.0 1 0 False 6 7.2 0 23.414 1 1405020 1405021 14000.0 0.0 A None N
14 5 3 FI 586.04 435.02 1 6 586.0 338.4 669.8 386.7 669.8 483.4 586.0 531.7 502.3 483.4 502.3 386.7 586.0 338.4 0 1 0.0 0.0 1.128 2.0 1.125 2.0 3 0 True 6 7.2 0 36.587 1 1405030 1405031 14100.0 0.0 A None N
14 5 4 FI 502.32 580.03 1 6 502.3 483.4 586.0 531.7 586.0 628.4 502.3 676.7 418.6 628.4 418.6 531.7 502.3 483.4 0 1 0.0 0.0 1.079 2.0 1.072 2.0 2 0 True 6 7.2 0 49.107 1 1405040 1405041 14100.0 0.0 A None N
14 5 5 FM 418.6 725.036 1 6 502.345 676.686 502.279 773.373 418.621 821.673 334.855 773.386 334.921 676.7 418.579 628.4 502.345 676.686 1 0 0.0 0.0 0.723 1.0 0.658 1.0 109 0 False 3 3.6 0 60.0 0 1405050 1405050 14200.0 0.0 A None N
14 5 6 FM 334.878 870.045 1 6 418.621 821.673 418.555 918.359 334.897 966.659 251.132 918.373 251.197 821.686 334.855 773.386 418.621 821.673 1 0 0.0 0.0 0.622 1.0 0.577 1.0 108 0 False 3 3.6 0 68.948 0 1405060 1405060 14200.0 0.0 A None N
14 5 7 FM 251.155 1015.054 1 6 334.897 966.659 334.882 1063.432 251.137 1111.782 167.408 1063.359 167.387 966.723 251.132 918.373 334.897 966.659 1 0 0.0 0.0 0.527 1.0 0.485 1.0 107 0 True 3 3.6 0 76.102 0 1405070 1405070 14200.0 0.0 A None W
14 5 8 FO 167.447 1160.066 1 6 251.137 1111.782 251.158 1208.418 167.413 1256.768 83.734 1208.432 83.663 1111.709 167.408 1063.359 251.137 1111.782 1 0 0.0 0.0 0.414 1.0 0.383 1.0 110 0 True 3 3.6 0 81.787 0 1405080 1405080 14200.0 0.0 A None W
14 5 9 FO 83.724 1305.075 1 6 167.413 1256.768 167.434 1353.405 83.69 1401.755 0.011 1353.418 -0.01 1256.782 83.734 1208.432 167.413 1256.768 1 0 0.0 0.0 0.342 1.0 0.325 1.0 111 1 False 3 3.6 0 86.329 0 1405090 1405090 14201.0 0.0 B None E
14 5 10 bOe 0.002 1450.083 2 5 83.711 1498.391 -83.713 1498.405 -83.734 1401.768 0.011 1353.418 83.69 1401.755 83.711 1498.391 0.0 0.0 1 0 0.0 0.0 0.192 1.0 0.192 1.0 111 1 False 3 3.6 0 90.0 0 1405100 1405100 14201.0 0.0 B None N
14 6 0 FM 1004.64 0.0 0 6 1004.6 -96.7 1088.4 -48.3 1088.4 48.3 1004.6 96.7 920.9 48.3 920.9 -48.3 1004.6 -96.7 0 0 0.0 0.0 0.562 1.0 0.52 1.0 9 0 True 3 3.6 0 0.0 0 1406000 1406000 14000.0 0.0 A None W
14 6 1 FM 920.92 145.01 0 6 920.9 48.3 1004.6 96.7 1004.6 193.3 920.9 241.7 837.2 193.3 837.2 96.7 920.9 48.3 0 0 0.0 0.0 0.622 1.0 0.577 1.0 8 0 False 3 3.6 0 8.948 0 1406010 1406010 14000.0 0.0 A None N
14 6 2 FM 837.2 290.02 0 6 837.2 193.3 920.9 241.7 920.9 338.4 837.2 386.7 753.5 338.4 753.5 241.7 837.2 193.3 0 0 0.0 0.0 0.663 1.0 0.609 1.0 7 0 False 3 3.6 0 19.107 0 1406020 1406020 14000.0 0.0 A None N
14 6 3 FM 753.48 435.02 4 6 753.5 338.4 837.2 386.7 837.2 483.4 753.5 531.7 669.8 483.4 669.8 386.7 753.5 338.4 0 1 0.0 0.0 0.678 1.0 0.62 1.0 6 1 False 3 3.6 0 30.0 0 1406030 1406030 14100.0 0.0 A None N
14 6 4 FM 669.76 580.03 4 6 669.8 483.4 753.5 531.7 753.5 628.4 669.8 676.7 586.0 628.4 586.0 531.7 669.8 483.4 0 1 0.0 0.0 0.665 1.0 0.612 1.0 5 1 False 3 3.6 0 40.893 0 1406040 1406040 14100.0 0.0 A None N
14 6 5 FM 586.04 725.04 4 6 586.0 628.4 669.8 676.7 669.8 773.4 586.0 821.7 502.3 773.4 502.3 676.7 586.0 628.4 0 1 0.0 0.0 0.618 1.0 0.574 1.0 4 1 False 3 3.6 0 51.052 0 1406050 1406050 14100.0 0.0 A None N
14 6 6 FM 502.32 870.044 1 6 586.045 821.659 586.029 918.432 502.371 966.732 418.555 918.359 418.621 821.673 502.279 773.373 586.045 821.659 1 0 0.0 0.0 0.562 1.0 0.52 1.0 109 0 True 3 3.6 0 60.0 0 1406060 1406060 14200.0 0.0 A None W
14 6 7 FO 418.603 1015.061 1 6 502.371 966.732 502.305 1063.418 418.647 1111.718 334.882 1063.432 334.897 966.659 418.555 918.359 502.371 966.732 1 0 0.0 0.0 0.472 1.0 0.433 1.0 108 0 True 3 3.6 0 67.589 0 1406070 1406070 14200.0 0.0 A None W
14 6 8 FO 334.88 1160.07 1 6 418.647 1111.718 418.582 1208.405 334.837 1256.755 251.158 1208.418 251.137 1111.782 334.882 1063.432 418.647 1111.718 1 0 0.0 0.0 0.401 1.0 0.372 1.0 107 1 False 3 3.6 0 73.898 0 1406080 1406080 14200.0 0.0 A None E
14 6 9 FO 251.167 1305.073 1 6 334.837 1256.755 334.858 1353.391 251.113 1401.741 167.434 1353.405 167.413 1256.768 251.158 1208.418 334.837 1256.755 1 0 0.0 0.0 0.328 1.0 0.312 1.0 110 1 False 3 3.6 0 79.106 0 1406090 1406090 14200.0 0.0 A None E
14 6 10 bOe 167.444 1450.082 2 5 251.134 1498.377 83.711 1498.391 83.69 1401.755 167.434 1353.405 251.113 1401.741 251.134 1498.377 0.0 0.0 1 0 0.0 0.0 0.192 1.0 0.192 1.0 111 1 False 3 3.6 0 83.413 0 1406100 1406100 14201.0 0.0 B None N
14 7 0 FO 1172.09 0.0 0 6 1172.1 -96.7 1255.8 -48.3 1255.8 48.3 1172.1 96.7 1088.4 48.3 1088.4 -48.3 1172.1 -96.7 0 0 0.0 0.0 0.417 1.0 0.385 1.0 9 1 False 3 3.6 0 0.0 0 1407000 1407000 14000.0 0.0 A None E
14 7 1 FO 1088.37 145.01 0 6 1088.4 48.3 1172.1 96.7 1172.1 193.3 1088.4 241.7 1004.6 193.3 1004.6 96.7 1088.4 48.3 0 0 0.0 0.0 0.472 1.0 0.433 1.0 8 0 True 3 3.6 0 7.589 0 1407010 1407010 14000.0 0.0 A None W
14 7 2 FM 1004.64 290.02 0 6 1004.6 193.3 1088.4 241.7 1088.4 338.4 1004.6 386.7 920.9 338.4 920.9 241.7 1004.6 193.3 0 0 0.0 0.0 0.527 1.0 0.485 1.0 7 0 True 3 3.6 0 16.102 0 1407020 1407020 14000.0 0.0 A None W
14 7 3 FM 920.92 435.02 0 6 920.9 338.4 1004.6 386.7 1004.6 483.4 920.9 531.7 837.2 483.4 837.2 386.7 920.9 338.4 0 0 0.0 0.0 0.561 1.0 0.519 1.0 10 0 False 3 3.6 0 25.285 0 1407030 1407030 14000.0 0.0 A None N
14 7 4 FM 837.2 580.03 4 6 837.2 483.4 920.9 531.7 920.9 628.4 837.2 676.7 753.5 628.4 753.5 531.7 837.2 483.4 0 1 0.0 0.0 0.561 1.0 0.519 1.0 6 1 False 3 3.6 0 34.715 0 1407040 1407040 14100.0 0.0 A None E
14 7 5 FM 753.48 725.04 4 6 753.5 628.4 837.2 676.7 837.2 773.4 753.5 821.7 669.8 773.4 669.8 676.7 753.5 628.4 0 1 0.0 0.0 0.535 1.0 0.492 1.0 5 1 False 3 3.6 0 43.898 0 1407050 1407050 14100.0 0.0 A None E
14 7 6 FO 669.76 870.05 4 6 669.8 773.4 753.5 821.7 753.5 918.4 669.8 966.7 586.0 918.4 586.0 821.7 669.8 773.4 0 1 0.0 0.0 0.478 1.0 0.439 1.0 4 1 False 3 3.6 0 52.411 0 1407060 1407060 14100.0 0.0 A None E
14 7 7 FO 586.045 1015.06 1 6 669.795 966.718 669.729 1063.405 586.071 1111.705 502.305 1063.418 502.371 966.732 586.029 918.432 669.795 966.718 1 0 0.0 0.0 0.417 1.0 0.385 1.0 109 1 False 3 3.6 0 60.0 0 1407070 1407070 14200.0 0.0 A None E
14 7 8 FO 502.323 1160.068 1 6 586.071 1111.705 586.005 1208.391 502.347 1256.691 418.582 1208.405 418.647 1111.718 502.305 1063.418 586.071 1111.705 1 0 0.0 0.0 0.364 1.0 0.341 1.0 108 1 False 3 3.6 0 66.587 0 1407080 1407080 14200.0 0.0 A None E
14 7 9 FO 418.6 1305.077 1 6 502.347 1256.691 502.282 1353.377 418.537 1401.727 334.858 1353.391 334.837 1256.755 418.582 1208.405 502.347 1256.691 1 0 0.0 0.0 0.362 1.0 0.362 1.0 107 1 False 3 3.6 0 72.216 0 1407090 1407090 14200.0 0.0 A None N
14 7 10 dOe 334.887 1450.081 1 5 418.537 1401.727 418.616 1450.064 251.192 1450.077 251.113 1401.741 334.858 1353.391 418.537 1401.727 0.0 0.0 1 0 0.0 0.0 0.144 1.0 0.144 1.0 110 1 False 2 2.4 0 76.996 0 1407100 1407100 14200.0 0.0 A None N
14 8 0 FO 1339.53 0.0 0 6 1339.5 -96.7 1423.2 -48.3 1423.2 48.3 1339.5 96.7 1255.8 48.3 1255.8 -48.3 1339.5 -96.7 0 0 0.0 0.0 0.33 1.0 0.314 1.0 9 1 False 3 3.6 0 0.0 0 1408000 1408000 14000.0 0.0 A None N
14 8 1 FO 1255.81 145.01 0 6 1255.8 48.3 1339.5 96.7 1339.5 193.3 1255.8 241.7 1172.1 193.3 1172.1 96.7 1255.8 48.3 0 0 0.0 0.0 0.364 1.0 0.341 1.0 8 1 False 3 3.6 0 6.587 0 1408010 1408010 14000.0 0.0 A None E
14 8 2 FO 1172.09 290.02 0 6 1172.1 193.3 1255.8 241.7 1255.8 338.4 1172.1 386.7 1088.4 338.4 1088.4 241.7 1172.1 193.3 0 0 0.0 0.0 0.401 1.0 0.372 1.0 7 1 False 3 3.6 0 13.898 0 1408020 1408020 14000.0 0.0 A None E
14 8 3 FO 1088.37 435.02 0 6 1088.4 338.4 1172.1 386.7 1172.1 483.4 1088.4 531.7 1004.6 483.4 1004.6 386.7 1088.4 338.4 0 0 0.0 0.0 0.414 1.0 0.383 1.0 10 0 True 3 3.6 0 21.787 0 1408030 1408030 14000.0 0.0 A None W
14 8 4 FO 1004.64 580.03 0 6 1004.6 483.4 1088.4 531.7 1088.4 628.4 1004.6 676.7 920.9 628.4 920.9 531.7 1004.6 483.4 0 0 0.0 0.0 0.428 1.0 0.394 1.0 11 0 True 3 3.6 0 30.0 0 1408040 1408040 14001.0 0.0 B None W
14 8 5 FO 920.92 725.04 4 6 920.9 628.4 1004.6 676.7 1004.6 773.4 920.9 821.7 837.2 773.4 837.2 676.7 920.9 628.4 0 1 0.0 0.0 0.417 1.0 0.385 1.0 6 0 True 3 3.6 0 38.213 0 1408050 1408050 14100.0 0.0 A None W
14 8 6 FO 837.2 870.05 4 6 837.2 773.4 920.9 821.7 920.9 918.4 837.2 966.7 753.5 918.4 753.5 821.7 837.2 773.4 0 1 0.0 0.0 0.395 1.0 0.366 1.0 5 0 True 3 3.6 0 46.102 0 1408060 1408060 14100.0 0.0 A None W
14 8 7 FO 753.48 1015.06 4 6 753.5 918.4 837.2 966.7 837.2 1063.4 753.5 1111.7 669.8 1063.4 669.8 966.7 753.5 918.4 0 1 0.0 0.0 0.368 1.0 0.345 1.0 4 0 True 3 3.6 0 53.413 0 1408070 1408070 14100.0 0.0 A None W
14 8 8 FO 669.765 1160.067 1 6 753.495 1111.691 753.429 1208.377 669.771 1256.677 586.005 1208.391 586.071 1111.705 669.729 1063.405 753.495 1111.691 1 0 0.0 0.0 0.33 1.0 0.314 1.0 109 1 False 3 3.6 0 60.0 0 1408080 1408080 14200.0 0.0 A None N
14 8 9 FOe 586.043 1305.076 1 6 669.771 1256.677 669.755 1353.45 586.097 1401.75 502.282 1353.377 502.347 1256.691 586.005 1208.391 669.771 1256.677 1 0 0.0 0.0 0.3 1.0 0.291 1.0 108 1 False 3 3.6 0 65.818 0 1408090 1408090 14200.0 0.0 A None N
14 8 10 cOe 502.32 1450.084 1 3 586.097 1401.75 418.537 1401.727 502.282 1353.377 586.097 1401.75 0.0 0.0 0.0 0.0 0.0 0.0 1 0 0.0 0.0 0.0 0.0 0.0 0.0 107 1 False 3 3.6 0 70.894 0 1408100 1408100 14200.0 0.0 A None N
14 9 0 aOe 1506.97 0.0 0 4 1507.0 -96.7 1507.0 96.7 1423.2 48.3 1423.2 -48.3 1507.0 -96.7 0.0 0.0 0.0 0.0 0 0 0.0 0.0 0.144 1.0 0.144 1.0 9 1 False 3 3.6 0 0.0 0 1409000 1409000 14000.0 0.0 A None N
14 9 1 FOe 1423.25 145.01 0 6 1423.2 48.3 1507.0 96.7 1507.0 193.3 1423.2 241.7 1339.5 193.3 1339.5 96.7 1423.2 48.3 0 0 0.0 0.0 0.3 1.0 0.291 1.0 8 1 False 3 3.6 0 5.818 0 1409010 1409010 14000.0 0.0 A None N
14 9 2 FO 1339.53 290.02 0 6 1339.5 193.3 1423.2 241.7 1423.2 338.4 1339.5 386.7 1255.8 338.4 1255.8 241.7 1339.5 193.3 0 0 0.0 0.0 0.362 1.0 0.362 1.0 7 1 False 3 3.6 0 12.216 0 1409020 1409020 14000.0 0.0 A None N
14 9 3 FO 1255.81 435.02 0 6 1255.8 338.4 1339.5 386.7 1339.5 483.4 1255.8 531.7 1172.1 483.4 1172.1 386.7 1255.8 338.4 0 0 0.0 0.0 0.328 1.0 0.312 1.0 10 1 False 3 3.6 0 19.106 0 1409030 1409030 14000.0 0.0 A None E
14 9 4 FO 1172.09 580.03 0 6 1172.1 483.4 1255.8 531.7 1255.8 628.4 1172.1 676.7 1088.4 628.4 1088.4 531.7 1172.1 483.4 0 0 0.0 0.0 0.342 1.0 0.325 1.0 11 1 False 3 3.6 0 26.329 0 1409040 1409040 14001.0 0.0 B None E
14 9 5 FO 1088.37 725.04 4 6 1088.4 628.4 1172.1 676.7 1172.1 773.4 1088.4 821.7 1004.6 773.4 1004.6 676.7 1088.4 628.4 0 0 0.0 0.0 0.344 1.0 0.324 1.0 11 0 False 3 3.6 0 33.67 0 1409050 1409050 14001.0 0.0 B None N
14 9 6 FO 1004.64 870.05 4 6 1004.6 773.4 1088.4 821.7 1088.4 918.4 1004.6 966.7 920.9 918.4 920.9 821.7 1004.6 773.4 0 1 0.0 0.0 0.329 1.0 0.313 1.0 6 0 False 3 3.6 0 40.894 0 1409060 1409060 14100.0 0.0 A None N
14 9 7 FO 920.92 1015.06 4 6 920.9 918.4 1004.6 966.7 1004.6 1063.4 920.9 1111.7 837.2 1063.4 837.2 966.7 920.9 918.4 0 1 0.0 0.0 0.322 1.0 0.307 1.0 5 0 False 3 3.6 0 47.784 0 1409070 1409070 14100.0 0.0 A None N
14 9 8 FOe 837.2 1160.06 4 6 837.2 1063.4 920.9 1111.7 920.9 1208.4 837.2 1256.7 753.5 1208.4 753.5 1111.7 837.2 1063.4 0 1 0.0 0.0 0.345 1.0 0.345 1.0 4 0 False 3 3.6 0 54.183 0 1409080 1409080 14100.0 0.0 A None N
14 9 9 aOe 753.485 1305.074 1 4 837.245 1256.75 669.755 1353.45 669.771 1256.677 753.429 1208.377 837.245 1256.75 0.0 0.0 0.0 0.0 1 0 0.0 0.0 0.144 1.0 0.144 1.0 109 1 False 3 3.6 0 60.0 0 1409090 1409090 14200.0 0.0 A None N
14 10 2 cOe 1506.97 290.02 0 3 1507.0 193.3 1423.2 338.4 1423.2 241.7 1507.0 193.3 0.0 0.0 0.0 0.0 0.0 0.0 0 0 0.0 0.0 0.0 0.0 0.0 0.0 7 1 False 3 3.6 0 10.894 0 1410020 1410020 14000.0 0.0 A None N
14 10 3 dOe 1423.25 435.02 0 5 1423.2 338.4 1465.1 362.5 1381.4 507.5 1339.5 483.4 1339.5 386.7 1423.2 338.4 0.0 0.0 0 0 0.0 0.0 0.144 1.0 0.144 1.0 10 1 False 2 2.4 0 16.996 0 1410030 1410030 14000.0 0.0 A None N
14 10 4 bOe 1339.53 580.03 1 5 1423.2 531.7 1339.5 676.7 1255.8 628.4 1255.8 531.7 1339.5 483.4 1423.2 531.7 0.0 0.0 0 0 0.0 0.0 0.192 1.0 0.192 1.0 11 1 False 3 3.6 0 23.413 0 1410040 1410040 14001.0 0.0 B None N
14 10 5 bOe 1255.81 725.04 1 5 1339.5 676.7 1255.8 821.7 1172.1 773.4 1172.1 676.7 1255.8 628.4 1339.5 676.7 0.0 0.0 0 0 0.0 0.0 0.192 1.0 0.192 1.0 11 1 False 3 3.6 0 30.0 0 1410050 1410050 14001.0 0.0 B None N
14 10 6 bOe 1172.09 870.05 1 5 1255.8 821.7 1172.1 966.7 1088.4 918.4 1088.4 821.7 1172.1 773.4 1255.8 821.7 0.0 0.0 0 0 0.0 0.0 0.192 1.0 0.192 1.0 11 0 False 3 3.6 0 36.587 0 1410060 1410060 14001.0 0.0 B None N
14 10 7 dOe 1088.37 1015.06 0 5 1088.4 918.4 1130.2 942.6 1046.5 1087.6 1004.6 1063.4 1004.6 966.7 1088.4 918.4 0.0 0.0 0 1 0.0 0.0 0.144 1.0 0.144 1.0 6 0 False 2 2.4 0 43.004 0 1410070 1410070 14100.0 0.0 A None N
14 10 8 cOe 1004.64 1160.06 0 3 1004.6 1063.4 920.9 1208.4 920.9 1111.7 1004.6 1063.4 0.0 0.0 0.0 0.0 0.0 0.0 0 1 0.0 0.0 0.0 0.0 0.0 0.0 5 0 False 3 3.6 0 49.107 0 1410080 1410080 14100.0 0.0 A None N
15 1 2 dIe -0.002 290.016 4 5 -83.718 338.396 -83.729 316.578 83.695 316.564 83.705 338.382 0.047 386.682 -83.718 338.396 0.0 0.0 1 1 3.548 4.0 1.407 2.0 1.407 2.0 102 0 False 3 3.6 0 90.0 1 1501020 1501021 15300.0 15310.0 A A N
15 1 3 FI -83.725 435.025 2 6 0.047 386.682 -0.018 483.368 -83.763 531.718 -167.442 483.382 -167.463 386.746 -83.718 338.396 0.047 386.682 1 1 3.857 4.0 2.203 3.0 2.392 3.0 102 0 False 6 7.2 0 100.894 1 1501030 1501031 15300.0 15310.0 A A N
15 1 4 FI -167.438 580.028 2 6 -83.763 531.718 -83.742 628.355 -167.487 676.705 -251.166 628.368 -251.187 531.732 -167.442 483.382 -83.763 531.718 1 1 2.358 3.0 1.442 2.0 1.465 2.0 102 0 False 6 7.2 0 106.102 1 1501040 1501041 15300.0 15310.0 A A N
15 1 5 FI -251.161 725.037 2 6 -167.487 676.705 -167.466 773.341 -251.21 821.691 -334.889 773.355 -334.91 676.718 -251.166 628.368 -167.487 676.705 1 1 1.637 2.0 1.08 2.0 1.072 2.0 102 0 True 6 7.2 0 109.107 1 1501050 1501051 15300.0 15310.0 A A N
15 1 6 FM -334.883 870.046 5 6 -251.21 821.691 -251.139 918.414 -334.884 966.764 -418.613 918.341 -418.634 821.705 -334.889 773.355 -251.21 821.691 1 1 1.243 2.0 0.624 1.0 0.578 1.0 104 1 False 3 3.6 0 111.052 0 1501060 1501060 15300.0 15310.0 A A N
15 1 7 FO -418.605 1015.054 5 6 -334.884 966.764 -334.863 1063.4 -418.608 1111.75 -502.287 1063.414 -502.358 966.691 -418.613 918.341 -334.884 966.764 1 1 1.126 2.0 0.469 1.0 0.431 1.0 104 1 False 3 3.6 0 112.411 0 1501070 1501070 15300.0 15310.0 A A E
15 1 8 FO -502.328 1160.063 5 6 -418.608 1111.75 -418.587 1208.386 -502.331 1256.736 -586.01 1208.4 -586.031 1111.764 -502.287 1063.414 -418.608 1111.75 1 1 0.939 2.0 0.362 1.0 0.34 1.0 104 0 True 3 3.6 0 113.413 0 1501080 1501080 15300.0 15310.0 A A W
15 1 9 FOe -586.041 1305.066 5 6 -502.331 1256.736 -502.31 1353.373 -586.055 1401.723 -669.734 1353.386 -669.755 1256.75 -586.01 1208.4 -502.331 1256.736 1 1 0.834 2.0 0.303 1.0 0.293 1.0 104 0 False 3 3.6 0 114.183 0 1501090 1501090 15300.0 15310.0 A A N
15 2 0 gIe 334.88 0.0 3 6 334.9 96.7 316.0 85.8 316.0 -85.8 334.9 -96.7 418.6 -48.3 418.6 48.3 334.9 96.7 0 0 4.823 5.0 2.328 3.0 2.328 3.0 0 0 False 6 7.2 0 0.0 1 1502000 1502001 15000.0 15010.0 A A N
15 2 1 dIe 251.16 145.01 3 5 251.2 241.7 232.3 230.8 316.0 85.8 334.9 96.7 334.9 193.3 251.2 241.7 0.0 0.0 0 1 3.548 4.0 1.407 2.0 1.407 2.0 2 0 False 3 3.6 0 30.0 1 1502010 1502011 15100.0 15110.0 A A N
15 2 2 gIe 167.44 290.015 4 6 83.705 338.382 83.695 316.564 232.305 230.764 251.195 241.682 251.129 338.368 167.471 386.668 83.705 338.382 1 0 4.823 5.0 2.328 3.0 2.328 3.0 100 0 False 6 7.2 0 60.0 1 1502020 1502021 15200.0 15210.0 A A N
15 2 3 FI 83.718 435.023 2 6 167.471 386.668 167.405 483.355 83.747 531.655 -0.018 483.368 0.047 386.682 83.705 338.382 167.471 386.668 1 1 3.891 4.0 2.214 3.0 2.407 3.0 103 0 False 6 7.2 0 79.107 1 1502030 1502031 15300.0 15310.0 A A N
15 2 4 FI -0.005 580.032 2 6 83.747 531.655 83.682 628.341 -0.063 676.691 -83.742 628.355 -83.763 531.718 -0.018 483.368 83.747 531.655 1 1 2.466 3.0 1.519 2.0 1.546 2.0 103 0 False 6 7.2 0 90.0 1 1502040 1502041 15300.0 15310.0 A A N
15 2 5 FI -83.718 725.036 2 6 -0.063 676.691 0.008 773.414 -83.737 821.764 -167.466 773.341 -167.487 676.705 -83.742 628.355 -0.063 676.691 1 1 1.75 2.0 1.124 2.0 1.118 2.0 103 0 True 6 7.2 0 96.587 1 1502050 1502051 15300.0 15310.0 A A N
15 2 6 FM -167.441 870.044 5 6 -83.737 821.764 -83.716 918.4 -167.46 966.75 -251.139 918.414 -251.21 821.691 -167.466 773.341 -83.737 821.764 1 1 1.327 2.0 0.659 1.0 0.606 1.0 105 1 False 3 3.6 0 100.893 0 1502060 1502060 15300.0 15310.0 A A N
15 2 7 FO -251.163 1015.053 5 6 -167.46 966.75 -167.439 1063.386 -251.184 1111.736 -334.863 1063.4 -334.884 966.764 -251.139 918.414 -167.46 966.75 1 1 1.177 2.0 0.525 1.0 0.481 1.0 105 1 False 3 3.6 0 103.898 0 1502070 1502070 15300.0 15310.0 A A E
15 2 8 FO -334.885 1160.061 5 6 -251.184 1111.736 -251.163 1208.373 -334.908 1256.723 -418.587 1208.386 -418.608 1111.75 -334.863 1063.4 -251.184 1111.736 1 1 0.97 2.0 0.394 1.0 0.366 1.0 105 0 True 3 3.6 0 106.102 0 1502080 1502080 15300.0 15310.0 A A W
15 2 9 FO -418.608 1305.07 5 6 -334.908 1256.723 -334.887 1353.359 -418.631 1401.709 -502.31 1353.373 -502.331 1256.736 -418.587 1208.386 -334.908 1256.723 1 1 0.926 2.0 0.319 1.0 0.304 1.0 105 0 False 3 3.6 0 107.784 0 1502090 1502090 15300.0 15310.0 A A N
15 2 10 aOe -502.321 1450.074 2 4 -418.56 1498.432 -586.055 1401.723 -502.31 1353.373 -418.631 1401.709 -418.56 1498.432 0.0 0.0 0.0 0.0 1 1 0.741 1.0 0.144 1.0 0.144 1.0 105 0 False 3 3.6 0 109.107 0 1502100 1502100 15300.0 15310.0 A A N
15 3 0 FI 502.32 0.0 0 6 502.3 -96.7 586.0 -48.3 586.0 48.3 502.3 96.7 418.6 48.3 418.6 -48.3 502.3 -96.7 0 0 3.084 4.0 1.822 2.0 1.907 2.0 0 0 False 6 7.2 0 0.0 1 1503000 1503001 15000.0 15010.0 A A N
15 3 1 FI 418.6 145.01 1 6 418.6 48.3 502.3 96.7 502.3 193.3 418.6 241.7 334.9 193.3 334.9 96.7 418.6 48.3 0 1 3.891 4.0 2.214 3.0 2.407 3.0 3 0 False 6 7.2 0 19.107 1 1503010 1503011 15100.0 15110.0 A A N
15 3 2 FI 334.88 290.02 1 6 334.9 193.3 418.6 241.7 418.6 338.4 334.9 386.7 251.2 338.4 251.2 241.7 334.9 193.3 0 1 3.857 4.0 2.203 3.0 2.392 3.0 2 0 False 6 7.2 0 40.894 1 1503020 1503021 15100.0 15110.0 A A N
15 3 3 FI 251.16 435.022 1 6 334.895 386.655 334.829 483.341 251.171 531.641 167.405 483.355 167.471 386.668 251.129 338.368 334.895 386.655 1 0 3.084 4.0 1.822 2.0 1.907 2.0 100 0 False 6 7.2 0 60.0 1 1503030 1503031 15200.0 15210.0 A A N
15 3 4 FI 167.438 580.031 1 6 251.171 531.641 251.155 628.414 167.497 676.714 83.682 628.341 83.747 531.655 167.405 483.355 251.171 531.641 1 0 2.274 3.0 1.437 2.0 1.46 2.0 101 0 False 6 7.2 0 73.898 1 1503040 1503041 15200.0 15211.0 A B N
15 3 5 FI 83.715 725.039 1 6 167.497 676.714 167.432 773.4 83.687 821.75 0.008 773.414 -0.063 676.691 83.682 628.341 167.497 676.714 1 0 1.721 2.0 1.135 2.0 1.133 2.0 101 0 False 6 7.2 0 83.414 1 1503050 1503051 15200.0 15211.0 A B N
15 3 6 FM 0.002 870.043 5 6 83.687 821.75 83.708 918.386 -0.037 966.736 -83.716 918.4 -83.737 821.764 0.008 773.414 83.687 821.75 1 1 1.345 2.0 0.675 1.0 0.618 1.0 106 1 False 3 3.6 0 90.0 0 1503060 1503060 15300.0 15310.0 A A N
15 3 7 FM -83.721 1015.051 5 6 -0.037 966.736 -0.016 1063.373 -83.76 1111.723 -167.439 1063.386 -167.46 966.75 -83.716 918.4 -0.037 966.736 1 1 1.13 2.0 0.55 1.0 0.508 1.0 106 1 False 3 3.6 0 94.715 0 1503070 1503070 15300.0 15310.0 A A E
15 3 8 FO -167.443 1160.06 5 6 -83.76 1111.723 -83.739 1208.359 -167.484 1256.709 -251.163 1208.373 -251.184 1111.736 -167.439 1063.386 -83.76 1111.723 1 1 1.03 2.0 0.414 1.0 0.383 1.0 106 0 True 3 3.6 0 98.213 0 1503080 1503080 15300.0 15310.0 A A W
15 3 9 FO -251.165 1305.069 5 6 -167.484 1256.709 -167.413 1353.432 -251.158 1401.782 -334.887 1353.359 -334.908 1256.723 -251.163 1208.373 -167.484 1256.709 1 1 0.965 2.0 0.323 1.0 0.31 1.0 106 0 False 3 3.6 0 100.894 0 1503090 1503090 15300.0 15310.0 A A N
15 3 10 FOe -334.883 1450.086 5 6 -251.158 1401.782 -251.137 1498.418 -334.881 1546.768 -418.56 1498.432 -418.631 1401.709 -334.887 1353.359 -251.158 1401.782 1 1 0.835 2.0 0.324 1.0 0.324 1.0 106 0 False 3 3.6 0 103.004 0 1503100 1503100 15300.0 15310.0 A A N
15 4 0 FI 669.76 0.0 0 6 669.8 -96.7 753.5 -48.3 753.5 48.3 669.8 96.7 586.0 48.3 586.0 -48.3 669.8 -96.7 0 0 2.022 3.0 1.238 2.0 1.252 2.0 0 0 True 6 7.2 0 0.0 1 1504000 1504001 15000.0 15010.0 A A N
15 4 1 FI 586.04 145.01 0 6 586.0 48.3 669.8 96.7 669.8 193.3 586.0 241.7 502.3 193.3 502.3 96.7 586.0 48.3 0 0 2.274 3.0 1.437 2.0 1.46 2.0 1 0 False 6 7.2 0 13.898 1 1504010 1504011 15000.0 15011.0 A B N
15 4 2 FI 502.32 290.02 1 6 502.3 193.3 586.0 241.7 586.0 338.4 502.3 386.7 418.6 338.4 418.6 241.7 502.3 193.3 0 1 2.466 3.0 1.519 2.0 1.546 2.0 3 0 False 6 7.2 0 30.0 1 1504020 1504021 15100.0 15110.0 A A N
15 4 3 FI 418.6 435.02 1 6 418.6 338.4 502.3 386.7 502.3 483.4 418.6 531.7 334.9 483.4 334.9 386.7 418.6 338.4 0 1 2.358 3.0 1.442 2.0 1.465 2.0 2 0 False 6 7.2 0 46.102 1 1504030 1504031 15100.0 15110.0 A A N
15 4 4 FI 334.88 580.029 1 6 418.645 531.714 418.579 628.4 334.921 676.7 251.155 628.414 251.171 531.641 334.829 483.341 418.645 531.714 1 0 2.022 3.0 1.238 2.0 1.252 2.0 100 0 True 6 7.2 0 60.0 1 1504040 1504041 15200.0 15210.0 A A N
15 4 5 FI 251.158 725.038 1 6 334.921 676.7 334.855 773.386 251.197 821.686 167.432 773.4 167.497 676.714 251.155 628.414 334.921 676.7 1 0 1.633 2.0 1.078 2.0 1.069 2.0 101 0 True 6 7.2 0 70.894 1 1504050 1504051 15200.0 15211.0 A B N
15 4 6 FM 167.435 870.046 1 6 251.197 821.686 251.132 918.373 167.387 966.723 83.708 918.386 83.687 821.75 167.432 773.4 251.197 821.686 1 0 1.3 2.0 0.661 1.0 0.607 1.0 107 0 False 3 3.6 0 79.107 0 1504060 1504060 15200.0 15210.0 A A N
15 4 7 FM 83.722 1015.05 1 6 167.387 966.723 167.408 1063.359 83.663 1111.709 -0.016 1063.373 -0.037 966.736 83.708 918.386 167.387 966.723 1 0 1.17 2.0 0.559 1.0 0.518 1.0 110 0 False 3 3.6 0 85.285 0 1504070 1504070 15200.0 15210.0 A A N
15 4 8 FO -0.001 1160.059 1 6 83.663 1111.709 83.734 1208.432 -0.01 1256.782 -83.739 1208.359 -83.76 1111.723 -0.016 1063.373 83.663 1111.709 1 0 1.031 2.0 0.425 1.0 0.392 1.0 111 0 True 3 3.6 0 90.0 0 1504080 1504080 15201.0 15210.0 B A W
15 4 9 FO -83.718 1305.076 5 6 -0.01 1256.782 0.011 1353.418 -83.734 1401.768 -167.413 1353.432 -167.484 1256.709 -83.739 1208.359 -0.01 1256.782 1 0 0.967 2.0 0.339 1.0 0.322 1.0 111 0 False 3 3.6 0 93.67 0 1504090 1504090 15201.0 15210.0 B A N
15 4 10 FOe -167.44 1450.085 5 6 -83.734 1401.768 -83.713 1498.405 -167.458 1546.755 -251.137 1498.418 -251.158 1401.782 -167.413 1353.432 -83.734 1401.768 1 0 0.851 2.0 0.292 1.0 0.284 1.0 111 0 False 3 3.6 0 96.587 0 1504100 1504100 15201.0 15210.0 B A N
15 4 11 cOe -251.163 1595.093 1 3 -167.458 1546.755 -334.881 1546.768 -251.137 1498.418 -167.458 1546.755 0.0 0.0 0.0 0.0 0.0 0.0 1 0 0.669 0.0 0.0 0.0 0.0 0.0 111 0 False 3 3.6 0 98.948 0 1504110 1504110 15201.0 15210.0 B A N
15 5 0 FM 837.2 0.0 0 6 837.2 -96.7 920.9 -48.3 920.9 48.3 837.2 96.7 753.5 48.3 753.5 -48.3 837.2 -96.7 0 0 1.424 2.0 0.72 1.0 0.655 1.0 9 0 False 3 3.6 0 0.0 0 1505000 1505000 15000.0 15010.0 A A N
15 5 1 FI 753.48 145.01 0 6 753.5 48.3 837.2 96.7 837.2 193.3 753.5 241.7 669.8 193.3 669.8 96.7 753.5 48.3 0 0 1.633 2.0 1.078 2.0 1.069 2.0 1 0 True 6 7.2 0 10.894 1 1505010 1505011 15000.0 15011.0 A B N
15 5 2 FI 669.76 290.02 0 6 669.8 193.3 753.5 241.7 753.5 338.4 669.8 386.7 586.0 338.4 586.0 241.7 669.8 193.3 0 0 1.721 2.0 1.135 2.0 1.133 2.0 1 0 False 6 7.2 0 23.414 1 1505020 1505021 15000.0 15011.0 A B N
15 5 3 FI 586.04 435.02 1 6 586.0 338.4 669.8 386.7 669.8 483.4 586.0 531.7 502.3 483.4 502.3 386.7 586.0 338.4 0 1 1.75 2.0 1.124 2.0 1.118 2.0 3 0 True 6 7.2 0 36.587 1 1505030 1505031 15100.0 15110.0 A A N
15 5 4 FI 502.32 580.03 1 6 502.3 483.4 586.0 531.7 586.0 628.4 502.3 676.7 418.6 628.4 418.6 531.7 502.3 483.4 0 1 1.637 2.0 1.08 2.0 1.072 2.0 2 0 True 6 7.2 0 49.107 1 1505040 1505041 15100.0 15110.0 A A N
15 5 5 FM 418.6 725.036 1 6 502.345 676.686 502.279 773.373 418.621 821.673 334.855 773.386 334.921 676.7 418.579 628.4 502.345 676.686 1 0 1.424 2.0 0.72 1.0 0.655 1.0 109 0 False 3 3.6 0 60.0 0 1505050 1505050 15200.0 15210.0 A A N
15 5 6 FM 334.878 870.045 1 6 418.621 821.673 418.555 918.359 334.897 966.659 251.132 918.373 251.197 821.686 334.855 773.386 418.621 821.673 1 0 1.218 2.0 0.624 1.0 0.578 1.0 108 0 False 3 3.6 0 68.948 0 1505060 1505060 15200.0 15210.0 A A N
15 5 7 FO 251.155 1015.054 1 6 334.897 966.659 334.882 1063.432 251.137 1111.782 167.408 1063.359 167.387 966.723 251.132 918.373 334.897 966.659 1 0 1.167 2.0 0.529 1.0 0.484 1.0 107 0 True 3 3.6 0 76.102 0 1505070 1505070 15200.0 15210.0 A A W
15 5 8 FO 167.447 1160.066 1 6 251.137 1111.782 251.158 1208.418 167.413 1256.768 83.734 1208.432 83.663 1111.709 167.408 1063.359 251.137 1111.782 1 0 1.004 2.0 0.413 1.0 0.382 1.0 110 0 True 3 3.6 0 81.787 0 1505080 1505080 15200.0 15210.0 A A W
15 5 9 FO 83.724 1305.075 1 6 167.413 1256.768 167.434 1353.405 83.69 1401.755 0.011 1353.418 -0.01 1256.782 83.734 1208.432 167.413 1256.768 1 0 0.963 2.0 0.334 1.0 0.317 1.0 111 1 False 3 3.6 0 86.329 0 1505090 1505090 15201.0 15210.0 B A E
15 5 10 bOe 0.002 1450.083 2 5 83.711 1498.391 -83.713 1498.405 -83.734 1401.768 0.011 1353.418 83.69 1401.755 83.711 1498.391 0.0 0.0 1 0 0.817 1.0 0.192 1.0 0.192 1.0 111 1 False 3 3.6 0 90.0 0 1505100 1505100 15201.0 15210.0 B A N
15 6 0 FM 1004.64 0.0 0 6 1004.6 -96.7 1088.4 -48.3 1088.4 48.3 1004.6 96.7 920.9 48.3 920.9 -48.3 1004.6 -96.7 0 0 1.195 2.0 0.56 1.0 0.517 1.0 9 0 True 3 3.6 0 0.0 0 1506000 1506000 15000.0 15010.0 A A W
15 6 1 FM 920.92 145.01 0 6 920.9 48.3 1004.6 96.7 1004.6 193.3 920.9 241.7 837.2 193.3 837.2 96.7 920.9 48.3 0 0 1.218 2.0 0.624 1.0 0.578 1.0 8 0 False 3 3.6 0 8.948 0 1506010 1506010 15000.0 15010.0 A A N
15 6 2 FM 837.2 290.02 0 6 837.2 193.3 920.9 241.7 920.9 338.4 837.2 386.7 753.5 338.4 753.5 241.7 837.2 193.3 0 0 1.3 2.0 0.661 1.0 0.607 1.0 7 0 False 3 3.6 0 19.107 0 1506020 1506020 15000.0 15010.0 A A N
15 6 3 FM 753.48 435.02 4 6 753.5 338.4 837.2 386.7 837.2 483.4 753.5 531.7 669.8 483.4 669.8 386.7 753.5 338.4 0 1 1.345 2.0 0.675 1.0 0.618 1.0 6 1 False 3 3.6 0 30.0 0 1506030 1506030 15100.0 15110.0 A A N
15 6 4 FM 669.76 580.03 4 6 669.8 483.4 753.5 531.7 753.5 628.4 669.8 676.7 586.0 628.4 586.0 531.7 669.8 483.4 0 1 1.327 2.0 0.659 1.0 0.606 1.0 5 1 False 3 3.6 0 40.893 0 1506040 1506040 15100.0 15110.0 A A N
15 6 5 FM 586.04 725.04 4 6 586.0 628.4 669.8 676.7 669.8 773.4 586.0 821.7 502.3 773.4 502.3 676.7 586.0 628.4 0 1 1.243 2.0 0.624 1.0 0.578 1.0 4 1 False 3 3.6 0 51.052 0 1506050 1506050 15100.0 15110.0 A A N
15 6 6 FM 502.32 870.044 1 6 586.045 821.659 586.029 918.432 502.371 966.732 418.555 918.359 418.621 821.673 502.279 773.373 586.045 821.659 1 0 1.195 2.0 0.56 1.0 0.517 1.0 109 0 True 3 3.6 0 60.0 0 1506060 1506060 15200.0 15210.0 A A W
15 6 7 FO 418.603 1015.061 1 6 502.371 966.732 502.305 1063.418 418.647 1111.718 334.882 1063.432 334.897 966.659 418.555 918.359 502.371 966.732 1 0 1.078 2.0 0.471 1.0 0.432 1.0 108 0 True 3 3.6 0 67.589 0 1506070 1506070 15200.0 15210.0 A A W
15 6 8 FO 334.88 1160.07 1 6 418.647 1111.718 418.582 1208.405 334.837 1256.755 251.158 1208.418 251.137 1111.782 334.882 1063.432 418.647 1111.718 1 0 0.984 2.0 0.397 1.0 0.366 1.0 107 1 False 3 3.6 0 73.898 0 1506080 1506080 15200.0 15210.0 A A E
15 6 9 FO 251.167 1305.073 1 6 334.837 1256.755 334.858 1353.391 251.113 1401.741 167.434 1353.405 167.413 1256.768 251.158 1208.418 334.837 1256.755 1 0 0.936 2.0 0.324 1.0 0.31 1.0 110 1 False 3 3.6 0 79.106 0 1506090 1506090 15200.0 15210.0 A A E
15 6 10 FOe 167.444 1450.082 1 6 251.113 1401.741 251.134 1498.377 167.39 1546.727 83.711 1498.391 83.69 1401.755 167.434 1353.405 251.113 1401.741 1 0 0.838 2.0 0.329 1.0 0.329 1.0 111 1 False 3 3.6 0 83.413 0 1506100 1506100 15201.0 15210.0 B A N
15 7 0 FO 1172.09 0.0 0 6 1172.1 -96.7 1255.8 -48.3 1255.8 48.3 1172.1 96.7 1088.4 48.3 1088.4 -48.3 1172.1 -96.7 0 0 1.013 2.0 0.418 1.0 0.385 1.0 9 1 False 3 3.6 0 0.0 0 1507000 1507000 15000.0 15010.0 A A E
15 7 1 FO 1088.37 145.01 0 6 1088.4 48.3 1172.1 96.7 1172.1 193.3 1088.4 241.7 1004.6 193.3 1004.6 96.7 1088.4 48.3 0 0 1.078 2.0 0.471 1.0 0.432 1.0 8 0 True 3 3.6 0 7.589 0 1507010 1507010 15000.0 15010.0 A A W
15 7 2 FO 1004.64 290.02 0 6 1004.6 193.3 1088.4 241.7 1088.4 338.4 1004.6 386.7 920.9 338.4 920.9 241.7 1004.6 193.3 0 0 1.167 2.0 0.529 1.0 0.484 1.0 7 0 True 3 3.6 0 16.102 0 1507020 1507020 15000.0 15010.0 A A W
15 7 3 FM 920.92 435.02 0 6 920.9 338.4 1004.6 386.7 1004.6 483.4 920.9 531.7 837.2 483.4 837.2 386.7 920.9 338.4 0 0 1.17 2.0 0.559 1.0 0.518 1.0 10 0 False 3 3.6 0 25.285 0 1507030 1507030 15000.0 15010.0 A A N
15 7 4 FM 837.2 580.03 4 6 837.2 483.4 920.9 531.7 920.9 628.4 837.2 676.7 753.5 628.4 753.5 531.7 837.2 483.4 0 1 1.13 2.0 0.55 1.0 0.508 1.0 6 1 False 3 3.6 0 34.715 0 1507040 1507040 15100.0 15110.0 A A E
15 7 5 FO 753.48 725.04 4 6 753.5 628.4 837.2 676.7 837.2 773.4 753.5 821.7 669.8 773.4 669.8 676.7 753.5 628.4 0 1 1.177 2.0 0.525 1.0 0.481 1.0 5 1 False 3 3.6 0 43.898 0 1507050 1507050 15100.0 15110.0 A A E
15 7 6 FO 669.76 870.05 4 6 669.8 773.4 753.5 821.7 753.5 918.4 669.8 966.7 586.0 918.4 586.0 821.7 669.8 773.4 0 1 1.126 2.0 0.469 1.0 0.431 1.0 4 1 False 3 3.6 0 52.411 0 1507060 1507060 15100.0 15110.0 A A E
15 7 7 FO 586.045 1015.06 1 6 669.795 966.718 669.729 1063.405 586.071 1111.705 502.305 1063.418 502.371 966.732 586.029 918.432 669.795 966.718 1 0 1.013 2.0 0.418 1.0 0.385 1.0 109 1 False 3 3.6 0 60.0 0 1507070 1507070 15200.0 15210.0 A A E
15 7 8 FO 502.323 1160.068 1 6 586.071 1111.705 586.005 1208.391 502.347 1256.691 418.582 1208.405 418.647 1111.718 502.305 1063.418 586.071 1111.705 1 0 0.969 2.0 0.363 1.0 0.34 1.0 108 1 False 3 3.6 0 66.587 0 1507080 1507080 15200.0 15210.0 A A E
15 7 9 FO 418.6 1305.077 1 6 502.347 1256.691 502.282 1353.377 418.537 1401.727 334.858 1353.391 334.837 1256.755 418.582 1208.405 502.347 1256.691 1 0 0.898 2.0 0.317 1.0 0.303 1.0 107 1 False 3 3.6 0 72.216 0 1507090 1507090 15200.0 15210.0 A A N
15 7 10 FOe 334.887 1450.081 1 6 418.537 1401.727 418.608 1498.45 334.863 1546.8 251.134 1498.377 251.113 1401.741 334.858 1353.391 418.537 1401.727 1 0 0.826 2.0 0.288 1.0 0.28 1.0 110 1 False 3 3.6 0 76.996 0 1507100 1507100 15200.0 15210.0 A A N
15 7 11 cOe 251.164 1595.089 1 3 334.863 1546.8 167.39 1546.727 251.134 1498.377 334.863 1546.8 0.0 0.0 0.0 0.0 0.0 0.0 1 0 0.674 0.0 0.0 0.0 0.0 0.0 111 1 False 3 3.6 0 81.052 0 1507110 1507110 15201.0 15210.0 B A N
15 8 0 FO 1339.53 0.0 0 6 1339.5 -96.7 1423.2 -48.3 1423.2 48.3 1339.5 96.7 1255.8 48.3 1255.8 -48.3 1339.5 -96.7 0 0 0.941 2.0 0.33 1.0 0.313 1.0 9 1 False 3 3.6 0 0.0 0 1508000 1508000 15000.0 15010.0 A A N
15 8 1 FO 1255.81 145.01 0 6 1255.8 48.3 1339.5 96.7 1339.5 193.3 1255.8 241.7 1172.1 193.3 1172.1 96.7 1255.8 48.3 0 0 0.969 2.0 0.363 1.0 0.34 1.0 8 1 False 3 3.6 0 6.587 0 1508010 1508010 15000.0 15010.0 A A E
15 8 2 FO 1172.09 290.02 0 6 1172.1 193.3 1255.8 241.7 1255.8 338.4 1172.1 386.7 1088.4 338.4 1088.4 241.7 1172.1 193.3 0 0 0.984 2.0 0.397 1.0 0.366 1.0 7 1 False 3 3.6 0 13.898 0 1508020 1508020 15000.0 15010.0 A A E
15 8 3 FO 1088.37 435.02 0 6 1088.4 338.4 1172.1 386.7 1172.1 483.4 1088.4 531.7 1004.6 483.4 1004.6 386.7 1088.4 338.4 0 0 1.004 2.0 0.413 1.0 0.382 1.0 10 0 True 3 3.6 0 21.787 0 1508030 1508030 15000.0 15010.0 A A W
15 8 4 FO 1004.64 580.03 0 6 1004.6 483.4 1088.4 531.7 1088.4 628.4 1004.6 676.7 920.9 628.4 920.9 531.7 1004.6 483.4 0 0 1.031 2.0 0.425 1.0 0.392 1.0 11 0 True 3 3.6 0 30.0 0 1508040 1508040 15001.0 15010.0 B A W
15 8 5 FO 920.92 725.04 4 6 920.9 628.4 1004.6 676.7 1004.6 773.4 920.9 821.7 837.2 773.4 837.2 676.7 920.9 628.4 0 1 1.03 2.0 0.414 1.0 0.383 1.0 6 0 True 3 3.6 0 38.213 0 1508050 1508050 15100.0 15110.0 A A W
15 8 6 FO 837.2 870.05 4 6 837.2 773.4 920.9 821.7 920.9 918.4 837.2 966.7 753.5 918.4 753.5 821.7 837.2 773.4 0 1 0.97 2.0 0.394 1.0 0.366 1.0 5 0 True 3 3.6 0 46.102 0 1508060 1508060 15100.0 15110.0 A A W
15 8 7 FO 753.48 1015.06 4 6 753.5 918.4 837.2 966.7 837.2 1063.4 753.5 1111.7 669.8 1063.4 669.8 966.7 753.5 918.4 0 1 0.939 2.0 0.362 1.0 0.34 1.0 4 0 True 3 3.6 0 53.413 0 1508070 1508070 15100.0 15110.0 A A W
15 8 8 FO 669.765 1160.067 1 6 753.495 1111.691 753.429 1208.377 669.771 1256.677 586.005 1208.391 586.071 1111.705 669.729 1063.405 753.495 1111.691 1 0 0.941 2.0 0.33 1.0 0.313 1.0 109 1 False 3 3.6 0 60.0 0 1508080 1508080 15200.0 15210.0 A A N
15 8 9 FOe 586.043 1305.076 1 6 669.771 1256.677 669.755 1353.45 586.097 1401.75 502.282 1353.377 502.347 1256.691 586.005 1208.391 669.771 1256.677 1 0 0.844 2.0 0.301 1.0 0.291 1.0 108 1 False 3 3.6 0 65.818 0 1508090 1508090 15200.0 15210.0 A A N
15 8 10 aOe 502.32 1450.084 1 4 586.097 1401.75 418.608 1498.45 418.537 1401.727 502.282 1353.377 586.097 1401.75 0.0 0.0 0.0 0.0 1 0 0.726 1.0 0.144 1.0 0.144 1.0 107 1 False 3 3.6 0 70.894 0 1508100 1508100 15200.0 15210.0 A A N
15 9 0 aOe 1506.97 0.0 0 4 1507.0 -96.7 1507.0 96.7 1423.2 48.3 1423.2 -48.3 1507.0 -96.7 0.0 0.0 0.0 0.0 0 0 0.742 1.0 0.144 1.0 0.144 1.0 9 1 False 3 3.6 0 0.0 0 1509000 1509000 15000.0 15010.0 A A N
15 9 1 FOe 1423.25 145.01 0 6 1423.2 48.3 1507.0 96.7 1507.0 193.3 1423.2 241.7 1339.5 193.3 1339.5 96.7 1423.2 48.3 0 0 0.844 2.0 0.301 1.0 0.291 1.0 8 1 False 3 3.6 0 5.818 0 1509010 1509010 15000.0 15010.0 A A N
15 9 2 FO 1339.53 290.02 0 6 1339.5 193.3 1423.2 241.7 1423.2 338.4 1339.5 386.7 1255.8 338.4 1255.8 241.7 1339.5 193.3 0 0 0.898 2.0 0.317 1.0 0.303 1.0 7 1 False 3 3.6 0 12.216 0 1509020 1509020 15000.0 15010.0 A A N
15 9 3 FO 1255.81 435.02 0 6 1255.8 338.4 1339.5 386.7 1339.5 483.4 1255.8 531.7 1172.1 483.4 1172.1 386.7 1255.8 338.4 0 0 0.936 2.0 0.324 1.0 0.31 1.0 10 1 False 3 3.6 0 19.106 0 1509030 1509030 15000.0 15010.0 A A E
15 9 4 FO 1172.09 580.03 0 6 1172.1 483.4 1255.8 531.7 1255.8 628.4 1172.1 676.7 1088.4 628.4 1088.4 531.7 1172.1 483.4 0 0 0.963 2.0 0.334 1.0 0.317 1.0 11 1 False 3 3.6 0 26.329 0 1509040 1509040 15001.0 15010.0 B A E
15 9 5 FO 1088.37 725.04 4 6 1088.4 628.4 1172.1 676.7 1172.1 773.4 1088.4 821.7 1004.6 773.4 1004.6 676.7 1088.4 628.4 0 0 0.967 2.0 0.339 1.0 0.322 1.0 11 0 False 3 3.6 0 33.67 0 1509050 1509050 15001.0 15010.0 B A N
15 9 6 FO 1004.64 870.05 4 6 1004.6 773.4 1088.4 821.7 1088.4 918.4 1004.6 966.7 920.9 918.4 920.9 821.7 1004.6 773.4 0 1 0.965 2.0 0.323 1.0 0.31 1.0 6 0 False 3 3.6 0 40.894 0 1509060 1509060 15100.0 15110.0 A A N
15 9 7 FO 920.92 1015.06 4 6 920.9 918.4 1004.6 966.7 1004.6 1063.4 920.9 1111.7 837.2 1063.4 837.2 966.7 920.9 918.4 0 1 0.926 2.0 0.319 1.0 0.304 1.0 5 0 False 3 3.6 0 47.784 0 1509070 1509070 15100.0 15110.0 A A N
15 9 8 FOe 837.2 1160.06 4 6 837.2 1063.4 920.9 1111.7 920.9 1208.4 837.2 1256.7 753.5 1208.4 753.5 1111.7 837.2 1063.4 0 1 0.834 2.0 0.303 1.0 0.293 1.0 4 0 False 3 3.6 0 54.183 0 1509080 1509080 15100.0 15110.0 A A N
15 9 9 aOe 753.485 1305.074 1 4 837.245 1256.75 669.755 1353.45 669.771 1256.677 753.429 1208.377 837.245 1256.75 0.0 0.0 0.0 0.0 1 0 0.742 1.0 0.144 1.0 0.144 1.0 109 1 False 3 3.6 0 60.0 0 1509090 1509090 15200.0 15210.0 A A N
15 10 2 aOe 1506.97 290.02 0 4 1507.0 193.3 1507.0 386.7 1423.2 338.4 1423.2 241.7 1507.0 193.3 0.0 0.0 0.0 0.0 0 0 0.726 1.0 0.144 1.0 0.144 1.0 7 1 False 3 3.6 0 10.894 0 1510020 1510020 15000.0 15010.0 A A N
15 10 3 FOe 1423.25 435.02 0 6 1423.2 338.4 1507.0 386.7 1507.0 483.4 1423.2 531.7 1339.5 483.4 1339.5 386.7 1423.2 338.4 0 0 0.826 2.0 0.288 1.0 0.28 1.0 10 1 False 3 3.6 0 16.996 0 1510030 1510030 15000.0 15010.0 A A N
15 10 4 FOe 1339.53 580.03 0 6 1339.5 483.4 1423.2 531.7 1423.2 628.4 1339.5 676.7 1255.8 628.4 1255.8 531.7 1339.5 483.4 0 0 0.838 2.0 0.329 1.0 0.329 1.0 11 1 False 3 3.6 0 23.413 0 1510040 1510040 15001.0 15010.0 B A N
15 10 5 bOe 1255.81 725.04 1 5 1339.5 676.7 1255.8 821.7 1172.1 773.4 1172.1 676.7 1255.8 628.4 1339.5 676.7 0.0 0.0 0 0 0.817 1.0 0.192 1.0 0.192 1.0 11 1 False 3 3.6 0 30.0 0 1510050 1510050 15001.0 15010.0 B A N
15 10 6 FOe 1172.09 870.05 4 6 1172.1 773.4 1255.8 821.7 1255.8 918.4 1172.1 966.7 1088.4 918.4 1088.4 821.7 1172.1 773.4 0 0 0.851 2.0 0.292 1.0 0.284 1.0 11 0 False 3 3.6 0 36.587 0 1510060 1510060 15001.0 15010.0 B A N
15 10 7 FOe 1088.37 1015.06 4 6 1088.4 918.4 1172.1 966.7 1172.1 1063.4 1088.4 1111.7 1004.6 1063.4 1004.6 966.7 1088.4 918.4 0 1 0.835 2.0 0.324 1.0 0.324 1.0 6 0 False 3 3.6 0 43.004 0 1510070 1510070 15100.0 15110.0 A A N
15 10 8 aOe 1004.64 1160.06 1 4 1088.4 1111.7 920.9 1208.4 920.9 1111.7 1004.6 1063.4 1088.4 1111.7 0.0 0.0 0.0 0.0 0 1 0.741 1.0 0.144 1.0 0.144 1.0 5 0 False 3 3.6 0 49.107 0 1510080 1510080 15100.0 15110.0 A A N
15 11 4 cOe 1506.97 580.03 0 3 1507.0 483.4 1423.2 628.4 1423.2 531.7 1507.0 483.4 0.0 0.0 0.0 0.0 0.0 0.0 0 0 0.674 0.0 0.0 0.0 0.0 0.0 11 1 False 3 3.6 0 21.052 0 1511040 1511040 15001.0 15010.0 B A N
15 11 7 cOe 1255.81 1015.06 0 3 1255.8 918.4 1172.1 1063.4 1172.1 966.7 1255.8 918.4 0.0 0.0 0.0 0.0 0.0 0.0 0 0 0.669 0.0 0.0 0.0 0.0 0.0 11 0 False 3 3.6 0 38.948 0 1511070 1511070 15001.0 15010.0 B A N
16 1 2 dIe -0.002 290.016 4 5 -83.718 338.396 -83.729 316.578 83.695 316.564 83.705 338.382 0.047 386.682 -83.718 338.396 0.0 0.0 1 1 0.0 0.0 1.296 2.0 1.296 2.0 102 0 False 3 3.6 0 90.0 1 1601020 1601021 16300.0 0.0 A None N
16 1 3 FI -83.725 435.025 2 6 0.047 386.682 -0.018 483.368 -83.763 531.718 -167.442 483.382 -167.463 386.746 -83.718 338.396 0.047 386.682 1 1 0.0 0.0 2.058 3.0 2.197 3.0 102 0 False 6 7.2 0 100.894 1 1601030 1601031 16300.0 0.0 A None N
16 1 4 FI -167.438 580.028 2 6 -83.763 531.718 -83.742 628.355 -167.487 676.705 -251.166 628.368 -251.187 531.732 -167.442 483.382 -83.763 531.718 1 1 0.0 0.0 1.356 2.0 1.375 2.0 102 0 False 6 7.2 0 106.102 1 1601040 1601041 16300.0 0.0 A None N
16 1 5 FI -251.161 725.037 2 6 -167.487 676.705 -167.466 773.341 -251.21 821.691 -334.889 773.355 -334.91 676.718 -251.166 628.368 -167.487 676.705 1 1 0.0 0.0 1.05 2.0 1.039 2.0 102 0 True 6 7.2 0 109.107 1 1601050 1601051 16300.0 0.0 A None N
16 1 6 FM -334.883 870.046 5 6 -251.21 821.691 -251.139 918.414 -334.884 966.764 -418.613 918.341 -418.634 821.705 -334.889 773.355 -251.21 821.691 1 1 0.0 0.0 0.597 1.0 0.555 1.0 104 1 False 3 3.6 0 111.052 0 1601060 1601060 16300.0 0.0 A None N
16 1 7 FO -418.605 1015.054 5 6 -334.884 966.764 -334.863 1063.4 -418.608 1111.75 -502.287 1063.414 -502.358 966.691 -418.613 918.341 -334.884 966.764 1 1 0.0 0.0 0.439 1.0 0.394 1.0 104 1 False 3 3.6 0 112.411 0 1601070 1601070 16300.0 0.0 A None E
16 1 8 FO -502.328 1160.063 5 6 -418.608 1111.75 -418.587 1208.386 -502.331 1256.736 -586.01 1208.4 -586.031 1111.764 -502.287 1063.414 -418.608 1111.75 1 1 0.0 0.0 0.345 1.0 0.318 1.0 104 0 True 3 3.6 0 113.413 0 1601080 1601080 16300.0 0.0 A None W
16 1 9 FOe -586.041 1305.066 5 6 -502.331 1256.736 -502.31 1353.373 -586.055 1401.723 -669.734 1353.386 -669.755 1256.75 -586.01 1208.4 -502.331 1256.736 1 1 0.0 0.0 0.294 1.0 0.281 1.0 104 0 False 3 3.6 0 114.183 0 1601090 1601090 16300.0 0.0 A None N
16 2 0 gIe 334.88 0.0 3 6 334.9 96.7 316.0 85.8 316.0 -85.8 334.9 -96.7 418.6 -48.3 418.6 48.3 334.9 96.7 0 0 0.0 0.0 2.142 3.0 2.142 3.0 0 0 False 6 7.2 0 0.0 1 1602000 1602001 16000.0 0.0 A None N
16 2 1 dIe 251.16 145.01 3 5 251.2 241.7 232.3 230.8 316.0 85.8 334.9 96.7 334.9 193.3 251.2 241.7 0.0 0.0 0 1 0.0 0.0 1.296 2.0 1.296 2.0 2 0 False 3 3.6 0 30.0 1 1602010 1602011 16100.0 0.0 A None N
16 2 2 gIe 167.44 290.015 4 6 83.705 338.382 83.695 316.564 232.305 230.764 251.195 241.682 251.129 338.368 167.471 386.668 83.705 338.382 1 0 0.0 0.0 2.142 3.0 2.142 3.0 100 0 False 6 7.2 0 60.0 1 1602020 1602021 16200.0 0.0 A None N
16 2 3 FI 83.718 435.023 2 6 167.471 386.668 167.405 483.355 83.747 531.655 -0.018 483.368 0.047 386.682 83.705 338.382 167.471 386.668 1 1 0.0 0.0 2.079 3.0 2.224 3.0 103 0 False 6 7.2 0 79.107 1 1602030 1602031 16300.0 0.0 A None N
16 2 4 FI -0.005 580.032 2 6 83.747 531.655 83.682 628.341 -0.063 676.691 -83.742 628.355 -83.763 531.718 -0.018 483.368 83.747 531.655 1 1 0.0 0.0 1.434 2.0 1.453 2.0 103 0 False 6 7.2 0 90.0 1 1602040 1602041 16300.0 0.0 A None N
16 2 5 FI -83.718 725.036 2 6 -0.063 676.691 0.008 773.414 -83.737 821.764 -167.466 773.341 -167.487 676.705 -83.742 628.355 -0.063 676.691 1 1 0.0 0.0 1.083 2.0 1.074 2.0 103 0 True 6 7.2 0 96.587 1 1602050 1602051 16300.0 0.0 A None N
16 2 6 FM -167.441 870.044 5 6 -83.737 821.764 -83.716 918.4 -167.46 966.75 -251.139 918.414 -251.21 821.691 -167.466 773.341 -83.737 821.764 1 1 0.0 0.0 0.633 1.0 0.582 1.0 105 1 False 3 3.6 0 100.893 0 1602060 1602060 16300.0 0.0 A None N
16 2 7 FO -251.163 1015.053 5 6 -167.46 966.75 -167.439 1063.386 -251.184 1111.736 -334.863 1063.4 -334.884 966.764 -251.139 918.414 -167.46 966.75 1 1 0.0 0.0 0.498 1.0 0.447 1.0 105 1 False 3 3.6 0 103.898 0 1602070 1602070 16300.0 0.0 A None E
16 2 8 FO -334.885 1160.061 5 6 -251.184 1111.736 -251.163 1208.373 -334.908 1256.723 -418.587 1208.386 -418.608 1111.75 -334.863 1063.4 -251.184 1111.736 1 1 0.0 0.0 0.372 1.0 0.338 1.0 105 0 True 3 3.6 0 106.102 0 1602080 1602080 16300.0 0.0 A None W
16 2 9 FO -418.608 1305.07 5 6 -334.908 1256.723 -334.887 1353.359 -418.631 1401.709 -502.31 1353.373 -502.331 1256.736 -418.587 1208.386 -334.908 1256.723 1 1 0.0 0.0 0.308 1.0 0.291 1.0 105 0 False 3 3.6 0 107.784 0 1602090 1602090 16300.0 0.0 A None N
16 2 10 aOe -502.321 1450.074 2 4 -418.56 1498.432 -586.055 1401.723 -502.31 1353.373 -418.631 1401.709 -418.56 1498.432 0.0 0.0 0.0 0.0 1 1 0.0 0.0 0.144 1.0 0.144 1.0 105 0 False 3 3.6 0 109.107 0 1602100 1602100 16300.0 0.0 A None N
16 3 0 FI 502.32 0.0 0 6 502.3 -96.7 586.0 -48.3 586.0 48.3 502.3 96.7 418.6 48.3 418.6 -48.3 502.3 -96.7 0 0 0.0 0.0 1.703 2.0 1.77 2.0 0 0 False 6 7.2 0 0.0 1 1603000 1603001 16000.0 0.0 A None N
16 3 1 FI 418.6 145.01 1 6 418.6 48.3 502.3 96.7 502.3 193.3 418.6 241.7 334.9 193.3 334.9 96.7 418.6 48.3 0 1 0.0 0.0 2.079 3.0 2.224 3.0 3 0 False 6 7.2 0 19.107 1 1603010 1603011 16100.0 0.0 A None N
16 3 2 FI 334.88 290.02 1 6 334.9 193.3 418.6 241.7 418.6 338.4 334.9 386.7 251.2 338.4 251.2 241.7 334.9 193.3 0 1 0.0 0.0 2.058 3.0 2.197 3.0 2 0 False 6 7.2 0 40.894 1 1603020 1603021 16100.0 0.0 A None N
16 3 3 FI 251.16 435.022 1 6 334.895 386.655 334.829 483.341 251.171 531.641 167.405 483.355 167.471 386.668 251.129 338.368 334.895 386.655 1 0 0.0 0.0 1.703 2.0 1.77 2.0 100 0 False 6 7.2 0 60.0 1 1603030 1603031 16200.0 0.0 A None N
16 3 4 FI 167.438 580.031 1 6 251.171 531.641 251.155 628.414 167.497 676.714 83.682 628.341 83.747 531.655 167.405 483.355 251.171 531.641 1 0 0.0 0.0 1.354 2.0 1.374 2.0 101 0 False 6 7.2 0 73.898 1 1603040 1603041 16200.0 0.0 A None N
16 3 5 FI 83.715 725.039 1 6 167.497 676.714 167.432 773.4 83.687 821.75 0.008 773.414 -0.063 676.691 83.682 628.341 167.497 676.714 1 0 0.0 0.0 1.093 2.0 1.084 2.0 101 0 False 6 7.2 0 83.414 1 1603050 1603051 16200.0 0.0 A None N
16 3 6 FM 0.002 870.043 5 6 83.687 821.75 83.708 918.386 -0.037 966.736 -83.716 918.4 -83.737 821.764 0.008 773.414 83.687 821.75 1 1 0.0 0.0 0.646 1.0 0.594 1.0 106 1 False 3 3.6 0 90.0 0 1603060 1603060 16300.0 0.0 A None N
16 3 7 FM -83.721 1015.051 5 6 -0.037 966.736 -0.016 1063.373 -83.76 1111.723 -167.439 1063.386 -167.46 966.75 -83.716 918.4 -0.037 966.736 1 1 0.0 0.0 0.53 1.0 0.481 1.0 106 1 False 3 3.6 0 94.715 0 1603070 1603070 16300.0 0.0 A None E
16 3 8 FO -167.443 1160.06 5 6 -83.76 1111.723 -83.739 1208.359 -167.484 1256.709 -251.163 1208.373 -251.184 1111.736 -167.439 1063.386 -83.76 1111.723 1 1 0.0 0.0 0.389 1.0 0.352 1.0 106 0 True 3 3.6 0 98.213 0 1603080 1603080 16300.0 0.0 A None W
16 3 9 FO -251.165 1305.069 5 6 -167.484 1256.709 -167.413 1353.432 -251.158 1401.782 -334.887 1353.359 -334.908 1256.723 -251.163 1208.373 -167.484 1256.709 1 1 0.0 0.0 0.312 1.0 0.295 1.0 106 0 False 3 3.6 0 100.894 0 1603090 1603090 16300.0 0.0 A None N
16 3 10 bOe -334.883 1450.086 2 5 -251.137 1498.418 -418.56 1498.432 -418.631 1401.709 -334.887 1353.359 -251.158 1401.782 -251.137 1498.418 0.0 0.0 1 1 0.0 0.0 0.192 1.0 0.192 1.0 106 0 False 3 3.6 0 103.004 0 1603100 1603100 16300.0 0.0 A None N
16 4 0 FI 669.76 0.0 0 6 669.8 -96.7 753.5 -48.3 753.5 48.3 669.8 96.7 586.0 48.3 586.0 -48.3 669.8 -96.7 0 0 0.0 0.0 1.171 2.0 1.178 2.0 0 0 True 6 7.2 0 0.0 1 1604000 1604001 16000.0 0.0 A None N
16 4 1 FI 586.04 145.01 0 6 586.0 48.3 669.8 96.7 669.8 193.3 586.0 241.7 502.3 193.3 502.3 96.7 586.0 48.3 0 0 0.0 0.0 1.354 2.0 1.374 2.0 1 0 False 6 7.2 0 13.898 1 1604010 1604011 16000.0 0.0 A None N
16 4 2 FI 502.32 290.02 1 6 502.3 193.3 586.0 241.7 586.0 338.4 502.3 386.7 418.6 338.4 418.6 241.7 502.3 193.3 0 1 0.0 0.0 1.434 2.0 1.453 2.0 3 0 False 6 7.2 0 30.0 1 1604020 1604021 16100.0 0.0 A None N
16 4 3 FI 418.6 435.02 1 6 418.6 338.4 502.3 386.7 502.3 483.4 418.6 531.7 334.9 483.4 334.9 386.7 418.6 338.4 0 1 0.0 0.0 1.356 2.0 1.375 2.0 2 0 False 6 7.2 0 46.102 1 1604030 1604031 16100.0 0.0 A None N
16 4 4 FI 334.88 580.029 1 6 418.645 531.714 418.579 628.4 334.921 676.7 251.155 628.414 251.171 531.641 334.829 483.341 418.645 531.714 1 0 0.0 0.0 1.171 2.0 1.178 2.0 100 0 True 6 7.2 0 60.0 1 1604040 1604041 16200.0 0.0 A None N
16 4 5 FI 251.158 725.038 1 6 334.921 676.7 334.855 773.386 251.197 821.686 167.432 773.4 167.497 676.714 251.155 628.414 334.921 676.7 1 0 0.0 0.0 1.05 2.0 1.038 2.0 101 0 True 6 7.2 0 70.894 1 1604050 1604051 16200.0 0.0 A None N
16 4 6 FM 167.435 870.046 1 6 251.197 821.686 251.132 918.373 167.387 966.723 83.708 918.386 83.687 821.75 167.432 773.4 251.197 821.686 1 0 0.0 0.0 0.625 1.0 0.577 1.0 107 0 False 3 3.6 0 79.107 0 1604060 1604060 16200.0 0.0 A None N
16 4 7 FM 83.722 1015.05 1 6 167.387 966.723 167.408 1063.359 83.663 1111.709 -0.016 1063.373 -0.037 966.736 83.708 918.386 167.387 966.723 1 0 0.0 0.0 0.529 1.0 0.479 1.0 110 0 False 3 3.6 0 85.285 0 1604070 1604070 16200.0 0.0 A None N
16 4 8 FO -0.001 1160.059 1 6 83.663 1111.709 83.734 1208.432 -0.01 1256.782 -83.739 1208.359 -83.76 1111.723 -0.016 1063.373 83.663 1111.709 1 0 0.0 0.0 0.402 1.0 0.362 1.0 111 0 True 3 3.6 0 90.0 0 1604080 1604080 16201.0 0.0 B None W
16 4 9 FO -83.718 1305.076 5 6 -0.01 1256.782 0.011 1353.418 -83.734 1401.768 -167.413 1353.432 -167.484 1256.709 -83.739 1208.359 -0.01 1256.782 1 0 0.0 0.0 0.323 1.0 0.302 1.0 111 0 False 3 3.6 0 93.67 0 1604090 1604090 16201.0 0.0 B None N
16 4 10 bOe -167.44 1450.085 2 5 -83.713 1498.405 -251.137 1498.418 -251.158 1401.782 -167.413 1353.432 -83.734 1401.768 -83.713 1498.405 0.0 0.0 1 0 0.0 0.0 0.192 1.0 0.192 1.0 111 0 False 3 3.6 0 96.587 0 1604100 1604100 16201.0 0.0 B None N
16 5 0 FM 837.2 0.0 0 6 837.2 -96.7 920.9 -48.3 920.9 48.3 837.2 96.7 753.5 48.3 753.5 -48.3 837.2 -96.7 0 0 0.0 0.0 0.687 1.0 0.621 1.0 9 0 False 3 3.6 0 0.0 0 1605000 1605000 16000.0 0.0 A None N
16 5 1 FI 753.48 145.01 0 6 753.5 48.3 837.2 96.7 837.2 193.3 753.5 241.7 669.8 193.3 669.8 96.7 753.5 48.3 0 0 0.0 0.0 1.05 2.0 1.038 2.0 1 0 True 6 7.2 0 10.894 1 1605010 1605011 16000.0 0.0 A None N
16 5 2 FI 669.76 290.02 0 6 669.8 193.3 753.5 241.7 753.5 338.4 669.8 386.7 586.0 338.4 586.0 241.7 669.8 193.3 0 0 0.0 0.0 1.093 2.0 1.084 2.0 1 0 False 6 7.2 0 23.414 1 1605020 1605021 16000.0 0.0 A None N
16 5 3 FI 586.04 435.02 1 6 586.0 338.4 669.8 386.7 669.8 483.4 586.0 531.7 502.3 483.4 502.3 386.7 586.0 338.4 0 1 0.0 0.0 1.083 2.0 1.074 2.0 3 0 True 6 7.2 0 36.587 1 1605030 1605031 16100.0 0.0 A None N
16 5 4 FI 502.32 580.03 1 6 502.3 483.4 586.0 531.7 586.0 628.4 502.3 676.7 418.6 628.4 418.6 531.7 502.3 483.4 0 1 0.0 0.0 1.05 2.0 1.039 2.0 2 0 True 6 7.2 0 49.107 1 1605040 1605041 16100.0 0.0 A None N
16 5 5 FM 418.6 725.036 1 6 502.345 676.686 502.279 773.373 418.621 821.673 334.855 773.386 334.921 676.7 418.579 628.4 502.345 676.686 1 0 0.0 0.0 0.687 1.0 0.621 1.0 109 0 False 3 3.6 0 60.0 0 1605050 1605050 16200.0 0.0 A None N
16 5 6 FM 334.878 870.045 1 6 418.621 821.673 418.555 918.359 334.897 966.659 251.132 918.373 251.197 821.686 334.855 773.386 418.621 821.673 1 0 0.0 0.0 0.597 1.0 0.553 1.0 108 0 False 3 3.6 0 68.948 0 1605060 1605060 16200.0 0.0 A None N
16 5 7 FO 251.155 1015.054 1 6 334.897 966.659 334.882 1063.432 251.137 1111.782 167.408 1063.359 167.387 966.723 251.132 918.373 334.897 966.659 1 0 0.0 0.0 0.497 1.0 0.444 1.0 107 0 True 3 3.6 0 76.102 0 1605070 1605070 16200.0 0.0 A None W
16 5 8 FO 167.447 1160.066 1 6 251.137 1111.782 251.158 1208.418 167.413 1256.768 83.734 1208.432 83.663 1111.709 167.408 1063.359 251.137 1111.782 1 0 0.0 0.0 0.389 1.0 0.352 1.0 110 0 True 3 3.6 0 81.787 0 1605080 1605080 16200.0 0.0 A None W
16 5 9 FO 83.724 1305.075 1 6 167.413 1256.768 167.434 1353.405 83.69 1401.755 0.011 1353.418 -0.01 1256.782 83.734 1208.432 167.413 1256.768 1 0 0.0 0.0 0.319 1.0 0.299 1.0 111 1 False 3 3.6 0 86.329 0 1605090 1605090 16201.0 0.0 B None E
16 5 10 bOe 0.002 1450.083 2 5 83.711 1498.391 -83.713 1498.405 -83.734 1401.768 0.011 1353.418 83.69 1401.755 83.711 1498.391 0.0 0.0 1 0 0.0 0.0 0.192 1.0 0.192 1.0 111 1 False 3 3.6 0 90.0 0 1605100 1605100 16201.0 0.0 B None N
16 6 0 FM 1004.64 0.0 0 6 1004.6 -96.7 1088.4 -48.3 1088.4 48.3 1004.6 96.7 920.9 48.3 920.9 -48.3 1004.6 -96.7 0 0 0.0 0.0 0.532 1.0 0.485 1.0 9 0 True 3 3.6 0 0.0 0 1606000 1606000 16000.0 0.0 A None W
16 6 1 FM 920.92 145.01 0 6 920.9 48.3 1004.6 96.7 1004.6 193.3 920.9 241.7 837.2 193.3 837.2 96.7 920.9 48.3 0 0 0.0 0.0 0.597 1.0 0.553 1.0 8 0 False 3 3.6 0 8.948 0 1606010 1606010 16000.0 0.0 A None N
16 6 2 FM 837.2 290.02 0 6 837.2 193.3 920.9 241.7 920.9 338.4 837.2 386.7 753.5 338.4 753.5 241.7 837.2 193.3 0 0 0.0 0.0 0.625 1.0 0.577 1.0 7 0 False 3 3.6 0 19.107 0 1606020 1606020 16000.0 0.0 A None N
16 6 3 FM 753.48 435.02 4 6 753.5 338.4 837.2 386.7 837.2 483.4 753.5 531.7 669.8 483.4 669.8 386.7 753.5 338.4 0 1 0.0 0.0 0.646 1.0 0.594 1.0 6 1 False 3 3.6 0 30.0 0 1606030 1606030 16100.0 0.0 A None N
16 6 4 FM 669.76 580.03 4 6 669.8 483.4 753.5 531.7 753.5 628.4 669.8 676.7 586.0 628.4 586.0 531.7 669.8 483.4 0 1 0.0 0.0 0.633 1.0 0.582 1.0 5 1 False 3 3.6 0 40.893 0 1606040 1606040 16100.0 0.0 A None N
16 6 5 FM 586.04 725.04 4 6 586.0 628.4 669.8 676.7 669.8 773.4 586.0 821.7 502.3 773.4 502.3 676.7 586.0 628.4 0 1 0.0 0.0 0.597 1.0 0.555 1.0 4 1 False 3 3.6 0 51.052 0 1606050 1606050 16100.0 0.0 A None N
16 6 6 FM 502.32 870.044 1 6 586.045 821.659 586.029 918.432 502.371 966.732 418.555 918.359 418.621 821.673 502.279 773.373 586.045 821.659 1 0 0.0 0.0 0.532 1.0 0.485 1.0 109 0 True 3 3.6 0 60.0 0 1606060 1606060 16200.0 0.0 A None W
16 6 7 FO 418.603 1015.061 1 6 502.371 966.732 502.305 1063.418 418.647 1111.718 334.882 1063.432 334.897 966.659 418.555 918.359 502.371 966.732 1 0 0.0 0.0 0.448 1.0 0.4 1.0 108 0 True 3 3.6 0 67.589 0 1606070 1606070 16200.0 0.0 A None W
16 6 8 FO 334.88 1160.07 1 6 418.647 1111.718 418.582 1208.405 334.837 1256.755 251.158 1208.418 251.137 1111.782 334.882 1063.432 418.647 1111.718 1 0 0.0 0.0 0.374 1.0 0.34 1.0 107 1 False 3 3.6 0 73.898 0 1606080 1606080 16200.0 0.0 A None E
16 6 9 FO 251.167 1305.073 1 6 334.837 1256.755 334.858 1353.391 251.113 1401.741 167.434 1353.405 167.413 1256.768 251.158 1208.418 334.837 1256.755 1 0 0.0 0.0 0.309 1.0 0.292 1.0 110 1 False 3 3.6 0 79.106 0 1606090 1606090 16200.0 0.0 A None E
16 6 10 bOe 167.444 1450.082 2 5 251.134 1498.377 83.711 1498.391 83.69 1401.755 167.434 1353.405 251.113 1401.741 251.134 1498.377 0.0 0.0 1 0 0.0 0.0 0.192 1.0 0.192 1.0 111 1 False 3 3.6 0 83.413 0 1606100 1606100 16201.0 0.0 B None N
16 7 0 FO 1172.09 0.0 0 6 1172.1 -96.7 1255.8 -48.3 1255.8 48.3 1172.1 96.7 1088.4 48.3 1088.4 -48.3 1172.1 -96.7 0 0 0.0 0.0 0.395 1.0 0.357 1.0 9 1 False 3 3.6 0 0.0 0 1607000 1607000 16000.0 0.0 A None E
16 7 1 FO 1088.37 145.01 0 6 1088.4 48.3 1172.1 96.7 1172.1 193.3 1088.4 241.7 1004.6 193.3 1004.6 96.7 1088.4 48.3 0 0 0.0 0.0 0.448 1.0 0.4 1.0 8 0 True 3 3.6 0 7.589 0 1607010 1607010 16000.0 0.0 A None W
16 7 2 FO 1004.64 290.02 0 6 1004.6 193.3 1088.4 241.7 1088.4 338.4 1004.6 386.7 920.9 338.4 920.9 241.7 1004.6 193.3 0 0 0.0 0.0 0.497 1.0 0.444 1.0 7 0 True 3 3.6 0 16.102 0 1607020 1607020 16000.0 0.0 A None W
16 7 3 FM 920.92 435.02 0 6 920.9 338.4 1004.6 386.7 1004.6 483.4 920.9 531.7 837.2 483.4 837.2 386.7 920.9 338.4 0 0 0.0 0.0 0.529 1.0 0.479 1.0 10 0 False 3 3.6 0 25.285 0 1607030 1607030 16000.0 0.0 A None N
16 7 4 FM 837.2 580.03 4 6 837.2 483.4 920.9 531.7 920.9 628.4 837.2 676.7 753.5 628.4 753.5 531.7 837.2 483.4 0 1 0.0 0.0 0.53 1.0 0.481 1.0 6 1 False 3 3.6 0 34.715 0 1607040 1607040 16100.0 0.0 A None E
16 7 5 FO 753.48 725.04 4 6 753.5 628.4 837.2 676.7 837.2 773.4 753.5 821.7 669.8 773.4 669.8 676.7 753.5 628.4 0 1 0.0 0.0 0.498 1.0 0.447 1.0 5 1 False 3 3.6 0 43.898 0 1607050 1607050 16100.0 0.0 A None E
16 7 6 FO 669.76 870.05 4 6 669.8 773.4 753.5 821.7 753.5 918.4 669.8 966.7 586.0 918.4 586.0 821.7 669.8 773.4 0 1 0.0 0.0 0.439 1.0 0.394 1.0 4 1 False 3 3.6 0 52.411 0 1607060 1607060 16100.0 0.0 A None E
16 7 7 FO 586.045 1015.06 1 6 669.795 966.718 669.729 1063.405 586.071 1111.705 502.305 1063.418 502.371 966.732 586.029 918.432 669.795 966.718 1 0 0.0 0.0 0.395 1.0 0.357 1.0 109 1 False 3 3.6 0 60.0 0 1607070 1607070 16200.0 0.0 A None E
16 7 8 FO 502.323 1160.068 1 6 586.071 1111.705 586.005 1208.391 502.347 1256.691 418.582 1208.405 418.647 1111.718 502.305 1063.418 586.071 1111.705 1 0 0.0 0.0 0.342 1.0 0.317 1.0 108 1 False 3 3.6 0 66.587 0 1607080 1607080 16200.0 0.0 A None E
16 7 9 FO 418.6 1305.077 1 6 502.347 1256.691 502.282 1353.377 418.537 1401.727 334.858 1353.391 334.837 1256.755 418.582 1208.405 502.347 1256.691 1 0 0.0 0.0 0.306 1.0 0.291 1.0 107 1 False 3 3.6 0 72.216 0 1607090 1607090 16200.0 0.0 A None N
16 7 10 bOe 334.887 1450.081 2 5 418.608 1498.45 251.134 1498.377 251.113 1401.741 334.858 1353.391 418.537 1401.727 418.608 1498.45 0.0 0.0 1 0 0.0 0.0 0.192 1.0 0.192 1.0 110 1 False 3 3.6 0 76.996 0 1607100 1607100 16200.0 0.0 A None N
16 8 0 FO 1339.53 0.0 0 6 1339.5 -96.7 1423.2 -48.3 1423.2 48.3 1339.5 96.7 1255.8 48.3 1255.8 -48.3 1339.5 -96.7 0 0 0.0 0.0 0.313 1.0 0.295 1.0 9 1 False 3 3.6 0 0.0 0 1608000 1608000 16000.0 0.0 A None N
16 8 1 FO 1255.81 145.01 0 6 1255.8 48.3 1339.5 96.7 1339.5 193.3 1255.8 241.7 1172.1 193.3 1172.1 96.7 1255.8 48.3 0 0 0.0 0.0 0.342 1.0 0.317 1.0 8 1 False 3 3.6 0 6.587 0 1608010 1608010 16000.0 0.0 A None E
16 8 2 FO 1172.09 290.02 0 6 1172.1 193.3 1255.8 241.7 1255.8 338.4 1172.1 386.7 1088.4 338.4 1088.4 241.7 1172.1 193.3 0 0 0.0 0.0 0.374 1.0 0.34 1.0 7 1 False 3 3.6 0 13.898 0 1608020 1608020 16000.0 0.0 A None E
16 8 3 FO 1088.37 435.02 0 6 1088.4 338.4 1172.1 386.7 1172.1 483.4 1088.4 531.7 1004.6 483.4 1004.6 386.7 1088.4 338.4 0 0 0.0 0.0 0.389 1.0 0.352 1.0 10 0 True 3 3.6 0 21.787 0 1608030 1608030 16000.0 0.0 A None W
16 8 4 FO 1004.64 580.03 0 6 1004.6 483.4 1088.4 531.7 1088.4 628.4 1004.6 676.7 920.9 628.4 920.9 531.7 1004.6 483.4 0 0 0.0 0.0 0.402 1.0 0.362 1.0 11 0 True 3 3.6 0 30.0 0 1608040 1608040 16001.0 0.0 B None W
16 8 5 FO 920.92 725.04 4 6 920.9 628.4 1004.6 676.7 1004.6 773.4 920.9 821.7 837.2 773.4 837.2 676.7 920.9 628.4 0 1 0.0 0.0 0.389 1.0 0.352 1.0 6 0 True 3 3.6 0 38.213 0 1608050 1608050 16100.0 0.0 A None W
16 8 6 FO 837.2 870.05 4 6 837.2 773.4 920.9 821.7 920.9 918.4 837.2 966.7 753.5 918.4 753.5 821.7 837.2 773.4 0 1 0.0 0.0 0.372 1.0 0.338 1.0 5 0 True 3 3.6 0 46.102 0 1608060 1608060 16100.0 0.0 A None W
16 8 7 FO 753.48 1015.06 4 6 753.5 918.4 837.2 966.7 837.2 1063.4 753.5 1111.7 669.8 1063.4 669.8 966.7 753.5 918.4 0 1 0.0 0.0 0.345 1.0 0.318 1.0 4 0 True 3 3.6 0 53.413 0 1608070 1608070 16100.0 0.0 A None W
16 8 8 FO 669.765 1160.067 1 6 753.495 1111.691 753.429 1208.377 669.771 1256.677 586.005 1208.391 586.071 1111.705 669.729 1063.405 753.495 1111.691 1 0 0.0 0.0 0.313 1.0 0.295 1.0 109 1 False 3 3.6 0 60.0 0 1608080 1608080 16200.0 0.0 A None N
16 8 9 FOe 586.043 1305.076 1 6 669.771 1256.677 669.755 1353.45 586.097 1401.75 502.282 1353.377 502.347 1256.691 586.005 1208.391 669.771 1256.677 1 0 0.0 0.0 0.291 1.0 0.279 1.0 108 1 False 3 3.6 0 65.818 0 1608090 1608090 16200.0 0.0 A None N
16 8 10 aOe 502.32 1450.084 1 4 586.097 1401.75 418.608 1498.45 418.537 1401.727 502.282 1353.377 586.097 1401.75 0.0 0.0 0.0 0.0 1 0 0.0 0.0 0.144 1.0 0.144 1.0 107 1 False 3 3.6 0 70.894 0 1608100 1608100 16200.0 0.0 A None N
16 9 0 aOe 1506.97 0.0 0 4 1507.0 -96.7 1507.0 96.7 1423.2 48.3 1423.2 -48.3 1507.0 -96.7 0.0 0.0 0.0 0.0 0 0 0.0 0.0 0.144 1.0 0.144 1.0 9 1 False 3 3.6 0 0.0 0 1609000 1609000 16000.0 0.0 A None N
16 9 1 FOe 1423.25 145.01 0 6 1423.2 48.3 1507.0 96.7 1507.0 193.3 1423.2 241.7 1339.5 193.3 1339.5 96.7 1423.2 48.3 0 0 0.0 0.0 0.291 1.0 0.279 1.0 8 1 False 3 3.6 0 5.818 0 1609010 1609010 16000.0 0.0 A None N
16 9 2 FO 1339.53 290.02 0 6 1339.5 193.3 1423.2 241.7 1423.2 338.4 1339.5 386.7 1255.8 338.4 1255.8 241.7 1339.5 193.3 0 0 0.0 0.0 0.306 1.0 0.291 1.0 7 1 False 3 3.6 0 12.216 0 1609020 1609020 16000.0 0.0 A None N
16 9 3 FO 1255.81 435.02 0 6 1255.8 338.4 1339.5 386.7 1339.5 483.4 1255.8 531.7 1172.1 483.4 1172.1 386.7 1255.8 338.4 0 0 0.0 0.0 0.309 1.0 0.292 1.0 10 1 False 3 3.6 0 19.106 0 1609030 1609030 16000.0 0.0 A None E
16 9 4 FO 1172.09 580.03 0 6 1172.1 483.4 1255.8 531.7 1255.8 628.4 1172.1 676.7 1088.4 628.4 1088.4 531.7 1172.1 483.4 0 0 0.0 0.0 0.319 1.0 0.299 1.0 11 1 False 3 3.6 0 26.329 0 1609040 1609040 16001.0 0.0 B None E
16 9 5 FO 1088.37 725.04 4 6 1088.4 628.4 1172.1 676.7 1172.1 773.4 1088.4 821.7 1004.6 773.4 1004.6 676.7 1088.4 628.4 0 0 0.0 0.0 0.323 1.0 0.302 1.0 11 0 False 3 3.6 0 33.67 0 1609050 1609050 16001.0 0.0 B None N
16 9 6 FO 1004.64 870.05 4 6 1004.6 773.4 1088.4 821.7 1088.4 918.4 1004.6 966.7 920.9 918.4 920.9 821.7 1004.6 773.4 0 1 0.0 0.0 0.312 1.0 0.295 1.0 6 0 False 3 3.6 0 40.894 0 1609060 1609060 16100.0 0.0 A None N
16 9 7 FO 920.92 1015.06 4 6 920.9 918.4 1004.6 966.7 1004.6 1063.4 920.9 1111.7 837.2 1063.4 837.2 966.7 920.9 918.4 0 1 0.0 0.0 0.308 1.0 0.291 1.0 5 0 False 3 3.6 0 47.784 0 1609070 1609070 16100.0 0.0 A None N
16 9 8 FOe 837.2 1160.06 4 6 837.2 1063.4 920.9 1111.7 920.9 1208.4 837.2 1256.7 753.5 1208.4 753.5 1111.7 837.2 1063.4 0 1 0.0 0.0 0.294 1.0 0.281 1.0 4 0 False 3 3.6 0 54.183 0 1609080 1609080 16100.0 0.0 A None N
16 9 9 aOe 753.485 1305.074 1 4 837.245 1256.75 669.755 1353.45 669.771 1256.677 753.429 1208.377 837.245 1256.75 0.0 0.0 0.0 0.0 1 0 0.0 0.0 0.144 1.0 0.144 1.0 109 1 False 3 3.6 0 60.0 0 1609090 1609090 16200.0 0.0 A None N
16 10 2 aOe 1506.97 290.02 0 4 1507.0 193.3 1507.0 386.7 1423.2 338.4 1423.2 241.7 1507.0 193.3 0.0 0.0 0.0 0.0 0 0 0.0 0.0 0.144 1.0 0.144 1.0 7 1 False 3 3.6 0 10.894 0 1610020 1610020 16000.0 0.0 A None N
16 10 3 bOe 1423.25 435.02 1 5 1507.0 386.7 1423.2 531.7 1339.5 483.4 1339.5 386.7 1423.2 338.4 1507.0 386.7 0.0 0.0 0 0 0.0 0.0 0.192 1.0 0.192 1.0 10 1 False 3 3.6 0 16.996 0 1610030 1610030 16000.0 0.0 A None N
16 10 4 bOe 1339.53 580.03 1 5 1423.2 531.7 1339.5 676.7 1255.8 628.4 1255.8 531.7 1339.5 483.4 1423.2 531.7 0.0 0.0 0 0 0.0 0.0 0.192 1.0 0.192 1.0 11 1 False 3 3.6 0 23.413 0 1610040 1610040 16001.0 0.0 B None N
16 10 5 bOe 1255.81 725.04 1 5 1339.5 676.7 1255.8 821.7 1172.1 773.4 1172.1 676.7 1255.8 628.4 1339.5 676.7 0.0 0.0 0 0 0.0 0.0 0.192 1.0 0.192 1.0 11 1 False 3 3.6 0 30.0 0 1610050 1610050 16001.0 0.0 B None N
16 10 6 bOe 1172.09 870.05 1 5 1255.8 821.7 1172.1 966.7 1088.4 918.4 1088.4 821.7 1172.1 773.4 1255.8 821.7 0.0 0.0 0 0 0.0 0.0 0.192 1.0 0.192 1.0 11 0 False 3 3.6 0 36.587 0 1610060 1610060 16001.0 0.0 B None N
16 10 7 bOe 1088.37 1015.06 1 5 1172.1 966.7 1088.4 1111.7 1004.6 1063.4 1004.6 966.7 1088.4 918.4 1172.1 966.7 0.0 0.0 0 1 0.0 0.0 0.192 1.0 0.192 1.0 6 0 False 3 3.6 0 43.004 0 1610070 1610070 16100.0 0.0 A None N
16 10 8 aOe 1004.64 1160.06 1 4 1088.4 1111.7 920.9 1208.4 920.9 1111.7 1004.6 1063.4 1088.4 1111.7 0.0 0.0 0.0 0.0 0 1 0.0 0.0 0.144 1.0 0.144 1.0 5 0 False 3 3.6 0 49.107 0 1610080 1610080 16100.0 0.0 A None N
17 1 2 dIe -0.002 290.016 4 5 -83.718 338.396 -83.729 316.578 83.695 316.564 83.705 338.382 0.047 386.682 -83.718 338.396 0.0 0.0 1 1 3.234 4.0 1.339 2.0 1.339 2.0 102 0 False 3 3.6 0 90.0 1 1701020 1701021 17300.0 17310.0 A A N
17 1 3 FI -83.725 435.025 2 6 0.047 386.682 -0.018 483.368 -83.763 531.718 -167.442 483.382 -167.463 386.746 -83.718 338.396 0.047 386.682 1 1 3.347 4.0 2.079 3.0 2.226 3.0 102 0 False 6 7.2 0 100.894 1 1701030 1701031 17300.0 17310.0 A A N
17 1 4 FI -167.438 580.028 2 6 -83.763 531.718 -83.742 628.355 -167.487 676.705 -251.166 628.368 -251.187 531.732 -167.442 483.382 -83.763 531.718 1 1 2.094 3.0 1.357 2.0 1.378 2.0 102 0 False 6 7.2 0 106.102 1 1701040 1701041 17300.0 17310.0 A A N
17 1 5 FI -251.161 725.037 2 6 -167.487 676.705 -167.466 773.341 -251.21 821.691 -334.889 773.355 -334.91 676.718 -251.166 628.368 -167.487 676.705 1 1 1.461 2.0 1.046 2.0 1.038 2.0 102 0 True 6 7.2 0 109.107 1 1701050 1701051 17300.0 17310.0 A A N
17 1 6 FM -334.883 870.046 5 6 -251.21 821.691 -251.139 918.414 -334.884 966.764 -418.613 918.341 -418.634 821.705 -334.889 773.355 -251.21 821.691 1 1 1.159 2.0 0.597 1.0 0.55 1.0 104 1 False 3 3.6 0 111.052 0 1701060 1701060 17300.0 17310.0 A A N
17 1 7 FO -418.605 1015.054 5 6 -334.884 966.764 -334.863 1063.4 -418.608 1111.75 -502.287 1063.414 -502.358 966.691 -418.613 918.341 -334.884 966.764 1 1 1.06 2.0 0.441 1.0 0.403 1.0 104 1 False 3 3.6 0 112.411 0 1701070 1701070 17300.0 17310.0 A A E
17 1 8 FO -502.328 1160.063 5 6 -418.608 1111.75 -418.587 1208.386 -502.331 1256.736 -586.01 1208.4 -586.031 1111.764 -502.287 1063.414 -418.608 1111.75 1 1 0.915 2.0 0.347 1.0 0.325 1.0 104 0 True 3 3.6 0 113.413 0 1701080 1701080 17300.0 17310.0 A A W
17 1 9 FOe -586.041 1305.066 5 6 -502.331 1256.736 -502.31 1353.373 -586.055 1401.723 -669.734 1353.386 -669.755 1256.75 -586.01 1208.4 -502.331 1256.736 1 1 0.819 2.0 0.292 1.0 0.283 1.0 104 0 False 3 3.6 0 114.183 0 1701090 1701090 17300.0 17310.0 A A N
17 2 0 gIe 334.88 0.0 3 6 334.9 96.7 316.0 85.8 316.0 -85.8 334.9 -96.7 418.6 -48.3 418.6 48.3 334.9 96.7 0 0 4.333 5.0 2.198 3.0 2.198 3.0 0 0 False 6 7.2 0 0.0 1 1702000 1702001 17000.0 17010.0 A A N
17 2 1 dIe 251.16 145.01 3 5 251.2 241.7 232.3 230.8 316.0 85.8 334.9 96.7 334.9 193.3 251.2 241.7 0.0 0.0 0 1 3.234 4.0 1.339 2.0 1.339 2.0 2 0 False 3 3.6 0 30.0 1 1702010 1702011 17100.0 17110.0 A A N
17 2 2 gIe 167.44 290.015 4 6 83.705 338.382 83.695 316.564 232.305 230.764 251.195 241.682 251.129 338.368 167.471 386.668 83.705 338.382 1 0 4.333 5.0 2.198 3.0 2.198 3.0 100 0 False 6 7.2 0 60.0 1 1702020 1702021 17200.0 17210.0 A A N
17 2 3 FI 83.718 435.023 2 6 167.471 386.668 167.405 483.355 83.747 531.655 -0.018 483.368 0.047 386.682 83.705 338.382 167.471 386.668 1 1 3.38 4.0 2.079 3.0 2.223 3.0 103 0 False 6 7.2 0 79.107 1 1702030 1702031 17300.0 17310.0 A A N
17 2 4 FI -0.005 580.032 2 6 83.747 531.655 83.682 628.341 -0.063 676.691 -83.742 628.355 -83.763 531.718 -0.018 483.368 83.747 531.655 1 1 2.165 3.0 1.429 2.0 1.451 2.0 103 0 False 6 7.2 0 90.0 1 1702040 1702041 17300.0 17310.0 A A N
17 2 5 FI -83.718 725.036 2 6 -0.063 676.691 0.008 773.414 -83.737 821.764 -167.466 773.341 -167.487 676.705 -83.742 628.355 -0.063 676.691 1 1 1.585 2.0 1.087 2.0 1.079 2.0 103 0 True 6 7.2 0 96.587 1 1702050 1702051 17300.0 17310.0 A A N
17 2 6 FM -167.441 870.044 5 6 -83.737 821.764 -83.716 918.4 -167.46 966.75 -251.139 918.414 -251.21 821.691 -167.466 773.341 -83.737 821.764 1 1 1.195 2.0 0.627 1.0 0.575 1.0 105 1 False 3 3.6 0 100.893 0 1702060 1702060 17300.0 17310.0 A A N
17 2 7 FO -251.163 1015.053 5 6 -167.46 966.75 -167.439 1063.386 -251.184 1111.736 -334.863 1063.4 -334.884 966.764 -251.139 918.414 -167.46 966.75 1 1 1.108 2.0 0.494 1.0 0.448 1.0 105 1 False 3 3.6 0 103.898 0 1702070 1702070 17300.0 17310.0 A A E
17 2 8 FO -334.885 1160.061 5 6 -251.184 1111.736 -251.163 1208.373 -334.908 1256.723 -418.587 1208.386 -418.608 1111.75 -334.863 1063.4 -251.184 1111.736 1 1 0.929 2.0 0.372 1.0 0.344 1.0 105 0 True 3 3.6 0 106.102 0 1702080 1702080 17300.0 17310.0 A A W
17 2 9 FO -418.608 1305.07 5 6 -334.908 1256.723 -334.887 1353.359 -418.631 1401.709 -502.31 1353.373 -502.331 1256.736 -418.587 1208.386 -334.908 1256.723 1 1 0.873 2.0 0.302 1.0 0.29 1.0 105 0 False 3 3.6 0 107.784 0 1702090 1702090 17300.0 17310.0 A A N
17 2 10 aOe -502.321 1450.074 2 4 -418.56 1498.432 -586.055 1401.723 -502.31 1353.373 -418.631 1401.709 -418.56 1498.432 0.0 0.0 0.0 0.0 1 1 0.71 1.0 0.144 1.0 0.144 1.0 105 0 False 3 3.6 0 109.107 0 1702100 1702100 17300.0 17310.0 A A N
17 3 0 FI 502.32 0.0 0 6 502.3 -96.7 586.0 -48.3 586.0 48.3 502.3 96.7 418.6 48.3 418.6 -48.3 502.3 -96.7 0 0 2.654 3.0 1.718 2.0 1.784 2.0 0 0 False 6 7.2 0 0.0 1 1703000 1703001 17000.0 17010.0 A A N
17 3 1 FI 418.6 145.01 1 6 418.6 48.3 502.3 96.7 502.3 193.3 418.6 241.7 334.9 193.3 334.9 96.7 418.6 48.3 0 1 3.38 4.0 2.079 3.0 2.223 3.0 3 0 False 6 7.2 0 19.107 1 1703010 1703011 17100.0 17110.0 A A N
17 3 2 FI 334.88 290.02 1 6 334.9 193.3 418.6 241.7 418.6 338.4 334.9 386.7 251.2 338.4 251.2 241.7 334.9 193.3 0 1 3.347 4.0 2.079 3.0 2.226 3.0 2 0 False 6 7.2 0 40.894 1 1703020 1703021 17100.0 17110.0 A A N
17 3 3 FI 251.16 435.022 1 6 334.895 386.655 334.829 483.341 251.171 531.641 167.405 483.355 167.471 386.668 251.129 338.368 334.895 386.655 1 0 2.654 3.0 1.718 2.0 1.784 2.0 100 0 False 6 7.2 0 60.0 1 1703030 1703031 17200.0 17210.0 A A N
17 3 4 FI 167.438 580.031 1 6 251.171 531.641 251.155 628.414 167.497 676.714 83.682 628.341 83.747 531.655 167.405 483.355 251.171 531.641 1 0 2.037 3.0 1.354 2.0 1.374 2.0 101 0 False 6 7.2 0 73.898 1 1703040 1703041 17200.0 17211.0 A B N
17 3 5 FI 83.715 725.039 1 6 167.497 676.714 167.432 773.4 83.687 821.75 0.008 773.414 -0.063 676.691 83.682 628.341 167.497 676.714 1 0 1.555 2.0 1.092 2.0 1.085 2.0 101 0 False 6 7.2 0 83.414 1 1703050 1703051 17200.0 17211.0 A B N
17 3 6 FM 0.002 870.043 5 6 83.687 821.75 83.708 918.386 -0.037 966.736 -83.716 918.4 -83.737 821.764 0.008 773.414 83.687 821.75 1 1 1.219 2.0 0.646 1.0 0.587 1.0 106 1 False 3 3.6 0 90.0 0 1703060 1703060 17300.0 17310.0 A A N
17 3 7 FM -83.721 1015.051 5 6 -0.037 966.736 -0.016 1063.373 -83.76 1111.723 -167.439 1063.386 -167.46 966.75 -83.716 918.4 -0.037 966.736 1 1 1.093 2.0 0.527 1.0 0.481 1.0 106 1 False 3 3.6 0 94.715 0 1703070 1703070 17300.0 17310.0 A A E
17 3 8 FO -167.443 1160.06 5 6 -83.76 1111.723 -83.739 1208.359 -167.484 1256.709 -251.163 1208.373 -251.184 1111.736 -167.439 1063.386 -83.76 1111.723 1 1 0.96 2.0 0.388 1.0 0.359 1.0 106 0 True 3 3.6 0 98.213 0 1703080 1703080 17300.0 17310.0 A A W
17 3 9 FO -251.165 1305.069 5 6 -167.484 1256.709 -167.413 1353.432 -251.158 1401.782 -334.887 1353.359 -334.908 1256.723 -251.163 1208.373 -167.484 1256.709 1 1 0.884 2.0 0.31 1.0 0.297 1.0 106 0 False 3 3.6 0 100.894 0 1703090 1703090 17300.0 17310.0 A A N
17 3 10 FOe -334.883 1450.086 5 6 -251.158 1401.782 -251.137 1498.418 -334.881 1546.768 -418.56 1498.432 -418.631 1401.709 -334.887 1353.359 -251.158 1401.782 1 1 0.809 2.0 0.31 1.0 0.31 1.0 106 0 False 3 3.6 0 103.004 0 1703100 1703100 17300.0 17310.0 A A N
17 4 0 FI 669.76 0.0 0 6 669.8 -96.7 753.5 -48.3 753.5 48.3 669.8 96.7 586.0 48.3 586.0 -48.3 669.8 -96.7 0 0 1.803 2.0 1.179 2.0 1.186 2.0 0 0 True 6 7.2 0 0.0 1 1704000 1704001 17000.0 17010.0 A A N
17 4 1 FI 586.04 145.01 0 6 586.0 48.3 669.8 96.7 669.8 193.3 586.0 241.7 502.3 193.3 502.3 96.7 586.0 48.3 0 0 2.037 3.0 1.354 2.0 1.374 2.0 1 0 False 6 7.2 0 13.898 1 1704010 1704011 17000.0 17011.0 A B N
17 4 2 FI 502.32 290.02 1 6 502.3 193.3 586.0 241.7 586.0 338.4 502.3 386.7 418.6 338.4 418.6 241.7 502.3 193.3 0 1 2.165 3.0 1.429 2.0 1.451 2.0 3 0 False 6 7.2 0 30.0 1 1704020 1704021 17100.0 17110.0 A A N
17 4 3 FI 418.6 435.02 1 6 418.6 338.4 502.3 386.7 502.3 483.4 418.6 531.7 334.9 483.4 334.9 386.7 418.6 338.4 0 1 2.094 3.0 1.357 2.0 1.378 2.0 2 0 False 6 7.2 0 46.102 1 1704030 1704031 17100.0 17110.0 A A N
17 4 4 FI 334.88 580.029 1 6 418.645 531.714 418.579 628.4 334.921 676.7 251.155 628.414 251.171 531.641 334.829 483.341 418.645 531.714 1 0 1.803 2.0 1.179 2.0 1.186 2.0 100 0 True 6 7.2 0 60.0 1 1704040 1704041 17200.0 17210.0 A A N
17 4 5 FI 251.158 725.038 1 6 334.921 676.7 334.855 773.386 251.197 821.686 167.432 773.4 167.497 676.714 251.155 628.414 334.921 676.7 1 0 1.479 2.0 1.049 2.0 1.039 2.0 101 0 True 6 7.2 0 70.894 1 1704050 1704051 17200.0 17211.0 A B N
17 4 6 FM 167.435 870.046 1 6 251.197 821.686 251.132 918.373 167.387 966.723 83.708 918.386 83.687 821.75 167.432 773.4 251.197 821.686 1 0 1.198 2.0 0.626 1.0 0.574 1.0 107 0 False 3 3.6 0 79.107 0 1704060 1704060 17200.0 17210.0 A A N
17 4 7 FM 83.722 1015.05 1 6 167.387 966.723 167.408 1063.359 83.663 1111.709 -0.016 1063.373 -0.037 966.736 83.708 918.386 167.387 966.723 1 0 1.078 2.0 0.526 1.0 0.48 1.0 110 0 False 3 3.6 0 85.285 0 1704070 1704070 17200.0 17210.0 A A N
17 4 8 FO -0.001 1160.059 1 6 83.663 1111.709 83.734 1208.432 -0.01 1256.782 -83.739 1208.359 -83.76 1111.723 -0.016 1063.373 83.663 1111.709 1 0 0.958 2.0 0.401 1.0 0.369 1.0 111 0 True 3 3.6 0 90.0 0 1704080 1704080 17201.0 17210.0 B A W
17 4 9 FO -83.718 1305.076 5 6 -0.01 1256.782 0.011 1353.418 -83.734 1401.768 -167.413 1353.432 -167.484 1256.709 -83.739 1208.359 -0.01 1256.782 1 0 0.898 2.0 0.323 1.0 0.308 1.0 111 0 False 3 3.6 0 93.67 0 1704090 1704090 17201.0 17210.0 B A N
17 4 10 FOe -167.44 1450.085 5 6 -83.734 1401.768 -83.713 1498.405 -167.458 1546.755 -251.137 1498.418 -251.158 1401.782 -167.413 1353.432 -83.734 1401.768 1 0 0.814 2.0 0.28 1.0 0.273 1.0 111 0 False 3 3.6 0 96.587 0 1704100 1704100 17201.0 17210.0 B A N
17 4 11 cOe -251.163 1595.093 1 3 -167.458 1546.755 -334.881 1546.768 -251.137 1498.418 -167.458 1546.755 0.0 0.0 0.0 0.0 0.0 0.0 1 0 0.665 0.0 0.0 0.0 0.0 0.0 111 0 False 3 3.6 0 98.948 0 1704110 1704110 17201.0 17210.0 B A N
17 5 0 FM 837.2 0.0 0 6 837.2 -96.7 920.9 -48.3 920.9 48.3 837.2 96.7 753.5 48.3 753.5 -48.3 837.2 -96.7 0 0 1.287 2.0 0.689 1.0 0.621 1.0 9 0 False 3 3.6 0 0.0 0 1705000 1705000 17000.0 17010.0 A A N
17 5 1 FI 753.48 145.01 0 6 753.5 48.3 837.2 96.7 837.2 193.3 753.5 241.7 669.8 193.3 669.8 96.7 753.5 48.3 0 0 1.479 2.0 1.049 2.0 1.039 2.0 1 0 True 6 7.2 0 10.894 1 1705010 1705011 17000.0 17011.0 A B N
17 5 2 FI 669.76 290.02 0 6 669.8 193.3 753.5 241.7 753.5 338.4 669.8 386.7 586.0 338.4 586.0 241.7 669.8 193.3 0 0 1.555 2.0 1.092 2.0 1.085 2.0 1 0 False 6 7.2 0 23.414 1 1705020 1705021 17000.0 17011.0 A B N
17 5 3 FI 586.04 435.02 1 6 586.0 338.4 669.8 386.7 669.8 483.4 586.0 531.7 502.3 483.4 502.3 386.7 586.0 338.4 0 1 1.585 2.0 1.087 2.0 1.079 2.0 3 0 True 6 7.2 0 36.587 1 1705030 1705031 17100.0 17110.0 A A N
17 5 4 FI 502.32 580.03 1 6 502.3 483.4 586.0 531.7 586.0 628.4 502.3 676.7 418.6 628.4 418.6 531.7 502.3 483.4 0 1 1.461 2.0 1.046 2.0 1.038 2.0 2 0 True 6 7.2 0 49.107 1 1705040 1705041 17100.0 17110.0 A A N
17 5 5 FM 418.6 725.036 1 6 502.345 676.686 502.279 773.373 418.621 821.673 334.855 773.386 334.921 676.7 418.579 628.4 502.345 676.686 1 0 1.287 2.0 0.689 1.0 0.621 1.0 109 0 False 3 3.6 0 60.0 0 1705050 1705050 17200.0 17210.0 A A N
17 5 6 FM 334.878 870.045 1 6 418.621 821.673 418.555 918.359 334.897 966.659 251.132 918.373 251.197 821.686 334.855 773.386 418.621 821.673 1 0 1.153 2.0 0.593 1.0 0.548 1.0 108 0 False 3 3.6 0 68.948 0 1705060 1705060 17200.0 17210.0 A A N
17 5 7 FO 251.155 1015.054 1 6 334.897 966.659 334.882 1063.432 251.137 1111.782 167.408 1063.359 167.387 966.723 251.132 918.373 334.897 966.659 1 0 1.088 2.0 0.49 1.0 0.443 1.0 107 0 True 3 3.6 0 76.102 0 1705070 1705070 17200.0 17210.0 A A W
17 5 8 FO 167.447 1160.066 1 6 251.137 1111.782 251.158 1208.418 167.413 1256.768 83.734 1208.432 83.663 1111.709 167.408 1063.359 251.137 1111.782 1 0 0.958 2.0 0.389 1.0 0.36 1.0 110 0 True 3 3.6 0 81.787 0 1705080 1705080 17200.0 17210.0 A A W
17 5 9 FO 83.724 1305.075 1 6 167.413 1256.768 167.434 1353.405 83.69 1401.755 0.011 1353.418 -0.01 1256.782 83.734 1208.432 167.413 1256.768 1 0 0.894 2.0 0.316 1.0 0.302 1.0 111 1 False 3 3.6 0 86.329 0 1705090 1705090 17201.0 17210.0 B A E
17 5 10 bOe 0.002 1450.083 2 5 83.711 1498.391 -83.713 1498.405 -83.734 1401.768 0.011 1353.418 83.69 1401.755 83.711 1498.391 0.0 0.0 1 0 0.803 1.0 0.192 1.0 0.192 1.0 111 1 False 3 3.6 0 90.0 0 1705100 1705100 17201.0 17210.0 B A N
17 6 0 FM 1004.64 0.0 0 6 1004.6 -96.7 1088.4 -48.3 1088.4 48.3 1004.6 96.7 920.9 48.3 920.9 -48.3 1004.6 -96.7 0 0 1.085 2.0 0.534 1.0 0.487 1.0 9 0 True 3 3.6 0 0.0 0 1706000 1706000 17000.0 17010.0 A A W
17 6 1 FM 920.92 145.01 0 6 920.9 48.3 1004.6 96.7 1004.6 193.3 920.9 241.7 837.2 193.3 837.2 96.7 920.9 48.3 0 0 1.153 2.0 0.593 1.0 0.548 1.0 8 0 False 3 3.6 0 8.948 0 1706010 1706010 17000.0 17010.0 A A N
17 6 2 FM 837.2 290.02 0 6 837.2 193.3 920.9 241.7 920.9 338.4 837.2 386.7 753.5 338.4 753.5 241.7 837.2 193.3 0 0 1.198 2.0 0.626 1.0 0.574 1.0 7 0 False 3 3.6 0 19.107 0 1706020 1706020 17000.0 17010.0 A A N
17 6 3 FM 753.48 435.02 4 6 753.5 338.4 837.2 386.7 837.2 483.4 753.5 531.7 669.8 483.4 669.8 386.7 753.5 338.4 0 1 1.219 2.0 0.646 1.0 0.587 1.0 6 1 False 3 3.6 0 30.0 0 1706030 1706030 17100.0 17110.0 A A N
17 6 4 FM 669.76 580.03 4 6 669.8 483.4 753.5 531.7 753.5 628.4 669.8 676.7 586.0 628.4 586.0 531.7 669.8 483.4 0 1 1.195 2.0 0.627 1.0 0.575 1.0 5 1 False 3 3.6 0 40.893 0 1706040 1706040 17100.0 17110.0 A A N
17 6 5 FM 586.04 725.04 4 6 586.0 628.4 669.8 676.7 669.8 773.4 586.0 821.7 502.3 773.4 502.3 676.7 586.0 628.4 0 1 1.159 2.0 0.597 1.0 0.55 1.0 4 1 False 3 3.6 0 51.052 0 1706050 1706050 17100.0 17110.0 A A N
17 6 6 FM 502.32 870.044 1 6 586.045 821.659 586.029 918.432 502.371 966.732 418.555 918.359 418.621 821.673 502.279 773.373 586.045 821.659 1 0 1.085 2.0 0.534 1.0 0.487 1.0 109 0 True 3 3.6 0 60.0 0 1706060 1706060 17200.0 17210.0 A A W
17 6 7 FO 418.603 1015.061 1 6 502.371 966.732 502.305 1063.418 418.647 1111.718 334.882 1063.432 334.897 966.659 418.555 918.359 502.371 966.732 1 0 1.042 2.0 0.439 1.0 0.399 1.0 108 0 True 3 3.6 0 67.589 0 1706070 1706070 17200.0 17210.0 A A W
17 6 8 FO 334.88 1160.07 1 6 418.647 1111.718 418.582 1208.405 334.837 1256.755 251.158 1208.418 251.137 1111.782 334.882 1063.432 418.647 1111.718 1 0 0.932 2.0 0.366 1.0 0.341 1.0 107 1 False 3 3.6 0 73.898 0 1706080 1706080 17200.0 17210.0 A A E
17 6 9 FO 251.167 1305.073 1 6 334.837 1256.755 334.858 1353.391 251.113 1401.741 167.434 1353.405 167.413 1256.768 251.158 1208.418 334.837 1256.755 1 0 0.89 2.0 0.308 1.0 0.296 1.0 110 1 False 3 3.6 0 79.106 0 1706090 1706090 17200.0 17210.0 A A E
17 6 10 FOe 167.444 1450.082 1 6 251.113 1401.741 251.134 1498.377 167.39 1546.727 83.711 1498.391 83.69 1401.755 167.434 1353.405 251.113 1401.741 1 0 0.815 2.0 0.314 1.0 0.314 1.0 111 1 False 3 3.6 0 83.413 0 1706100 1706100 17201.0 17210.0 B A N
17 7 0 FO 1172.09 0.0 0 6 1172.1 -96.7 1255.8 -48.3 1255.8 48.3 1172.1 96.7 1088.4 48.3 1088.4 -48.3 1172.1 -96.7 0 0 0.965 2.0 0.394 1.0 0.363 1.0 9 1 False 3 3.6 0 0.0 0 1707000 1707000 17000.0 17010.0 A A E
17 7 1 FO 1088.37 145.01 0 6 1088.4 48.3 1172.1 96.7 1172.1 193.3 1088.4 241.7 1004.6 193.3 1004.6 96.7 1088.4 48.3 0 0 1.042 2.0 0.439 1.0 0.399 1.0 8 0 True 3 3.6 0 7.589 0 1707010 1707010 17000.0 17010.0 A A W
17 7 2 FO 1004.64 290.02 0 6 1004.6 193.3 1088.4 241.7 1088.4 338.4 1004.6 386.7 920.9 338.4 920.9 241.7 1004.6 193.3 0 0 1.088 2.0 0.49 1.0 0.443 1.0 7 0 True 3 3.6 0 16.102 0 1707020 1707020 17000.0 17010.0 A A W
17 7 3 FM 920.92 435.02 0 6 920.9 338.4 1004.6 386.7 1004.6 483.4 920.9 531.7 837.2 483.4 837.2 386.7 920.9 338.4 0 0 1.078 2.0 0.526 1.0 0.48 1.0 10 0 False 3 3.6 0 25.285 0 1707030 1707030 17000.0 17010.0 A A N
17 7 4 FM 837.2 580.03 4 6 837.2 483.4 920.9 531.7 920.9 628.4 837.2 676.7 753.5 628.4 753.5 531.7 837.2 483.4 0 1 1.093 2.0 0.527 1.0 0.481 1.0 6 1 False 3 3.6 0 34.715 0 1707040 1707040 17100.0 17110.0 A A E
17 7 5 FO 753.48 725.04 4 6 753.5 628.4 837.2 676.7 837.2 773.4 753.5 821.7 669.8 773.4 669.8 676.7 753.5 628.4 0 1 1.108 2.0 0.494 1.0 0.448 1.0 5 1 False 3 3.6 0 43.898 0 1707050 1707050 17100.0 17110.0 A A E
17 7 6 FO 669.76 870.05 4 6 669.8 773.4 753.5 821.7 753.5 918.4 669.8 966.7 586.0 918.4 586.0 821.7 669.8 773.4 0 1 1.06 2.0 0.441 1.0 0.403 1.0 4 1 False 3 3.6 0 52.411 0 1707060 1707060 17100.0 17110.0 A A E
17 7 7 FO 586.045 1015.06 1 6 669.795 966.718 669.729 1063.405 586.071 1111.705 502.305 1063.418 502.371 966.732 586.029 918.432 669.795 966.718 1 0 0.965 2.0 0.394 1.0 0.363 1.0 109 1 False 3 3.6 0 60.0 0 1707070 1707070 17200.0 17210.0 A A E
17 7 8 FO 502.323 1160.068 1 6 586.071 1111.705 586.005 1208.391 502.347 1256.691 418.582 1208.405 418.647 1111.718 502.305 1063.418 586.071 1111.705 1 0 0.927 2.0 0.341 1.0 0.321 1.0 108 1 False 3 3.6 0 66.587 0 1707080 1707080 17200.0 17210.0 A A E
17 7 9 FO 418.6 1305.077 1 6 502.347 1256.691 502.282 1353.377 418.537 1401.727 334.858 1353.391 334.837 1256.755 418.582 1208.405 502.347 1256.691 1 0 0.864 2.0 0.304 1.0 0.292 1.0 107 1 False 3 3.6 0 72.216 0 1707090 1707090 17200.0 17210.0 A A N
17 7 10 FOe 334.887 1450.081 1 6 418.537 1401.727 418.608 1498.45 334.863 1546.8 251.134 1498.377 251.113 1401.741 334.858 1353.391 418.537 1401.727 1 0 0.79 2.0 0.277 1.0 0.271 1.0 110 1 False 3 3.6 0 76.996 0 1707100 1707100 17200.0 17210.0 A A N
17 7 11 cOe 251.164 1595.089 1 3 334.863 1546.8 167.39 1546.727 251.134 1498.377 334.863 1546.8 0.0 0.0 0.0 0.0 0.0 0.0 1 0 0.666 0.0 0.0 0.0 0.0 0.0 111 1 False 3 3.6 0 81.052 0 1707110 1707110 17201.0 17210.0 B A N
17 8 0 FO 1339.53 0.0 0 6 1339.5 -96.7 1423.2 -48.3 1423.2 48.3 1339.5 96.7 1255.8 48.3 1255.8 -48.3 1339.5 -96.7 0 0 0.899 2.0 0.312 1.0 0.298 1.0 9 1 False 3 3.6 0 0.0 0 1708000 1708000 17000.0 17010.0 A A N
17 8 1 FO 1255.81 145.01 0 6 1255.8 48.3 1339.5 96.7 1339.5 193.3 1255.8 241.7 1172.1 193.3 1172.1 96.7 1255.8 48.3 0 0 0.927 2.0 0.341 1.0 0.321 1.0 8 1 False 3 3.6 0 6.587 0 1708010 1708010 17000.0 17010.0 A A E
17 8 2 FO 1172.09 290.02 0 6 1172.1 193.3 1255.8 241.7 1255.8 338.4 1172.1 386.7 1088.4 338.4 1088.4 241.7 1172.1 193.3 0 0 0.932 2.0 0.366 1.0 0.341 1.0 7 1 False 3 3.6 0 13.898 0 1708020 1708020 17000.0 17010.0 A A E
17 8 3 FO 1088.37 435.02 0 6 1088.4 338.4 1172.1 386.7 1172.1 483.4 1088.4 531.7 1004.6 483.4 1004.6 386.7 1088.4 338.4 0 0 0.958 2.0 0.389 1.0 0.36 1.0 10 0 True 3 3.6 0 21.787 0 1708030 1708030 17000.0 17010.0 A A W
17 8 4 FO 1004.64 580.03 0 6 1004.6 483.4 1088.4 531.7 1088.4 628.4 1004.6 676.7 920.9 628.4 920.9 531.7 1004.6 483.4 0 0 0.958 2.0 0.401 1.0 0.369 1.0 11 0 True 3 3.6 0 30.0 0 1708040 1708040 17001.0 17010.0 B A W
17 8 5 FO 920.92 725.04 4 6 920.9 628.4 1004.6 676.7 1004.6 773.4 920.9 821.7 837.2 773.4 837.2 676.7 920.9 628.4 0 1 0.96 2.0 0.388 1.0 0.359 1.0 6 0 True 3 3.6 0 38.213 0 1708050 1708050 17100.0 17110.0 A A W
17 8 6 FO 837.2 870.05 4 6 837.2 773.4 920.9 821.7 920.9 918.4 837.2 966.7 753.5 918.4 753.5 821.7 837.2 773.4 0 1 0.929 2.0 0.372 1.0 0.344 1.0 5 0 True 3 3.6 0 46.102 0 1708060 1708060 17100.0 17110.0 A A W
17 8 7 FO 753.48 1015.06 4 6 753.5 918.4 837.2 966.7 837.2 1063.4 753.5 1111.7 669.8 1063.4 669.8 966.7 753.5 918.4 0 1 0.915 2.0 0.347 1.0 0.325 1.0 4 0 True 3 3.6 0 53.413 0 1708070 1708070 17100.0 17110.0 A A W
17 8 8 FO 669.765 1160.067 1 6 753.495 1111.691 753.429 1208.377 669.771 1256.677 586.005 1208.391 586.071 1111.705 669.729 1063.405 753.495 1111.691 1 0 0.899 2.0 0.312 1.0 0.298 1.0 109 1 False 3 3.6 0 60.0 0 1708080 1708080 17200.0 17210.0 A A N
17 8 9 FOe 586.043 1305.076 1 6 669.771 1256.677 669.755 1353.45 586.097 1401.75 502.282 1353.377 502.347 1256.691 586.005 1208.391 669.771 1256.677 1 0 0.802 2.0 0.286 1.0 0.278 1.0 108 1 False 3 3.6 0 65.818 0 1708090 1708090 17200.0 17210.0 A A N
17 8 10 aOe 502.32 1450.084 1 4 586.097 1401.75 418.608 1498.45 418.537 1401.727 502.282 1353.377 586.097 1401.75 0.0 0.0 0.0 0.0 1 0 0.713 1.0 0.144 1.0 0.144 1.0 107 1 False 3 3.6 0 70.894 0 1708100 1708100 17200.0 17210.0 A A N
17 9 0 aOe 1506.97 0.0 0 4 1507.0 -96.7 1507.0 96.7 1423.2 48.3 1423.2 -48.3 1507.0 -96.7 0.0 0.0 0.0 0.0 0 0 0.735 1.0 0.144 1.0 0.144 1.0 9 1 False 3 3.6 0 0.0 0 1709000 1709000 17000.0 17010.0 A A N
17 9 1 FOe 1423.25 145.01 0 6 1423.2 48.3 1507.0 96.7 1507.0 193.3 1423.2 241.7 1339.5 193.3 1339.5 96.7 1423.2 48.3 0 0 0.802 2.0 0.286 1.0 0.278 1.0 8 1 False 3 3.6 0 5.818 0 1709010 1709010 17000.0 17010.0 A A N
17 9 2 FO 1339.53 290.02 0 6 1339.5 193.3 1423.2 241.7 1423.2 338.4 1339.5 386.7 1255.8 338.4 1255.8 241.7 1339.5 193.3 0 0 0.864 2.0 0.304 1.0 0.292 1.0 7 1 False 3 3.6 0 12.216 0 1709020 1709020 17000.0 17010.0 A A N
17 9 3 FO 1255.81 435.02 0 6 1255.8 338.4 1339.5 386.7 1339.5 483.4 1255.8 531.7 1172.1 483.4 1172.1 386.7 1255.8 338.4 0 0 0.89 2.0 0.308 1.0 0.296 1.0 10 1 False 3 3.6 0 19.106 0 1709030 1709030 17000.0 17010.0 A A E
17 9 4 FO 1172.09 580.03 0 6 1172.1 483.4 1255.8 531.7 1255.8 628.4 1172.1 676.7 1088.4 628.4 1088.4 531.7 1172.1 483.4 0 0 0.894 2.0 0.316 1.0 0.302 1.0 11 1 False 3 3.6 0 26.329 0 1709040 1709040 17001.0 17010.0 B A E
17 9 5 FO 1088.37 725.04 4 6 1088.4 628.4 1172.1 676.7 1172.1 773.4 1088.4 821.7 1004.6 773.4 1004.6 676.7 1088.4 628.4 0 0 0.898 2.0 0.323 1.0 0.308 1.0 11 0 False 3 3.6 0 33.67 0 1709050 1709050 17001.0 17010.0 B A N
17 9 6 FO 1004.64 870.05 4 6 1004.6 773.4 1088.4 821.7 1088.4 918.4 1004.6 966.7 920.9 918.4 920.9 821.7 1004.6 773.4 0 1 0.884 2.0 0.31 1.0 0.297 1.0 6 0 False 3 3.6 0 40.894 0 1709060 1709060 17100.0 17110.0 A A N
17 9 7 FO 920.92 1015.06 4 6 920.9 918.4 1004.6 966.7 1004.6 1063.4 920.9 1111.7 837.2 1063.4 837.2 966.7 920.9 918.4 0 1 0.873 2.0 0.302 1.0 0.29 1.0 5 0 False 3 3.6 0 47.784 0 1709070 1709070 17100.0 17110.0 A A N
17 9 8 FOe 837.2 1160.06 4 6 837.2 1063.4 920.9 1111.7 920.9 1208.4 837.2 1256.7 753.5 1208.4 753.5 1111.7 837.2 1063.4 0 1 0.819 2.0 0.292 1.0 0.283 1.0 4 0 False 3 3.6 0 54.183 0 1709080 1709080 17100.0 17110.0 A A N
17 9 9 aOe 753.485 1305.074 1 4 837.245 1256.75 669.755 1353.45 669.771 1256.677 753.429 1208.377 837.245 1256.75 0.0 0.0 0.0 0.0 1 0 0.735 1.0 0.144 1.0 0.144 1.0 109 1 False 3 3.6 0 60.0 0 1709090 1709090 17200.0 17210.0 A A N
17 10 2 aOe 1506.97 290.02 0 4 1507.0 193.3 1507.0 386.7 1423.2 338.4 1423.2 241.7 1507.0 193.3 0.0 0.0 0.0 0.0 0 0 0.713 1.0 0.144 1.0 0.144 1.0 7 1 False 3 3.6 0 10.894 0 1710020 1710020 17000.0 17010.0 A A N
17 10 3 FOe 1423.25 435.02 0 6 1423.2 338.4 1507.0 386.7 1507.0 483.4 1423.2 531.7 1339.5 483.4 1339.5 386.7 1423.2 338.4 0 0 0.79 2.0 0.277 1.0 0.271 1.0 10 1 False 3 3.6 0 16.996 0 1710030 1710030 17000.0 17010.0 A A N
17 10 4 FOe 1339.53 580.03 0 6 1339.5 483.4 1423.2 531.7 1423.2 628.4 1339.5 676.7 1255.8 628.4 1255.8 531.7 1339.5 483.4 0 0 0.815 2.0 0.314 1.0 0.314 1.0 11 1 False 3 3.6 0 23.413 0 1710040 1710040 17001.0 17010.0 B A N
17 10 5 bOe 1255.81 725.04 1 5 1339.5 676.7 1255.8 821.7 1172.1 773.4 1172.1 676.7 1255.8 628.4 1339.5 676.7 0.0 0.0 0 0 0.803 1.0 0.192 1.0 0.192 1.0 11 1 False 3 3.6 0 30.0 0 1710050 1710050 17001.0 17010.0 B A N
17 10 6 FOe 1172.09 870.05 4 6 1172.1 773.4 1255.8 821.7 1255.8 918.4 1172.1 966.7 1088.4 918.4 1088.4 821.7 1172.1 773.4 0 0 0.814 2.0 0.28 1.0 0.273 1.0 11 0 False 3 3.6 0 36.587 0 1710060 1710060 17001.0 17010.0 B A N
17 10 7 FOe 1088.37 1015.06 4 6 1088.4 918.4 1172.1 966.7 1172.1 1063.4 1088.4 1111.7 1004.6 1063.4 1004.6 966.7 1088.4 918.4 0 1 0.809 2.0 0.31 1.0 0.31 1.0 6 0 False 3 3.6 0 43.004 0 1710070 1710070 17100.0 17110.0 A A N
17 10 8 aOe 1004.64 1160.06 1 4 1088.4 1111.7 920.9 1208.4 920.9 1111.7 1004.6 1063.4 1088.4 1111.7 0.0 0.0 0.0 0.0 0 1 0.71 1.0 0.144 1.0 0.144 1.0 5 0 False 3 3.6 0 49.107 0 1710080 1710080 17100.0 17110.0 A A N
17 11 4 cOe 1506.97 580.03 0 3 1507.0 483.4 1423.2 628.4 1423.2 531.7 1507.0 483.4 0.0 0.0 0.0 0.0 0.0 0.0 0 0 0.666 0.0 0.0 0.0 0.0 0.0 11 1 False 3 3.6 0 21.052 0 1711040 1711040 17001.0 17010.0 B A N
17 11 7 cOe 1255.81 1015.06 0 3 1255.8 918.4 1172.1 1063.4 1172.1 966.7 1255.8 918.4 0.0 0.0 0.0 0.0 0.0 0.0 0 0 0.665 0.0 0.0 0.0 0.0 0.0 11 0 False 3 3.6 0 38.948 0 1711070 1711070 17001.0 17010.0 B A N
18 1 2 dIe -0.002 290.016 4 5 -83.718 338.396 -83.729 316.578 83.695 316.564 83.705 338.382 0.047 386.682 -83.718 338.396 0.0 0.0 1 1 0.0 0.0 1.239 2.0 1.239 2.0 102 0 False 3 3.6 0 90.0 1 1801020 1801021 18300.0 0.0 A None N
18 1 3 FI -83.725 435.025 2 6 0.047 386.682 -0.018 483.368 -83.763 531.718 -167.442 483.382 -167.463 386.746 -83.718 338.396 0.047 386.682 1 1 0.0 0.0 1.975 3.0 2.09 3.0 102 0 False 6 7.2 0 100.894 1 1801030 1801031 18300.0 0.0 A None N
18 1 4 FI -167.438 580.028 2 6 -83.763 531.718 -83.742 628.355 -167.487 676.705 -251.166 628.368 -251.187 531.732 -167.442 483.382 -83.763 531.718 1 1 0.0 0.0 1.293 2.0 1.314 2.0 102 0 False 6 7.2 0 106.102 1 1801040 1801041 18300.0 0.0 A None N
18 1 5 FI -251.161 725.037 2 6 -167.487 676.705 -167.466 773.341 -251.21 821.691 -334.889 773.355 -334.91 676.718 -251.166 628.368 -167.487 676.705 1 1 0.0 0.0 1.014 2.0 1.005 2.0 102 0 True 6 7.2 0 109.107 1 1801050 1801051 18300.0 0.0 A None N
18 1 6 FM -334.883 870.046 5 6 -251.21 821.691 -251.139 918.414 -334.884 966.764 -418.613 918.341 -418.634 821.705 -334.889 773.355 -251.21 821.691 1 1 0.0 0.0 0.575 1.0 0.53 1.0 104 1 False 3 3.6 0 111.052 0 1801060 1801060 18300.0 0.0 A None N
18 1 7 FO -418.605 1015.054 5 6 -334.884 966.764 -334.863 1063.4 -418.608 1111.75 -502.287 1063.414 -502.358 966.691 -418.613 918.341 -334.884 966.764 1 1 0.0 0.0 0.42 1.0 0.377 1.0 104 1 False 3 3.6 0 112.411 0 1801070 1801070 18300.0 0.0 A None E
18 1 8 FO -502.328 1160.063 5 6 -418.608 1111.75 -418.587 1208.386 -502.331 1256.736 -586.01 1208.4 -586.031 1111.764 -502.287 1063.414 -418.608 1111.75 1 1 0.0 0.0 0.328 1.0 0.305 1.0 104 0 True 3 3.6 0 113.413 0 1801080 1801080 18300.0 0.0 A None W
18 1 9 FOe -586.041 1305.066 5 6 -502.331 1256.736 -502.31 1353.373 -586.055 1401.723 -669.734 1353.386 -669.755 1256.75 -586.01 1208.4 -502.331 1256.736 1 1 0.0 0.0 0.283 1.0 0.272 1.0 104 0 False 3 3.6 0 114.183 0 1801090 1801090 18300.0 0.0 A None N
18 2 0 gIe 334.88 0.0 3 6 334.9 96.7 316.0 85.8 316.0 -85.8 334.9 -96.7 418.6 -48.3 418.6 48.3 334.9 96.7 0 0 0.0 0.0 2.04 3.0 2.04 3.0 0 0 False 6 7.2 0 0.0 1 1802000 1802001 18000.0 0.0 A None N
18 2 1 dIe 251.16 145.01 3 5 251.2 241.7 232.3 230.8 316.0 85.8 334.9 96.7 334.9 193.3 251.2 241.7 0.0 0.0 0 1 0.0 0.0 1.239 2.0 1.239 2.0 2 0 False 3 3.6 0 30.0 1 1802010 1802011 18100.0 0.0 A None N
18 2 2 gIe 167.44 290.015 4 6 83.705 338.382 83.695 316.564 232.305 230.764 251.195 241.682 251.129 338.368 167.471 386.668 83.705 338.382 1 0 0.0 0.0 2.04 3.0 2.04 3.0 100 0 False 6 7.2 0 60.0 1 1802020 1802021 18200.0 0.0 A None N
18 2 3 FI 83.718 435.023 2 6 167.471 386.668 167.405 483.355 83.747 531.655 -0.018 483.368 0.047 386.682 83.705 338.382 167.471 386.668 1 1 0.0 0.0 1.976 3.0 2.094 3.0 103 0 False 6 7.2 0 79.107 1 1802030 1802031 18300.0 0.0 A None N
18 2 4 FI -0.005 580.032 2 6 83.747 531.655 83.682 628.341 -0.063 676.691 -83.742 628.355 -83.763 531.718 -0.018 483.368 83.747 531.655 1 1 0.0 0.0 1.362 2.0 1.384 2.0 103 0 False 6 7.2 0 90.0 1 1802040 1802041 18300.0 0.0 A None N
18 2 5 FI -83.718 725.036 2 6 -0.063 676.691 0.008 773.414 -83.737 821.764 -167.466 773.341 -167.487 676.705 -83.742 628.355 -0.063 676.691 1 1 0.0 0.0 1.052 2.0 1.041 2.0 103 0 True 6 7.2 0 96.587 1 1802050 1802051 18300.0 0.0 A None N
18 2 6 FM -167.441 870.044 5 6 -83.737 821.764 -83.716 918.4 -167.46 966.75 -251.139 918.414 -251.21 821.691 -167.466 773.341 -83.737 821.764 1 1 0.0 0.0 0.606 1.0 0.561 1.0 105 1 False 3 3.6 0 100.893 0 1802060 1802060 18300.0 0.0 A None N
18 2 7 FO -251.163 1015.053 5 6 -167.46 966.75 -167.439 1063.386 -251.184 1111.736 -334.863 1063.4 -334.884 966.764 -251.139 918.414 -167.46 966.75 1 1 0.0 0.0 0.472 1.0 0.422 1.0 105 1 False 3 3.6 0 103.898 0 1802070 1802070 18300.0 0.0 A None E
18 2 8 FO -334.885 1160.061 5 6 -251.184 1111.736 -251.163 1208.373 -334.908 1256.723 -418.587 1208.386 -418.608 1111.75 -334.863 1063.4 -251.184 1111.736 1 1 0.0 0.0 0.35 1.0 0.322 1.0 105 0 True 3 3.6 0 106.102 0 1802080 1802080 18300.0 0.0 A None W
18 2 9 FO -418.608 1305.07 5 6 -334.908 1256.723 -334.887 1353.359 -418.631 1401.709 -502.31 1353.373 -502.331 1256.736 -418.587 1208.386 -334.908 1256.723 1 1 0.0 0.0 0.296 1.0 0.283 1.0 105 0 False 3 3.6 0 107.784 0 1802090 1802090 18300.0 0.0 A None N
18 2 10 aOe -502.321 1450.074 2 4 -418.56 1498.432 -586.055 1401.723 -502.31 1353.373 -418.631 1401.709 -418.56 1498.432 0.0 0.0 0.0 0.0 1 1 0.0 0.0 0.144 1.0 0.144 1.0 105 0 False 3 3.6 0 109.107 0 1802100 1802100 18300.0 0.0 A None N
18 3 0 FI 502.32 0.0 0 6 502.3 -96.7 586.0 -48.3 586.0 48.3 502.3 96.7 418.6 48.3 418.6 -48.3 502.3 -96.7 0 0 0.0 0.0 1.631 2.0 1.68 2.0 0 0 False 6 7.2 0 0.0 1 1803000 1803001 18000.0 0.0 A None N
18 3 1 FI 418.6 145.01 1 6 418.6 48.3 502.3 96.7 502.3 193.3 418.6 241.7 334.9 193.3 334.9 96.7 418.6 48.3 0 1 0.0 0.0 1.976 3.0 2.094 3.0 3 0 False 6 7.2 0 19.107 1 1803010 1803011 18100.0 0.0 A None N
18 3 2 FI 334.88 290.02 1 6 334.9 193.3 418.6 241.7 418.6 338.4 334.9 386.7 251.2 338.4 251.2 241.7 334.9 193.3 0 1 0.0 0.0 1.975 3.0 2.09 3.0 2 0 False 6 7.2 0 40.894 1 1803020 1803021 18100.0 0.0 A None N
18 3 3 FI 251.16 435.022 1 6 334.895 386.655 334.829 483.341 251.171 531.641 167.405 483.355 167.471 386.668 251.129 338.368 334.895 386.655 1 0 0.0 0.0 1.631 2.0 1.68 2.0 100 0 False 6 7.2 0 60.0 1 1803030 1803031 18200.0 0.0 A None N
18 3 4 FI 167.438 580.031 1 6 251.171 531.641 251.155 628.414 167.497 676.714 83.682 628.341 83.747 531.655 167.405 483.355 251.171 531.641 1 0 0.0 0.0 1.298 2.0 1.317 2.0 101 0 False 6 7.2 0 73.898 1 1803040 1803041 18200.0 0.0 A None N
18 3 5 FI 83.715 725.039 1 6 167.497 676.714 167.432 773.4 83.687 821.75 0.008 773.414 -0.063 676.691 83.682 628.341 167.497 676.714 1 0 0.0 0.0 1.065 2.0 1.054 2.0 101 0 False 6 7.2 0 83.414 1 1803050 1803051 18200.0 0.0 A None N
18 3 6 FM 0.002 870.043 5 6 83.687 821.75 83.708 918.386 -0.037 966.736 -83.716 918.4 -83.737 821.764 0.008 773.414 83.687 821.75 1 1 0.0 0.0 0.623 1.0 0.574 1.0 106 1 False 3 3.6 0 90.0 0 1803060 1803060 18300.0 0.0 A None N
18 3 7 FM -83.721 1015.051 5 6 -0.037 966.736 -0.016 1063.373 -83.76 1111.723 -167.439 1063.386 -167.46 966.75 -83.716 918.4 -0.037 966.736 1 1 0.0 0.0 0.507 1.0 0.455 1.0 106 1 False 3 3.6 0 94.715 0 1803070 1803070 18300.0 0.0 A None E
18 3 8 FO -167.443 1160.06 5 6 -83.76 1111.723 -83.739 1208.359 -167.484 1256.709 -251.163 1208.373 -251.184 1111.736 -167.439 1063.386 -83.76 1111.723 1 1 0.0 0.0 0.372 1.0 0.338 1.0 106 0 True 3 3.6 0 98.213 0 1803080 1803080 18300.0 0.0 A None W
18 3 9 FO -251.165 1305.069 5 6 -167.484 1256.709 -167.413 1353.432 -251.158 1401.782 -334.887 1353.359 -334.908 1256.723 -251.163 1208.373 -167.484 1256.709 1 1 0.0 0.0 0.301 1.0 0.287 1.0 106 0 False 3 3.6 0 100.894 0 1803090 1803090 18300.0 0.0 A None N
18 3 10 bOe -334.883 1450.086 2 5 -251.137 1498.418 -418.56 1498.432 -418.631 1401.709 -334.887 1353.359 -251.158 1401.782 -251.137 1498.418 0.0 0.0 1 1 0.0 0.0 0.192 1.0 0.192 1.0 106 0 False 3 3.6 0 103.004 0 1803100 1803100 18300.0 0.0 A None N
18 4 0 FI 669.76 0.0 0 6 669.8 -96.7 753.5 -48.3 753.5 48.3 669.8 96.7 586.0 48.3 586.0 -48.3 669.8 -96.7 0 0 0.0 0.0 1.134 2.0 1.133 2.0 0 0 True 6 7.2 0 0.0 1 1804000 1804001 18000.0 0.0 A None N
18 4 1 FI 586.04 145.01 0 6 586.0 48.3 669.8 96.7 669.8 193.3 586.0 241.7 502.3 193.3 502.3 96.7 586.0 48.3 0 0 0.0 0.0 1.298 2.0 1.317 2.0 1 0 False 6 7.2 0 13.898 1 1804010 1804011 18000.0 0.0 A None N
18 4 2 FI 502.32 290.02 1 6 502.3 193.3 586.0 241.7 586.0 338.4 502.3 386.7 418.6 338.4 418.6 241.7 502.3 193.3 0 1 0.0 0.0 1.362 2.0 1.384 2.0 3 0 False 6 7.2 0 30.0 1 1804020 1804021 18100.0 0.0 A None N
18 4 3 FI 418.6 435.02 1 6 418.6 338.4 502.3 386.7 502.3 483.4 418.6 531.7 334.9 483.4 334.9 386.7 418.6 338.4 0 1 0.0 0.0 1.293 2.0 1.314 2.0 2 0 False 6 7.2 0 46.102 1 1804030 1804031 18100.0 0.0 A None N
18 4 4 FI 334.88 580.029 1 6 418.645 531.714 418.579 628.4 334.921 676.7 251.155 628.414 251.171 531.641 334.829 483.341 418.645 531.714 1 0 0.0 0.0 1.134 2.0 1.133 2.0 100 0 True 6 7.2 0 60.0 1 1804040 1804041 18200.0 0.0 A None N
18 4 5 FI 251.158 725.038 1 6 334.921 676.7 334.855 773.386 251.197 821.686 167.432 773.4 167.497 676.714 251.155 628.414 334.921 676.7 1 0 0.0 0.0 1.02 2.0 1.01 2.0 101 0 True 6 7.2 0 70.894 1 1804050 1804051 18200.0 0.0 A None N
18 4 6 FM 167.435 870.046 1 6 251.197 821.686 251.132 918.373 167.387 966.723 83.708 918.386 83.687 821.75 167.432 773.4 251.197 821.686 1 0 0.0 0.0 0.606 1.0 0.561 1.0 107 0 False 3 3.6 0 79.107 0 1804060 1804060 18200.0 0.0 A None N
18 4 7 FM 83.722 1015.05 1 6 167.387 966.723 167.408 1063.359 83.663 1111.709 -0.016 1063.373 -0.037 966.736 83.708 918.386 167.387 966.723 1 0 0.0 0.0 0.503 1.0 0.454 1.0 110 0 False 3 3.6 0 85.285 0 1804070 1804070 18200.0 0.0 A None N
18 4 8 FO -0.001 1160.059 1 6 83.663 1111.709 83.734 1208.432 -0.01 1256.782 -83.739 1208.359 -83.76 1111.723 -0.016 1063.373 83.663 1111.709 1 0 0.0 0.0 0.381 1.0 0.346 1.0 111 0 True 3 3.6 0 90.0 0 1804080 1804080 18201.0 0.0 B None W
18 4 9 FO -83.718 1305.076 5 6 -0.01 1256.782 0.011 1353.418 -83.734 1401.768 -167.413 1353.432 -167.484 1256.709 -83.739 1208.359 -0.01 1256.782 1 0 0.0 0.0 0.313 1.0 0.294 1.0 111 0 False 3 3.6 0 93.67 0 1804090 1804090 18201.0 0.0 B None N
18 4 10 bOe -167.44 1450.085 2 5 -83.713 1498.405 -251.137 1498.418 -251.158 1401.782 -167.413 1353.432 -83.734 1401.768 -83.713 1498.405 0.0 0.0 1 0 0.0 0.0 0.192 1.0 0.192 1.0 111 0 False 3 3.6 0 96.587 0 1804100 1804100 18201.0 0.0 B None N
18 5 0 FM 837.2 0.0 0 6 837.2 -96.7 920.9 -48.3 920.9 48.3 837.2 96.7 753.5 48.3 753.5 -48.3 837.2 -96.7 0 0 0.0 0.0 0.665 1.0 0.601 1.0 9 0 False 3 3.6 0 0.0 0 1805000 1805000 18000.0 0.0 A None N
18 5 1 FI 753.48 145.01 0 6 753.5 48.3 837.2 96.7 837.2 193.3 753.5 241.7 669.8 193.3 669.8 96.7 753.5 48.3 0 0 0.0 0.0 1.02 2.0 1.01 2.0 1 0 True 6 7.2 0 10.894 1 1805010 1805011 18000.0 0.0 A None N
18 5 2 FI 669.76 290.02 0 6 669.8 193.3 753.5 241.7 753.5 338.4 669.8 386.7 586.0 338.4 586.0 241.7 669.8 193.3 0 0 0.0 0.0 1.065 2.0 1.054 2.0 1 0 False 6 7.2 0 23.414 1 1805020 1805021 18000.0 0.0 A None N
18 5 3 FI 586.04 435.02 1 6 586.0 338.4 669.8 386.7 669.8 483.4 586.0 531.7 502.3 483.4 502.3 386.7 586.0 338.4 0 1 0.0 0.0 1.052 2.0 1.041 2.0 3 0 True 6 7.2 0 36.587 1 1805030 1805031 18100.0 0.0 A None N
18 5 4 FI 502.32 580.03 1 6 502.3 483.4 586.0 531.7 586.0 628.4 502.3 676.7 418.6 628.4 418.6 531.7 502.3 483.4 0 1 0.0 0.0 1.014 2.0 1.005 2.0 2 0 True 6 7.2 0 49.107 1 1805040 1805041 18100.0 0.0 A None N
18 5 5 FM 418.6 725.036 1 6 502.345 676.686 502.279 773.373 418.621 821.673 334.855 773.386 334.921 676.7 418.579 628.4 502.345 676.686 1 0 0.0 0.0 0.665 1.0 0.601 1.0 109 0 False 3 3.6 0 60.0 0 1805050 1805050 18200.0 0.0 A None N
18 5 6 FM 334.878 870.045 1 6 418.621 821.673 418.555 918.359 334.897 966.659 251.132 918.373 251.197 821.686 334.855 773.386 418.621 821.673 1 0 0.0 0.0 0.573 1.0 0.529 1.0 108 0 False 3 3.6 0 68.948 0 1805060 1805060 18200.0 0.0 A None N
18 5 7 FO 251.155 1015.054 1 6 334.897 966.659 334.882 1063.432 251.137 1111.782 167.408 1063.359 167.387 966.723 251.132 918.373 334.897 966.659 1 0 0.0 0.0 0.466 1.0 0.416 1.0 107 0 True 3 3.6 0 76.102 0 1805070 1805070 18200.0 0.0 A None W
18 5 8 FO 167.447 1160.066 1 6 251.137 1111.782 251.158 1208.418 167.413 1256.768 83.734 1208.432 83.663 1111.709 167.408 1063.359 251.137 1111.782 1 0 0.0 0.0 0.372 1.0 0.34 1.0 110 0 True 3 3.6 0 81.787 0 1805080 1805080 18200.0 0.0 A None W
18 5 9 FO 83.724 1305.075 1 6 167.413 1256.768 167.434 1353.405 83.69 1401.755 0.011 1353.418 -0.01 1256.782 83.734 1208.432 167.413 1256.768 1 0 0.0 0.0 0.304 1.0 0.289 1.0 111 1 False 3 3.6 0 86.329 0 1805090 1805090 18201.0 0.0 B None E
18 5 10 bOe 0.002 1450.083 2 5 83.711 1498.391 -83.713 1498.405 -83.734 1401.768 0.011 1353.418 83.69 1401.755 83.711 1498.391 0.0 0.0 1 0 0.0 0.0 0.192 1.0 0.192 1.0 111 1 False 3 3.6 0 90.0 0 1805100 1805100 18201.0 0.0 B None N
18 6 0 FM 1004.64 0.0 0 6 1004.6 -96.7 1088.4 -48.3 1088.4 48.3 1004.6 96.7 920.9 48.3 920.9 -48.3 1004.6 -96.7 0 0 0.0 0.0 0.515 1.0 0.464 1.0 9 0 True 3 3.6 0 0.0 0 1806000 1806000 18000.0 0.0 A None W
18 6 1 FM 920.92 145.01 0 6 920.9 48.3 1004.6 96.7 1004.6 193.3 920.9 241.7 837.2 193.3 837.2 96.7 920.9 48.3 0 0 0.0 0.0 0.573 1.0 0.529 1.0 8 0 False 3 3.6 0 8.948 0 1806010 1806010 18000.0 0.0 A None N
18 6 2 FM 837.2 290.02 0 6 837.2 193.3 920.9 241.7 920.9 338.4 837.2 386.7 753.5 338.4 753.5 241.7 837.2 193.3 0 0 0.0 0.0 0.606 1.0 0.561 1.0 7 0 False 3 3.6 0 19.107 0 1806020 1806020 18000.0 0.0 A None N
18 6 3 FM 753.48 435.02 4 6 753.5 338.4 837.2 386.7 837.2 483.4 753.5 531.7 669.8 483.4 669.8 386.7 753.5 338.4 0 1 0.0 0.0 0.623 1.0 0.574 1.0 6 1 False 3 3.6 0 30.0 0 1806030 1806030 18100.0 0.0 A None N
18 6 4 FM 669.76 580.03 4 6 669.8 483.4 753.5 531.7 753.5 628.4 669.8 676.7 586.0 628.4 586.0 531.7 669.8 483.4 0 1 0.0 0.0 0.606 1.0 0.561 1.0 5 1 False 3 3.6 0 40.893 0 1806040 1806040 18100.0 0.0 A None N
18 6 5 FM 586.04 725.04 4 6 586.0 628.4 669.8 676.7 669.8 773.4 586.0 821.7 502.3 773.4 502.3 676.7 586.0 628.4 0 1 0.0 0.0 0.575 1.0 0.53 1.0 4 1 False 3 3.6 0 51.052 0 1806050 1806050 18100.0 0.0 A None N
18 6 6 FM 502.32 870.044 1 6 586.045 821.659 586.029 918.432 502.371 966.732 418.555 918.359 418.621 821.673 502.279 773.373 586.045 821.659 1 0 0.0 0.0 0.515 1.0 0.464 1.0 109 0 True 3 3.6 0 60.0 0 1806060 1806060 18200.0 0.0 A None W
18 6 7 FO 418.603 1015.061 1 6 502.371 966.732 502.305 1063.418 418.647 1111.718 334.882 1063.432 334.897 966.659 418.555 918.359 502.371 966.732 1 0 0.0 0.0 0.419 1.0 0.376 1.0 108 0 True 3 3.6 0 67.589 0 1806070 1806070 18200.0 0.0 A None W
18 6 8 FO 334.88 1160.07 1 6 418.647 1111.718 418.582 1208.405 334.837 1256.755 251.158 1208.418 251.137 1111.782 334.882 1063.432 418.647 1111.718 1 0 0.0 0.0 0.355 1.0 0.325 1.0 107 1 False 3 3.6 0 73.898 0 1806080 1806080 18200.0 0.0 A None E
18 6 9 FO 251.167 1305.073 1 6 334.837 1256.755 334.858 1353.391 251.113 1401.741 167.434 1353.405 167.413 1256.768 251.158 1208.418 334.837 1256.755 1 0 0.0 0.0 0.299 1.0 0.285 1.0 110 1 False 3 3.6 0 79.106 0 1806090 1806090 18200.0 0.0 A None E
18 6 10 bOe 167.444 1450.082 2 5 251.134 1498.377 83.711 1498.391 83.69 1401.755 167.434 1353.405 251.113 1401.741 251.134 1498.377 0.0 0.0 1 0 0.0 0.0 0.192 1.0 0.192 1.0 111 1 False 3 3.6 0 83.413 0 1806100 1806100 18201.0 0.0 B None N
18 7 0 FO 1172.09 0.0 0 6 1172.1 -96.7 1255.8 -48.3 1255.8 48.3 1172.1 96.7 1088.4 48.3 1088.4 -48.3 1172.1 -96.7 0 0 0.0 0.0 0.375 1.0 0.341 1.0 9 1 False 3 3.6 0 0.0 0 1807000 1807000 18000.0 0.0 A None E
18 7 1 FO 1088.37 145.01 0 6 1088.4 48.3 1172.1 96.7 1172.1 193.3 1088.4 241.7 1004.6 193.3 1004.6 96.7 1088.4 48.3 0 0 0.0 0.0 0.419 1.0 0.376 1.0 8 0 True 3 3.6 0 7.589 0 1807010 1807010 18000.0 0.0 A None W
18 7 2 FO 1004.64 290.02 0 6 1004.6 193.3 1088.4 241.7 1088.4 338.4 1004.6 386.7 920.9 338.4 920.9 241.7 1004.6 193.3 0 0 0.0 0.0 0.466 1.0 0.416 1.0 7 0 True 3 3.6 0 16.102 0 1807020 1807020 18000.0 0.0 A None W
18 7 3 FM 920.92 435.02 0 6 920.9 338.4 1004.6 386.7 1004.6 483.4 920.9 531.7 837.2 483.4 837.2 386.7 920.9 338.4 0 0 0.0 0.0 0.503 1.0 0.454 1.0 10 0 False 3 3.6 0 25.285 0 1807030 1807030 18000.0 0.0 A None N
18 7 4 FM 837.2 580.03 4 6 837.2 483.4 920.9 531.7 920.9 628.4 837.2 676.7 753.5 628.4 753.5 531.7 837.2 483.4 0 1 0.0 0.0 0.507 1.0 0.455 1.0 6 1 False 3 3.6 0 34.715 0 1807040 1807040 18100.0 0.0 A None E
18 7 5 FO 753.48 725.04 4 6 753.5 628.4 837.2 676.7 837.2 773.4 753.5 821.7 669.8 773.4 669.8 676.7 753.5 628.4 0 1 0.0 0.0 0.472 1.0 0.422 1.0 5 1 False 3 3.6 0 43.898 0 1807050 1807050 18100.0 0.0 A None E
18 7 6 FO 669.76 870.05 4 6 669.8 773.4 753.5 821.7 753.5 918.4 669.8 966.7 586.0 918.4 586.0 821.7 669.8 773.4 0 1 0.0 0.0 0.42 1.0 0.377 1.0 4 1 False 3 3.6 0 52.411 0 1807060 1807060 18100.0 0.0 A None E
18 7 7 FO 586.045 1015.06 1 6 669.795 966.718 669.729 1063.405 586.071 1111.705 502.305 1063.418 502.371 966.732 586.029 918.432 669.795 966.718 1 0 0.0 0.0 0.375 1.0 0.341 1.0 109 1 False 3 3.6 0 60.0 0 1807070 1807070 18200.0 0.0 A None E
18 7 8 FO 502.323 1160.068 1 6 586.071 1111.705 586.005 1208.391 502.347 1256.691 418.582 1208.405 418.647 1111.718 502.305 1063.418 586.071 1111.705 1 0 0.0 0.0 0.331 1.0 0.308 1.0 108 1 False 3 3.6 0 66.587 0 1807080 1807080 18200.0 0.0 A None E
18 7 9 FO 418.6 1305.077 1 6 502.347 1256.691 502.282 1353.377 418.537 1401.727 334.858 1353.391 334.837 1256.755 418.582 1208.405 502.347 1256.691 1 0 0.0 0.0 0.297 1.0 0.284 1.0 107 1 False 3 3.6 0 72.216 0 1807090 1807090 18200.0 0.0 A None N
18 7 10 bOe 334.887 1450.081 2 5 418.608 1498.45 251.134 1498.377 251.113 1401.741 334.858 1353.391 418.537 1401.727 418.608 1498.45 0.0 0.0 1 0 0.0 0.0 0.192 1.0 0.192 1.0 110 1 False 3 3.6 0 76.996 0 1807100 1807100 18200.0 0.0 A None N
18 8 0 FO 1339.53 0.0 0 6 1339.5 -96.7 1423.2 -48.3 1423.2 48.3 1339.5 96.7 1255.8 48.3 1255.8 -48.3 1339.5 -96.7 0 0 0.0 0.0 0.304 1.0 0.288 1.0 9 1 False 3 3.6 0 0.0 0 1808000 1808000 18000.0 0.0 A None N
18 8 1 FO 1255.81 145.01 0 6 1255.8 48.3 1339.5 96.7 1339.5 193.3 1255.8 241.7 1172.1 193.3 1172.1 96.7 1255.8 48.3 0 0 0.0 0.0 0.331 1.0 0.308 1.0 8 1 False 3 3.6 0 6.587 0 1808010 1808010 18000.0 0.0 A None E
18 8 2 FO 1172.09 290.02 0 6 1172.1 193.3 1255.8 241.7 1255.8 338.4 1172.1 386.7 1088.4 338.4 1088.4 241.7 1172.1 193.3 0 0 0.0 0.0 0.355 1.0 0.325 1.0 7 1 False 3 3.6 0 13.898 0 1808020 1808020 18000.0 0.0 A None E
18 8 3 FO 1088.37 435.02 0 6 1088.4 338.4 1172.1 386.7 1172.1 483.4 1088.4 531.7 1004.6 483.4 1004.6 386.7 1088.4 338.4 0 0 0.0 0.0 0.372 1.0 0.34 1.0 10 0 True 3 3.6 0 21.787 0 1808030 1808030 18000.0 0.0 A None W
18 8 4 FO 1004.64 580.03 0 6 1004.6 483.4 1088.4 531.7 1088.4 628.4 1004.6 676.7 920.9 628.4 920.9 531.7 1004.6 483.4 0 0 0.0 0.0 0.381 1.0 0.346 1.0 11 0 True 3 3.6 0 30.0 0 1808040 1808040 18001.0 0.0 B None W
18 8 5 FO 920.92 725.04 4 6 920.9 628.4 1004.6 676.7 1004.6 773.4 920.9 821.7 837.2 773.4 837.2 676.7 920.9 628.4 0 1 0.0 0.0 0.372 1.0 0.338 1.0 6 0 True 3 3.6 0 38.213 0 1808050 1808050 18100.0 0.0 A None W
18 8 6 FO 837.2 870.05 4 6 837.2 773.4 920.9 821.7 920.9 918.4 837.2 966.7 753.5 918.4 753.5 821.7 837.2 773.4 0 1 0.0 0.0 0.35 1.0 0.322 1.0 5 0 True 3 3.6 0 46.102 0 1808060 1808060 18100.0 0.0 A None W
18 8 7 FO 753.48 1015.06 4 6 753.5 918.4 837.2 966.7 837.2 1063.4 753.5 1111.7 669.8 1063.4 669.8 966.7 753.5 918.4 0 1 0.0 0.0 0.328 1.0 0.305 1.0 4 0 True 3 3.6 0 53.413 0 1808070 1808070 18100.0 0.0 A None W
18 8 8 FO 669.765 1160.067 1 6 753.495 1111.691 753.429 1208.377 669.771 1256.677 586.005 1208.391 586.071 1111.705 669.729 1063.405 753.495 1111.691 1 0 0.0 0.0 0.304 1.0 0.288 1.0 109 1 False 3 3.6 0 60.0 0 1808080 1808080 18200.0 0.0 A None N
18 8 9 FOe 586.043 1305.076 1 6 669.771 1256.677 669.755 1353.45 586.097 1401.75 502.282 1353.377 502.347 1256.691 586.005 1208.391 669.771 1256.677 1 0 0.0 0.0 0.279 1.0 0.27 1.0 108 1 False 3 3.6 0 65.818 0 1808090 1808090 18200.0 0.0 A None N
18 8 10 aOe 502.32 1450.084 1 4 586.097 1401.75 418.608 1498.45 418.537 1401.727 502.282 1353.377 586.097 1401.75 0.0 0.0 0.0 0.0 1 0 0.0 0.0 0.144 1.0 0.144 1.0 107 1 False 3 3.6 0 70.894 0 1808100 1808100 18200.0 0.0 A None N
18 9 0 aOe 1506.97 0.0 0 4 1507.0 -96.7 1507.0 96.7 1423.2 48.3 1423.2 -48.3 1507.0 -96.7 0.0 0.0 0.0 0.0 0 0 0.0 0.0 0.144 1.0 0.144 1.0 9 1 False 3 3.6 0 0.0 0 1809000 1809000 18000.0 0.0 A None N
18 9 1 FOe 1423.25 145.01 0 6 1423.2 48.3 1507.0 96.7 1507.0 193.3 1423.2 241.7 1339.5 193.3 1339.5 96.7 1423.2 48.3 0 0 0.0 0.0 0.279 1.0 0.27 1.0 8 1 False 3 3.6 0 5.818 0 1809010 1809010 18000.0 0.0 A None N
18 9 2 FO 1339.53 290.02 0 6 1339.5 193.3 1423.2 241.7 1423.2 338.4 1339.5 386.7 1255.8 338.4 1255.8 241.7 1339.5 193.3 0 0 0.0 0.0 0.297 1.0 0.284 1.0 7 1 False 3 3.6 0 12.216 0 1809020 1809020 18000.0 0.0 A None N
18 9 3 FO 1255.81 435.02 0 6 1255.8 338.4 1339.5 386.7 1339.5 483.4 1255.8 531.7 1172.1 483.4 1172.1 386.7 1255.8 338.4 0 0 0.0 0.0 0.299 1.0 0.285 1.0 10 1 False 3 3.6 0 19.106 0 1809030 1809030 18000.0 0.0 A None E
18 9 4 FO 1172.09 580.03 0 6 1172.1 483.4 1255.8 531.7 1255.8 628.4 1172.1 676.7 1088.4 628.4 1088.4 531.7 1172.1 483.4 0 0 0.0 0.0 0.304 1.0 0.289 1.0 11 1 False 3 3.6 0 26.329 0 1809040 1809040 18001.0 0.0 B None E
18 9 5 FO 1088.37 725.04 4 6 1088.4 628.4 1172.1 676.7 1172.1 773.4 1088.4 821.7 1004.6 773.4 1004.6 676.7 1088.4 628.4 0 0 0.0 0.0 0.313 1.0 0.294 1.0 11 0 False 3 3.6 0 33.67 0 1809050 1809050 18001.0 0.0 B None N
18 9 6 FO 1004.64 870.05 4 6 1004.6 773.4 1088.4 821.7 1088.4 918.4 1004.6 966.7 920.9 918.4 920.9 821.7 1004.6 773.4 0 1 0.0 0.0 0.301 1.0 0.287 1.0 6 0 False 3 3.6 0 40.894 0 1809060 1809060 18100.0 0.0 A None N
18 9 7 FO 920.92 1015.06 4 6 920.9 918.4 1004.6 966.7 1004.6 1063.4 920.9 1111.7 837.2 1063.4 837.2 966.7 920.9 918.4 0 1 0.0 0.0 0.296 1.0 0.283 1.0 5 0 False 3 3.6 0 47.784 0 1809070 1809070 18100.0 0.0 A None N
18 9 8 FOe 837.2 1160.06 4 6 837.2 1063.4 920.9 1111.7 920.9 1208.4 837.2 1256.7 753.5 1208.4 753.5 1111.7 837.2 1063.4 0 1 0.0 0.0 0.283 1.0 0.272 1.0 4 0 False 3 3.6 0 54.183 0 1809080 1809080 18100.0 0.0 A None N
18 9 9 aOe 753.485 1305.074 1 4 837.245 1256.75 669.755 1353.45 669.771 1256.677 753.429 1208.377 837.245 1256.75 0.0 0.0 0.0 0.0 1 0 0.0 0.0 0.144 1.0 0.144 1.0 109 1 False 3 3.6 0 60.0 0 1809090 1809090 18200.0 0.0 A None N
18 10 2 aOe 1506.97 290.02 0 4 1507.0 193.3 1507.0 386.7 1423.2 338.4 1423.2 241.7 1507.0 193.3 0.0 0.0 0.0 0.0 0 0 0.0 0.0 0.144 1.0 0.144 1.0 7 1 False 3 3.6 0 10.894 0 1810020 1810020 18000.0 0.0 A None N
18 10 3 bOe 1423.25 435.02 1 5 1507.0 386.7 1423.2 531.7 1339.5 483.4 1339.5 386.7 1423.2 338.4 1507.0 386.7 0.0 0.0 0 0 0.0 0.0 0.192 1.0 0.192 1.0 10 1 False 3 3.6 0 16.996 0 1810030 1810030 18000.0 0.0 A None N
18 10 4 bOe 1339.53 580.03 1 5 1423.2 531.7 1339.5 676.7 1255.8 628.4 1255.8 531.7 1339.5 483.4 1423.2 531.7 0.0 0.0 0 0 0.0 0.0 0.192 1.0 0.192 1.0 11 1 False 3 3.6 0 23.413 0 1810040 1810040 18001.0 0.0 B None N
18 10 5 bOe 1255.81 725.04 1 5 1339.5 676.7 1255.8 821.7 1172.1 773.4 1172.1 676.7 1255.8 628.4 1339.5 676.7 0.0 0.0 0 0 0.0 0.0 0.192 1.0 0.192 1.0 11 1 False 3 3.6 0 30.0 0 1810050 1810050 18001.0 0.0 B None N
18 10 6 bOe 1172.09 870.05 1 5 1255.8 821.7 1172.1 966.7 1088.4 918.4 1088.4 821.7 1172.1 773.4 1255.8 821.7 0.0 0.0 0 0 0.0 0.0 0.192 1.0 0.192 1.0 11 0 False 3 3.6 0 36.587 0 1810060 1810060 18001.0 0.0 B None N
18 10 7 bOe 1088.37 1015.06 1 5 1172.1 966.7 1088.4 1111.7 1004.6 1063.4 1004.6 966.7 1088.4 918.4 1172.1 966.7 0.0 0.0 0 1 0.0 0.0 0.192 1.0 0.192 1.0 6 0 False 3 3.6 0 43.004 0 1810070 1810070 18100.0 0.0 A None N
18 10 8 aOe 1004.64 1160.06 1 4 1088.4 1111.7 920.9 1208.4 920.9 1111.7 1004.6 1063.4 1088.4 1111.7 0.0 0.0 0.0 0.0 0 1 0.0 0.0 0.144 1.0 0.144 1.0 5 0 False 3 3.6 0 49.107 0 1810080 1810080 18100.0 0.0 A None N
19 1 2 dIe -0.002 290.016 4 5 -83.718 338.396 -83.729 316.578 83.695 316.564 83.705 338.382 0.047 386.682 -83.718 338.396 0.0 0.0 1 1 2.893 3.0 1.267 2.0 1.267 2.0 102 0 False 3 3.6 0 90.0 1 1901020 1901021 19300.0 19310.0 A A N
19 1 3 FI -83.725 435.025 2 6 0.047 386.682 -0.018 483.368 -83.763 531.718 -167.442 483.382 -167.463 386.746 -83.718 338.396 0.047 386.682 1 1 2.897 3.0 1.958 2.0 2.073 3.0 102 0 False 6 7.2 0 100.894 1 1901030 1901031 19300.0 19310.0 A A N
19 1 4 FI -167.438 580.028 2 6 -83.763 531.718 -83.742 628.355 -167.487 676.705 -251.166 628.368 -251.187 531.732 -167.442 483.382 -83.763 531.718 1 1 1.825 2.0 1.28 2.0 1.299 2.0 102 0 False 6 7.2 0 106.102 1 1901040 1901041 19300.0 19310.0 A A N
19 1 5 FI -251.161 725.037 2 6 -167.487 676.705 -167.466 773.341 -251.21 821.691 -334.889 773.355 -334.91 676.718 -251.166 628.368 -167.487 676.705 1 1 1.375 2.0 1.011 2.0 1.002 2.0 102 0 True 6 7.2 0 109.107 1 1901050 1901051 19300.0 19310.0 A A N
19 1 6 FM -334.883 870.046 5 6 -251.21 821.691 -251.139 918.414 -334.884 966.764 -418.613 918.341 -418.634 821.705 -334.889 773.355 -251.21 821.691 1 1 1.08 2.0 0.574 1.0 0.528 1.0 104 1 False 3 3.6 0 111.052 0 1901060 1901060 19300.0 19310.0 A A N
19 1 7 FO -418.605 1015.054 5 6 -334.884 966.764 -334.863 1063.4 -418.608 1111.75 -502.287 1063.414 -502.358 966.691 -418.613 918.341 -334.884 966.764 1 1 1.004 2.0 0.415 1.0 0.38 1.0 104 1 False 3 3.6 0 112.411 0 1901070 1901070 19300.0 19310.0 A A E
19 1 8 FO -502.328 1160.063 5 6 -418.608 1111.75 -418.587 1208.386 -502.331 1256.736 -586.01 1208.4 -586.031 1111.764 -502.287 1063.414 -418.608 1111.75 1 1 0.89 2.0 0.322 1.0 0.307 1.0 104 0 True 3 3.6 0 113.413 0 1901080 1901080 19300.0 19310.0 A A W
19 1 9 FOe -586.041 1305.066 5 6 -502.331 1256.736 -502.31 1353.373 -586.055 1401.723 -669.734 1353.386 -669.755 1256.75 -586.01 1208.4 -502.331 1256.736 1 1 0.785 2.0 0.277 1.0 0.272 1.0 104 0 False 3 3.6 0 114.183 0 1901090 1901090 19300.0 19310.0 A A N
19 2 0 gIe 334.88 0.0 3 6 334.9 96.7 316.0 85.8 316.0 -85.8 334.9 -96.7 418.6 -48.3 418.6 48.3 334.9 96.7 0 0 3.882 4.0 2.07 3.0 2.07 3.0 0 0 False 6 7.2 0 0.0 1 1902000 1902001 19000.0 19010.0 A A N
19 2 1 dIe 251.16 145.01 3 5 251.2 241.7 232.3 230.8 316.0 85.8 334.9 96.7 334.9 193.3 251.2 241.7 0.0 0.0 0 1 2.893 3.0 1.267 2.0 1.267 2.0 2 0 False 3 3.6 0 30.0 1 1902010 1902011 19100.0 19110.0 A A N
19 2 2 gIe 167.44 290.015 4 6 83.705 338.382 83.695 316.564 232.305 230.764 251.195 241.682 251.129 338.368 167.471 386.668 83.705 338.382 1 0 3.882 4.0 2.07 3.0 2.07 3.0 100 0 False 6 7.2 0 60.0 1 1902020 1902021 19200.0 19210.0 A A N
19 2 3 FI 83.718 435.023 2 6 167.471 386.668 167.405 483.355 83.747 531.655 -0.018 483.368 0.047 386.682 83.705 338.382 167.471 386.668 1 1 2.925 3.0 1.97 3.0 2.088 3.0 103 0 False 6 7.2 0 79.107 1 1902030 1902031 19300.0 19310.0 A A N
19 2 4 FI -0.005 580.032 2 6 83.747 531.655 83.682 628.341 -0.063 676.691 -83.742 628.355 -83.763 531.718 -0.018 483.368 83.747 531.655 1 1 1.962 2.0 1.353 2.0 1.373 2.0 103 0 False 6 7.2 0 90.0 1 1902040 1902041 19300.0 19310.0 A A N
19 2 5 FI -83.718 725.036 2 6 -0.063 676.691 0.008 773.414 -83.737 821.764 -167.466 773.341 -167.487 676.705 -83.742 628.355 -0.063 676.691 1 1 1.441 2.0 1.056 2.0 1.045 2.0 103 0 True 6 7.2 0 96.587 1 1902050 1902051 19300.0 19310.0 A A N
19 2 6 FM -167.441 870.044 5 6 -83.737 821.764 -83.716 918.4 -167.46 966.75 -251.139 918.414 -251.21 821.691 -167.466 773.341 -83.737 821.764 1 1 1.141 2.0 0.602 1.0 0.555 1.0 105 1 False 3 3.6 0 100.893 0 1902060 1902060 19300.0 19310.0 A A N
19 2 7 FO -251.163 1015.053 5 6 -167.46 966.75 -167.439 1063.386 -251.184 1111.736 -334.863 1063.4 -334.884 966.764 -251.139 918.414 -167.46 966.75 1 1 1.042 2.0 0.464 1.0 0.42 1.0 105 1 False 3 3.6 0 103.898 0 1902070 1902070 19300.0 19310.0 A A E
19 2 8 FO -334.885 1160.061 5 6 -251.184 1111.736 -251.163 1208.373 -334.908 1256.723 -418.587 1208.386 -418.608 1111.75 -334.863 1063.4 -251.184 1111.736 1 1 0.883 2.0 0.348 1.0 0.326 1.0 105 0 True 3 3.6 0 106.102 0 1902080 1902080 19300.0 19310.0 A A W
19 2 9 FO -418.608 1305.07 5 6 -334.908 1256.723 -334.887 1353.359 -418.631 1401.709 -502.31 1353.373 -502.331 1256.736 -418.587 1208.386 -334.908 1256.723 1 1 0.818 2.0 0.288 1.0 0.28 1.0 105 0 False 3 3.6 0 107.784 0 1902090 1902090 19300.0 19310.0 A A N
19 2 10 aOe -502.321 1450.074 2 4 -418.56 1498.432 -586.055 1401.723 -502.31 1353.373 -418.631 1401.709 -418.56 1498.432 0.0 0.0 0.0 0.0 1 1 0.698 1.0 0.144 1.0 0.144 1.0 105 0 False 3 3.6 0 109.107 0 1902100 1902100 19300.0 19310.0 A A N
19 3 0 FI 502.32 0.0 0 6 502.3 -96.7 586.0 -48.3 586.0 48.3 502.3 96.7 418.6 48.3 418.6 -48.3 502.3 -96.7 0 0 2.337 3.0 1.619 2.0 1.666 2.0 0 0 False 6 7.2 0 0.0 1 1903000 1903001 19000.0 19010.0 A A N
19 3 1 FI 418.6 145.01 1 6 418.6 48.3 502.3 96.7 502.3 193.3 418.6 241.7 334.9 193.3 334.9 96.7 418.6 48.3 0 1 2.925 3.0 1.97 3.0 2.088 3.0 3 0 False 6 7.2 0 19.107 1 1903010 1903011 19100.0 19110.0 A A N
19 3 2 FI 334.88 290.02 1 6 334.9 193.3 418.6 241.7 418.6 338.4 334.9 386.7 251.2 338.4 251.2 241.7 334.9 193.3 0 1 2.897 3.0 1.958 2.0 2.073 3.0 2 0 False 6 7.2 0 40.894 1 1903020 1903021 19100.0 19110.0 A A N
19 3 3 FI 251.16 435.022 1 6 334.895 386.655 334.829 483.341 251.171 531.641 167.405 483.355 167.471 386.668 251.129 338.368 334.895 386.655 1 0 2.337 3.0 1.619 2.0 1.666 2.0 100 0 False 6 7.2 0 60.0 1 1903030 1903031 19200.0 19210.0 A A N
19 3 4 FI 167.438 580.031 1 6 251.171 531.641 251.155 628.414 167.497 676.714 83.682 628.341 83.747 531.655 167.405 483.355 251.171 531.641 1 0 1.858 2.0 1.281 2.0 1.302 2.0 101 0 False 6 7.2 0 73.898 1 1903040 1903041 19200.0 19211.0 A B N
19 3 5 FI 83.715 725.039 1 6 167.497 676.714 167.432 773.4 83.687 821.75 0.008 773.414 -0.063 676.691 83.682 628.341 167.497 676.714 1 0 1.422 2.0 1.06 2.0 1.05 2.0 101 0 False 6 7.2 0 83.414 1 1903050 1903051 19200.0 19211.0 A B N
19 3 6 FM 0.002 870.043 5 6 83.687 821.75 83.708 918.386 -0.037 966.736 -83.716 918.4 -83.737 821.764 0.008 773.414 83.687 821.75 1 1 1.154 2.0 0.621 1.0 0.568 1.0 106 1 False 3 3.6 0 90.0 0 1903060 1903060 19300.0 19310.0 A A N
19 3 7 FM -83.721 1015.051 5 6 -0.037 966.736 -0.016 1063.373 -83.76 1111.723 -167.439 1063.386 -167.46 966.75 -83.716 918.4 -0.037 966.736 1 1 1.017 2.0 0.497 1.0 0.453 1.0 106 1 False 3 3.6 0 94.715 0 1903070 1903070 19300.0 19310.0 A A E
19 3 8 FO -167.443 1160.06 5 6 -83.76 1111.723 -83.739 1208.359 -167.484 1256.709 -251.163 1208.373 -251.184 1111.736 -167.439 1063.386 -83.76 1111.723 1 1 0.911 2.0 0.363 1.0 0.337 1.0 106 0 True 3 3.6 0 98.213 0 1903080 1903080 19300.0 19310.0 A A W
19 3 9 FO -251.165 1305.069 5 6 -167.484 1256.709 -167.413 1353.432 -251.158 1401.782 -334.887 1353.359 -334.908 1256.723 -251.163 1208.373 -167.484 1256.709 1 1 0.857 2.0 0.298 1.0 0.287 1.0 106 0 False 3 3.6 0 100.894 0 1903090 1903090 19300.0 19310.0 A A N
19 3 10 FOe -334.883 1450.086 5 6 -251.158 1401.782 -251.137 1498.418 -334.881 1546.768 -418.56 1498.432 -418.631 1401.709 -334.887 1353.359 -251.158 1401.782 1 1 0.78 2.0 0.299 1.0 0.299 1.0 106 0 False 3 3.6 0 103.004 0 1903100 1903100 19300.0 19310.0 A A N
19 4 0 FI 669.76 0.0 0 6 669.8 -96.7 753.5 -48.3 753.5 48.3 669.8 96.7 586.0 48.3 586.0 -48.3 669.8 -96.7 0 0 1.642 2.0 1.13 2.0 1.129 2.0 0 0 True 6 7.2 0 0.0 1 1904000 1904001 19000.0 19010.0 A A N
19 4 1 FI 586.04 145.01 0 6 586.0 48.3 669.8 96.7 669.8 193.3 586.0 241.7 502.3 193.3 502.3 96.7 586.0 48.3 0 0 1.858 2.0 1.281 2.0 1.302 2.0 1 0 False 6 7.2 0 13.898 1 1904010 1904011 19000.0 19011.0 A B N
19 4 2 FI 502.32 290.02 1 6 502.3 193.3 586.0 241.7 586.0 338.4 502.3 386.7 418.6 338.4 418.6 241.7 502.3 193.3 0 1 1.962 2.0 1.353 2.0 1.373 2.0 3 0 False 6 7.2 0 30.0 1 1904020 1904021 19100.0 19110.0 A A N
19 4 3 FI 418.6 435.02 1 6 418.6 338.4 502.3 386.7 502.3 483.4 418.6 531.7 334.9 483.4 334.9 386.7 418.6 338.4 0 1 1.825 2.0 1.28 2.0 1.299 2.0 2 0 False 6 7.2 0 46.102 1 1904030 1904031 19100.0 19110.0 A A N
19 4 4 FI 334.88 580.029 1 6 418.645 531.714 418.579 628.4 334.921 676.7 251.155 628.414 251.171 531.641 334.829 483.341 418.645 531.714 1 0 1.642 2.0 1.13 2.0 1.129 2.0 100 0 True 6 7.2 0 60.0 1 1904040 1904041 19200.0 19210.0 A A N
19 4 5 FI 251.158 725.038 1 6 334.921 676.7 334.855 773.386 251.197 821.686 167.432 773.4 167.497 676.714 251.155 628.414 334.921 676.7 1 0 1.37 2.0 1.013 2.0 1.003 2.0 101 0 True 6 7.2 0 70.894 1 1904050 1904051 19200.0 19211.0 A B N
19 4 6 FM 167.435 870.046 1 6 251.197 821.686 251.132 918.373 167.387 966.723 83.708 918.386 83.687 821.75 167.432 773.4 251.197 821.686 1 0 1.126 2.0 0.602 1.0 0.554 1.0 107 0 False 3 3.6 0 79.107 0 1904060 1904060 19200.0 19210.0 A A N
19 4 7 FM 83.722 1015.05 1 6 167.387 966.723 167.408 1063.359 83.663 1111.709 -0.016 1063.373 -0.037 966.736 83.708 918.386 167.387 966.723 1 0 1.027 2.0 0.508 1.0 0.462 1.0 110 0 False 3 3.6 0 85.285 0 1904070 1904070 19200.0 19210.0 A A N
19 4 8 FO -0.001 1160.059 1 6 83.663 1111.709 83.734 1208.432 -0.01 1256.782 -83.739 1208.359 -83.76 1111.723 -0.016 1063.373 83.663 1111.709 1 0 0.934 2.0 0.375 1.0 0.347 1.0 111 0 True 3 3.6 0 90.0 0 1904080 1904080 19201.0 19210.0 B A W
19 4 9 FO -83.718 1305.076 5 6 -0.01 1256.782 0.011 1353.418 -83.734 1401.768 -167.413 1353.432 -167.484 1256.709 -83.739 1208.359 -0.01 1256.782 1 0 0.866 2.0 0.305 1.0 0.293 1.0 111 0 False 3 3.6 0 93.67 0 1904090 1904090 19201.0 19210.0 B A N
19 4 10 FOe -167.44 1450.085 5 6 -83.734 1401.768 -83.713 1498.405 -167.458 1546.755 -251.137 1498.418 -251.158 1401.782 -167.413 1353.432 -83.734 1401.768 1 0 0.784 2.0 0.272 1.0 0.267 1.0 111 0 False 3 3.6 0 96.587 0 1904100 1904100 19201.0 19210.0 B A N
19 4 11 cOe -251.163 1595.093 1 3 -167.458 1546.755 -334.881 1546.768 -251.137 1498.418 -167.458 1546.755 0.0 0.0 0.0 0.0 0.0 0.0 1 0 0.663 0.0 0.0 0.0 0.0 0.0 111 0 False 3 3.6 0 98.948 0 1904110 1904110 19201.0 19210.0 B A N
19 5 0 FM 837.2 0.0 0 6 837.2 -96.7 920.9 -48.3 920.9 48.3 837.2 96.7 753.5 48.3 753.5 -48.3 837.2 -96.7 0 0 1.198 2.0 0.655 1.0 0.59 1.0 9 0 False 3 3.6 0 0.0 0 1905000 1905000 19000.0 19010.0 A A N
19 5 1 FI 753.48 145.01 0 6 753.5 48.3 837.2 96.7 837.2 193.3 753.5 241.7 669.8 193.3 669.8 96.7 753.5 48.3 0 0 1.37 2.0 1.013 2.0 1.003 2.0 1 0 True 6 7.2 0 10.894 1 1905010 1905011 19000.0 19011.0 A B N
19 5 2 FI 669.76 290.02 0 6 669.8 193.3 753.5 241.7 753.5 338.4 669.8 386.7 586.0 338.4 586.0 241.7 669.8 193.3 0 0 1.422 2.0 1.06 2.0 1.05 2.0 1 0 False 6 7.2 0 23.414 1 1905020 1905021 19000.0 19011.0 A B N
19 5 3 FI 586.04 435.02 1 6 586.0 338.4 669.8 386.7 669.8 483.4 586.0 531.7 502.3 483.4 502.3 386.7 586.0 338.4 0 1 1.441 2.0 1.056 2.0 1.045 2.0 3 0 True 6 7.2 0 36.587 1 1905030 1905031 19100.0 19110.0 A A N
19 5 4 FI 502.32 580.03 1 6 502.3 483.4 586.0 531.7 586.0 628.4 502.3 676.7 418.6 628.4 418.6 531.7 502.3 483.4 0 1 1.375 2.0 1.011 2.0 1.002 2.0 2 0 True 6 7.2 0 49.107 1 1905040 1905041 19100.0 19110.0 A A N
19 5 5 FM 418.6 725.036 1 6 502.345 676.686 502.279 773.373 418.621 821.673 334.855 773.386 334.921 676.7 418.579 628.4 502.345 676.686 1 0 1.198 2.0 0.655 1.0 0.59 1.0 109 0 False 3 3.6 0 60.0 0 1905050 1905050 19200.0 19210.0 A A N
19 5 6 FM 334.878 870.045 1 6 418.621 821.673 418.555 918.359 334.897 966.659 251.132 918.373 251.197 821.686 334.855 773.386 418.621 821.673 1 0 1.064 2.0 0.571 1.0 0.526 1.0 108 0 False 3 3.6 0 68.948 0 1905060 1905060 19200.0 19210.0 A A N
19 5 7 FO 251.155 1015.054 1 6 334.897 966.659 334.882 1063.432 251.137 1111.782 167.408 1063.359 167.387 966.723 251.132 918.373 334.897 966.659 1 0 1.016 2.0 0.458 1.0 0.416 1.0 107 0 True 3 3.6 0 76.102 0 1905070 1905070 19200.0 19210.0 A A W
19 5 8 FO 167.447 1160.066 1 6 251.137 1111.782 251.158 1208.418 167.413 1256.768 83.734 1208.432 83.663 1111.709 167.408 1063.359 251.137 1111.782 1 0 0.915 2.0 0.364 1.0 0.338 1.0 110 0 True 3 3.6 0 81.787 0 1905080 1905080 19200.0 19210.0 A A W
19 5 9 FO 83.724 1305.075 1 6 167.413 1256.768 167.434 1353.405 83.69 1401.755 0.011 1353.418 -0.01 1256.782 83.734 1208.432 167.413 1256.768 1 0 0.855 2.0 0.301 1.0 0.29 1.0 111 1 False 3 3.6 0 86.329 0 1905090 1905090 19201.0 19210.0 B A E
19 5 10 bOe 0.002 1450.083 2 5 83.711 1498.391 -83.713 1498.405 -83.734 1401.768 0.011 1353.418 83.69 1401.755 83.711 1498.391 0.0 0.0 1 0 0.777 1.0 0.192 1.0 0.192 1.0 111 1 False 3 3.6 0 90.0 0 1905100 1905100 19201.0 19210.0 B A N
19 6 0 FM 1004.64 0.0 0 6 1004.6 -96.7 1088.4 -48.3 1088.4 48.3 1004.6 96.7 920.9 48.3 920.9 -48.3 1004.6 -96.7 0 0 1.044 2.0 0.506 1.0 0.46 1.0 9 0 True 3 3.6 0 0.0 0 1906000 1906000 19000.0 19010.0 A A W
19 6 1 FM 920.92 145.01 0 6 920.9 48.3 1004.6 96.7 1004.6 193.3 920.9 241.7 837.2 193.3 837.2 96.7 920.9 48.3 0 0 1.064 2.0 0.571 1.0 0.526 1.0 8 0 False 3 3.6 0 8.948 0 1906010 1906010 19000.0 19010.0 A A N
19 6 2 FM 837.2 290.02 0 6 837.2 193.3 920.9 241.7 920.9 338.4 837.2 386.7 753.5 338.4 753.5 241.7 837.2 193.3 0 0 1.126 2.0 0.602 1.0 0.554 1.0 7 0 False 3 3.6 0 19.107 0 1906020 1906020 19000.0 19010.0 A A N
19 6 3 FM 753.48 435.02 4 6 753.5 338.4 837.2 386.7 837.2 483.4 753.5 531.7 669.8 483.4 669.8 386.7 753.5 338.4 0 1 1.154 2.0 0.621 1.0 0.568 1.0 6 1 False 3 3.6 0 30.0 0 1906030 1906030 19100.0 19110.0 A A N
19 6 4 FM 669.76 580.03 4 6 669.8 483.4 753.5 531.7 753.5 628.4 669.8 676.7 586.0 628.4 586.0 531.7 669.8 483.4 0 1 1.141 2.0 0.602 1.0 0.555 1.0 5 1 False 3 3.6 0 40.893 0 1906040 1906040 19100.0 19110.0 A A N
19 6 5 FM 586.04 725.04 4 6 586.0 628.4 669.8 676.7 669.8 773.4 586.0 821.7 502.3 773.4 502.3 676.7 586.0 628.4 0 1 1.08 2.0 0.574 1.0 0.528 1.0 4 1 False 3 3.6 0 51.052 0 1906050 1906050 19100.0 19110.0 A A N
19 6 6 FM 502.32 870.044 1 6 586.045 821.659 586.029 918.432 502.371 966.732 418.555 918.359 418.621 821.673 502.279 773.373 586.045 821.659 1 0 1.044 2.0 0.506 1.0 0.46 1.0 109 0 True 3 3.6 0 60.0 0 1906060 1906060 19200.0 19210.0 A A W
19 6 7 FO 418.603 1015.061 1 6 502.371 966.732 502.305 1063.418 418.647 1111.718 334.882 1063.432 334.897 966.659 418.555 918.359 502.371 966.732 1 0 0.979 2.0 0.41 1.0 0.376 1.0 108 0 True 3 3.6 0 67.589 0 1906070 1906070 19200.0 19210.0 A A W
19 6 8 FO 334.88 1160.07 1 6 418.647 1111.718 418.582 1208.405 334.837 1256.755 251.158 1208.418 251.137 1111.782 334.882 1063.432 418.647 1111.718 1 0 0.878 2.0 0.35 1.0 0.329 1.0 107 1 False 3 3.6 0 73.898 0 1906080 1906080 19200.0 19210.0 A A E
19 6 9 FO 251.167 1305.073 1 6 334.837 1256.755 334.858 1353.391 251.113 1401.741 167.434 1353.405 167.413 1256.768 251.158 1208.418 334.837 1256.755 1 0 0.857 2.0 0.299 1.0 0.289 1.0 110 1 False 3 3.6 0 79.106 0 1906090 1906090 19200.0 19210.0 A A E
19 6 10 FOe 167.444 1450.082 1 6 251.113 1401.741 251.134 1498.377 167.39 1546.727 83.711 1498.391 83.69 1401.755 167.434 1353.405 251.113 1401.741 1 0 0.791 2.0 0.303 1.0 0.303 1.0 111 1 False 3 3.6 0 83.413 0 1906100 1906100 19201.0 19210.0 B A N
19 7 0 FO 1172.09 0.0 0 6 1172.1 -96.7 1255.8 -48.3 1255.8 48.3 1172.1 96.7 1088.4 48.3 1088.4 -48.3 1172.1 -96.7 0 0 0.918 2.0 0.372 1.0 0.345 1.0 9 1 False 3 3.6 0 0.0 0 1907000 1907000 19000.0 19010.0 A A E
19 7 1 FO 1088.37 145.01 0 6 1088.4 48.3 1172.1 96.7 1172.1 193.3 1088.4 241.7 1004.6 193.3 1004.6 96.7 1088.4 48.3 0 0 0.979 2.0 0.41 1.0 0.376 1.0 8 0 True 3 3.6 0 7.589 0 1907010 1907010 19000.0 19010.0 A A W
19 7 2 FO 1004.64 290.02 0 6 1004.6 193.3 1088.4 241.7 1088.4 338.4 1004.6 386.7 920.9 338.4 920.9 241.7 1004.6 193.3 0 0 1.016 2.0 0.458 1.0 0.416 1.0 7 0 True 3 3.6 0 16.102 0 1907020 1907020 19000.0 19010.0 A A W
19 7 3 FM 920.92 435.02 0 6 920.9 338.4 1004.6 386.7 1004.6 483.4 920.9 531.7 837.2 483.4 837.2 386.7 920.9 338.4 0 0 1.027 2.0 0.508 1.0 0.462 1.0 10 0 False 3 3.6 0 25.285 0 1907030 1907030 19000.0 19010.0 A A N
19 7 4 FM 837.2 580.03 4 6 837.2 483.4 920.9 531.7 920.9 628.4 837.2 676.7 753.5 628.4 753.5 531.7 837.2 483.4 0 1 1.017 2.0 0.497 1.0 0.453 1.0 6 1 False 3 3.6 0 34.715 0 1907040 1907040 19100.0 19110.0 A A E
19 7 5 FO 753.48 725.04 4 6 753.5 628.4 837.2 676.7 837.2 773.4 753.5 821.7 669.8 773.4 669.8 676.7 753.5 628.4 0 1 1.042 2.0 0.464 1.0 0.42 1.0 5 1 False 3 3.6 0 43.898 0 1907050 1907050 19100.0 19110.0 A A E
19 7 6 FO 669.76 870.05 4 6 669.8 773.4 753.5 821.7 753.5 918.4 669.8 966.7 586.0 918.4 586.0 821.7 669.8 773.4 0 1 1.004 2.0 0.415 1.0 0.38 1.0 4 1 False 3 3.6 0 52.411 0 1907060 1907060 19100.0 19110.0 A A E
19 7 7 FO 586.045 1015.06 1 6 669.795 966.718 669.729 1063.405 586.071 1111.705 502.305 1063.418 502.371 966.732 586.029 918.432 669.795 966.718 1 0 0.918 2.0 0.372 1.0 0.345 1.0 109 1 False 3 3.6 0 60.0 0 1907070 1907070 19200.0 19210.0 A A E
19 7 8 FO 502.323 1160.068 1 6 586.071 1111.705 586.005 1208.391 502.347 1256.691 418.582 1208.405 418.647 1111.718 502.305 1063.418 586.071 1111.705 1 0 0.862 2.0 0.326 1.0 0.309 1.0 108 1 False 3 3.6 0 66.587 0 1907080 1907080 19200.0 19210.0 A A E
19 7 9 FO 418.6 1305.077 1 6 502.347 1256.691 502.282 1353.377 418.537 1401.727 334.858 1353.391 334.837 1256.755 418.582 1208.405 502.347 1256.691 1 0 0.82 2.0 0.295 1.0 0.286 1.0 107 1 False 3 3.6 0 72.216 0 1907090 1907090 19200.0 19210.0 A A N
19 7 10 FOe 334.887 1450.081 1 6 418.537 1401.727 418.608 1498.45 334.863 1546.8 251.134 1498.377 251.113 1401.741 334.858 1353.391 418.537 1401.727 1 0 0.776 2.0 0.271 1.0 0.264 1.0 110 1 False 3 3.6 0 76.996 0 1907100 1907100 19200.0 19210.0 A A N
19 7 11 cOe 251.164 1595.089 1 3 334.863 1546.8 167.39 1546.727 251.134 1498.377 334.863 1546.8 0.0 0.0 0.0 0.0 0.0 0.0 1 0 0.66 0.0 0.0 0.0 0.0 0.0 111 1 False 3 3.6 0 81.052 0 1907110 1907110 19201.0 19210.0 B A N
19 8 0 FO 1339.53 0.0 0 6 1339.5 -96.7 1423.2 -48.3 1423.2 48.3 1339.5 96.7 1255.8 48.3 1255.8 -48.3 1339.5 -96.7 0 0 0.866 2.0 0.295 1.0 0.286 1.0 9 1 False 3 3.6 0 0.0 0 1908000 1908000 19000.0 19010.0 A A N
19 8 1 FO 1255.81 145.01 0 6 1255.8 48.3 1339.5 96.7 1339.5 193.3 1255.8 241.7 1172.1 193.3 1172.1 96.7 1255.8 48.3 0 0 0.862 2.0 0.326 1.0 0.309 1.0 8 1 False 3 3.6 0 6.587 0 1908010 1908010 19000.0 19010.0 A A E
19 8 2 FO 1172.09 290.02 0 6 1172.1 193.3 1255.8 241.7 1255.8 338.4 1172.1 386.7 1088.4 338.4 1088.4 241.7 1172.1 193.3 0 0 0.878 2.0 0.35 1.0 0.329 1.0 7 1 False 3 3.6 0 13.898 0 1908020 1908020 19000.0 19010.0 A A E
19 8 3 FO 1088.37 435.02 0 6 1088.4 338.4 1172.1 386.7 1172.1 483.4 1088.4 531.7 1004.6 483.4 1004.6 386.7 1088.4 338.4 0 0 0.915 2.0 0.364 1.0 0.338 1.0 10 0 True 3 3.6 0 21.787 0 1908030 1908030 19000.0 19010.0 A A W
19 8 4 FO 1004.64 580.03 0 6 1004.6 483.4 1088.4 531.7 1088.4 628.4 1004.6 676.7 920.9 628.4 920.9 531.7 1004.6 483.4 0 0 0.934 2.0 0.375 1.0 0.347 1.0 11 0 True 3 3.6 0 30.0 0 1908040 1908040 19001.0 19010.0 B A W
19 8 5 FO 920.92 725.04 4 6 920.9 628.4 1004.6 676.7 1004.6 773.4 920.9 821.7 837.2 773.4 837.2 676.7 920.9 628.4 0 1 0.911 2.0 0.363 1.0 0.337 1.0 6 0 True 3 3.6 0 38.213 0 1908050 1908050 19100.0 19110.0 A A W
19 8 6 FO 837.2 870.05 4 6 837.2 773.4 920.9 821.7 920.9 918.4 837.2 966.7 753.5 918.4 753.5 821.7 837.2 773.4 0 1 0.883 2.0 0.348 1.0 0.326 1.0 5 0 True 3 3.6 0 46.102 0 1908060 1908060 19100.0 19110.0 A A W
19 8 7 FO 753.48 1015.06 4 6 753.5 918.4 837.2 966.7 837.2 1063.4 753.5 1111.7 669.8 1063.4 669.8 966.7 753.5 918.4 0 1 0.89 2.0 0.322 1.0 0.307 1.0 4 0 True 3 3.6 0 53.413 0 1908070 1908070 19100.0 19110.0 A A W
19 8 8 FO 669.765 1160.067 1 6 753.495 1111.691 753.429 1208.377 669.771 1256.677 586.005 1208.391 586.071 1111.705 669.729 1063.405 753.495 1111.691 1 0 0.866 2.0 0.295 1.0 0.286 1.0 109 1 False 3 3.6 0 60.0 0 1908080 1908080 19200.0 19210.0 A A N
19 8 9 FO 586.043 1305.076 1 6 669.771 1256.677 669.755 1353.45 586.097 1401.75 502.282 1353.377 502.347 1256.691 586.005 1208.391 669.771 1256.677 1 0 0.787 2.0 0.306 1.0 0.306 1.0 108 1 False 3 3.6 0 65.818 0 1908090 1908090 19200.0 19210.0 A A N
19 8 10 aOe 502.32 1450.084 1 4 586.097 1401.75 418.608 1498.45 418.537 1401.727 502.282 1353.377 586.097 1401.75 0.0 0.0 0.0 0.0 1 0 0.716 1.0 0.144 1.0 0.144 1.0 107 1 False 3 3.6 0 70.894 0 1908100 1908100 19200.0 19210.0 A A N
19 9 0 bOe 1506.97 0.0 0 5 1507.0 -96.7 1590.7 48.3 1507.0 96.7 1423.2 48.3 1423.2 -48.3 1507.0 -96.7 0.0 0.0 0 0 0.76 1.0 0.192 1.0 0.192 1.0 9 1 False 3 3.6 0 0.0 0 1909000 1909000 19000.0 19010.0 A A N
19 9 1 FO 1423.25 145.01 0 6 1423.2 48.3 1507.0 96.7 1507.0 193.3 1423.2 241.7 1339.5 193.3 1339.5 96.7 1423.2 48.3 0 0 0.787 2.0 0.306 1.0 0.306 1.0 8 1 False 3 3.6 0 5.818 0 1909010 1909010 19000.0 19010.0 A A N
19 9 2 FO 1339.53 290.02 0 6 1339.5 193.3 1423.2 241.7 1423.2 338.4 1339.5 386.7 1255.8 338.4 1255.8 241.7 1339.5 193.3 0 0 0.82 2.0 0.295 1.0 0.286 1.0 7 1 False 3 3.6 0 12.216 0 1909020 1909020 19000.0 19010.0 A A N
19 9 3 FO 1255.81 435.02 0 6 1255.8 338.4 1339.5 386.7 1339.5 483.4 1255.8 531.7 1172.1 483.4 1172.1 386.7 1255.8 338.4 0 0 0.857 2.0 0.299 1.0 0.289 1.0 10 1 False 3 3.6 0 19.106 0 1909030 1909030 19000.0 19010.0 A A E
19 9 4 FO 1172.09 580.03 0 6 1172.1 483.4 1255.8 531.7 1255.8 628.4 1172.1 676.7 1088.4 628.4 1088.4 531.7 1172.1 483.4 0 0 0.855 2.0 0.301 1.0 0.29 1.0 11 1 False 3 3.6 0 26.329 0 1909040 1909040 19001.0 19010.0 B A E
19 9 5 FO 1088.37 725.04 4 6 1088.4 628.4 1172.1 676.7 1172.1 773.4 1088.4 821.7 1004.6 773.4 1004.6 676.7 1088.4 628.4 0 0 0.866 2.0 0.305 1.0 0.293 1.0 11 0 False 3 3.6 0 33.67 0 1909050 1909050 19001.0 19010.0 B A N
19 9 6 FO 1004.64 870.05 4 6 1004.6 773.4 1088.4 821.7 1088.4 918.4 1004.6 966.7 920.9 918.4 920.9 821.7 1004.6 773.4 0 1 0.857 2.0 0.298 1.0 0.287 1.0 6 0 False 3 3.6 0 40.894 0 1909060 1909060 19100.0 19110.0 A A N
19 9 7 FO 920.92 1015.06 4 6 920.9 918.4 1004.6 966.7 1004.6 1063.4 920.9 1111.7 837.2 1063.4 837.2 966.7 920.9 918.4 0 1 0.818 2.0 0.288 1.0 0.28 1.0 5 0 False 3 3.6 0 47.784 0 1909070 1909070 19100.0 19110.0 A A N
19 9 8 FOe 837.2 1160.06 4 6 837.2 1063.4 920.9 1111.7 920.9 1208.4 837.2 1256.7 753.5 1208.4 753.5 1111.7 837.2 1063.4 0 1 0.785 2.0 0.277 1.0 0.272 1.0 4 0 False 3 3.6 0 54.183 0 1909080 1909080 19100.0 19110.0 A A N
19 9 9 bOe 753.485 1305.074 1 5 837.245 1256.75 753.521 1401.737 669.755 1353.45 669.771 1256.677 753.429 1208.377 837.245 1256.75 0.0 0.0 1 0 0.76 1.0 0.192 1.0 0.192 1.0 109 1 False 3 3.6 0 60.0 0 1909090 1909090 19200.0 19210.0 A A N
19 9 10 cOe 669.763 1450.083 1 3 753.521 1401.737 586.097 1401.75 669.755 1353.45 753.521 1401.737 0.0 0.0 0.0 0.0 0.0 0.0 1 0 0.666 0.0 0.0 0.0 0.0 0.0 108 1 False 3 3.6 0 65.209 0 1909100 1909100 19200.0 19210.0 A A N
19 10 1 cOe 1590.69 145.01 0 3 1590.7 48.3 1507.0 193.3 1507.0 96.7 1590.7 48.3 0.0 0.0 0.0 0.0 0.0 0.0 0 0 0.666 0.0 0.0 0.0 0.0 0.0 8 1 False 3 3.6 0 5.209 0 1910010 1910010 19000.0 19010.0 A A N
19 10 2 aOe 1506.97 290.02 0 4 1507.0 193.3 1507.0 386.7 1423.2 338.4 1423.2 241.7 1507.0 193.3 0.0 0.0 0.0 0.0 0 0 0.716 1.0 0.144 1.0 0.144 1.0 7 1 False 3 3.6 0 10.894 0 1910020 1910020 19000.0 19010.0 A A N
19 10 3 FOe 1423.25 435.02 0 6 1423.2 338.4 1507.0 386.7 1507.0 483.4 1423.2 531.7 1339.5 483.4 1339.5 386.7 1423.2 338.4 0 0 0.776 2.0 0.271 1.0 0.264 1.0 10 1 False 3 3.6 0 16.996 0 1910030 1910030 19000.0 19010.0 A A N
19 10 4 FOe 1339.53 580.03 0 6 1339.5 483.4 1423.2 531.7 1423.2 628.4 1339.5 676.7 1255.8 628.4 1255.8 531.7 1339.5 483.4 0 0 0.791 2.0 0.303 1.0 0.303 1.0 11 1 False 3 3.6 0 23.413 0 1910040 1910040 19001.0 19010.0 B A N
19 10 5 bOe 1255.81 725.04 1 5 1339.5 676.7 1255.8 821.7 1172.1 773.4 1172.1 676.7 1255.8 628.4 1339.5 676.7 0.0 0.0 0 0 0.777 1.0 0.192 1.0 0.192 1.0 11 1 False 3 3.6 0 30.0 0 1910050 1910050 19001.0 19010.0 B A N
19 10 6 FOe 1172.09 870.05 4 6 1172.1 773.4 1255.8 821.7 1255.8 918.4 1172.1 966.7 1088.4 918.4 1088.4 821.7 1172.1 773.4 0 0 0.784 2.0 0.272 1.0 0.267 1.0 11 0 False 3 3.6 0 36.587 0 1910060 1910060 19001.0 19010.0 B A N
19 10 7 FOe 1088.37 1015.06 4 6 1088.4 918.4 1172.1 966.7 1172.1 1063.4 1088.4 1111.7 1004.6 1063.4 1004.6 966.7 1088.4 918.4 0 1 0.78 2.0 0.299 1.0 0.299 1.0 6 0 False 3 3.6 0 43.004 0 1910070 1910070 19100.0 19110.0 A A N
19 10 8 aOe 1004.64 1160.06 1 4 1088.4 1111.7 920.9 1208.4 920.9 1111.7 1004.6 1063.4 1088.4 1111.7 0.0 0.0 0.0 0.0 0 1 0.698 1.0 0.144 1.0 0.144 1.0 5 0 False 3 3.6 0 49.107 0 1910080 1910080 19100.0 19110.0 A A N
19 11 4 cOe 1506.97 580.03 0 3 1507.0 483.4 1423.2 628.4 1423.2 531.7 1507.0 483.4 0.0 0.0 0.0 0.0 0.0 0.0 0 0 0.66 0.0 0.0 0.0 0.0 0.0 11 1 False 3 3.6 0 21.052 0 1911040 1911040 19001.0 19010.0 B A N
19 11 7 cOe 1255.81 1015.06 0 3 1255.8 918.4 1172.1 1063.4 1172.1 966.7 1255.8 918.4 0.0 0.0 0.0 0.0 0.0 0.0 0 0 0.663 0.0 0.0 0.0 0.0 0.0 11 0 False 3 3.6 0 38.948 0 1911070 1911070 19001.0 19010.0 B A N
20 1 2 dIe -0.002 290.016 4 5 -83.718 338.396 -83.729 316.578 83.695 316.564 83.705 338.382 0.047 386.682 -83.718 338.396 0.0 0.0 1 1 0.0 0.0 1.187 2.0 1.187 2.0 102 0 False 3 3.6 0 90.0 1 2001020 2001021 20300.0 0.0 A None N
20 1 3 FI -83.725 435.025 2 6 0.047 386.682 -0.018 483.368 -83.763 531.718 -167.442 483.382 -167.463 386.746 -83.718 338.396 0.047 386.682 1 1 0.0 0.0 1.867 2.0 1.964 2.0 102 0 False 6 7.2 0 100.894 1 2001030 2001031 20300.0 0.0 A None N
20 1 4 FI -167.438 580.028 2 6 -83.763 531.718 -83.742 628.355 -167.487 676.705 -251.166 628.368 -251.187 531.732 -167.442 483.382 -83.763 531.718 1 1 0.0 0.0 1.232 2.0 1.248 2.0 102 0 False 6 7.2 0 106.102 1 2001040 2001041 20300.0 0.0 A None N
20 1 5 FI -251.161 725.037 2 6 -167.487 676.705 -167.466 773.341 -251.21 821.691 -334.889 773.355 -334.91 676.718 -251.166 628.368 -167.487 676.705 1 1 0.0 0.0 0.984 1.0 0.978 1.0 102 0 True 6 7.2 0 109.107 1 2001050 2001051 20300.0 0.0 A None N
20 1 6 FM -334.883 870.046 5 6 -251.21 821.691 -251.139 918.414 -334.884 966.764 -418.613 918.341 -418.634 821.705 -334.889 773.355 -251.21 821.691 1 1 0.0 0.0 0.555 1.0 0.508 1.0 104 1 False 3 3.6 0 111.052 0 2001060 2001060 20300.0 0.0 A None N
20 1 7 FO -418.605 1015.054 5 6 -334.884 966.764 -334.863 1063.4 -418.608 1111.75 -502.287 1063.414 -502.358 966.691 -418.613 918.341 -334.884 966.764 1 1 0.0 0.0 0.397 1.0 0.349 1.0 104 1 False 3 3.6 0 112.411 0 2001070 2001070 20300.0 0.0 A None E
20 1 8 FO -502.328 1160.063 5 6 -418.608 1111.75 -418.587 1208.386 -502.331 1256.736 -586.01 1208.4 -586.031 1111.764 -502.287 1063.414 -418.608 1111.75 1 1 0.0 0.0 0.314 1.0 0.286 1.0 104 0 True 3 3.6 0 113.413 0 2001080 2001080 20300.0 0.0 A None W
20 1 9 FOe -586.041 1305.066 5 6 -502.331 1256.736 -502.31 1353.373 -586.055 1401.723 -669.734 1353.386 -669.755 1256.75 -586.01 1208.4 -502.331 1256.736 1 1 0.0 0.0 0.271 1.0 0.258 1.0 104 0 False 3 3.6 0 114.183 0 2001090 2001090 20300.0 0.0 A None N
20 2 0 gIe 334.88 0.0 3 6 334.9 96.7 316.0 85.8 316.0 -85.8 334.9 -96.7 418.6 -48.3 418.6 48.3 334.9 96.7 0 0 0.0 0.0 1.947 2.0 1.947 2.0 0 0 False 6 7.2 0 0.0 1 2002000 2002001 20000.0 0.0 A None N
20 2 1 dIe 251.16 145.01 3 5 251.2 241.7 232.3 230.8 316.0 85.8 334.9 96.7 334.9 193.3 251.2 241.7 0.0 0.0 0 1 0.0 0.0 1.187 2.0 1.187 2.0 2 0 False 3 3.6 0 30.0 1 2002010 2002011 20100.0 0.0 A None N
20 2 2 gIe 167.44 290.015 4 6 83.705 338.382 83.695 316.564 232.305 230.764 251.195 241.682 251.129 338.368 167.471 386.668 83.705 338.382 1 0 0.0 0.0 1.947 2.0 1.947 2.0 100 0 False 6 7.2 0 60.0 1 2002020 2002021 20200.0 0.0 A None N
20 2 3 FI 83.718 435.023 2 6 167.471 386.668 167.405 483.355 83.747 531.655 -0.018 483.368 0.047 386.682 83.705 338.382 167.471 386.668 1 1 0.0 0.0 1.874 2.0 1.975 3.0 103 0 False 6 7.2 0 79.107 1 2002030 2002031 20300.0 0.0 A None N
20 2 4 FI -0.005 580.032 2 6 83.747 531.655 83.682 628.341 -0.063 676.691 -83.742 628.355 -83.763 531.718 -0.018 483.368 83.747 531.655 1 1 0.0 0.0 1.293 2.0 1.311 2.0 103 0 False 6 7.2 0 90.0 1 2002040 2002041 20300.0 0.0 A None N
20 2 5 FI -83.718 725.036 2 6 -0.063 676.691 0.008 773.414 -83.737 821.764 -167.466 773.341 -167.487 676.705 -83.742 628.355 -0.063 676.691 1 1 0.0 0.0 1.032 2.0 1.021 2.0 103 0 True 6 7.2 0 96.587 1 2002050 2002051 20300.0 0.0 A None N
20 2 6 FM -167.441 870.044 5 6 -83.737 821.764 -83.716 918.4 -167.46 966.75 -251.139 918.414 -251.21 821.691 -167.466 773.341 -83.737 821.764 1 1 0.0 0.0 0.585 1.0 0.54 1.0 105 1 False 3 3.6 0 100.893 0 2002060 2002060 20300.0 0.0 A None N
20 2 7 FO -251.163 1015.053 5 6 -167.46 966.75 -167.439 1063.386 -251.184 1111.736 -334.863 1063.4 -334.884 966.764 -251.139 918.414 -167.46 966.75 1 1 0.0 0.0 0.446 1.0 0.39 1.0 105 1 False 3 3.6 0 103.898 0 2002070 2002070 20300.0 0.0 A None E
20 2 8 FO -334.885 1160.061 5 6 -251.184 1111.736 -251.163 1208.373 -334.908 1256.723 -418.587 1208.386 -418.608 1111.75 -334.863 1063.4 -251.184 1111.736 1 1 0.0 0.0 0.337 1.0 0.303 1.0 105 0 True 3 3.6 0 106.102 0 2002080 2002080 20300.0 0.0 A None W
20 2 9 FO -418.608 1305.07 5 6 -334.908 1256.723 -334.887 1353.359 -418.631 1401.709 -502.31 1353.373 -502.331 1256.736 -418.587 1208.386 -334.908 1256.723 1 1 0.0 0.0 0.282 1.0 0.265 1.0 105 0 False 3 3.6 0 107.784 0 2002090 2002090 20300.0 0.0 A None N
20 2 10 aOe -502.321 1450.074 2 4 -418.56 1498.432 -586.055 1401.723 -502.31 1353.373 -418.631 1401.709 -418.56 1498.432 0.0 0.0 0.0 0.0 1 1 0.0 0.0 0.144 1.0 0.144 1.0 105 0 False 3 3.6 0 109.107 0 2002100 2002100 20300.0 0.0 A None N
20 3 0 FI 502.32 0.0 0 6 502.3 -96.7 586.0 -48.3 586.0 48.3 502.3 96.7 418.6 48.3 418.6 -48.3 502.3 -96.7 0 0 0.0 0.0 1.557 2.0 1.589 2.0 0 0 False 6 7.2 0 0.0 1 2003000 2003001 20000.0 0.0 A None N
20 3 1 FI 418.6 145.01 1 6 418.6 48.3 502.3 96.7 502.3 193.3 418.6 241.7 334.9 193.3 334.9 96.7 418.6 48.3 0 1 0.0 0.0 1.874 2.0 1.975 3.0 3 0 False 6 7.2 0 19.107 1 2003010 2003011 20100.0 0.0 A None N
20 3 2 FI 334.88 290.02 1 6 334.9 193.3 418.6 241.7 418.6 338.4 334.9 386.7 251.2 338.4 251.2 241.7 334.9 193.3 0 1 0.0 0.0 1.867 2.0 1.964 2.0 2 0 False 6 7.2 0 40.894 1 2003020 2003021 20100.0 0.0 A None N
20 3 3 FI 251.16 435.022 1 6 334.895 386.655 334.829 483.341 251.171 531.641 167.405 483.355 167.471 386.668 251.129 338.368 334.895 386.655 1 0 0.0 0.0 1.557 2.0 1.589 2.0 100 0 False 6 7.2 0 60.0 1 2003030 2003031 20200.0 0.0 A None N
20 3 4 FI 167.438 580.031 1 6 251.171 531.641 251.155 628.414 167.497 676.714 83.682 628.341 83.747 531.655 167.405 483.355 251.171 531.641 1 0 0.0 0.0 1.227 2.0 1.247 2.0 101 0 False 6 7.2 0 73.898 1 2003040 2003041 20200.0 0.0 A None N
20 3 5 FI 83.715 725.039 1 6 167.497 676.714 167.432 773.4 83.687 821.75 0.008 773.414 -0.063 676.691 83.682 628.341 167.497 676.714 1 0 0.0 0.0 1.033 2.0 1.022 2.0 101 0 False 6 7.2 0 83.414 1 2003050 2003051 20200.0 0.0 A None N
20 3 6 FM 0.002 870.043 5 6 83.687 821.75 83.708 918.386 -0.037 966.736 -83.716 918.4 -83.737 821.764 0.008 773.414 83.687 821.75 1 1 0.0 0.0 0.601 1.0 0.555 1.0 106 1 False 3 3.6 0 90.0 0 2003060 2003060 20300.0 0.0 A None N
20 3 7 FM -83.721 1015.051 5 6 -0.037 966.736 -0.016 1063.373 -83.76 1111.723 -167.439 1063.386 -167.46 966.75 -83.716 918.4 -0.037 966.736 1 1 0.0 0.0 0.482 1.0 0.427 1.0 106 1 False 3 3.6 0 94.715 0 2003070 2003070 20300.0 0.0 A None E
20 3 8 FO -167.443 1160.06 5 6 -83.76 1111.723 -83.739 1208.359 -167.484 1256.709 -251.163 1208.373 -251.184 1111.736 -167.439 1063.386 -83.76 1111.723 1 1 0.0 0.0 0.348 1.0 0.311 1.0 106 0 True 3 3.6 0 98.213 0 2003080 2003080 20300.0 0.0 A None W
20 3 9 FO -251.165 1305.069 5 6 -167.484 1256.709 -167.413 1353.432 -251.158 1401.782 -334.887 1353.359 -334.908 1256.723 -251.163 1208.373 -167.484 1256.709 1 1 0.0 0.0 0.288 1.0 0.268 1.0 106 0 False 3 3.6 0 100.894 0 2003090 2003090 20300.0 0.0 A None N
20 3 10 bOe -334.883 1450.086 2 5 -251.137 1498.418 -418.56 1498.432 -418.631 1401.709 -334.887 1353.359 -251.158 1401.782 -251.137 1498.418 0.0 0.0 1 1 0.0 0.0 0.192 1.0 0.192 1.0 106 0 False 3 3.6 0 103.004 0 2003100 2003100 20300.0 0.0 A None N
20 4 0 FI 669.76 0.0 0 6 669.8 -96.7 753.5 -48.3 753.5 48.3 669.8 96.7 586.0 48.3 586.0 -48.3 669.8 -96.7 0 0 0.0 0.0 1.1 2.0 1.095 2.0 0 0 True 6 7.2 0 0.0 1 2004000 2004001 20000.0 0.0 A None N
20 4 1 FI 586.04 145.01 0 6 586.0 48.3 669.8 96.7 669.8 193.3 586.0 241.7 502.3 193.3 502.3 96.7 586.0 48.3 0 0 0.0 0.0 1.227 2.0 1.247 2.0 1 0 False 6 7.2 0 13.898 1 2004010 2004011 20000.0 0.0 A None N
20 4 2 FI 502.32 290.02 1 6 502.3 193.3 586.0 241.7 586.0 338.4 502.3 386.7 418.6 338.4 418.6 241.7 502.3 193.3 0 1 0.0 0.0 1.293 2.0 1.311 2.0 3 0 False 6 7.2 0 30.0 1 2004020 2004021 20100.0 0.0 A None N
20 4 3 FI 418.6 435.02 1 6 418.6 338.4 502.3 386.7 502.3 483.4 418.6 531.7 334.9 483.4 334.9 386.7 418.6 338.4 0 1 0.0 0.0 1.232 2.0 1.248 2.0 2 0 False 6 7.2 0 46.102 1 2004030 2004031 20100.0 0.0 A None N
20 4 4 FI 334.88 580.029 1 6 418.645 531.714 418.579 628.4 334.921 676.7 251.155 628.414 251.171 531.641 334.829 483.341 418.645 531.714 1 0 0.0 0.0 1.1 2.0 1.095 2.0 100 0 True 6 7.2 0 60.0 1 2004040 2004041 20200.0 0.0 A None N
20 4 5 FI 251.158 725.038 1 6 334.921 676.7 334.855 773.386 251.197 821.686 167.432 773.4 167.497 676.714 251.155 628.414 334.921 676.7 1 0 0.0 0.0 0.992 2.0 0.983 1.0 101 0 True 6 7.2 0 70.894 1 2004050 2004051 20200.0 0.0 A None N
20 4 6 FM 167.435 870.046 1 6 251.197 821.686 251.132 918.373 167.387 966.723 83.708 918.386 83.687 821.75 167.432 773.4 251.197 821.686 1 0 0.0 0.0 0.583 1.0 0.54 1.0 107 0 False 3 3.6 0 79.107 0 2004060 2004060 20200.0 0.0 A None N
20 4 7 FM 83.722 1015.05 1 6 167.387 966.723 167.408 1063.359 83.663 1111.709 -0.016 1063.373 -0.037 966.736 83.708 918.386 167.387 966.723 1 0 0.0 0.0 0.484 1.0 0.43 1.0 110 0 False 3 3.6 0 85.285 0 2004070 2004070 20200.0 0.0 A None N
20 4 8 FO -0.001 1160.059 1 6 83.663 1111.709 83.734 1208.432 -0.01 1256.782 -83.739 1208.359 -83.76 1111.723 -0.016 1063.373 83.663 1111.709 1 0 0.0 0.0 0.36 1.0 0.32 1.0 111 0 True 3 3.6 0 90.0 0 2004080 2004080 20201.0 0.0 B None W
20 4 9 FO -83.718 1305.076 5 6 -0.01 1256.782 0.011 1353.418 -83.734 1401.768 -167.413 1353.432 -167.484 1256.709 -83.739 1208.359 -0.01 1256.782 1 0 0.0 0.0 0.296 1.0 0.274 1.0 111 0 False 3 3.6 0 93.67 0 2004090 2004090 20201.0 0.0 B None N
20 4 10 FOe -167.44 1450.085 5 6 -83.734 1401.768 -83.713 1498.405 -167.458 1546.755 -251.137 1498.418 -251.158 1401.782 -167.413 1353.432 -83.734 1401.768 1 0 0.0 0.0 0.268 1.0 0.255 1.0 111 0 False 3 3.6 0 96.587 0 2004100 2004100 20201.0 0.0 B None N
20 5 0 FM 837.2 0.0 0 6 837.2 -96.7 920.9 -48.3 920.9 48.3 837.2 96.7 753.5 48.3 753.5 -48.3 837.2 -96.7 0 0 0.0 0.0 0.633 1.0 0.575 1.0 9 0 False 3 3.6 0 0.0 0 2005000 2005000 20000.0 0.0 A None N
20 5 1 FI 753.48 145.01 0 6 753.5 48.3 837.2 96.7 837.2 193.3 753.5 241.7 669.8 193.3 669.8 96.7 753.5 48.3 0 0 0.0 0.0 0.992 2.0 0.983 1.0 1 0 True 6 7.2 0 10.894 1 2005010 2005011 20000.0 0.0 A None N
20 5 2 FI 669.76 290.02 0 6 669.8 193.3 753.5 241.7 753.5 338.4 669.8 386.7 586.0 338.4 586.0 241.7 669.8 193.3 0 0 0.0 0.0 1.033 2.0 1.022 2.0 1 0 False 6 7.2 0 23.414 1 2005020 2005021 20000.0 0.0 A None N
20 5 3 FI 586.04 435.02 1 6 586.0 338.4 669.8 386.7 669.8 483.4 586.0 531.7 502.3 483.4 502.3 386.7 586.0 338.4 0 1 0.0 0.0 1.032 2.0 1.021 2.0 3 0 True 6 7.2 0 36.587 1 2005030 2005031 20100.0 0.0 A None N
20 5 4 FI 502.32 580.03 1 6 502.3 483.4 586.0 531.7 586.0 628.4 502.3 676.7 418.6 628.4 418.6 531.7 502.3 483.4 0 1 0.0 0.0 0.984 1.0 0.978 1.0 2 0 True 6 7.2 0 49.107 1 2005040 2005041 20100.0 0.0 A None N
20 5 5 FM 418.6 725.036 1 6 502.345 676.686 502.279 773.373 418.621 821.673 334.855 773.386 334.921 676.7 418.579 628.4 502.345 676.686 1 0 0.0 0.0 0.633 1.0 0.575 1.0 109 0 False 3 3.6 0 60.0 0 2005050 2005050 20200.0 0.0 A None N
20 5 6 FM 334.878 870.045 1 6 418.621 821.673 418.555 918.359 334.897 966.659 251.132 918.373 251.197 821.686 334.855 773.386 418.621 821.673 1 0 0.0 0.0 0.559 1.0 0.51 1.0 108 0 False 3 3.6 0 68.948 0 2005060 2005060 20200.0 0.0 A None N
20 5 7 FO 251.155 1015.054 1 6 334.897 966.659 334.882 1063.432 251.137 1111.782 167.408 1063.359 167.387 966.723 251.132 918.373 334.897 966.659 1 0 0.0 0.0 0.445 1.0 0.388 1.0 107 0 True 3 3.6 0 76.102 0 2005070 2005070 20200.0 0.0 A None W
20 5 8 FO 167.447 1160.066 1 6 251.137 1111.782 251.158 1208.418 167.413 1256.768 83.734 1208.432 83.663 1111.709 167.408 1063.359 251.137 1111.782 1 0 0.0 0.0 0.356 1.0 0.318 1.0 110 0 True 3 3.6 0 81.787 0 2005080 2005080 20200.0 0.0 A None W
20 5 9 FO 83.724 1305.075 1 6 167.413 1256.768 167.434 1353.405 83.69 1401.755 0.011 1353.418 -0.01 1256.782 83.734 1208.432 167.413 1256.768 1 0 0.0 0.0 0.289 1.0 0.27 1.0 111 1 False 3 3.6 0 86.329 0 2005090 2005090 20201.0 0.0 B None E
20 5 10 bOe 0.002 1450.083 2 5 83.711 1498.391 -83.713 1498.405 -83.734 1401.768 0.011 1353.418 83.69 1401.755 83.711 1498.391 0.0 0.0 1 0 0.0 0.0 0.192 1.0 0.192 1.0 111 1 False 3 3.6 0 90.0 0 2005100 2005100 20201.0 0.0 B None N
20 6 0 FM 1004.64 0.0 0 6 1004.6 -96.7 1088.4 -48.3 1088.4 48.3 1004.6 96.7 920.9 48.3 920.9 -48.3 1004.6 -96.7 0 0 0.0 0.0 0.489 1.0 0.434 1.0 9 0 True 3 3.6 0 0.0 0 2006000 2006000 20000.0 0.0 A None W
20 6 1 FM 920.92 145.01 0 6 920.9 48.3 1004.6 96.7 1004.6 193.3 920.9 241.7 837.2 193.3 837.2 96.7 920.9 48.3 0 0 0.0 0.0 0.559 1.0 0.51 1.0 8 0 False 3 3.6 0 8.948 0 2006010 2006010 20000.0 0.0 A None N
20 6 2 FM 837.2 290.02 0 6 837.2 193.3 920.9 241.7 920.9 338.4 837.2 386.7 753.5 338.4 753.5 241.7 837.2 193.3 0 0 0.0 0.0 0.583 1.0 0.54 1.0 7 0 False 3 3.6 0 19.107 0 2006020 2006020 20000.0 0.0 A None N
20 6 3 FM 753.48 435.02 4 6 753.5 338.4 837.2 386.7 837.2 483.4 753.5 531.7 669.8 483.4 669.8 386.7 753.5 338.4 0 1 0.0 0.0 0.601 1.0 0.555 1.0 6 1 False 3 3.6 0 30.0 0 2006030 2006030 20100.0 0.0 A None N
20 6 4 FM 669.76 580.03 4 6 669.8 483.4 753.5 531.7 753.5 628.4 669.8 676.7 586.0 628.4 586.0 531.7 669.8 483.4 0 1 0.0 0.0 0.585 1.0 0.54 1.0 5 1 False 3 3.6 0 40.893 0 2006040 2006040 20100.0 0.0 A None N
20 6 5 FM 586.04 725.04 4 6 586.0 628.4 669.8 676.7 669.8 773.4 586.0 821.7 502.3 773.4 502.3 676.7 586.0 628.4 0 1 0.0 0.0 0.555 1.0 0.508 1.0 4 1 False 3 3.6 0 51.052 0 2006050 2006050 20100.0 0.0 A None N
20 6 6 FM 502.32 870.044 1 6 586.045 821.659 586.029 918.432 502.371 966.732 418.555 918.359 418.621 821.673 502.279 773.373 586.045 821.659 1 0 0.0 0.0 0.489 1.0 0.434 1.0 109 0 True 3 3.6 0 60.0 0 2006060 2006060 20200.0 0.0 A None W
20 6 7 FO 418.603 1015.061 1 6 502.371 966.732 502.305 1063.418 418.647 1111.718 334.882 1063.432 334.897 966.659 418.555 918.359 502.371 966.732 1 0 0.0 0.0 0.402 1.0 0.354 1.0 108 0 True 3 3.6 0 67.589 0 2006070 2006070 20200.0 0.0 A None W
20 6 8 FO 334.88 1160.07 1 6 418.647 1111.718 418.582 1208.405 334.837 1256.755 251.158 1208.418 251.137 1111.782 334.882 1063.432 418.647 1111.718 1 0 0.0 0.0 0.335 1.0 0.302 1.0 107 1 False 3 3.6 0 73.898 0 2006080 2006080 20200.0 0.0 A None E
20 6 9 FO 251.167 1305.073 1 6 334.837 1256.755 334.858 1353.391 251.113 1401.741 167.434 1353.405 167.413 1256.768 251.158 1208.418 334.837 1256.755 1 0 0.0 0.0 0.29 1.0 0.27 1.0 110 1 False 3 3.6 0 79.106 0 2006090 2006090 20200.0 0.0 A None E
20 6 10 FOe 167.444 1450.082 1 6 251.113 1401.741 251.134 1498.377 167.39 1546.727 83.711 1498.391 83.69 1401.755 167.434 1353.405 251.113 1401.741 1 0 0.0 0.0 0.269 1.0 0.256 1.0 111 1 False 3 3.6 0 83.413 0 2006100 2006100 20201.0 0.0 B None N
20 7 0 FO 1172.09 0.0 0 6 1172.1 -96.7 1255.8 -48.3 1255.8 48.3 1172.1 96.7 1088.4 48.3 1088.4 -48.3 1172.1 -96.7 0 0 0.0 0.0 0.352 1.0 0.313 1.0 9 1 False 3 3.6 0 0.0 0 2007000 2007000 20000.0 0.0 A None E
20 7 1 FO 1088.37 145.01 0 6 1088.4 48.3 1172.1 96.7 1172.1 193.3 1088.4 241.7 1004.6 193.3 1004.6 96.7 1088.4 48.3 0 0 0.0 0.0 0.402 1.0 0.354 1.0 8 0 True 3 3.6 0 7.589 0 2007010 2007010 20000.0 0.0 A None W
20 7 2 FO 1004.64 290.02 0 6 1004.6 193.3 1088.4 241.7 1088.4 338.4 1004.6 386.7 920.9 338.4 920.9 241.7 1004.6 193.3 0 0 0.0 0.0 0.445 1.0 0.388 1.0 7 0 True 3 3.6 0 16.102 0 2007020 2007020 20000.0 0.0 A None W
20 7 3 FM 920.92 435.02 0 6 920.9 338.4 1004.6 386.7 1004.6 483.4 920.9 531.7 837.2 483.4 837.2 386.7 920.9 338.4 0 0 0.0 0.0 0.484 1.0 0.43 1.0 10 0 False 3 3.6 0 25.285 0 2007030 2007030 20000.0 0.0 A None N
20 7 4 FM 837.2 580.03 4 6 837.2 483.4 920.9 531.7 920.9 628.4 837.2 676.7 753.5 628.4 753.5 531.7 837.2 483.4 0 1 0.0 0.0 0.482 1.0 0.427 1.0 6 1 False 3 3.6 0 34.715 0 2007040 2007040 20100.0 0.0 A None E
20 7 5 FO 753.48 725.04 4 6 753.5 628.4 837.2 676.7 837.2 773.4 753.5 821.7 669.8 773.4 669.8 676.7 753.5 628.4 0 1 0.0 0.0 0.446 1.0 0.39 1.0 5 1 False 3 3.6 0 43.898 0 2007050 2007050 20100.0 0.0 A None E
20 7 6 FO 669.76 870.05 4 6 669.8 773.4 753.5 821.7 753.5 918.4 669.8 966.7 586.0 918.4 586.0 821.7 669.8 773.4 0 1 0.0 0.0 0.397 1.0 0.349 1.0 4 1 False 3 3.6 0 52.411 0 2007060 2007060 20100.0 0.0 A None E
20 7 7 FO 586.045 1015.06 1 6 669.795 966.718 669.729 1063.405 586.071 1111.705 502.305 1063.418 502.371 966.732 586.029 918.432 669.795 966.718 1 0 0.0 0.0 0.352 1.0 0.313 1.0 109 1 False 3 3.6 0 60.0 0 2007070 2007070 20200.0 0.0 A None E
20 7 8 FO 502.323 1160.068 1 6 586.071 1111.705 586.005 1208.391 502.347 1256.691 418.582 1208.405 418.647 1111.718 502.305 1063.418 586.071 1111.705 1 0 0.0 0.0 0.316 1.0 0.289 1.0 108 1 False 3 3.6 0 66.587 0 2007080 2007080 20200.0 0.0 A None E
20 7 9 FO 418.6 1305.077 1 6 502.347 1256.691 502.282 1353.377 418.537 1401.727 334.858 1353.391 334.837 1256.755 418.582 1208.405 502.347 1256.691 1 0 0.0 0.0 0.285 1.0 0.268 1.0 107 1 False 3 3.6 0 72.216 0 2007090 2007090 20200.0 0.0 A None N
20 7 10 bOe 334.887 1450.081 2 5 418.608 1498.45 251.134 1498.377 251.113 1401.741 334.858 1353.391 418.537 1401.727 418.608 1498.45 0.0 0.0 1 0 0.0 0.0 0.192 1.0 0.192 1.0 110 1 False 3 3.6 0 76.996 0 2007100 2007100 20200.0 0.0 A None N
20 8 0 FO 1339.53 0.0 0 6 1339.5 -96.7 1423.2 -48.3 1423.2 48.3 1339.5 96.7 1255.8 48.3 1255.8 -48.3 1339.5 -96.7 0 0 0.0 0.0 0.293 1.0 0.273 1.0 9 1 False 3 3.6 0 0.0 0 2008000 2008000 20000.0 0.0 A None N
20 8 1 FO 1255.81 145.01 0 6 1255.8 48.3 1339.5 96.7 1339.5 193.3 1255.8 241.7 1172.1 193.3 1172.1 96.7 1255.8 48.3 0 0 0.0 0.0 0.316 1.0 0.289 1.0 8 1 False 3 3.6 0 6.587 0 2008010 2008010 20000.0 0.0 A None E
20 8 2 FO 1172.09 290.02 0 6 1172.1 193.3 1255.8 241.7 1255.8 338.4 1172.1 386.7 1088.4 338.4 1088.4 241.7 1172.1 193.3 0 0 0.0 0.0 0.335 1.0 0.302 1.0 7 1 False 3 3.6 0 13.898 0 2008020 2008020 20000.0 0.0 A None E
20 8 3 FO 1088.37 435.02 0 6 1088.4 338.4 1172.1 386.7 1172.1 483.4 1088.4 531.7 1004.6 483.4 1004.6 386.7 1088.4 338.4 0 0 0.0 0.0 0.356 1.0 0.318 1.0 10 0 True 3 3.6 0 21.787 0 2008030 2008030 20000.0 0.0 A None W
20 8 4 FO 1004.64 580.03 0 6 1004.6 483.4 1088.4 531.7 1088.4 628.4 1004.6 676.7 920.9 628.4 920.9 531.7 1004.6 483.4 0 0 0.0 0.0 0.36 1.0 0.32 1.0 11 0 True 3 3.6 0 30.0 0 2008040 2008040 20001.0 0.0 B None W
20 8 5 FO 920.92 725.04 4 6 920.9 628.4 1004.6 676.7 1004.6 773.4 920.9 821.7 837.2 773.4 837.2 676.7 920.9 628.4 0 1 0.0 0.0 0.348 1.0 0.311 1.0 6 0 True 3 3.6 0 38.213 0 2008050 2008050 20100.0 0.0 A None W
20 8 6 FO 837.2 870.05 4 6 837.2 773.4 920.9 821.7 920.9 918.4 837.2 966.7 753.5 918.4 753.5 821.7 837.2 773.4 0 1 0.0 0.0 0.337 1.0 0.303 1.0 5 0 True 3 3.6 0 46.102 0 2008060 2008060 20100.0 0.0 A None W
20 8 7 FO 753.48 1015.06 4 6 753.5 918.4 837.2 966.7 837.2 1063.4 753.5 1111.7 669.8 1063.4 669.8 966.7 753.5 918.4 0 1 0.0 0.0 0.314 1.0 0.286 1.0 4 0 True 3 3.6 0 53.413 0 2008070 2008070 20100.0 0.0 A None W
20 8 8 FO 669.765 1160.067 1 6 753.495 1111.691 753.429 1208.377 669.771 1256.677 586.005 1208.391 586.071 1111.705 669.729 1063.405 753.495 1111.691 1 0 0.0 0.0 0.293 1.0 0.273 1.0 109 1 False 3 3.6 0 60.0 0 2008080 2008080 20200.0 0.0 A None N
20 8 9 FOe 586.043 1305.076 1 6 669.771 1256.677 669.755 1353.45 586.097 1401.75 502.282 1353.377 502.347 1256.691 586.005 1208.391 669.771 1256.677 1 0 0.0 0.0 0.269 1.0 0.256 1.0 108 1 False 3 3.6 0 65.818 0 2008090 2008090 20200.0 0.0 A None N
20 8 10 aOe 502.32 1450.084 1 4 586.097 1401.75 418.608 1498.45 418.537 1401.727 502.282 1353.377 586.097 1401.75 0.0 0.0 0.0 0.0 1 0 0.0 0.0 0.144 1.0 0.144 1.0 107 1 False 3 3.6 0 70.894 0 2008100 2008100 20200.0 0.0 A None N
20 9 0 aOe 1506.97 0.0 0 4 1507.0 -96.7 1507.0 96.7 1423.2 48.3 1423.2 -48.3 1507.0 -96.7 0.0 0.0 0.0 0.0 0 0 0.0 0.0 0.144 1.0 0.144 1.0 9 1 False 3 3.6 0 0.0 0 2009000 2009000 20000.0 0.0 A None N
20 9 1 FOe 1423.25 145.01 0 6 1423.2 48.3 1507.0 96.7 1507.0 193.3 1423.2 241.7 1339.5 193.3 1339.5 96.7 1423.2 48.3 0 0 0.0 0.0 0.269 1.0 0.256 1.0 8 1 False 3 3.6 0 5.818 0 2009010 2009010 20000.0 0.0 A None N
20 9 2 FO 1339.53 290.02 0 6 1339.5 193.3 1423.2 241.7 1423.2 338.4 1339.5 386.7 1255.8 338.4 1255.8 241.7 1339.5 193.3 0 0 0.0 0.0 0.285 1.0 0.268 1.0 7 1 False 3 3.6 0 12.216 0 2009020 2009020 20000.0 0.0 A None N
20 9 3 FO 1255.81 435.02 0 6 1255.8 338.4 1339.5 386.7 1339.5 483.4 1255.8 531.7 1172.1 483.4 1172.1 386.7 1255.8 338.4 0 0 0.0 0.0 0.29 1.0 0.27 1.0 10 1 False 3 3.6 0 19.106 0 2009030 2009030 20000.0 0.0 A None E
20 9 4 FO 1172.09 580.03 0 6 1172.1 483.4 1255.8 531.7 1255.8 628.4 1172.1 676.7 1088.4 628.4 1088.4 531.7 1172.1 483.4 0 0 0.0 0.0 0.289 1.0 0.27 1.0 11 1 False 3 3.6 0 26.329 0 2009040 2009040 20001.0 0.0 B None E
20 9 5 FO 1088.37 725.04 4 6 1088.4 628.4 1172.1 676.7 1172.1 773.4 1088.4 821.7 1004.6 773.4 1004.6 676.7 1088.4 628.4 0 0 0.0 0.0 0.296 1.0 0.274 1.0 11 0 False 3 3.6 0 33.67 0 2009050 2009050 20001.0 0.0 B None N
20 9 6 FO 1004.64 870.05 4 6 1004.6 773.4 1088.4 821.7 1088.4 918.4 1004.6 966.7 920.9 918.4 920.9 821.7 1004.6 773.4 0 1 0.0 0.0 0.288 1.0 0.268 1.0 6 0 False 3 3.6 0 40.894 0 2009060 2009060 20100.0 0.0 A None N
20 9 7 FO 920.92 1015.06 4 6 920.9 918.4 1004.6 966.7 1004.6 1063.4 920.9 1111.7 837.2 1063.4 837.2 966.7 920.9 918.4 0 1 0.0 0.0 0.282 1.0 0.265 1.0 5 0 False 3 3.6 0 47.784 0 2009070 2009070 20100.0 0.0 A None N
20 9 8 FOe 837.2 1160.06 4 6 837.2 1063.4 920.9 1111.7 920.9 1208.4 837.2 1256.7 753.5 1208.4 753.5 1111.7 837.2 1063.4 0 1 0.0 0.0 0.271 1.0 0.258 1.0 4 0 False 3 3.6 0 54.183 0 2009080 2009080 20100.0 0.0 A None N
20 9 9 aOe 753.485 1305.074 1 4 837.245 1256.75 669.755 1353.45 669.771 1256.677 753.429 1208.377 837.245 1256.75 0.0 0.0 0.0 0.0 1 0 0.0 0.0 0.144 1.0 0.144 1.0 109 1 False 3 3.6 0 60.0 0 2009090 2009090 20200.0 0.0 A None N
20 10 2 aOe 1506.97 290.02 0 4 1507.0 193.3 1507.0 386.7 1423.2 338.4 1423.2 241.7 1507.0 193.3 0.0 0.0 0.0 0.0 0 0 0.0 0.0 0.144 1.0 0.144 1.0 7 1 False 3 3.6 0 10.894 0 2010020 2010020 20000.0 0.0 A None N
20 10 3 bOe 1423.25 435.02 1 5 1507.0 386.7 1423.2 531.7 1339.5 483.4 1339.5 386.7 1423.2 338.4 1507.0 386.7 0.0 0.0 0 0 0.0 0.0 0.192 1.0 0.192 1.0 10 1 False 3 3.6 0 16.996 0 2010030 2010030 20000.0 0.0 A None N
20 10 4 FOe 1339.53 580.03 0 6 1339.5 483.4 1423.2 531.7 1423.2 628.4 1339.5 676.7 1255.8 628.4 1255.8 531.7 1339.5 483.4 0 0 0.0 0.0 0.269 1.0 0.256 1.0 11 1 False 3 3.6 0 23.413 0 2010040 2010040 20001.0 0.0 B None N
20 10 5 bOe 1255.81 725.04 1 5 1339.5 676.7 1255.8 821.7 1172.1 773.4 1172.1 676.7 1255.8 628.4 1339.5 676.7 0.0 0.0 0 0 0.0 0.0 0.192 1.0 0.192 1.0 11 1 False 3 3.6 0 30.0 0 2010050 2010050 20001.0 0.0 B None N
20 10 6 FOe 1172.09 870.05 4 6 1172.1 773.4 1255.8 821.7 1255.8 918.4 1172.1 966.7 1088.4 918.4 1088.4 821.7 1172.1 773.4 0 0 0.0 0.0 0.268 1.0 0.255 1.0 11 0 False 3 3.6 0 36.587 0 2010060 2010060 20001.0 0.0 B None N
20 10 7 bOe 1088.37 1015.06 1 5 1172.1 966.7 1088.4 1111.7 1004.6 1063.4 1004.6 966.7 1088.4 918.4 1172.1 966.7 0.0 0.0 0 1 0.0 0.0 0.192 1.0 0.192 1.0 6 0 False 3 3.6 0 43.004 0 2010070 2010070 20100.0 0.0 A None N
20 10 8 aOe 1004.64 1160.06 1 4 1088.4 1111.7 920.9 1208.4 920.9 1111.7 1004.6 1063.4 1088.4 1111.7 0.0 0.0 0.0 0.0 0 1 0.0 0.0 0.144 1.0 0.144 1.0 5 0 False 3 3.6 0 49.107 0 2010080 2010080 20100.0 0.0 A None N
21 1 2 dIe -0.002 290.016 4 5 -83.718 338.396 -83.729 316.578 83.695 316.564 83.705 338.382 0.047 386.682 -83.718 338.396 0.0 0.0 1 1 2.6 3.0 1.218 2.0 1.218 2.0 102 0 False 3 3.6 0 90.0 1 2101020 2101021 21300.0 21310.0 A A N
21 1 3 FI -83.725 435.025 2 6 0.047 386.682 -0.018 483.368 -83.763 531.718 -167.442 483.382 -167.463 386.746 -83.718 338.396 0.047 386.682 1 1 2.661 3.0 1.861 2.0 1.956 2.0 102 0 False 6 7.2 0 100.894 1 2101030 2101031 21300.0 21310.0 A A N
21 1 4 FI -167.438 580.028 2 6 -83.763 531.718 -83.742 628.355 -167.487 676.705 -251.166 628.368 -251.187 531.732 -167.442 483.382 -83.763 531.718 1 1 1.633 2.0 1.225 2.0 1.239 2.0 102 0 False 6 7.2 0 106.102 1 2101040 2101041 21300.0 21310.0 A A N
21 1 5 FI -251.161 725.037 2 6 -167.487 676.705 -167.466 773.341 -251.21 821.691 -334.889 773.355 -334.91 676.718 -251.166 628.368 -167.487 676.705 1 1 1.247 2.0 0.988 2.0 0.981 1.0 102 0 True 6 7.2 0 109.107 1 2101050 2101051 21300.0 21310.0 A A N
21 1 6 FM -334.883 870.046 5 6 -251.21 821.691 -251.139 918.414 -334.884 966.764 -418.613 918.341 -418.634 821.705 -334.889 773.355 -251.21 821.691 1 1 1.042 2.0 0.55 1.0 0.504 1.0 104 1 False 3 3.6 0 111.052 0 2101060 2101060 21300.0 21310.0 A A N
21 1 7 FO -418.605 1015.054 5 6 -334.884 966.764 -334.863 1063.4 -418.608 1111.75 -502.287 1063.414 -502.358 966.691 -418.613 918.341 -334.884 966.764 1 1 0.933 2.0 0.392 1.0 0.356 1.0 104 1 False 3 3.6 0 112.411 0 2101070 2101070 21300.0 21310.0 A A E
21 1 8 FO -502.328 1160.063 5 6 -418.608 1111.75 -418.587 1208.386 -502.331 1256.736 -586.01 1208.4 -586.031 1111.764 -502.287 1063.414 -418.608 1111.75 1 1 0.848 2.0 0.312 1.0 0.29 1.0 104 0 True 3 3.6 0 113.413 0 2101080 2101080 21300.0 21310.0 A A W
21 1 9 FO -586.041 1305.066 5 6 -502.331 1256.736 -502.31 1353.373 -586.055 1401.723 -669.734 1353.386 -669.755 1256.75 -586.01 1208.4 -502.331 1256.736 1 1 0.759 2.0 0.301 1.0 0.301 1.0 104 0 False 3 3.6 0 114.183 0 2101090 2101090 21300.0 21310.0 A A N
21 1 10 cOe -669.764 1450.075 2 3 -586.034 1498.359 -669.734 1353.386 -586.055 1401.723 -586.034 1498.359 0.0 0.0 0.0 0.0 0.0 0.0 1 1 0.659 0.0 0.0 0.0 0.0 0.0 104 0 False 3 3.6 0 114.791 0 2101100 2101100 21300.0 21310.0 A A N
21 2 0 gIe 334.88 0.0 3 6 334.9 96.7 316.0 85.8 316.0 -85.8 334.9 -96.7 418.6 -48.3 418.6 48.3 334.9 96.7 0 0 3.516 4.0 1.967 2.0 1.967 2.0 0 0 False 6 7.2 0 0.0 1 2102000 2102001 21000.0 21010.0 A A N
21 2 1 dIe 251.16 145.01 3 5 251.2 241.7 232.3 230.8 316.0 85.8 334.9 96.7 334.9 193.3 251.2 241.7 0.0 0.0 0 1 2.6 3.0 1.218 2.0 1.218 2.0 2 0 False 3 3.6 0 30.0 1 2102010 2102011 21100.0 21110.0 A A N
21 2 2 gIe 167.44 290.015 4 6 83.705 338.382 83.695 316.564 232.305 230.764 251.195 241.682 251.129 338.368 167.471 386.668 83.705 338.382 1 0 3.516 4.0 1.967 2.0 1.967 2.0 100 0 False 6 7.2 0 60.0 1 2102020 2102021 21200.0 21210.0 A A N
21 2 3 FI 83.718 435.023 2 6 167.471 386.668 167.405 483.355 83.747 531.655 -0.018 483.368 0.047 386.682 83.705 338.382 167.471 386.668 1 1 2.631 3.0 1.866 2.0 1.963 2.0 103 0 False 6 7.2 0 79.107 1 2102030 2102031 21300.0 21310.0 A A N
21 2 4 FI -0.005 580.032 2 6 83.747 531.655 83.682 628.341 -0.063 676.691 -83.742 628.355 -83.763 531.718 -0.018 483.368 83.747 531.655 1 1 1.781 2.0 1.298 2.0 1.316 2.0 103 0 False 6 7.2 0 90.0 1 2102040 2102041 21300.0 21310.0 A A N
21 2 5 FI -83.718 725.036 2 6 -0.063 676.691 0.008 773.414 -83.737 821.764 -167.466 773.341 -167.487 676.705 -83.742 628.355 -0.063 676.691 1 1 1.349 2.0 1.032 2.0 1.022 2.0 103 0 True 6 7.2 0 96.587 1 2102050 2102051 21300.0 21310.0 A A N
21 2 6 FM -167.441 870.044 5 6 -83.737 821.764 -83.716 918.4 -167.46 966.75 -251.139 918.414 -251.21 821.691 -167.466 773.341 -83.737 821.764 1 1 1.075 2.0 0.583 1.0 0.537 1.0 105 1 False 3 3.6 0 100.893 0 2102060 2102060 21300.0 21310.0 A A N
21 2 7 FO -251.163 1015.053 5 6 -167.46 966.75 -167.439 1063.386 -251.184 1111.736 -334.863 1063.4 -334.884 966.764 -251.139 918.414 -167.46 966.75 1 1 0.992 2.0 0.442 1.0 0.398 1.0 105 1 False 3 3.6 0 103.898 0 2102070 2102070 21300.0 21310.0 A A E
21 2 8 FO -334.885 1160.061 5 6 -251.184 1111.736 -251.163 1208.373 -334.908 1256.723 -418.587 1208.386 -418.608 1111.75 -334.863 1063.4 -251.184 1111.736 1 1 0.871 2.0 0.334 1.0 0.307 1.0 105 0 True 3 3.6 0 106.102 0 2102080 2102080 21300.0 21310.0 A A W
21 2 9 FO -418.608 1305.07 5 6 -334.908 1256.723 -334.887 1353.359 -418.631 1401.709 -502.31 1353.373 -502.331 1256.736 -418.587 1208.386 -334.908 1256.723 1 1 0.79 2.0 0.28 1.0 0.266 1.0 105 0 False 3 3.6 0 107.784 0 2102090 2102090 21300.0 21310.0 A A N
21 2 10 bOe -502.321 1450.074 2 5 -418.56 1498.432 -586.034 1498.359 -586.055 1401.723 -502.31 1353.373 -418.631 1401.709 -418.56 1498.432 0.0 0.0 1 1 0.732 1.0 0.192 1.0 0.192 1.0 105 0 False 3 3.6 0 109.107 0 2102100 2102100 21300.0 21310.0 A A N
21 3 0 FI 502.32 0.0 0 6 502.3 -96.7 586.0 -48.3 586.0 48.3 502.3 96.7 418.6 48.3 418.6 -48.3 502.3 -96.7 0 0 2.117 3.0 1.551 2.0 1.583 2.0 0 0 False 6 7.2 0 0.0 1 2103000 2103001 21000.0 21010.0 A A N
21 3 1 FI 418.6 145.01 1 6 418.6 48.3 502.3 96.7 502.3 193.3 418.6 241.7 334.9 193.3 334.9 96.7 418.6 48.3 0 1 2.631 3.0 1.866 2.0 1.963 2.0 3 0 False 6 7.2 0 19.107 1 2103010 2103011 21100.0 21110.0 A A N
21 3 2 FI 334.88 290.02 1 6 334.9 193.3 418.6 241.7 418.6 338.4 334.9 386.7 251.2 338.4 251.2 241.7 334.9 193.3 0 1 2.661 3.0 1.861 2.0 1.956 2.0 2 0 False 6 7.2 0 40.894 1 2103020 2103021 21100.0 21110.0 A A N
21 3 3 FI 251.16 435.022 1 6 334.895 386.655 334.829 483.341 251.171 531.641 167.405 483.355 167.471 386.668 251.129 338.368 334.895 386.655 1 0 2.117 3.0 1.551 2.0 1.583 2.0 100 0 False 6 7.2 0 60.0 1 2103030 2103031 21200.0 21210.0 A A N
21 3 4 FI 167.438 580.031 1 6 251.171 531.641 251.155 628.414 167.497 676.714 83.682 628.341 83.747 531.655 167.405 483.355 251.171 531.641 1 0 1.7 2.0 1.225 2.0 1.242 2.0 101 0 False 6 7.2 0 73.898 1 2103040 2103041 21200.0 21211.0 A B N
21 3 5 FI 83.715 725.039 1 6 167.497 676.714 167.432 773.4 83.687 821.75 0.008 773.414 -0.063 676.691 83.682 628.341 167.497 676.714 1 0 1.344 2.0 1.028 2.0 1.019 2.0 101 0 False 6 7.2 0 83.414 1 2103050 2103051 21200.0 21211.0 A B N
21 3 6 FM 0.002 870.043 5 6 83.687 821.75 83.708 918.386 -0.037 966.736 -83.716 918.4 -83.737 821.764 0.008 773.414 83.687 821.75 1 1 1.057 2.0 0.598 1.0 0.549 1.0 106 1 False 3 3.6 0 90.0 0 2103060 2103060 21300.0 21310.0 A A N
21 3 7 FM -83.721 1015.051 5 6 -0.037 966.736 -0.016 1063.373 -83.76 1111.723 -167.439 1063.386 -167.46 966.75 -83.716 918.4 -0.037 966.736 1 1 0.982 2.0 0.474 1.0 0.428 1.0 106 1 False 3 3.6 0 94.715 0 2103070 2103070 21300.0 21310.0 A A E
21 3 8 FO -167.443 1160.06 5 6 -83.76 1111.723 -83.739 1208.359 -167.484 1256.709 -251.163 1208.373 -251.184 1111.736 -167.439 1063.386 -83.76 1111.723 1 1 0.879 2.0 0.344 1.0 0.315 1.0 106 0 True 3 3.6 0 98.213 0 2103080 2103080 21300.0 21310.0 A A W
21 3 9 FO -251.165 1305.069 5 6 -167.484 1256.709 -167.413 1353.432 -251.158 1401.782 -334.887 1353.359 -334.908 1256.723 -251.163 1208.373 -167.484 1256.709 1 1 0.829 2.0 0.285 1.0 0.269 1.0 106 0 False 3 3.6 0 100.894 0 2103090 2103090 21300.0 21310.0 A A N
21 3 10 FOe -334.883 1450.086 5 6 -251.158 1401.782 -251.137 1498.418 -334.881 1546.768 -418.56 1498.432 -418.631 1401.709 -334.887 1353.359 -251.158 1401.782 1 1 0.759 2.0 0.292 1.0 0.292 1.0 106 0 False 3 3.6 0 103.004 0 2103100 2103100 21300.0 21310.0 A A N
21 4 0 FI 669.76 0.0 0 6 669.8 -96.7 753.5 -48.3 753.5 48.3 669.8 96.7 586.0 48.3 586.0 -48.3 669.8 -96.7 0 0 1.499 2.0 1.097 2.0 1.091 2.0 0 0 True 6 7.2 0 0.0 1 2104000 2104001 21000.0 21010.0 A A N
21 4 1 FI 586.04 145.01 0 6 586.0 48.3 669.8 96.7 669.8 193.3 586.0 241.7 502.3 193.3 502.3 96.7 586.0 48.3 0 0 1.7 2.0 1.225 2.0 1.242 2.0 1 0 False 6 7.2 0 13.898 1 2104010 2104011 21000.0 21011.0 A B N
21 4 2 FI 502.32 290.02 1 6 502.3 193.3 586.0 241.7 586.0 338.4 502.3 386.7 418.6 338.4 418.6 241.7 502.3 193.3 0 1 1.781 2.0 1.298 2.0 1.316 2.0 3 0 False 6 7.2 0 30.0 1 2104020 2104021 21100.0 21110.0 A A N
21 4 3 FI 418.6 435.02 1 6 418.6 338.4 502.3 386.7 502.3 483.4 418.6 531.7 334.9 483.4 334.9 386.7 418.6 338.4 0 1 1.633 2.0 1.225 2.0 1.239 2.0 2 0 False 6 7.2 0 46.102 1 2104030 2104031 21100.0 21110.0 A A N
21 4 4 FI 334.88 580.029 1 6 418.645 531.714 418.579 628.4 334.921 676.7 251.155 628.414 251.171 531.641 334.829 483.341 418.645 531.714 1 0 1.499 2.0 1.097 2.0 1.091 2.0 100 0 True 6 7.2 0 60.0 1 2104040 2104041 21200.0 21210.0 A A N
21 4 5 FI 251.158 725.038 1 6 334.921 676.7 334.855 773.386 251.197 821.686 167.432 773.4 167.497 676.714 251.155 628.414 334.921 676.7 1 0 1.252 2.0 0.984 1.0 0.979 1.0 101 0 True 6 7.2 0 70.894 1 2104050 2104051 21200.0 21211.0 A B N
21 4 6 FM 167.435 870.046 1 6 251.197 821.686 251.132 918.373 167.387 966.723 83.708 918.386 83.687 821.75 167.432 773.4 251.197 821.686 1 0 1.078 2.0 0.583 1.0 0.538 1.0 107 0 False 3 3.6 0 79.107 0 2104060 2104060 21200.0 21210.0 A A N
21 4 7 FM 83.722 1015.05 1 6 167.387 966.723 167.408 1063.359 83.663 1111.709 -0.016 1063.373 -0.037 966.736 83.708 918.386 167.387 966.723 1 0 0.994 2.0 0.479 1.0 0.434 1.0 110 0 False 3 3.6 0 85.285 0 2104070 2104070 21200.0 21210.0 A A N
21 4 8 FO -0.001 1160.059 1 6 83.663 1111.709 83.734 1208.432 -0.01 1256.782 -83.739 1208.359 -83.76 1111.723 -0.016 1063.373 83.663 1111.709 1 0 0.911 2.0 0.359 1.0 0.326 1.0 111 0 True 3 3.6 0 90.0 0 2104080 2104080 21201.0 21210.0 B A W
21 4 9 FO -83.718 1305.076 5 6 -0.01 1256.782 0.011 1353.418 -83.734 1401.768 -167.413 1353.432 -167.484 1256.709 -83.739 1208.359 -0.01 1256.782 1 0 0.846 2.0 0.294 1.0 0.276 1.0 111 0 False 3 3.6 0 93.67 0 2104090 2104090 21201.0 21210.0 B A N
21 4 10 FOe -167.44 1450.085 5 6 -83.734 1401.768 -83.713 1498.405 -167.458 1546.755 -251.137 1498.418 -251.158 1401.782 -167.413 1353.432 -83.734 1401.768 1 0 0.754 2.0 0.263 1.0 0.254 1.0 111 0 False 3 3.6 0 96.587 0 2104100 2104100 21201.0 21210.0 B A N
21 4 11 cOe -251.163 1595.093 1 3 -167.458 1546.755 -334.881 1546.768 -251.137 1498.418 -167.458 1546.755 0.0 0.0 0.0 0.0 0.0 0.0 1 0 0.658 0.0 0.0 0.0 0.0 0.0 111 0 False 3 3.6 0 98.948 0 2104110 2104110 21201.0 21210.0 B A N
21 5 0 FM 837.2 0.0 0 6 837.2 -96.7 920.9 -48.3 920.9 48.3 837.2 96.7 753.5 48.3 753.5 -48.3 837.2 -96.7 0 0 1.109 2.0 0.633 1.0 0.572 1.0 9 0 False 3 3.6 0 0.0 0 2105000 2105000 21000.0 21010.0 A A N
21 5 1 FI 753.48 145.01 0 6 753.5 48.3 837.2 96.7 837.2 193.3 753.5 241.7 669.8 193.3 669.8 96.7 753.5 48.3 0 0 1.252 2.0 0.984 1.0 0.979 1.0 1 0 True 6 7.2 0 10.894 1 2105010 2105011 21000.0 21011.0 A B N
21 5 2 FI 669.76 290.02 0 6 669.8 193.3 753.5 241.7 753.5 338.4 669.8 386.7 586.0 338.4 586.0 241.7 669.8 193.3 0 0 1.344 2.0 1.028 2.0 1.019 2.0 1 0 False 6 7.2 0 23.414 1 2105020 2105021 21000.0 21011.0 A B N
21 5 3 FI 586.04 435.02 1 6 586.0 338.4 669.8 386.7 669.8 483.4 586.0 531.7 502.3 483.4 502.3 386.7 586.0 338.4 0 1 1.349 2.0 1.032 2.0 1.022 2.0 3 0 True 6 7.2 0 36.587 1 2105030 2105031 21100.0 21110.0 A A N
21 5 4 FI 502.32 580.03 1 6 502.3 483.4 586.0 531.7 586.0 628.4 502.3 676.7 418.6 628.4 418.6 531.7 502.3 483.4 0 1 1.247 2.0 0.988 2.0 0.981 1.0 2 0 True 6 7.2 0 49.107 1 2105040 2105041 21100.0 21110.0 A A N
21 5 5 FM 418.6 725.036 1 6 502.345 676.686 502.279 773.373 418.621 821.673 334.855 773.386 334.921 676.7 418.579 628.4 502.345 676.686 1 0 1.109 2.0 0.633 1.0 0.572 1.0 109 0 False 3 3.6 0 60.0 0 2105050 2105050 21200.0 21210.0 A A N
21 5 6 FM 334.878 870.045 1 6 418.621 821.673 418.555 918.359 334.897 966.659 251.132 918.373 251.197 821.686 334.855 773.386 418.621 821.673 1 0 1.023 2.0 0.552 1.0 0.505 1.0 108 0 False 3 3.6 0 68.948 0 2105060 2105060 21200.0 21210.0 A A N
21 5 7 FO 251.155 1015.054 1 6 334.897 966.659 334.882 1063.432 251.137 1111.782 167.408 1063.359 167.387 966.723 251.132 918.373 334.897 966.659 1 0 0.999 2.0 0.433 1.0 0.39 1.0 107 0 True 3 3.6 0 76.102 0 2105070 2105070 21200.0 21210.0 A A W
21 5 8 FO 167.447 1160.066 1 6 251.137 1111.782 251.158 1208.418 167.413 1256.768 83.734 1208.432 83.663 1111.709 167.408 1063.359 251.137 1111.782 1 0 0.893 2.0 0.353 1.0 0.322 1.0 110 0 True 3 3.6 0 81.787 0 2105080 2105080 21200.0 21210.0 A A W
21 5 9 FO 83.724 1305.075 1 6 167.413 1256.768 167.434 1353.405 83.69 1401.755 0.011 1353.418 -0.01 1256.782 83.734 1208.432 167.413 1256.768 1 0 0.842 2.0 0.29 1.0 0.272 1.0 111 1 False 3 3.6 0 86.329 0 2105090 2105090 21201.0 21210.0 B A E
21 5 10 bOe 0.002 1450.083 2 5 83.711 1498.391 -83.713 1498.405 -83.734 1401.768 0.011 1353.418 83.69 1401.755 83.711 1498.391 0.0 0.0 1 0 0.761 1.0 0.192 1.0 0.192 1.0 111 1 False 3 3.6 0 90.0 0 2105100 2105100 21201.0 21210.0 B A N
21 6 0 FM 1004.64 0.0 0 6 1004.6 -96.7 1088.4 -48.3 1088.4 48.3 1004.6 96.7 920.9 48.3 920.9 -48.3 1004.6 -96.7 0 0 0.991 2.0 0.485 1.0 0.439 1.0 9 0 True 3 3.6 0 0.0 0 2106000 2106000 21000.0 21010.0 A A W
21 6 1 FM 920.92 145.01 0 6 920.9 48.3 1004.6 96.7 1004.6 193.3 920.9 241.7 837.2 193.3 837.2 96.7 920.9 48.3 0 0 1.023 2.0 0.552 1.0 0.505 1.0 8 0 False 3 3.6 0 8.948 0 2106010 2106010 21000.0 21010.0 A A N
21 6 2 FM 837.2 290.02 0 6 837.2 193.3 920.9 241.7 920.9 338.4 837.2 386.7 753.5 338.4 753.5 241.7 837.2 193.3 0 0 1.078 2.0 0.583 1.0 0.538 1.0 7 0 False 3 3.6 0 19.107 0 2106020 2106020 21000.0 21010.0 A A N
21 6 3 FM 753.48 435.02 4 6 753.5 338.4 837.2 386.7 837.2 483.4 753.5 531.7 669.8 483.4 669.8 386.7 753.5 338.4 0 1 1.057 2.0 0.598 1.0 0.549 1.0 6 1 False 3 3.6 0 30.0 0 2106030 2106030 21100.0 21110.0 A A N
21 6 4 FM 669.76 580.03 4 6 669.8 483.4 753.5 531.7 753.5 628.4 669.8 676.7 586.0 628.4 586.0 531.7 669.8 483.4 0 1 1.075 2.0 0.583 1.0 0.537 1.0 5 1 False 3 3.6 0 40.893 0 2106040 2106040 21100.0 21110.0 A A N
21 6 5 FM 586.04 725.04 4 6 586.0 628.4 669.8 676.7 669.8 773.4 586.0 821.7 502.3 773.4 502.3 676.7 586.0 628.4 0 1 1.042 2.0 0.55 1.0 0.504 1.0 4 1 False 3 3.6 0 51.052 0 2106050 2106050 21100.0 21110.0 A A N
21 6 6 FM 502.32 870.044 1 6 586.045 821.659 586.029 918.432 502.371 966.732 418.555 918.359 418.621 821.673 502.279 773.373 586.045 821.659 1 0 0.991 2.0 0.485 1.0 0.439 1.0 109 0 True 3 3.6 0 60.0 0 2106060 2106060 21200.0 21210.0 A A W
21 6 7 FO 418.603 1015.061 1 6 502.371 966.732 502.305 1063.418 418.647 1111.718 334.882 1063.432 334.897 966.659 418.555 918.359 502.371 966.732 1 0 0.927 2.0 0.396 1.0 0.359 1.0 108 0 True 3 3.6 0 67.589 0 2106070 2106070 21200.0 21210.0 A A W
21 6 8 FO 334.88 1160.07 1 6 418.647 1111.718 418.582 1208.405 334.837 1256.755 251.158 1208.418 251.137 1111.782 334.882 1063.432 418.647 1111.718 1 0 0.865 2.0 0.335 1.0 0.308 1.0 107 1 False 3 3.6 0 73.898 0 2106080 2106080 21200.0 21210.0 A A E
21 6 9 FO 251.167 1305.073 1 6 334.837 1256.755 334.858 1353.391 251.113 1401.741 167.434 1353.405 167.413 1256.768 251.158 1208.418 334.837 1256.755 1 0 0.837 2.0 0.283 1.0 0.267 1.0 110 1 False 3 3.6 0 79.106 0 2106090 2106090 21200.0 21210.0 A A E
21 6 10 FOe 167.444 1450.082 1 6 251.113 1401.741 251.134 1498.377 167.39 1546.727 83.711 1498.391 83.69 1401.755 167.434 1353.405 251.113 1401.741 1 0 0.76 2.0 0.296 1.0 0.296 1.0 111 1 False 3 3.6 0 83.413 0 2106100 2106100 21201.0 21210.0 B A N
21 7 0 FO 1172.09 0.0 0 6 1172.1 -96.7 1255.8 -48.3 1255.8 48.3 1172.1 96.7 1088.4 48.3 1088.4 -48.3 1172.1 -96.7 0 0 0.878 2.0 0.345 1.0 0.315 1.0 9 1 False 3 3.6 0 0.0 0 2107000 2107000 21000.0 21010.0 A A E
21 7 1 FO 1088.37 145.01 0 6 1088.4 48.3 1172.1 96.7 1172.1 193.3 1088.4 241.7 1004.6 193.3 1004.6 96.7 1088.4 48.3 0 0 0.927 2.0 0.396 1.0 0.359 1.0 8 0 True 3 3.6 0 7.589 0 2107010 2107010 21000.0 21010.0 A A W
21 7 2 FO 1004.64 290.02 0 6 1004.6 193.3 1088.4 241.7 1088.4 338.4 1004.6 386.7 920.9 338.4 920.9 241.7 1004.6 193.3 0 0 0.999 2.0 0.433 1.0 0.39 1.0 7 0 True 3 3.6 0 16.102 0 2107020 2107020 21000.0 21010.0 A A W
21 7 3 FM 920.92 435.02 0 6 920.9 338.4 1004.6 386.7 1004.6 483.4 920.9 531.7 837.2 483.4 837.2 386.7 920.9 338.4 0 0 0.994 2.0 0.479 1.0 0.434 1.0 10 0 False 3 3.6 0 25.285 0 2107030 2107030 21000.0 21010.0 A A N
21 7 4 FM 837.2 580.03 4 6 837.2 483.4 920.9 531.7 920.9 628.4 837.2 676.7 753.5 628.4 753.5 531.7 837.2 483.4 0 1 0.982 2.0 0.474 1.0 0.428 1.0 6 1 False 3 3.6 0 34.715 0 2107040 2107040 21100.0 21110.0 A A E
21 7 5 FO 753.48 725.04 4 6 753.5 628.4 837.2 676.7 837.2 773.4 753.5 821.7 669.8 773.4 669.8 676.7 753.5 628.4 0 1 0.992 2.0 0.442 1.0 0.398 1.0 5 1 False 3 3.6 0 43.898 0 2107050 2107050 21100.0 21110.0 A A E
21 7 6 FO 669.76 870.05 4 6 669.8 773.4 753.5 821.7 753.5 918.4 669.8 966.7 586.0 918.4 586.0 821.7 669.8 773.4 0 1 0.933 2.0 0.392 1.0 0.356 1.0 4 1 False 3 3.6 0 52.411 0 2107060 2107060 21100.0 21110.0 A A E
21 7 7 FO 586.045 1015.06 1 6 669.795 966.718 669.729 1063.405 586.071 1111.705 502.305 1063.418 502.371 966.732 586.029 918.432 669.795 966.718 1 0 0.878 2.0 0.345 1.0 0.315 1.0 109 1 False 3 3.6 0 60.0 0 2107070 2107070 21200.0 21210.0 A A E
21 7 8 FO 502.323 1160.068 1 6 586.071 1111.705 586.005 1208.391 502.347 1256.691 418.582 1208.405 418.647 1111.718 502.305 1063.418 586.071 1111.705 1 0 0.85 2.0 0.315 1.0 0.292 1.0 108 1 False 3 3.6 0 66.587 0 2107080 2107080 21200.0 21210.0 A A E
21 7 9 FO 418.6 1305.077 1 6 502.347 1256.691 502.282 1353.377 418.537 1401.727 334.858 1353.391 334.837 1256.755 418.582 1208.405 502.347 1256.691 1 0 0.801 2.0 0.28 1.0 0.265 1.0 107 1 False 3 3.6 0 72.216 0 2107090 2107090 21200.0 21210.0 A A N
21 7 10 FOe 334.887 1450.081 1 6 418.537 1401.727 418.608 1498.45 334.863 1546.8 251.134 1498.377 251.113 1401.741 334.858 1353.391 418.537 1401.727 1 0 0.765 2.0 0.266 1.0 0.256 1.0 110 1 False 3 3.6 0 76.996 0 2107100 2107100 21200.0 21210.0 A A N
21 7 11 cOe 251.164 1595.089 1 3 334.863 1546.8 167.39 1546.727 251.134 1498.377 334.863 1546.8 0.0 0.0 0.0 0.0 0.0 0.0 1 0 0.659 0.0 0.0 0.0 0.0 0.0 111 1 False 3 3.6 0 81.052 0 2107110 2107110 21201.0 21210.0 B A N
21 8 0 FO 1339.53 0.0 0 6 1339.5 -96.7 1423.2 -48.3 1423.2 48.3 1339.5 96.7 1255.8 48.3 1255.8 -48.3 1339.5 -96.7 0 0 0.811 2.0 0.29 1.0 0.273 1.0 9 1 False 3 3.6 0 0.0 0 2108000 2108000 21000.0 21010.0 A A N
21 8 1 FO 1255.81 145.01 0 6 1255.8 48.3 1339.5 96.7 1339.5 193.3 1255.8 241.7 1172.1 193.3 1172.1 96.7 1255.8 48.3 0 0 0.85 2.0 0.315 1.0 0.292 1.0 8 1 False 3 3.6 0 6.587 0 2108010 2108010 21000.0 21010.0 A A E
21 8 2 FO 1172.09 290.02 0 6 1172.1 193.3 1255.8 241.7 1255.8 338.4 1172.1 386.7 1088.4 338.4 1088.4 241.7 1172.1 193.3 0 0 0.865 2.0 0.335 1.0 0.308 1.0 7 1 False 3 3.6 0 13.898 0 2108020 2108020 21000.0 21010.0 A A E
21 8 3 FO 1088.37 435.02 0 6 1088.4 338.4 1172.1 386.7 1172.1 483.4 1088.4 531.7 1004.6 483.4 1004.6 386.7 1088.4 338.4 0 0 0.893 2.0 0.353 1.0 0.322 1.0 10 0 True 3 3.6 0 21.787 0 2108030 2108030 21000.0 21010.0 A A W
21 8 4 FO 1004.64 580.03 0 6 1004.6 483.4 1088.4 531.7 1088.4 628.4 1004.6 676.7 920.9 628.4 920.9 531.7 1004.6 483.4 0 0 0.911 2.0 0.359 1.0 0.326 1.0 11 0 True 3 3.6 0 30.0 0 2108040 2108040 21001.0 21010.0 B A W
21 8 5 FO 920.92 725.04 4 6 920.9 628.4 1004.6 676.7 1004.6 773.4 920.9 821.7 837.2 773.4 837.2 676.7 920.9 628.4 0 1 0.879 2.0 0.344 1.0 0.315 1.0 6 0 True 3 3.6 0 38.213 0 2108050 2108050 21100.0 21110.0 A A W
21 8 6 FO 837.2 870.05 4 6 837.2 773.4 920.9 821.7 920.9 918.4 837.2 966.7 753.5 918.4 753.5 821.7 837.2 773.4 0 1 0.871 2.0 0.334 1.0 0.307 1.0 5 0 True 3 3.6 0 46.102 0 2108060 2108060 21100.0 21110.0 A A W
21 8 7 FO 753.48 1015.06 4 6 753.5 918.4 837.2 966.7 837.2 1063.4 753.5 1111.7 669.8 1063.4 669.8 966.7 753.5 918.4 0 1 0.848 2.0 0.312 1.0 0.29 1.0 4 0 True 3 3.6 0 53.413 0 2108070 2108070 21100.0 21110.0 A A W
21 8 8 FO 669.765 1160.067 1 6 753.495 1111.691 753.429 1208.377 669.771 1256.677 586.005 1208.391 586.071 1111.705 669.729 1063.405 753.495 1111.691 1 0 0.811 2.0 0.29 1.0 0.273 1.0 109 1 False 3 3.6 0 60.0 0 2108080 2108080 21200.0 21210.0 A A N
21 8 9 FO 586.043 1305.076 1 6 669.771 1256.677 669.755 1353.45 586.097 1401.75 502.282 1353.377 502.347 1256.691 586.005 1208.391 669.771 1256.677 1 0 0.78 2.0 0.271 1.0 0.259 1.0 108 1 False 3 3.6 0 65.818 0 2108090 2108090 21200.0 21210.0 A A N
21 8 10 bOe 502.32 1450.084 2 5 586.032 1498.437 418.608 1498.45 418.537 1401.727 502.282 1353.377 586.097 1401.75 586.032 1498.437 0.0 0.0 1 0 0.74 1.0 0.192 1.0 0.192 1.0 107 1 False 3 3.6 0 70.894 0 2108100 2108100 21200.0 21210.0 A A N
21 9 0 bOe 1506.97 0.0 0 5 1507.0 -96.7 1590.7 48.3 1507.0 96.7 1423.2 48.3 1423.2 -48.3 1507.0 -96.7 0.0 0.0 0 0 0.747 1.0 0.192 1.0 0.192 1.0 9 1 False 3 3.6 0 0.0 0 2109000 2109000 21000.0 21010.0 A A N
21 9 1 FO 1423.25 145.01 0 6 1423.2 48.3 1507.0 96.7 1507.0 193.3 1423.2 241.7 1339.5 193.3 1339.5 96.7 1423.2 48.3 0 0 0.78 2.0 0.271 1.0 0.259 1.0 8 1 False 3 3.6 0 5.818 0 2109010 2109010 21000.0 21010.0 A A N
21 9 2 FO 1339.53 290.02 0 6 1339.5 193.3 1423.2 241.7 1423.2 338.4 1339.5 386.7 1255.8 338.4 1255.8 241.7 1339.5 193.3 0 0 0.801 2.0 0.28 1.0 0.265 1.0 7 1 False 3 3.6 0 12.216 0 2109020 2109020 21000.0 21010.0 A A N
21 9 3 FO 1255.81 435.02 0 6 1255.8 338.4 1339.5 386.7 1339.5 483.4 1255.8 531.7 1172.1 483.4 1172.1 386.7 1255.8 338.4 0 0 0.837 2.0 0.283 1.0 0.267 1.0 10 1 False 3 3.6 0 19.106 0 2109030 2109030 21000.0 21010.0 A A E
21 9 4 FO 1172.09 580.03 0 6 1172.1 483.4 1255.8 531.7 1255.8 628.4 1172.1 676.7 1088.4 628.4 1088.4 531.7 1172.1 483.4 0 0 0.842 2.0 0.29 1.0 0.272 1.0 11 1 False 3 3.6 0 26.329 0 2109040 2109040 21001.0 21010.0 B A E
21 9 5 FO 1088.37 725.04 4 6 1088.4 628.4 1172.1 676.7 1172.1 773.4 1088.4 821.7 1004.6 773.4 1004.6 676.7 1088.4 628.4 0 0 0.846 2.0 0.294 1.0 0.276 1.0 11 0 False 3 3.6 0 33.67 0 2109050 2109050 21001.0 21010.0 B A N
21 9 6 FO 1004.64 870.05 4 6 1004.6 773.4 1088.4 821.7 1088.4 918.4 1004.6 966.7 920.9 918.4 920.9 821.7 1004.6 773.4 0 1 0.829 2.0 0.285 1.0 0.269 1.0 6 0 False 3 3.6 0 40.894 0 2109060 2109060 21100.0 21110.0 A A N
21 9 7 FO 920.92 1015.06 4 6 920.9 918.4 1004.6 966.7 1004.6 1063.4 920.9 1111.7 837.2 1063.4 837.2 966.7 920.9 918.4 0 1 0.79 2.0 0.28 1.0 0.266 1.0 5 0 False 3 3.6 0 47.784 0 2109070 2109070 21100.0 21110.0 A A N
21 9 8 FO 837.2 1160.06 4 6 837.2 1063.4 920.9 1111.7 920.9 1208.4 837.2 1256.7 753.5 1208.4 753.5 1111.7 837.2 1063.4 0 1 0.759 2.0 0.301 1.0 0.301 1.0 4 0 False 3 3.6 0 54.183 0 2109080 2109080 21100.0 21110.0 A A N
21 9 9 bOe 753.485 1305.074 1 5 837.245 1256.75 753.521 1401.737 669.755 1353.45 669.771 1256.677 753.429 1208.377 837.245 1256.75 0.0 0.0 1 0 0.747 1.0 0.192 1.0 0.192 1.0 109 1 False 3 3.6 0 60.0 0 2109090 2109090 21200.0 21210.0 A A N
21 9 10 aOe 669.763 1450.083 1 4 753.521 1401.737 586.032 1498.437 586.097 1401.75 669.755 1353.45 753.521 1401.737 0.0 0.0 0.0 0.0 1 0 0.71 1.0 0.144 1.0 0.144 1.0 108 1 False 3 3.6 0 65.209 0 2109100 2109100 21200.0 21210.0 A A N
21 10 1 aOe 1590.69 145.01 0 4 1590.7 48.3 1590.7 241.7 1507.0 193.3 1507.0 96.7 1590.7 48.3 0.0 0.0 0.0 0.0 0 0 0.71 1.0 0.144 1.0 0.144 1.0 8 1 False 3 3.6 0 5.209 0 2110010 2110010 21000.0 21010.0 A A N
21 10 2 bOe 1506.97 290.02 1 5 1590.7 241.7 1507.0 386.7 1423.2 338.4 1423.2 241.7 1507.0 193.3 1590.7 241.7 0.0 0.0 0 0 0.74 1.0 0.192 1.0 0.192 1.0 7 1 False 3 3.6 0 10.894 0 2110020 2110020 21000.0 21010.0 A A N
21 10 3 FOe 1423.25 435.02 0 6 1423.2 338.4 1507.0 386.7 1507.0 483.4 1423.2 531.7 1339.5 483.4 1339.5 386.7 1423.2 338.4 0 0 0.765 2.0 0.266 1.0 0.256 1.0 10 1 False 3 3.6 0 16.996 0 2110030 2110030 21000.0 21010.0 A A N
21 10 4 FOe 1339.53 580.03 0 6 1339.5 483.4 1423.2 531.7 1423.2 628.4 1339.5 676.7 1255.8 628.4 1255.8 531.7 1339.5 483.4 0 0 0.76 2.0 0.296 1.0 0.296 1.0 11 1 False 3 3.6 0 23.413 0 2110040 2110040 21001.0 21010.0 B A N
21 10 5 bOe 1255.81 725.04 1 5 1339.5 676.7 1255.8 821.7 1172.1 773.4 1172.1 676.7 1255.8 628.4 1339.5 676.7 0.0 0.0 0 0 0.761 1.0 0.192 1.0 0.192 1.0 11 1 False 3 3.6 0 30.0 0 2110050 2110050 21001.0 21010.0 B A N
21 10 6 FOe 1172.09 870.05 4 6 1172.1 773.4 1255.8 821.7 1255.8 918.4 1172.1 966.7 1088.4 918.4 1088.4 821.7 1172.1 773.4 0 0 0.754 2.0 0.263 1.0 0.254 1.0 11 0 False 3 3.6 0 36.587 0 2110060 2110060 21001.0 21010.0 B A N
21 10 7 FOe 1088.37 1015.06 4 6 1088.4 918.4 1172.1 966.7 1172.1 1063.4 1088.4 1111.7 1004.6 1063.4 1004.6 966.7 1088.4 918.4 0 1 0.759 2.0 0.292 1.0 0.292 1.0 6 0 False 3 3.6 0 43.004 0 2110070 2110070 21100.0 21110.0 A A N
21 10 8 bOe 1004.64 1160.06 1 5 1088.4 1111.7 1004.6 1256.7 920.9 1208.4 920.9 1111.7 1004.6 1063.4 1088.4 1111.7 0.0 0.0 0 1 0.732 1.0 0.192 1.0 0.192 1.0 5 0 False 3 3.6 0 49.107 0 2110080 2110080 21100.0 21110.0 A A N
21 10 9 cOe 920.92 1305.07 1 3 1004.6 1256.7 837.2 1256.7 920.9 1208.4 1004.6 1256.7 0.0 0.0 0.0 0.0 0.0 0.0 0 1 0.659 0.0 0.0 0.0 0.0 0.0 4 0 False 3 3.6 0 54.791 0 2110090 2110090 21100.0 21110.0 A A N
21 11 4 cOe 1506.97 580.03 0 3 1507.0 483.4 1423.2 628.4 1423.2 531.7 1507.0 483.4 0.0 0.0 0.0 0.0 0.0 0.0 0 0 0.659 0.0 0.0 0.0 0.0 0.0 11 1 False 3 3.6 0 21.052 0 2111040 2111040 21001.0 21010.0 B A N
21 11 7 cOe 1255.81 1015.06 0 3 1255.8 918.4 1172.1 1063.4 1172.1 966.7 1255.8 918.4 0.0 0.0 0.0 0.0 0.0 0.0 0 0 0.658 0.0 0.0 0.0 0.0 0.0 11 0 False 3 3.6 0 38.948 0 2111070 2111070 21001.0 21010.0 B A N
22 1 2 dIe -0.002 290.016 4 5 -83.718 338.396 -83.729 316.578 83.695 316.564 83.705 338.382 0.047 386.682 -83.718 338.396 0.0 0.0 1 1 0.0 0.0 1.145 2.0 1.145 2.0 102 0 False 3 3.6 0 90.0 1 2201020 2201021 22300.0 0.0 A None N
22 1 3 FI -83.725 435.025 2 6 0.047 386.682 -0.018 483.368 -83.763 531.718 -167.442 483.382 -167.463 386.746 -83.718 338.396 0.047 386.682 1 1 0.0 0.0 1.782 2.0 1.863 2.0 102 0 False 6 7.2 0 100.894 1 2201030 2201031 22300.0 0.0 A None N
22 1 4 FI -167.438 580.028 2 6 -83.763 531.718 -83.742 628.355 -167.487 676.705 -251.166 628.368 -251.187 531.732 -167.442 483.382 -83.763 531.718 1 1 0.0 0.0 1.188 2.0 1.201 2.0 102 0 False 6 7.2 0 106.102 1 2201040 2201041 22300.0 0.0 A None N
22 1 5 FI -251.161 725.037 2 6 -167.487 676.705 -167.466 773.341 -251.21 821.691 -334.889 773.355 -334.91 676.718 -251.166 628.368 -167.487 676.705 1 1 0.0 0.0 0.962 1.0 0.957 1.0 102 0 True 6 7.2 0 109.107 1 2201050 2201051 22300.0 0.0 A None N
22 1 6 FM -334.883 870.046 5 6 -251.21 821.691 -251.139 918.414 -334.884 966.764 -418.613 918.341 -418.634 821.705 -334.889 773.355 -251.21 821.691 1 1 0.0 0.0 0.535 1.0 0.483 1.0 104 1 False 3 3.6 0 111.052 0 2201060 2201060 22300.0 0.0 A None N
22 1 7 FO -418.605 1015.054 5 6 -334.884 966.764 -334.863 1063.4 -418.608 1111.75 -502.287 1063.414 -502.358 966.691 -418.613 918.341 -334.884 966.764 1 1 0.0 0.0 0.378 1.0 0.334 1.0 104 1 False 3 3.6 0 112.411 0 2201070 2201070 22300.0 0.0 A None E
22 1 8 FO -502.328 1160.063 5 6 -418.608 1111.75 -418.587 1208.386 -502.331 1256.736 -586.01 1208.4 -586.031 1111.764 -502.287 1063.414 -418.608 1111.75 1 1 0.0 0.0 0.304 1.0 0.28 1.0 104 0 True 3 3.6 0 113.413 0 2201080 2201080 22300.0 0.0 A None W
22 1 9 FOe -586.041 1305.066 5 6 -502.331 1256.736 -502.31 1353.373 -586.055 1401.723 -669.734 1353.386 -669.755 1256.75 -586.01 1208.4 -502.331 1256.736 1 1 0.0 0.0 0.266 1.0 0.254 1.0 104 0 False 3 3.6 0 114.183 0 2201090 2201090 22300.0 0.0 A None N
22 2 0 gIe 334.88 0.0 3 6 334.9 96.7 316.0 85.8 316.0 -85.8 334.9 -96.7 418.6 -48.3 418.6 48.3 334.9 96.7 0 0 0.0 0.0 1.867 2.0 1.867 2.0 0 0 False 6 7.2 0 0.0 1 2202000 2202001 22000.0 0.0 A None N
22 2 1 dIe 251.16 145.01 3 5 251.2 241.7 232.3 230.8 316.0 85.8 334.9 96.7 334.9 193.3 251.2 241.7 0.0 0.0 0 1 0.0 0.0 1.145 2.0 1.145 2.0 2 0 False 3 3.6 0 30.0 1 2202010 2202011 22100.0 0.0 A None N
22 2 2 gIe 167.44 290.015 4 6 83.705 338.382 83.695 316.564 232.305 230.764 251.195 241.682 251.129 338.368 167.471 386.668 83.705 338.382 1 0 0.0 0.0 1.867 2.0 1.867 2.0 100 0 False 6 7.2 0 60.0 1 2202020 2202021 22200.0 0.0 A None N
22 2 3 FI 83.718 435.023 2 6 167.471 386.668 167.405 483.355 83.747 531.655 -0.018 483.368 0.047 386.682 83.705 338.382 167.471 386.668 1 1 0.0 0.0 1.784 2.0 1.872 2.0 103 0 False 6 7.2 0 79.107 1 2202030 2202031 22300.0 0.0 A None N
22 2 4 FI -0.005 580.032 2 6 83.747 531.655 83.682 628.341 -0.063 676.691 -83.742 628.355 -83.763 531.718 -0.018 483.368 83.747 531.655 1 1 0.0 0.0 1.247 2.0 1.265 2.0 103 0 False 6 7.2 0 90.0 1 2202040 2202041 22300.0 0.0 A None N
22 2 5 FI -83.718 725.036 2 6 -0.063 676.691 0.008 773.414 -83.737 821.764 -167.466 773.341 -167.487 676.705 -83.742 628.355 -0.063 676.691 1 1 0.0 0.0 1.01 2.0 1.001 2.0 103 0 True 6 7.2 0 96.587 1 2202050 2202051 22300.0 0.0 A None N
22 2 6 FM -167.441 870.044 5 6 -83.737 821.764 -83.716 918.4 -167.46 966.75 -251.139 918.414 -251.21 821.691 -167.466 773.341 -83.737 821.764 1 1 0.0 0.0 0.569 1.0 0.522 1.0 105 1 False 3 3.6 0 100.893 0 2202060 2202060 22300.0 0.0 A None N
22 2 7 FO -251.163 1015.053 5 6 -167.46 966.75 -167.439 1063.386 -251.184 1111.736 -334.863 1063.4 -334.884 966.764 -251.139 918.414 -167.46 966.75 1 1 0.0 0.0 0.427 1.0 0.373 1.0 105 1 False 3 3.6 0 103.898 0 2202070 2202070 22300.0 0.0 A None E
22 2 8 FO -334.885 1160.061 5 6 -251.184 1111.736 -251.163 1208.373 -334.908 1256.723 -418.587 1208.386 -418.608 1111.75 -334.863 1063.4 -251.184 1111.736 1 1 0.0 0.0 0.324 1.0 0.294 1.0 105 0 True 3 3.6 0 106.102 0 2202080 2202080 22300.0 0.0 A None W
22 2 9 FO -418.608 1305.07 5 6 -334.908 1256.723 -334.887 1353.359 -418.631 1401.709 -502.31 1353.373 -502.331 1256.736 -418.587 1208.386 -334.908 1256.723 1 1 0.0 0.0 0.275 1.0 0.26 1.0 105 0 False 3 3.6 0 107.784 0 2202090 2202090 22300.0 0.0 A None N
22 2 10 aOe -502.321 1450.074 2 4 -418.56 1498.432 -586.055 1401.723 -502.31 1353.373 -418.631 1401.709 -418.56 1498.432 0.0 0.0 0.0 0.0 1 1 0.0 0.0 0.144 1.0 0.144 1.0 105 0 False 3 3.6 0 109.107 0 2202100 2202100 22300.0 0.0 A None N
22 3 0 FI 502.32 0.0 0 6 502.3 -96.7 586.0 -48.3 586.0 48.3 502.3 96.7 418.6 48.3 418.6 -48.3 502.3 -96.7 0 0 0.0 0.0 1.494 2.0 1.52 2.0 0 0 False 6 7.2 0 0.0 1 2203000 2203001 22000.0 0.0 A None N
22 3 1 FI 418.6 145.01 1 6 418.6 48.3 502.3 96.7 502.3 193.3 418.6 241.7 334.9 193.3 334.9 96.7 418.6 48.3 0 1 0.0 0.0 1.784 2.0 1.872 2.0 3 0 False 6 7.2 0 19.107 1 2203010 2203011 22100.0 0.0 A None N
22 3 2 FI 334.88 290.02 1 6 334.9 193.3 418.6 241.7 418.6 338.4 334.9 386.7 251.2 338.4 251.2 241.7 334.9 193.3 0 1 0.0 0.0 1.782 2.0 1.863 2.0 2 0 False 6 7.2 0 40.894 1 2203020 2203021 22100.0 0.0 A None N
22 3 3 FI 251.16 435.022 1 6 334.895 386.655 334.829 483.341 251.171 531.641 167.405 483.355 167.471 386.668 251.129 338.368 334.895 386.655 1 0 0.0 0.0 1.494 2.0 1.52 2.0 100 0 False 6 7.2 0 60.0 1 2203030 2203031 22200.0 0.0 A None N
22 3 4 FI 167.438 580.031 1 6 251.171 531.641 251.155 628.414 167.497 676.714 83.682 628.341 83.747 531.655 167.405 483.355 251.171 531.641 1 0 0.0 0.0 1.188 2.0 1.2 2.0 101 0 False 6 7.2 0 73.898 1 2203040 2203041 22200.0 0.0 A None N
22 3 5 FI 83.715 725.039 1 6 167.497 676.714 167.432 773.4 83.687 821.75 0.008 773.414 -0.063 676.691 83.682 628.341 167.497 676.714 1 0 0.0 0.0 1.011 2.0 1.001 2.0 101 0 False 6 7.2 0 83.414 1 2203050 2203051 22200.0 0.0 A None N
22 3 6 FM 0.002 870.043 5 6 83.687 821.75 83.708 918.386 -0.037 966.736 -83.716 918.4 -83.737 821.764 0.008 773.414 83.687 821.75 1 1 0.0 0.0 0.584 1.0 0.54 1.0 106 1 False 3 3.6 0 90.0 0 2203060 2203060 22300.0 0.0 A None N
22 3 7 FM -83.721 1015.051 5 6 -0.037 966.736 -0.016 1063.373 -83.76 1111.723 -167.439 1063.386 -167.46 966.75 -83.716 918.4 -0.037 966.736 1 1 0.0 0.0 0.458 1.0 0.401 1.0 106 1 False 3 3.6 0 94.715 0 2203070 2203070 22300.0 0.0 A None E
22 3 8 FO -167.443 1160.06 5 6 -83.76 1111.723 -83.739 1208.359 -167.484 1256.709 -251.163 1208.373 -251.184 1111.736 -167.439 1063.386 -83.76 1111.723 1 1 0.0 0.0 0.333 1.0 0.3 1.0 106 0 True 3 3.6 0 98.213 0 2203080 2203080 22300.0 0.0 A None W
22 3 9 FO -251.165 1305.069 5 6 -167.484 1256.709 -167.413 1353.432 -251.158 1401.782 -334.887 1353.359 -334.908 1256.723 -251.163 1208.373 -167.484 1256.709 1 1 0.0 0.0 0.285 1.0 0.267 1.0 106 0 False 3 3.6 0 100.894 0 2203090 2203090 22300.0 0.0 A None N
22 3 10 bOe -334.883 1450.086 2 5 -251.137 1498.418 -418.56 1498.432 -418.631 1401.709 -334.887 1353.359 -251.158 1401.782 -251.137 1498.418 0.0 0.0 1 1 0.0 0.0 0.192 1.0 0.192 1.0 106 0 False 3 3.6 0 103.004 0 2203100 2203100 22300.0 0.0 A None N
22 4 0 FI 669.76 0.0 0 6 669.8 -96.7 753.5 -48.3 753.5 48.3 669.8 96.7 586.0 48.3 586.0 -48.3 669.8 -96.7 0 0 0.0 0.0 1.072 2.0 1.06 2.0 0 0 True 6 7.2 0 0.0 1 2204000 2204001 22000.0 0.0 A None N
22 4 1 FI 586.04 145.01 0 6 586.0 48.3 669.8 96.7 669.8 193.3 586.0 241.7 502.3 193.3 502.3 96.7 586.0 48.3 0 0 0.0 0.0 1.188 2.0 1.2 2.0 1 0 False 6 7.2 0 13.898 1 2204010 2204011 22000.0 0.0 A None N
22 4 2 FI 502.32 290.02 1 6 502.3 193.3 586.0 241.7 586.0 338.4 502.3 386.7 418.6 338.4 418.6 241.7 502.3 193.3 0 1 0.0 0.0 1.247 2.0 1.265 2.0 3 0 False 6 7.2 0 30.0 1 2204020 2204021 22100.0 0.0 A None N
22 4 3 FI 418.6 435.02 1 6 418.6 338.4 502.3 386.7 502.3 483.4 418.6 531.7 334.9 483.4 334.9 386.7 418.6 338.4 0 1 0.0 0.0 1.188 2.0 1.201 2.0 2 0 False 6 7.2 0 46.102 1 2204030 2204031 22100.0 0.0 A None N
22 4 4 FI 334.88 580.029 1 6 418.645 531.714 418.579 628.4 334.921 676.7 251.155 628.414 251.171 531.641 334.829 483.341 418.645 531.714 1 0 0.0 0.0 1.072 2.0 1.06 2.0 100 0 True 6 7.2 0 60.0 1 2204040 2204041 22200.0 0.0 A None N
22 4 5 FI 251.158 725.038 1 6 334.921 676.7 334.855 773.386 251.197 821.686 167.432 773.4 167.497 676.714 251.155 628.414 334.921 676.7 1 0 0.0 0.0 0.97 1.0 0.965 1.0 101 0 True 6 7.2 0 70.894 1 2204050 2204051 22200.0 0.0 A None N
22 4 6 FM 167.435 870.046 1 6 251.197 821.686 251.132 918.373 167.387 966.723 83.708 918.386 83.687 821.75 167.432 773.4 251.197 821.686 1 0 0.0 0.0 0.568 1.0 0.523 1.0 107 0 False 3 3.6 0 79.107 0 2204060 2204060 22200.0 0.0 A None N
22 4 7 FM 83.722 1015.05 1 6 167.387 966.723 167.408 1063.359 83.663 1111.709 -0.016 1063.373 -0.037 966.736 83.708 918.386 167.387 966.723 1 0 0.0 0.0 0.463 1.0 0.407 1.0 110 0 False 3 3.6 0 85.285 0 2204070 2204070 22200.0 0.0 A None N
22 4 8 FO -0.001 1160.059 1 6 83.663 1111.709 83.734 1208.432 -0.01 1256.782 -83.739 1208.359 -83.76 1111.723 -0.016 1063.373 83.663 1111.709 1 0 0.0 0.0 0.348 1.0 0.311 1.0 111 0 True 3 3.6 0 90.0 0 2204080 2204080 22201.0 0.0 B None W
22 4 9 FO -83.718 1305.076 5 6 -0.01 1256.782 0.011 1353.418 -83.734 1401.768 -167.413 1353.432 -167.484 1256.709 -83.739 1208.359 -0.01 1256.782 1 0 0.0 0.0 0.287 1.0 0.268 1.0 111 0 False 3 3.6 0 93.67 0 2204090 2204090 22201.0 0.0 B None N
22 4 10 FOe -167.44 1450.085 5 6 -83.734 1401.768 -83.713 1498.405 -167.458 1546.755 -251.137 1498.418 -251.158 1401.782 -167.413 1353.432 -83.734 1401.768 1 0 0.0 0.0 0.258 1.0 0.248 1.0 111 0 False 3 3.6 0 96.587 0 2204100 2204100 22201.0 0.0 B None N
22 5 0 FM 837.2 0.0 0 6 837.2 -96.7 920.9 -48.3 920.9 48.3 837.2 96.7 753.5 48.3 753.5 -48.3 837.2 -96.7 0 0 0.0 0.0 0.618 1.0 0.564 1.0 9 0 False 3 3.6 0 0.0 0 2205000 2205000 22000.0 0.0 A None N
22 5 1 FI 753.48 145.01 0 6 753.5 48.3 837.2 96.7 837.2 193.3 753.5 241.7 669.8 193.3 669.8 96.7 753.5 48.3 0 0 0.0 0.0 0.97 1.0 0.965 1.0 1 0 True 6 7.2 0 10.894 1 2205010 2205011 22000.0 0.0 A None N
22 5 2 FI 669.76 290.02 0 6 669.8 193.3 753.5 241.7 753.5 338.4 669.8 386.7 586.0 338.4 586.0 241.7 669.8 193.3 0 0 0.0 0.0 1.011 2.0 1.001 2.0 1 0 False 6 7.2 0 23.414 1 2205020 2205021 22000.0 0.0 A None N
22 5 3 FI 586.04 435.02 1 6 586.0 338.4 669.8 386.7 669.8 483.4 586.0 531.7 502.3 483.4 502.3 386.7 586.0 338.4 0 1 0.0 0.0 1.01 2.0 1.001 2.0 3 0 True 6 7.2 0 36.587 1 2205030 2205031 22100.0 0.0 A None N
22 5 4 FI 502.32 580.03 1 6 502.3 483.4 586.0 531.7 586.0 628.4 502.3 676.7 418.6 628.4 418.6 531.7 502.3 483.4 0 1 0.0 0.0 0.962 1.0 0.957 1.0 2 0 True 6 7.2 0 49.107 1 2205040 2205041 22100.0 0.0 A None N
22 5 5 FM 418.6 725.036 1 6 502.345 676.686 502.279 773.373 418.621 821.673 334.855 773.386 334.921 676.7 418.579 628.4 502.345 676.686 1 0 0.0 0.0 0.618 1.0 0.564 1.0 109 0 False 3 3.6 0 60.0 0 2205050 2205050 22200.0 0.0 A None N
22 5 6 FM 334.878 870.045 1 6 418.621 821.673 418.555 918.359 334.897 966.659 251.132 918.373 251.197 821.686 334.855 773.386 418.621 821.673 1 0 0.0 0.0 0.536 1.0 0.484 1.0 108 0 False 3 3.6 0 68.948 0 2205060 2205060 22200.0 0.0 A None N
22 5 7 FO 251.155 1015.054 1 6 334.897 966.659 334.882 1063.432 251.137 1111.782 167.408 1063.359 167.387 966.723 251.132 918.373 334.897 966.659 1 0 0.0 0.0 0.425 1.0 0.371 1.0 107 0 True 3 3.6 0 76.102 0 2205070 2205070 22200.0 0.0 A None W
22 5 8 FO 167.447 1160.066 1 6 251.137 1111.782 251.158 1208.418 167.413 1256.768 83.734 1208.432 83.663 1111.709 167.408 1063.359 251.137 1111.782 1 0 0.0 0.0 0.337 1.0 0.303 1.0 110 0 True 3 3.6 0 81.787 0 2205080 2205080 22200.0 0.0 A None W
22 5 9 FO 83.724 1305.075 1 6 167.413 1256.768 167.434 1353.405 83.69 1401.755 0.011 1353.418 -0.01 1256.782 83.734 1208.432 167.413 1256.768 1 0 0.0 0.0 0.286 1.0 0.267 1.0 111 1 False 3 3.6 0 86.329 0 2205090 2205090 22201.0 0.0 B None E
22 5 10 bOe 0.002 1450.083 2 5 83.711 1498.391 -83.713 1498.405 -83.734 1401.768 0.011 1353.418 83.69 1401.755 83.711 1498.391 0.0 0.0 1 0 0.0 0.0 0.192 1.0 0.192 1.0 111 1 False 3 3.6 0 90.0 0 2205100 2205100 22201.0 0.0 B None N
22 6 0 FM 1004.64 0.0 0 6 1004.6 -96.7 1088.4 -48.3 1088.4 48.3 1004.6 96.7 920.9 48.3 920.9 -48.3 1004.6 -96.7 0 0 0.0 0.0 0.466 1.0 0.41 1.0 9 0 True 3 3.6 0 0.0 0 2206000 2206000 22000.0 0.0 A None W
22 6 1 FM 920.92 145.01 0 6 920.9 48.3 1004.6 96.7 1004.6 193.3 920.9 241.7 837.2 193.3 837.2 96.7 920.9 48.3 0 0 0.0 0.0 0.536 1.0 0.484 1.0 8 0 False 3 3.6 0 8.948 0 2206010 2206010 22000.0 0.0 A None N
22 6 2 FM 837.2 290.02 0 6 837.2 193.3 920.9 241.7 920.9 338.4 837.2 386.7 753.5 338.4 753.5 241.7 837.2 193.3 0 0 0.0 0.0 0.568 1.0 0.523 1.0 7 0 False 3 3.6 0 19.107 0 2206020 2206020 22000.0 0.0 A None N
22 6 3 FM 753.48 435.02 4 6 753.5 338.4 837.2 386.7 837.2 483.4 753.5 531.7 669.8 483.4 669.8 386.7 753.5 338.4 0 1 0.0 0.0 0.584 1.0 0.54 1.0 6 1 False 3 3.6 0 30.0 0 2206030 2206030 22100.0 0.0 A None N
22 6 4 FM 669.76 580.03 4 6 669.8 483.4 753.5 531.7 753.5 628.4 669.8 676.7 586.0 628.4 586.0 531.7 669.8 483.4 0 1 0.0 0.0 0.569 1.0 0.522 1.0 5 1 False 3 3.6 0 40.893 0 2206040 2206040 22100.0 0.0 A None N
22 6 5 FM 586.04 725.04 4 6 586.0 628.4 669.8 676.7 669.8 773.4 586.0 821.7 502.3 773.4 502.3 676.7 586.0 628.4 0 1 0.0 0.0 0.535 1.0 0.483 1.0 4 1 False 3 3.6 0 51.052 0 2206050 2206050 22100.0 0.0 A None N
22 6 6 FM 502.32 870.044 1 6 586.045 821.659 586.029 918.432 502.371 966.732 418.555 918.359 418.621 821.673 502.279 773.373 586.045 821.659 1 0 0.0 0.0 0.466 1.0 0.41 1.0 109 0 True 3 3.6 0 60.0 0 2206060 2206060 22200.0 0.0 A None W
22 6 7 FO 418.603 1015.061 1 6 502.371 966.732 502.305 1063.418 418.647 1111.718 334.882 1063.432 334.897 966.659 418.555 918.359 502.371 966.732 1 0 0.0 0.0 0.381 1.0 0.336 1.0 108 0 True 3 3.6 0 67.589 0 2206070 2206070 22200.0 0.0 A None W
22 6 8 FO 334.88 1160.07 1 6 418.647 1111.718 418.582 1208.405 334.837 1256.755 251.158 1208.418 251.137 1111.782 334.882 1063.432 418.647 1111.718 1 0 0.0 0.0 0.319 1.0 0.29 1.0 107 1 False 3 3.6 0 73.898 0 2206080 2206080 22200.0 0.0 A None E
22 6 9 FO 251.167 1305.073 1 6 334.837 1256.755 334.858 1353.391 251.113 1401.741 167.434 1353.405 167.413 1256.768 251.158 1208.418 334.837 1256.755 1 0 0.0 0.0 0.279 1.0 0.262 1.0 110 1 False 3 3.6 0 79.106 0 2206090 2206090 22200.0 0.0 A None E
22 6 10 FOe 167.444 1450.082 1 6 251.113 1401.741 251.134 1498.377 167.39 1546.727 83.711 1498.391 83.69 1401.755 167.434 1353.405 251.113 1401.741 1 0 0.0 0.0 0.263 1.0 0.252 1.0 111 1 False 3 3.6 0 83.413 0 2206100 2206100 22201.0 0.0 B None N
22 7 0 FO 1172.09 0.0 0 6 1172.1 -96.7 1255.8 -48.3 1255.8 48.3 1172.1 96.7 1088.4 48.3 1088.4 -48.3 1172.1 -96.7 0 0 0.0 0.0 0.339 1.0 0.304 1.0 9 1 False 3 3.6 0 0.0 0 2207000 2207000 22000.0 0.0 A None E
22 7 1 FO 1088.37 145.01 0 6 1088.4 48.3 1172.1 96.7 1172.1 193.3 1088.4 241.7 1004.6 193.3 1004.6 96.7 1088.4 48.3 0 0 0.0 0.0 0.381 1.0 0.336 1.0 8 0 True 3 3.6 0 7.589 0 2207010 2207010 22000.0 0.0 A None W
22 7 2 FO 1004.64 290.02 0 6 1004.6 193.3 1088.4 241.7 1088.4 338.4 1004.6 386.7 920.9 338.4 920.9 241.7 1004.6 193.3 0 0 0.0 0.0 0.425 1.0 0.371 1.0 7 0 True 3 3.6 0 16.102 0 2207020 2207020 22000.0 0.0 A None W
22 7 3 FM 920.92 435.02 0 6 920.9 338.4 1004.6 386.7 1004.6 483.4 920.9 531.7 837.2 483.4 837.2 386.7 920.9 338.4 0 0 0.0 0.0 0.463 1.0 0.407 1.0 10 0 False 3 3.6 0 25.285 0 2207030 2207030 22000.0 0.0 A None N
22 7 4 FM 837.2 580.03 4 6 837.2 483.4 920.9 531.7 920.9 628.4 837.2 676.7 753.5 628.4 753.5 531.7 837.2 483.4 0 1 0.0 0.0 0.458 1.0 0.401 1.0 6 1 False 3 3.6 0 34.715 0 2207040 2207040 22100.0 0.0 A None E
22 7 5 FO 753.48 725.04 4 6 753.5 628.4 837.2 676.7 837.2 773.4 753.5 821.7 669.8 773.4 669.8 676.7 753.5 628.4 0 1 0.0 0.0 0.427 1.0 0.373 1.0 5 1 False 3 3.6 0 43.898 0 2207050 2207050 22100.0 0.0 A None E
22 7 6 FO 669.76 870.05 4 6 669.8 773.4 753.5 821.7 753.5 918.4 669.8 966.7 586.0 918.4 586.0 821.7 669.8 773.4 0 1 0.0 0.0 0.378 1.0 0.334 1.0 4 1 False 3 3.6 0 52.411 0 2207060 2207060 22100.0 0.0 A None E
22 7 7 FO 586.045 1015.06 1 6 669.795 966.718 669.729 1063.405 586.071 1111.705 502.305 1063.418 502.371 966.732 586.029 918.432 669.795 966.718 1 0 0.0 0.0 0.339 1.0 0.304 1.0 109 1 False 3 3.6 0 60.0 0 2207070 2207070 22200.0 0.0 A None E
22 7 8 FO 502.323 1160.068 1 6 586.071 1111.705 586.005 1208.391 502.347 1256.691 418.582 1208.405 418.647 1111.718 502.305 1063.418 586.071 1111.705 1 0 0.0 0.0 0.308 1.0 0.282 1.0 108 1 False 3 3.6 0 66.587 0 2207080 2207080 22200.0 0.0 A None E
22 7 9 FO 418.6 1305.077 1 6 502.347 1256.691 502.282 1353.377 418.537 1401.727 334.858 1353.391 334.837 1256.755 418.582 1208.405 502.347 1256.691 1 0 0.0 0.0 0.276 1.0 0.261 1.0 107 1 False 3 3.6 0 72.216 0 2207090 2207090 22200.0 0.0 A None N
22 7 10 bOe 334.887 1450.081 2 5 418.608 1498.45 251.134 1498.377 251.113 1401.741 334.858 1353.391 418.537 1401.727 418.608 1498.45 0.0 0.0 1 0 0.0 0.0 0.192 1.0 0.192 1.0 110 1 False 3 3.6 0 76.996 0 2207100 2207100 22200.0 0.0 A None N
22 8 0 FO 1339.53 0.0 0 6 1339.5 -96.7 1423.2 -48.3 1423.2 48.3 1339.5 96.7 1255.8 48.3 1255.8 -48.3 1339.5 -96.7 0 0 0.0 0.0 0.283 1.0 0.266 1.0 9 1 False 3 3.6 0 0.0 0 2208000 2208000 22000.0 0.0 A None N
22 8 1 FO 1255.81 145.01 0 6 1255.8 48.3 1339.5 96.7 1339.5 193.3 1255.8 241.7 1172.1 193.3 1172.1 96.7 1255.8 48.3 0 0 0.0 0.0 0.308 1.0 0.282 1.0 8 1 False 3 3.6 0 6.587 0 2208010 2208010 22000.0 0.0 A None E
22 8 2 FO 1172.09 290.02 0 6 1172.1 193.3 1255.8 241.7 1255.8 338.4 1172.1 386.7 1088.4 338.4 1088.4 241.7 1172.1 193.3 0 0 0.0 0.0 0.319 1.0 0.29 1.0 7 1 False 3 3.6 0 13.898 0 2208020 2208020 22000.0 0.0 A None E
22 8 3 FO 1088.37 435.02 0 6 1088.4 338.4 1172.1 386.7 1172.1 483.4 1088.4 531.7 1004.6 483.4 1004.6 386.7 1088.4 338.4 0 0 0.0 0.0 0.337 1.0 0.303 1.0 10 0 True 3 3.6 0 21.787 0 2208030 2208030 22000.0 0.0 A None W
22 8 4 FO 1004.64 580.03 0 6 1004.6 483.4 1088.4 531.7 1088.4 628.4 1004.6 676.7 920.9 628.4 920.9 531.7 1004.6 483.4 0 0 0.0 0.0 0.348 1.0 0.311 1.0 11 0 True 3 3.6 0 30.0 0 2208040 2208040 22001.0 0.0 B None W
22 8 5 FO 920.92 725.04 4 6 920.9 628.4 1004.6 676.7 1004.6 773.4 920.9 821.7 837.2 773.4 837.2 676.7 920.9 628.4 0 1 0.0 0.0 0.333 1.0 0.3 1.0 6 0 True 3 3.6 0 38.213 0 2208050 2208050 22100.0 0.0 A None W
22 8 6 FO 837.2 870.05 4 6 837.2 773.4 920.9 821.7 920.9 918.4 837.2 966.7 753.5 918.4 753.5 821.7 837.2 773.4 0 1 0.0 0.0 0.324 1.0 0.294 1.0 5 0 True 3 3.6 0 46.102 0 2208060 2208060 22100.0 0.0 A None W
22 8 7 FO 753.48 1015.06 4 6 753.5 918.4 837.2 966.7 837.2 1063.4 753.5 1111.7 669.8 1063.4 669.8 966.7 753.5 918.4 0 1 0.0 0.0 0.304 1.0 0.28 1.0 4 0 True 3 3.6 0 53.413 0 2208070 2208070 22100.0 0.0 A None W
22 8 8 FO 669.765 1160.067 1 6 753.495 1111.691 753.429 1208.377 669.771 1256.677 586.005 1208.391 586.071 1111.705 669.729 1063.405 753.495 1111.691 1 0 0.0 0.0 0.283 1.0 0.266 1.0 109 1 False 3 3.6 0 60.0 0 2208080 2208080 22200.0 0.0 A None N
22 8 9 FOe 586.043 1305.076 1 6 669.771 1256.677 669.755 1353.45 586.097 1401.75 502.282 1353.377 502.347 1256.691 586.005 1208.391 669.771 1256.677 1 0 0.0 0.0 0.262 1.0 0.251 1.0 108 1 False 3 3.6 0 65.818 0 2208090 2208090 22200.0 0.0 A None N
22 8 10 aOe 502.32 1450.084 1 4 586.097 1401.75 418.608 1498.45 418.537 1401.727 502.282 1353.377 586.097 1401.75 0.0 0.0 0.0 0.0 1 0 0.0 0.0 0.144 1.0 0.144 1.0 107 1 False 3 3.6 0 70.894 0 2208100 2208100 22200.0 0.0 A None N
22 9 0 aOe 1506.97 0.0 0 4 1507.0 -96.7 1507.0 96.7 1423.2 48.3 1423.2 -48.3 1507.0 -96.7 0.0 0.0 0.0 0.0 0 0 0.0 0.0 0.144 1.0 0.144 1.0 9 1 False 3 3.6 0 0.0 0 2209000 2209000 22000.0 0.0 A None N
22 9 1 FOe 1423.25 145.01 0 6 1423.2 48.3 1507.0 96.7 1507.0 193.3 1423.2 241.7 1339.5 193.3 1339.5 96.7 1423.2 48.3 0 0 0.0 0.0 0.262 1.0 0.251 1.0 8 1 False 3 3.6 0 5.818 0 2209010 2209010 22000.0 0.0 A None N
22 9 2 FO 1339.53 290.02 0 6 1339.5 193.3 1423.2 241.7 1423.2 338.4 1339.5 386.7 1255.8 338.4 1255.8 241.7 1339.5 193.3 0 0 0.0 0.0 0.276 1.0 0.261 1.0 7 1 False 3 3.6 0 12.216 0 2209020 2209020 22000.0 0.0 A None N
22 9 3 FO 1255.81 435.02 0 6 1255.8 338.4 1339.5 386.7 1339.5 483.4 1255.8 531.7 1172.1 483.4 1172.1 386.7 1255.8 338.4 0 0 0.0 0.0 0.279 1.0 0.262 1.0 10 1 False 3 3.6 0 19.106 0 2209030 2209030 22000.0 0.0 A None E
22 9 4 FO 1172.09 580.03 0 6 1172.1 483.4 1255.8 531.7 1255.8 628.4 1172.1 676.7 1088.4 628.4 1088.4 531.7 1172.1 483.4 0 0 0.0 0.0 0.286 1.0 0.267 1.0 11 1 False 3 3.6 0 26.329 0 2209040 2209040 22001.0 0.0 B None E
22 9 5 FO 1088.37 725.04 4 6 1088.4 628.4 1172.1 676.7 1172.1 773.4 1088.4 821.7 1004.6 773.4 1004.6 676.7 1088.4 628.4 0 0 0.0 0.0 0.287 1.0 0.268 1.0 11 0 False 3 3.6 0 33.67 0 2209050 2209050 22001.0 0.0 B None N
22 9 6 FO 1004.64 870.05 4 6 1004.6 773.4 1088.4 821.7 1088.4 918.4 1004.6 966.7 920.9 918.4 920.9 821.7 1004.6 773.4 0 1 0.0 0.0 0.285 1.0 0.267 1.0 6 0 False 3 3.6 0 40.894 0 2209060 2209060 22100.0 0.0 A None N
22 9 7 FO 920.92 1015.06 4 6 920.9 918.4 1004.6 966.7 1004.6 1063.4 920.9 1111.7 837.2 1063.4 837.2 966.7 920.9 918.4 0 1 0.0 0.0 0.275 1.0 0.26 1.0 5 0 False 3 3.6 0 47.784 0 2209070 2209070 22100.0 0.0 A None N
22 9 8 FOe 837.2 1160.06 4 6 837.2 1063.4 920.9 1111.7 920.9 1208.4 837.2 1256.7 753.5 1208.4 753.5 1111.7 837.2 1063.4 0 1 0.0 0.0 0.266 1.0 0.254 1.0 4 0 False 3 3.6 0 54.183 0 2209080 2209080 22100.0 0.0 A None N
22 9 9 aOe 753.485 1305.074 1 4 837.245 1256.75 669.755 1353.45 669.771 1256.677 753.429 1208.377 837.245 1256.75 0.0 0.0 0.0 0.0 1 0 0.0 0.0 0.144 1.0 0.144 1.0 109 1 False 3 3.6 0 60.0 0 2209090 2209090 22200.0 0.0 A None N
22 10 2 aOe 1506.97 290.02 0 4 1507.0 193.3 1507.0 386.7 1423.2 338.4 1423.2 241.7 1507.0 193.3 0.0 0.0 0.0 0.0 0 0 0.0 0.0 0.144 1.0 0.144 1.0 7 1 False 3 3.6 0 10.894 0 2210020 2210020 22000.0 0.0 A None N
22 10 3 bOe 1423.25 435.02 1 5 1507.0 386.7 1423.2 531.7 1339.5 483.4 1339.5 386.7 1423.2 338.4 1507.0 386.7 0.0 0.0 0 0 0.0 0.0 0.192 1.0 0.192 1.0 10 1 False 3 3.6 0 16.996 0 2210030 2210030 22000.0 0.0 A None N
22 10 4 FOe 1339.53 580.03 0 6 1339.5 483.4 1423.2 531.7 1423.2 628.4 1339.5 676.7 1255.8 628.4 1255.8 531.7 1339.5 483.4 0 0 0.0 0.0 0.263 1.0 0.252 1.0 11 1 False 3 3.6 0 23.413 0 2210040 2210040 22001.0 0.0 B None N
22 10 5 bOe 1255.81 725.04 1 5 1339.5 676.7 1255.8 821.7 1172.1 773.4 1172.1 676.7 1255.8 628.4 1339.5 676.7 0.0 0.0 0 0 0.0 0.0 0.192 1.0 0.192 1.0 11 1 False 3 3.6 0 30.0 0 2210050 2210050 22001.0 0.0 B None N
22 10 6 FOe 1172.09 870.05 4 6 1172.1 773.4 1255.8 821.7 1255.8 918.4 1172.1 966.7 1088.4 918.4 1088.4 821.7 1172.1 773.4 0 0 0.0 0.0 0.258 1.0 0.248 1.0 11 0 False 3 3.6 0 36.587 0 2210060 2210060 22001.0 0.0 B None N
22 10 7 bOe 1088.37 1015.06 1 5 1172.1 966.7 1088.4 1111.7 1004.6 1063.4 1004.6 966.7 1088.4 918.4 1172.1 966.7 0.0 0.0 0 1 0.0 0.0 0.192 1.0 0.192 1.0 6 0 False 3 3.6 0 43.004 0 2210070 2210070 22100.0 0.0 A None N
22 10 8 aOe 1004.64 1160.06 1 4 1088.4 1111.7 920.9 1208.4 920.9 1111.7 1004.6 1063.4 1088.4 1111.7 0.0 0.0 0.0 0.0 0 1 0.0 0.0 0.144 1.0 0.144 1.0 5 0 False 3 3.6 0 49.107 0 2210080 2210080 22100.0 0.0 A None N
23 1 2 dIe -0.002 290.016 4 5 -83.718 338.396 -83.729 316.578 83.695 316.564 83.705 338.382 0.047 386.682 -83.718 338.396 0.0 0.0 1 1 2.374 3.0 1.179 2.0 1.179 2.0 102 0 False 3 3.6 0 90.0 1 2301020 2301021 23300.0 23310.0 A A N
23 1 3 FI -83.725 435.025 2 6 0.047 386.682 -0.018 483.368 -83.763 531.718 -167.442 483.382 -167.463 386.746 -83.718 338.396 0.047 386.682 1 1 2.381 3.0 1.782 2.0 1.864 2.0 102 0 False 6 7.2 0 100.894 1 2301030 2301031 23300.0 23310.0 A A N
23 1 4 FI -167.438 580.028 2 6 -83.763 531.718 -83.742 628.355 -167.487 676.705 -251.166 628.368 -251.187 531.732 -167.442 483.382 -83.763 531.718 1 1 1.547 2.0 1.18 2.0 1.188 2.0 102 0 False 6 7.2 0 106.102 1 2301040 2301041 23300.0 23310.0 A A N
23 1 5 FI -251.161 725.037 2 6 -167.487 676.705 -167.466 773.341 -251.21 821.691 -334.889 773.355 -334.91 676.718 -251.166 628.368 -167.487 676.705 1 1 1.191 2.0 0.953 1.0 0.949 1.0 102 0 True 6 7.2 0 109.107 1 2301050 2301051 23300.0 23310.0 A A N
23 1 6 FM -334.883 870.046 5 6 -251.21 821.691 -251.139 918.414 -334.884 966.764 -418.613 918.341 -418.634 821.705 -334.889 773.355 -251.21 821.691 1 1 1.006 2.0 0.529 1.0 0.477 1.0 104 1 False 3 3.6 0 111.052 0 2301060 2301060 23300.0 23310.0 A A N
23 1 7 FO -418.605 1015.054 5 6 -334.884 966.764 -334.863 1063.4 -418.608 1111.75 -502.287 1063.414 -502.358 966.691 -418.613 918.341 -334.884 966.764 1 1 0.903 2.0 0.376 1.0 0.337 1.0 104 1 False 3 3.6 0 112.411 0 2301070 2301070 23300.0 23310.0 A A E
23 1 8 FO -502.328 1160.063 5 6 -418.608 1111.75 -418.587 1208.386 -502.331 1256.736 -586.01 1208.4 -586.031 1111.764 -502.287 1063.414 -418.608 1111.75 1 1 0.841 2.0 0.304 1.0 0.282 1.0 104 0 True 3 3.6 0 113.413 0 2301080 2301080 23300.0 23310.0 A A W
23 1 9 FO -586.041 1305.066 5 6 -502.331 1256.736 -502.31 1353.373 -586.055 1401.723 -669.734 1353.386 -669.755 1256.75 -586.01 1208.4 -502.331 1256.736 1 1 0.755 2.0 0.296 1.0 0.296 1.0 104 0 False 3 3.6 0 114.183 0 2301090 2301090 23300.0 23310.0 A A N
23 1 10 cOe -669.764 1450.075 2 3 -586.034 1498.359 -669.734 1353.386 -586.055 1401.723 -586.034 1498.359 0.0 0.0 0.0 0.0 0.0 0.0 1 1 0.656 0.0 0.0 0.0 0.0 0.0 104 0 False 3 3.6 0 114.791 0 2301100 2301100 23300.0 23310.0 A A N
23 2 0 gIe 334.88 0.0 3 6 334.9 96.7 316.0 85.8 316.0 -85.8 334.9 -96.7 418.6 -48.3 418.6 48.3 334.9 96.7 0 0 3.192 4.0 1.909 2.0 1.909 2.0 0 0 False 6 7.2 0 0.0 1 2302000 2302001 23000.0 23010.0 A A N
23 2 1 dIe 251.16 145.01 3 5 251.2 241.7 232.3 230.8 316.0 85.8 334.9 96.7 334.9 193.3 251.2 241.7 0.0 0.0 0 1 2.374 3.0 1.179 2.0 1.179 2.0 2 0 False 3 3.6 0 30.0 1 2302010 2302011 23100.0 23110.0 A A N
23 2 2 gIe 167.44 290.015 4 6 83.705 338.382 83.695 316.564 232.305 230.764 251.195 241.682 251.129 338.368 167.471 386.668 83.705 338.382 1 0 3.192 4.0 1.909 2.0 1.909 2.0 100 0 False 6 7.2 0 60.0 1 2302020 2302021 23200.0 23210.0 A A N
23 2 3 FI 83.718 435.023 2 6 167.471 386.668 167.405 483.355 83.747 531.655 -0.018 483.368 0.047 386.682 83.705 338.382 167.471 386.668 1 1 2.439 3.0 1.778 2.0 1.863 2.0 103 0 False 6 7.2 0 79.107 1 2302030 2302031 23300.0 23310.0 A A N
23 2 4 FI -0.005 580.032 2 6 83.747 531.655 83.682 628.341 -0.063 676.691 -83.742 628.355 -83.763 531.718 -0.018 483.368 83.747 531.655 1 1 1.642 2.0 1.24 2.0 1.256 2.0 103 0 False 6 7.2 0 90.0 1 2302040 2302041 23300.0 23310.0 A A N
23 2 5 FI -83.718 725.036 2 6 -0.063 676.691 0.008 773.414 -83.737 821.764 -167.466 773.341 -167.487 676.705 -83.742 628.355 -0.063 676.691 1 1 1.281 2.0 1.004 2.0 0.998 2.0 103 0 True 6 7.2 0 96.587 1 2302050 2302051 23300.0 23310.0 A A N
23 2 6 FM -167.441 870.044 5 6 -83.737 821.764 -83.716 918.4 -167.46 966.75 -251.139 918.414 -251.21 821.691 -167.466 773.341 -83.737 821.764 1 1 1.025 2.0 0.567 1.0 0.518 1.0 105 1 False 3 3.6 0 100.893 0 2302060 2302060 23300.0 23310.0 A A N
23 2 7 FO -251.163 1015.053 5 6 -167.46 966.75 -167.439 1063.386 -251.184 1111.736 -334.863 1063.4 -334.884 966.764 -251.139 918.414 -167.46 966.75 1 1 0.965 2.0 0.419 1.0 0.372 1.0 105 1 False 3 3.6 0 103.898 0 2302070 2302070 23300.0 23310.0 A A E
23 2 8 FO -334.885 1160.061 5 6 -251.184 1111.736 -251.163 1208.373 -334.908 1256.723 -418.587 1208.386 -418.608 1111.75 -334.863 1063.4 -251.184 1111.736 1 1 0.827 2.0 0.321 1.0 0.295 1.0 105 0 True 3 3.6 0 106.102 0 2302080 2302080 23300.0 23310.0 A A W
23 2 9 FO -418.608 1305.07 5 6 -334.908 1256.723 -334.887 1353.359 -418.631 1401.709 -502.31 1353.373 -502.331 1256.736 -418.587 1208.386 -334.908 1256.723 1 1 0.791 2.0 0.274 1.0 0.26 1.0 105 0 False 3 3.6 0 107.784 0 2302090 2302090 23300.0 23310.0 A A N
23 2 10 FOe -502.321 1450.074 5 6 -418.631 1401.709 -418.56 1498.432 -502.305 1546.782 -586.034 1498.359 -586.055 1401.723 -502.31 1353.373 -418.631 1401.709 1 1 0.735 2.0 0.283 1.0 0.283 1.0 105 0 False 3 3.6 0 109.107 0 2302100 2302100 23300.0 23310.0 A A N
23 3 0 FI 502.32 0.0 0 6 502.3 -96.7 586.0 -48.3 586.0 48.3 502.3 96.7 418.6 48.3 418.6 -48.3 502.3 -96.7 0 0 1.981 3.0 1.493 2.0 1.518 2.0 0 0 False 6 7.2 0 0.0 1 2303000 2303001 23000.0 23010.0 A A N
23 3 1 FI 418.6 145.01 1 6 418.6 48.3 502.3 96.7 502.3 193.3 418.6 241.7 334.9 193.3 334.9 96.7 418.6 48.3 0 1 2.439 3.0 1.778 2.0 1.863 2.0 3 0 False 6 7.2 0 19.107 1 2303010 2303011 23100.0 23110.0 A A N
23 3 2 FI 334.88 290.02 1 6 334.9 193.3 418.6 241.7 418.6 338.4 334.9 386.7 251.2 338.4 251.2 241.7 334.9 193.3 0 1 2.381 3.0 1.782 2.0 1.864 2.0 2 0 False 6 7.2 0 40.894 1 2303020 2303021 23100.0 23110.0 A A N
23 3 3 FI 251.16 435.022 1 6 334.895 386.655 334.829 483.341 251.171 531.641 167.405 483.355 167.471 386.668 251.129 338.368 334.895 386.655 1 0 1.981 3.0 1.493 2.0 1.518 2.0 100 0 False 6 7.2 0 60.0 1 2303030 2303031 23200.0 23210.0 A A N
23 3 4 FI 167.438 580.031 1 6 251.171 531.641 251.155 628.414 167.497 676.714 83.682 628.341 83.747 531.655 167.405 483.355 251.171 531.641 1 0 1.585 2.0 1.176 2.0 1.187 2.0 101 0 False 6 7.2 0 73.898 1 2303040 2303041 23200.0 23211.0 A B N
23 3 5 FI 83.715 725.039 1 6 167.497 676.714 167.432 773.4 83.687 821.75 0.008 773.414 -0.063 676.691 83.682 628.341 167.497 676.714 1 0 1.249 2.0 1.006 2.0 0.998 2.0 101 0 False 6 7.2 0 83.414 1 2303050 2303051 23200.0 23211.0 A B N
23 3 6 FM 0.002 870.043 5 6 83.687 821.75 83.708 918.386 -0.037 966.736 -83.716 918.4 -83.737 821.764 0.008 773.414 83.687 821.75 1 1 1.047 2.0 0.58 1.0 0.53 1.0 106 1 False 3 3.6 0 90.0 0 2303060 2303060 23300.0 23310.0 A A N
23 3 7 FM -83.721 1015.051 5 6 -0.037 966.736 -0.016 1063.373 -83.76 1111.723 -167.439 1063.386 -167.46 966.75 -83.716 918.4 -0.037 966.736 1 1 0.936 2.0 0.45 1.0 0.399 1.0 106 1 False 3 3.6 0 94.715 0 2303070 2303070 23300.0 23310.0 A A E
23 3 8 FO -167.443 1160.06 5 6 -83.76 1111.723 -83.739 1208.359 -167.484 1256.709 -251.163 1208.373 -251.184 1111.736 -167.439 1063.386 -83.76 1111.723 1 1 0.855 2.0 0.33 1.0 0.301 1.0 106 0 True 3 3.6 0 98.213 0 2303080 2303080 23300.0 23310.0 A A W
23 3 9 FO -251.165 1305.069 5 6 -167.484 1256.709 -167.413 1353.432 -251.158 1401.782 -334.887 1353.359 -334.908 1256.723 -251.163 1208.373 -167.484 1256.709 1 1 0.81 2.0 0.281 1.0 0.265 1.0 106 0 False 3 3.6 0 100.894 0 2303090 2303090 23300.0 23310.0 A A N
23 3 10 FO -334.883 1450.086 5 6 -251.158 1401.782 -251.137 1498.418 -334.881 1546.768 -418.56 1498.432 -418.631 1401.709 -334.887 1353.359 -251.158 1401.782 1 1 0.753 2.0 0.287 1.0 0.287 1.0 106 0 False 3 3.6 0 103.004 0 2303100 2303100 23300.0 23310.0 A A N
23 3 11 cOe -418.596 1595.09 1 3 -334.881 1546.768 -502.305 1546.782 -418.56 1498.432 -334.881 1546.768 0.0 0.0 0.0 0.0 0.0 0.0 1 1 0.657 0.0 0.0 0.0 0.0 0.0 106 0 False 3 3.6 0 104.704 0 2303110 2303110 23300.0 23310.0 A A N
23 4 0 FI 669.76 0.0 0 6 669.8 -96.7 753.5 -48.3 753.5 48.3 669.8 96.7 586.0 48.3 586.0 -48.3 669.8 -96.7 0 0 1.41 2.0 1.068 2.0 1.057 2.0 0 0 True 6 7.2 0 0.0 1 2304000 2304001 23000.0 23010.0 A A N
23 4 1 FI 586.04 145.01 0 6 586.0 48.3 669.8 96.7 669.8 193.3 586.0 241.7 502.3 193.3 502.3 96.7 586.0 48.3 0 0 1.585 2.0 1.176 2.0 1.187 2.0 1 0 False 6 7.2 0 13.898 1 2304010 2304011 23000.0 23011.0 A B N
23 4 2 FI 502.32 290.02 1 6 502.3 193.3 586.0 241.7 586.0 338.4 502.3 386.7 418.6 338.4 418.6 241.7 502.3 193.3 0 1 1.642 2.0 1.24 2.0 1.256 2.0 3 0 False 6 7.2 0 30.0 1 2304020 2304021 23100.0 23110.0 A A N
23 4 3 FI 418.6 435.02 1 6 418.6 338.4 502.3 386.7 502.3 483.4 418.6 531.7 334.9 483.4 334.9 386.7 418.6 338.4 0 1 1.547 2.0 1.18 2.0 1.188 2.0 2 0 False 6 7.2 0 46.102 1 2304030 2304031 23100.0 23110.0 A A N
23 4 4 FI 334.88 580.029 1 6 418.645 531.714 418.579 628.4 334.921 676.7 251.155 628.414 251.171 531.641 334.829 483.341 418.645 531.714 1 0 1.41 2.0 1.068 2.0 1.057 2.0 100 0 True 6 7.2 0 60.0 1 2304040 2304041 23200.0 23210.0 A A N
23 4 5 FI 251.158 725.038 1 6 334.921 676.7 334.855 773.386 251.197 821.686 167.432 773.4 167.497 676.714 251.155 628.414 334.921 676.7 1 0 1.192 2.0 0.964 1.0 0.959 1.0 101 0 True 6 7.2 0 70.894 1 2304050 2304051 23200.0 23211.0 A B N
23 4 6 FM 167.435 870.046 1 6 251.197 821.686 251.132 918.373 167.387 966.723 83.708 918.386 83.687 821.75 167.432 773.4 251.197 821.686 1 0 1.035 2.0 0.567 1.0 0.519 1.0 107 0 False 3 3.6 0 79.107 0 2304060 2304060 23200.0 23210.0 A A N
23 4 7 FM 83.722 1015.05 1 6 167.387 966.723 167.408 1063.359 83.663 1111.709 -0.016 1063.373 -0.037 966.736 83.708 918.386 167.387 966.723 1 0 0.938 2.0 0.455 1.0 0.402 1.0 110 0 False 3 3.6 0 85.285 0 2304070 2304070 23200.0 23210.0 A A N
23 4 8 FO -0.001 1160.059 1 6 83.663 1111.709 83.734 1208.432 -0.01 1256.782 -83.739 1208.359 -83.76 1111.723 -0.016 1063.373 83.663 1111.709 1 0 0.87 2.0 0.342 1.0 0.31 1.0 111 0 True 3 3.6 0 90.0 0 2304080 2304080 23201.0 23210.0 B A W
23 4 9 FO -83.718 1305.076 5 6 -0.01 1256.782 0.011 1353.418 -83.734 1401.768 -167.413 1353.432 -167.484 1256.709 -83.739 1208.359 -0.01 1256.782 1 0 0.815 2.0 0.282 1.0 0.267 1.0 111 0 False 3 3.6 0 93.67 0 2304090 2304090 23201.0 23210.0 B A N
23 4 10 FOe -167.44 1450.085 5 6 -83.734 1401.768 -83.713 1498.405 -167.458 1546.755 -251.137 1498.418 -251.158 1401.782 -167.413 1353.432 -83.734 1401.768 1 0 0.762 2.0 0.261 1.0 0.251 1.0 111 0 False 3 3.6 0 96.587 0 2304100 2304100 23201.0 23210.0 B A N
23 4 11 cOe -251.163 1595.093 1 3 -167.458 1546.755 -334.881 1546.768 -251.137 1498.418 -167.458 1546.755 0.0 0.0 0.0 0.0 0.0 0.0 1 0 0.657 0.0 0.0 0.0 0.0 0.0 111 0 False 3 3.6 0 98.948 0 2304110 2304110 23201.0 23210.0 B A N
23 5 0 FM 837.2 0.0 0 6 837.2 -96.7 920.9 -48.3 920.9 48.3 837.2 96.7 753.5 48.3 753.5 -48.3 837.2 -96.7 0 0 1.096 2.0 0.605 1.0 0.552 1.0 9 0 False 3 3.6 0 0.0 0 2305000 2305000 23000.0 23010.0 A A N
23 5 1 FI 753.48 145.01 0 6 753.5 48.3 837.2 96.7 837.2 193.3 753.5 241.7 669.8 193.3 669.8 96.7 753.5 48.3 0 0 1.192 2.0 0.964 1.0 0.959 1.0 1 0 True 6 7.2 0 10.894 1 2305010 2305011 23000.0 23011.0 A B N
23 5 2 FI 669.76 290.02 0 6 669.8 193.3 753.5 241.7 753.5 338.4 669.8 386.7 586.0 338.4 586.0 241.7 669.8 193.3 0 0 1.249 2.0 1.006 2.0 0.998 2.0 1 0 False 6 7.2 0 23.414 1 2305020 2305021 23000.0 23011.0 A B N
23 5 3 FI 586.04 435.02 1 6 586.0 338.4 669.8 386.7 669.8 483.4 586.0 531.7 502.3 483.4 502.3 386.7 586.0 338.4 0 1 1.281 2.0 1.004 2.0 0.998 2.0 3 0 True 6 7.2 0 36.587 1 2305030 2305031 23100.0 23110.0 A A N
23 5 4 FI 502.32 580.03 1 6 502.3 483.4 586.0 531.7 586.0 628.4 502.3 676.7 418.6 628.4 418.6 531.7 502.3 483.4 0 1 1.191 2.0 0.953 1.0 0.949 1.0 2 0 True 6 7.2 0 49.107 1 2305040 2305041 23100.0 23110.0 A A N
23 5 5 FM 418.6 725.036 1 6 502.345 676.686 502.279 773.373 418.621 821.673 334.855 773.386 334.921 676.7 418.579 628.4 502.345 676.686 1 0 1.096 2.0 0.605 1.0 0.552 1.0 109 0 False 3 3.6 0 60.0 0 2305050 2305050 23200.0 23210.0 A A N
23 5 6 FM 334.878 870.045 1 6 418.621 821.673 418.555 918.359 334.897 966.659 251.132 918.373 251.197 821.686 334.855 773.386 418.621 821.673 1 0 1.011 2.0 0.532 1.0 0.48 1.0 108 0 False 3 3.6 0 68.948 0 2305060 2305060 23200.0 23210.0 A A N
23 5 7 FO 251.155 1015.054 1 6 334.897 966.659 334.882 1063.432 251.137 1111.782 167.408 1063.359 167.387 966.723 251.132 918.373 334.897 966.659 1 0 0.946 2.0 0.419 1.0 0.373 1.0 107 0 True 3 3.6 0 76.102 0 2305070 2305070 23200.0 23210.0 A A W
23 5 8 FO 167.447 1160.066 1 6 251.137 1111.782 251.158 1208.418 167.413 1256.768 83.734 1208.432 83.663 1111.709 167.408 1063.359 251.137 1111.782 1 0 0.861 2.0 0.338 1.0 0.307 1.0 110 0 True 3 3.6 0 81.787 0 2305080 2305080 23200.0 23210.0 A A W
23 5 9 FO 83.724 1305.075 1 6 167.413 1256.768 167.434 1353.405 83.69 1401.755 0.011 1353.418 -0.01 1256.782 83.734 1208.432 167.413 1256.768 1 0 0.799 2.0 0.283 1.0 0.267 1.0 111 1 False 3 3.6 0 86.329 0 2305090 2305090 23201.0 23210.0 B A E
23 5 10 bOe 0.002 1450.083 2 5 83.711 1498.391 -83.713 1498.405 -83.734 1401.768 0.011 1353.418 83.69 1401.755 83.711 1498.391 0.0 0.0 1 0 0.735 1.0 0.192 1.0 0.192 1.0 111 1 False 3 3.6 0 90.0 0 2305100 2305100 23201.0 23210.0 B A N
23 6 0 FM 1004.64 0.0 0 6 1004.6 -96.7 1088.4 -48.3 1088.4 48.3 1004.6 96.7 920.9 48.3 920.9 -48.3 1004.6 -96.7 0 0 0.962 2.0 0.459 1.0 0.406 1.0 9 0 True 3 3.6 0 0.0 0 2306000 2306000 23000.0 23010.0 A A W
23 6 1 FM 920.92 145.01 0 6 920.9 48.3 1004.6 96.7 1004.6 193.3 920.9 241.7 837.2 193.3 837.2 96.7 920.9 48.3 0 0 1.011 2.0 0.532 1.0 0.48 1.0 8 0 False 3 3.6 0 8.948 0 2306010 2306010 23000.0 23010.0 A A N
23 6 2 FM 837.2 290.02 0 6 837.2 193.3 920.9 241.7 920.9 338.4 837.2 386.7 753.5 338.4 753.5 241.7 837.2 193.3 0 0 1.035 2.0 0.567 1.0 0.519 1.0 7 0 False 3 3.6 0 19.107 0 2306020 2306020 23000.0 23010.0 A A N
23 6 3 FM 753.48 435.02 4 6 753.5 338.4 837.2 386.7 837.2 483.4 753.5 531.7 669.8 483.4 669.8 386.7 753.5 338.4 0 1 1.047 2.0 0.58 1.0 0.53 1.0 6 1 False 3 3.6 0 30.0 0 2306030 2306030 23100.0 23110.0 A A N
23 6 4 FM 669.76 580.03 4 6 669.8 483.4 753.5 531.7 753.5 628.4 669.8 676.7 586.0 628.4 586.0 531.7 669.8 483.4 0 1 1.025 2.0 0.567 1.0 0.518 1.0 5 1 False 3 3.6 0 40.893 0 2306040 2306040 23100.0 23110.0 A A N
23 6 5 FM 586.04 725.04 4 6 586.0 628.4 669.8 676.7 669.8 773.4 586.0 821.7 502.3 773.4 502.3 676.7 586.0 628.4 0 1 1.006 2.0 0.529 1.0 0.477 1.0 4 1 False 3 3.6 0 51.052 0 2306050 2306050 23100.0 23110.0 A A N
23 6 6 FM 502.32 870.044 1 6 586.045 821.659 586.029 918.432 502.371 966.732 418.555 918.359 418.621 821.673 502.279 773.373 586.045 821.659 1 0 0.962 2.0 0.459 1.0 0.406 1.0 109 0 True 3 3.6 0 60.0 0 2306060 2306060 23200.0 23210.0 A A W
23 6 7 FO 418.603 1015.061 1 6 502.371 966.732 502.305 1063.418 418.647 1111.718 334.882 1063.432 334.897 966.659 418.555 918.359 502.371 966.732 1 0 0.907 2.0 0.374 1.0 0.335 1.0 108 0 True 3 3.6 0 67.589 0 2306070 2306070 23200.0 23210.0 A A W
23 6 8 FO 334.88 1160.07 1 6 418.647 1111.718 418.582 1208.405 334.837 1256.755 251.158 1208.418 251.137 1111.782 334.882 1063.432 418.647 1111.718 1 0 0.838 2.0 0.319 1.0 0.293 1.0 107 1 False 3 3.6 0 73.898 0 2306080 2306080 23200.0 23210.0 A A E
23 6 9 FO 251.167 1305.073 1 6 334.837 1256.755 334.858 1353.391 251.113 1401.741 167.434 1353.405 167.413 1256.768 251.158 1208.418 334.837 1256.755 1 0 0.812 2.0 0.276 1.0 0.262 1.0 110 1 False 3 3.6 0 79.106 0 2306090 2306090 23200.0 23210.0 A A E
23 6 10 FOe 167.444 1450.082 1 6 251.113 1401.741 251.134 1498.377 167.39 1546.727 83.711 1498.391 83.69 1401.755 167.434 1353.405 251.113 1401.741 1 0 0.751 2.0 0.292 1.0 0.292 1.0 111 1 False 3 3.6 0 83.413 0 2306100 2306100 23201.0 23210.0 B A N
23 7 0 FO 1172.09 0.0 0 6 1172.1 -96.7 1255.8 -48.3 1255.8 48.3 1172.1 96.7 1088.4 48.3 1088.4 -48.3 1172.1 -96.7 0 0 0.864 2.0 0.332 1.0 0.302 1.0 9 1 False 3 3.6 0 0.0 0 2307000 2307000 23000.0 23010.0 A A E
23 7 1 FO 1088.37 145.01 0 6 1088.4 48.3 1172.1 96.7 1172.1 193.3 1088.4 241.7 1004.6 193.3 1004.6 96.7 1088.4 48.3 0 0 0.907 2.0 0.374 1.0 0.335 1.0 8 0 True 3 3.6 0 7.589 0 2307010 2307010 23000.0 23010.0 A A W
23 7 2 FO 1004.64 290.02 0 6 1004.6 193.3 1088.4 241.7 1088.4 338.4 1004.6 386.7 920.9 338.4 920.9 241.7 1004.6 193.3 0 0 0.946 2.0 0.419 1.0 0.373 1.0 7 0 True 3 3.6 0 16.102 0 2307020 2307020 23000.0 23010.0 A A W
23 7 3 FM 920.92 435.02 0 6 920.9 338.4 1004.6 386.7 1004.6 483.4 920.9 531.7 837.2 483.4 837.2 386.7 920.9 338.4 0 0 0.938 2.0 0.455 1.0 0.402 1.0 10 0 False 3 3.6 0 25.285 0 2307030 2307030 23000.0 23010.0 A A N
23 7 4 FM 837.2 580.03 4 6 837.2 483.4 920.9 531.7 920.9 628.4 837.2 676.7 753.5 628.4 753.5 531.7 837.2 483.4 0 1 0.936 2.0 0.45 1.0 0.399 1.0 6 1 False 3 3.6 0 34.715 0 2307040 2307040 23100.0 23110.0 A A E
23 7 5 FO 753.48 725.04 4 6 753.5 628.4 837.2 676.7 837.2 773.4 753.5 821.7 669.8 773.4 669.8 676.7 753.5 628.4 0 1 0.965 2.0 0.419 1.0 0.372 1.0 5 1 False 3 3.6 0 43.898 0 2307050 2307050 23100.0 23110.0 A A E
23 7 6 FO 669.76 870.05 4 6 669.8 773.4 753.5 821.7 753.5 918.4 669.8 966.7 586.0 918.4 586.0 821.7 669.8 773.4 0 1 0.903 2.0 0.376 1.0 0.337 1.0 4 1 False 3 3.6 0 52.411 0 2307060 2307060 23100.0 23110.0 A A E
23 7 7 FO 586.045 1015.06 1 6 669.795 966.718 669.729 1063.405 586.071 1111.705 502.305 1063.418 502.371 966.732 586.029 918.432 669.795 966.718 1 0 0.864 2.0 0.332 1.0 0.302 1.0 109 1 False 3 3.6 0 60.0 0 2307070 2307070 23200.0 23210.0 A A E
23 7 8 FO 502.323 1160.068 1 6 586.071 1111.705 586.005 1208.391 502.347 1256.691 418.582 1208.405 418.647 1111.718 502.305 1063.418 586.071 1111.705 1 0 0.839 2.0 0.3 1.0 0.279 1.0 108 1 False 3 3.6 0 66.587 0 2307080 2307080 23200.0 23210.0 A A E
23 7 9 FO 418.6 1305.077 1 6 502.347 1256.691 502.282 1353.377 418.537 1401.727 334.858 1353.391 334.837 1256.755 418.582 1208.405 502.347 1256.691 1 0 0.783 2.0 0.276 1.0 0.262 1.0 107 1 False 3 3.6 0 72.216 0 2307090 2307090 23200.0 23210.0 A A N
23 7 10 FO 334.887 1450.081 1 6 418.537 1401.727 418.608 1498.45 334.863 1546.8 251.134 1498.377 251.113 1401.741 334.858 1353.391 418.537 1401.727 1 0 0.758 2.0 0.286 1.0 0.286 1.0 110 1 False 3 3.6 0 76.996 0 2307100 2307100 23200.0 23210.0 A A N
23 7 11 cOe 251.164 1595.089 1 3 334.863 1546.8 167.39 1546.727 251.134 1498.377 334.863 1546.8 0.0 0.0 0.0 0.0 0.0 0.0 1 0 0.655 0.0 0.0 0.0 0.0 0.0 111 1 False 3 3.6 0 81.052 0 2307110 2307110 23201.0 23210.0 B A N
23 8 0 FO 1339.53 0.0 0 6 1339.5 -96.7 1423.2 -48.3 1423.2 48.3 1339.5 96.7 1255.8 48.3 1255.8 -48.3 1339.5 -96.7 0 0 0.789 2.0 0.28 1.0 0.265 1.0 9 1 False 3 3.6 0 0.0 0 2308000 2308000 23000.0 23010.0 A A N
23 8 1 FO 1255.81 145.01 0 6 1255.8 48.3 1339.5 96.7 1339.5 193.3 1255.8 241.7 1172.1 193.3 1172.1 96.7 1255.8 48.3 0 0 0.839 2.0 0.3 1.0 0.279 1.0 8 1 False 3 3.6 0 6.587 0 2308010 2308010 23000.0 23010.0 A A E
23 8 2 FO 1172.09 290.02 0 6 1172.1 193.3 1255.8 241.7 1255.8 338.4 1172.1 386.7 1088.4 338.4 1088.4 241.7 1172.1 193.3 0 0 0.838 2.0 0.319 1.0 0.293 1.0 7 1 False 3 3.6 0 13.898 0 2308020 2308020 23000.0 23010.0 A A E
23 8 3 FO 1088.37 435.02 0 6 1088.4 338.4 1172.1 386.7 1172.1 483.4 1088.4 531.7 1004.6 483.4 1004.6 386.7 1088.4 338.4 0 0 0.861 2.0 0.338 1.0 0.307 1.0 10 0 True 3 3.6 0 21.787 0 2308030 2308030 23000.0 23010.0 A A W
23 8 4 FO 1004.64 580.03 0 6 1004.6 483.4 1088.4 531.7 1088.4 628.4 1004.6 676.7 920.9 628.4 920.9 531.7 1004.6 483.4 0 0 0.87 2.0 0.342 1.0 0.31 1.0 11 0 True 3 3.6 0 30.0 0 2308040 2308040 23001.0 23010.0 B A W
23 8 5 FO 920.92 725.04 4 6 920.9 628.4 1004.6 676.7 1004.6 773.4 920.9 821.7 837.2 773.4 837.2 676.7 920.9 628.4 0 1 0.855 2.0 0.33 1.0 0.301 1.0 6 0 True 3 3.6 0 38.213 0 2308050 2308050 23100.0 23110.0 A A W
23 8 6 FO 837.2 870.05 4 6 837.2 773.4 920.9 821.7 920.9 918.4 837.2 966.7 753.5 918.4 753.5 821.7 837.2 773.4 0 1 0.827 2.0 0.321 1.0 0.295 1.0 5 0 True 3 3.6 0 46.102 0 2308060 2308060 23100.0 23110.0 A A W
23 8 7 FO 753.48 1015.06 4 6 753.5 918.4 837.2 966.7 837.2 1063.4 753.5 1111.7 669.8 1063.4 669.8 966.7 753.5 918.4 0 1 0.841 2.0 0.304 1.0 0.282 1.0 4 0 True 3 3.6 0 53.413 0 2308070 2308070 23100.0 23110.0 A A W
23 8 8 FO 669.765 1160.067 1 6 753.495 1111.691 753.429 1208.377 669.771 1256.677 586.005 1208.391 586.071 1111.705 669.729 1063.405 753.495 1111.691 1 0 0.789 2.0 0.28 1.0 0.265 1.0 109 1 False 3 3.6 0 60.0 0 2308080 2308080 23200.0 23210.0 A A N
23 8 9 FO 586.043 1305.076 1 6 669.771 1256.677 669.755 1353.45 586.097 1401.75 502.282 1353.377 502.347 1256.691 586.005 1208.391 669.771 1256.677 1 0 0.759 2.0 0.261 1.0 0.251 1.0 108 1 False 3 3.6 0 65.818 0 2308090 2308090 23200.0 23210.0 A A N
23 8 10 FOe 502.32 1450.084 1 6 586.097 1401.75 586.032 1498.437 502.287 1546.787 418.608 1498.45 418.537 1401.727 502.282 1353.377 586.097 1401.75 1 0 0.735 2.0 0.256 1.0 0.248 1.0 107 1 False 3 3.6 0 70.894 0 2308100 2308100 23200.0 23210.0 A A N
23 8 11 cOe 418.607 1595.088 1 3 502.287 1546.787 334.863 1546.8 418.608 1498.45 502.287 1546.787 0.0 0.0 0.0 0.0 0.0 0.0 1 0 0.661 0.0 0.0 0.0 0.0 0.0 110 1 False 3 3.6 0 75.295 0 2308110 2308110 23200.0 23210.0 A A N
23 9 0 bOe 1506.97 0.0 0 5 1507.0 -96.7 1590.7 48.3 1507.0 96.7 1423.2 48.3 1423.2 -48.3 1507.0 -96.7 0.0 0.0 0 0 0.741 1.0 0.192 1.0 0.192 1.0 9 1 False 3 3.6 0 0.0 0 2309000 2309000 23000.0 23010.0 A A N
23 9 1 FO 1423.25 145.01 0 6 1423.2 48.3 1507.0 96.7 1507.0 193.3 1423.2 241.7 1339.5 193.3 1339.5 96.7 1423.2 48.3 0 0 0.759 2.0 0.261 1.0 0.251 1.0 8 1 False 3 3.6 0 5.818 0 2309010 2309010 23000.0 23010.0 A A N
23 9 2 FO 1339.53 290.02 0 6 1339.5 193.3 1423.2 241.7 1423.2 338.4 1339.5 386.7 1255.8 338.4 1255.8 241.7 1339.5 193.3 0 0 0.783 2.0 0.276 1.0 0.262 1.0 7 1 False 3 3.6 0 12.216 0 2309020 2309020 23000.0 23010.0 A A N
23 9 3 FO 1255.81 435.02 0 6 1255.8 338.4 1339.5 386.7 1339.5 483.4 1255.8 531.7 1172.1 483.4 1172.1 386.7 1255.8 338.4 0 0 0.812 2.0 0.276 1.0 0.262 1.0 10 1 False 3 3.6 0 19.106 0 2309030 2309030 23000.0 23010.0 A A E
23 9 4 FO 1172.09 580.03 0 6 1172.1 483.4 1255.8 531.7 1255.8 628.4 1172.1 676.7 1088.4 628.4 1088.4 531.7 1172.1 483.4 0 0 0.799 2.0 0.283 1.0 0.267 1.0 11 1 False 3 3.6 0 26.329 0 2309040 2309040 23001.0 23010.0 B A E
23 9 5 FO 1088.37 725.04 4 6 1088.4 628.4 1172.1 676.7 1172.1 773.4 1088.4 821.7 1004.6 773.4 1004.6 676.7 1088.4 628.4 0 0 0.815 2.0 0.282 1.0 0.267 1.0 11 0 False 3 3.6 0 33.67 0 2309050 2309050 23001.0 23010.0 B A N
23 9 6 FO 1004.64 870.05 4 6 1004.6 773.4 1088.4 821.7 1088.4 918.4 1004.6 966.7 920.9 918.4 920.9 821.7 1004.6 773.4 0 1 0.81 2.0 0.281 1.0 0.265 1.0 6 0 False 3 3.6 0 40.894 0 2309060 2309060 23100.0 23110.0 A A N
23 9 7 FO 920.92 1015.06 4 6 920.9 918.4 1004.6 966.7 1004.6 1063.4 920.9 1111.7 837.2 1063.4 837.2 966.7 920.9 918.4 0 1 0.791 2.0 0.274 1.0 0.26 1.0 5 0 False 3 3.6 0 47.784 0 2309070 2309070 23100.0 23110.0 A A N
23 9 8 FO 837.2 1160.06 4 6 837.2 1063.4 920.9 1111.7 920.9 1208.4 837.2 1256.7 753.5 1208.4 753.5 1111.7 837.2 1063.4 0 1 0.755 2.0 0.296 1.0 0.296 1.0 4 0 False 3 3.6 0 54.183 0 2309080 2309080 23100.0 23110.0 A A N
23 9 9 bOe 753.485 1305.074 1 5 837.245 1256.75 753.521 1401.737 669.755 1353.45 669.771 1256.677 753.429 1208.377 837.245 1256.75 0.0 0.0 1 0 0.741 1.0 0.192 1.0 0.192 1.0 109 1 False 3 3.6 0 60.0 0 2309090 2309090 23200.0 23210.0 A A N
23 9 10 aOe 669.763 1450.083 1 4 753.521 1401.737 586.032 1498.437 586.097 1401.75 669.755 1353.45 753.521 1401.737 0.0 0.0 0.0 0.0 1 0 0.694 1.0 0.144 1.0 0.144 1.0 108 1 False 3 3.6 0 65.209 0 2309100 2309100 23200.0 23210.0 A A N
23 10 1 aOe 1590.69 145.01 0 4 1590.7 48.3 1590.7 241.7 1507.0 193.3 1507.0 96.7 1590.7 48.3 0.0 0.0 0.0 0.0 0 0 0.694 1.0 0.144 1.0 0.144 1.0 8 1 False 3 3.6 0 5.209 0 2310010 2310010 23000.0 23010.0 A A N
23 10 2 FOe 1506.97 290.02 0 6 1507.0 193.3 1590.7 241.7 1590.7 338.4 1507.0 386.7 1423.2 338.4 1423.2 241.7 1507.0 193.3 0 0 0.735 2.0 0.256 1.0 0.248 1.0 7 1 False 3 3.6 0 10.894 0 2310020 2310020 23000.0 23010.0 A A N
23 10 3 FO 1423.25 435.02 0 6 1423.2 338.4 1507.0 386.7 1507.0 483.4 1423.2 531.7 1339.5 483.4 1339.5 386.7 1423.2 338.4 0 0 0.758 2.0 0.286 1.0 0.286 1.0 10 1 False 3 3.6 0 16.996 0 2310030 2310030 23000.0 23010.0 A A N
23 10 4 FOe 1339.53 580.03 0 6 1339.5 483.4 1423.2 531.7 1423.2 628.4 1339.5 676.7 1255.8 628.4 1255.8 531.7 1339.5 483.4 0 0 0.751 2.0 0.292 1.0 0.292 1.0 11 1 False 3 3.6 0 23.413 0 2310040 2310040 23001.0 23010.0 B A N
23 10 5 bOe 1255.81 725.04 1 5 1339.5 676.7 1255.8 821.7 1172.1 773.4 1172.1 676.7 1255.8 628.4 1339.5 676.7 0.0 0.0 0 0 0.735 1.0 0.192 1.0 0.192 1.0 11 1 False 3 3.6 0 30.0 0 2310050 2310050 23001.0 23010.0 B A N
23 10 6 FOe 1172.09 870.05 4 6 1172.1 773.4 1255.8 821.7 1255.8 918.4 1172.1 966.7 1088.4 918.4 1088.4 821.7 1172.1 773.4 0 0 0.762 2.0 0.261 1.0 0.251 1.0 11 0 False 3 3.6 0 36.587 0 2310060 2310060 23001.0 23010.0 B A N
23 10 7 FO 1088.37 1015.06 4 6 1088.4 918.4 1172.1 966.7 1172.1 1063.4 1088.4 1111.7 1004.6 1063.4 1004.6 966.7 1088.4 918.4 0 1 0.753 2.0 0.287 1.0 0.287 1.0 6 0 False 3 3.6 0 43.004 0 2310070 2310070 23100.0 23110.0 A A N
23 10 8 FOe 1004.64 1160.06 4 6 1004.6 1063.4 1088.4 1111.7 1088.4 1208.4 1004.6 1256.7 920.9 1208.4 920.9 1111.7 1004.6 1063.4 0 1 0.735 2.0 0.283 1.0 0.283 1.0 5 0 False 3 3.6 0 49.107 0 2310080 2310080 23100.0 23110.0 A A N
23 10 9 cOe 920.92 1305.07 1 3 1004.6 1256.7 837.2 1256.7 920.9 1208.4 1004.6 1256.7 0.0 0.0 0.0 0.0 0.0 0.0 0 1 0.656 0.0 0.0 0.0 0.0 0.0 4 0 False 3 3.6 0 54.791 0 2310090 2310090 23100.0 23110.0 A A N
23 11 3 cOe 1590.69 435.02 0 3 1590.7 338.4 1507.0 483.4 1507.0 386.7 1590.7 338.4 0.0 0.0 0.0 0.0 0.0 0.0 0 0 0.661 0.0 0.0 0.0 0.0 0.0 10 1 False 3 3.6 0 15.295 0 2311030 2311030 23000.0 23010.0 A A N
23 11 4 cOe 1506.97 580.03 0 3 1507.0 483.4 1423.2 628.4 1423.2 531.7 1507.0 483.4 0.0 0.0 0.0 0.0 0.0 0.0 0 0 0.655 0.0 0.0 0.0 0.0 0.0 11 1 False 3 3.6 0 21.052 0 2311040 2311040 23001.0 23010.0 B A N
23 11 7 cOe 1255.81 1015.06 0 3 1255.8 918.4 1172.1 1063.4 1172.1 966.7 1255.8 918.4 0.0 0.0 0.0 0.0 0.0 0.0 0 0 0.657 0.0 0.0 0.0 0.0 0.0 11 0 False 3 3.6 0 38.948 0 2311070 2311070 23001.0 23010.0 B A N
23 11 8 cOe 1172.09 1160.06 0 3 1172.1 1063.4 1088.4 1208.4 1088.4 1111.7 1172.1 1063.4 0.0 0.0 0.0 0.0 0.0 0.0 0 1 0.657 0.0 0.0 0.0 0.0 0.0 6 0 False 3 3.6 0 44.704 0 2311080 2311080 23100.0 23110.0 A A N
24 1 2 dIe -0.002 290.016 4 5 -83.718 338.396 -83.729 316.578 83.695 316.564 83.705 338.382 0.047 386.682 -83.718 338.396 0.0 0.0 1 1 0.0 0.0 1.112 2.0 1.112 2.0 102 0 False 3 3.6 0 90.0 1 2401020 2401021 24300.0 0.0 A None N
24 1 3 FI -83.725 435.025 2 6 0.047 386.682 -0.018 483.368 -83.763 531.718 -167.442 483.382 -167.463 386.746 -83.718 338.396 0.047 386.682 1 1 0.0 0.0 1.719 2.0 1.793 2.0 102 0 False 6 7.2 0 100.894 1 2401030 2401031 24300.0 0.0 A None N
24 1 4 FI -167.438 580.028 2 6 -83.763 531.718 -83.742 628.355 -167.487 676.705 -251.166 628.368 -251.187 531.732 -167.442 483.382 -83.763 531.718 1 1 0.0 0.0 1.154 2.0 1.159 2.0 102 0 False 6 7.2 0 106.102 1 2401040 2401041 24300.0 0.0 A None N
24 1 5 FI -251.161 725.037 2 6 -167.487 676.705 -167.466 773.341 -251.21 821.691 -334.889 773.355 -334.91 676.718 -251.166 628.368 -167.487 676.705 1 1 0.0 0.0 0.942 1.0 0.939 1.0 102 0 True 6 7.2 0 109.107 1 2401050 2401051 24300.0 0.0 A None N
24 1 6 FM -334.883 870.046 5 6 -251.21 821.691 -251.139 918.414 -334.884 966.764 -418.613 918.341 -418.634 821.705 -334.889 773.355 -251.21 821.691 1 1 0.0 0.0 0.515 1.0 0.46 1.0 104 1 False 3 3.6 0 111.052 0 2401060 2401060 24300.0 0.0 A None N
24 1 7 FO -418.605 1015.054 5 6 -334.884 966.764 -334.863 1063.4 -418.608 1111.75 -502.287 1063.414 -502.358 966.691 -418.613 918.341 -334.884 966.764 1 1 0.0 0.0 0.365 1.0 0.323 1.0 104 1 False 3 3.6 0 112.411 0 2401070 2401070 24300.0 0.0 A None E
24 1 8 FO -502.328 1160.063 5 6 -418.608 1111.75 -418.587 1208.386 -502.331 1256.736 -586.01 1208.4 -586.031 1111.764 -502.287 1063.414 -418.608 1111.75 1 1 0.0 0.0 0.296 1.0 0.274 1.0 104 0 True 3 3.6 0 113.413 0 2401080 2401080 24300.0 0.0 A None W
24 1 9 FO -586.041 1305.066 5 6 -502.331 1256.736 -502.31 1353.373 -586.055 1401.723 -669.734 1353.386 -669.755 1256.75 -586.01 1208.4 -502.331 1256.736 1 1 0.0 0.0 0.261 1.0 0.25 1.0 104 0 False 3 3.6 0 114.183 0 2401090 2401090 24300.0 0.0 A None N
24 1 10 aOe -669.764 1450.075 2 4 -586.034 1498.359 -753.479 1401.736 -669.734 1353.386 -586.055 1401.723 -586.034 1498.359 0.0 0.0 0.0 0.0 1 1 0.0 0.0 0.144 1.0 0.144 1.0 104 0 False 3 3.6 0 114.791 0 2401100 2401100 24300.0 0.0 A None N
24 2 0 gIe 334.88 0.0 3 6 334.9 96.7 316.0 85.8 316.0 -85.8 334.9 -96.7 418.6 -48.3 418.6 48.3 334.9 96.7 0 0 0.0 0.0 1.818 2.0 1.818 2.0 0 0 False 6 7.2 0 0.0 1 2402000 2402001 24000.0 0.0 A None N
24 2 1 dIe 251.16 145.01 3 5 251.2 241.7 232.3 230.8 316.0 85.8 334.9 96.7 334.9 193.3 251.2 241.7 0.0 0.0 0 1 0.0 0.0 1.112 2.0 1.112 2.0 2 0 False 3 3.6 0 30.0 1 2402010 2402011 24100.0 0.0 A None N
24 2 2 gIe 167.44 290.015 4 6 83.705 338.382 83.695 316.564 232.305 230.764 251.195 241.682 251.129 338.368 167.471 386.668 83.705 338.382 1 0 0.0 0.0 1.818 2.0 1.818 2.0 100 0 False 6 7.2 0 60.0 1 2402020 2402021 24200.0 0.0 A None N
24 2 3 FI 83.718 435.023 2 6 167.471 386.668 167.405 483.355 83.747 531.655 -0.018 483.368 0.047 386.682 83.705 338.382 167.471 386.668 1 1 0.0 0.0 1.714 2.0 1.788 2.0 103 0 False 6 7.2 0 79.107 1 2402030 2402031 24300.0 0.0 A None N
24 2 4 FI -0.005 580.032 2 6 83.747 531.655 83.682 628.341 -0.063 676.691 -83.742 628.355 -83.763 531.718 -0.018 483.368 83.747 531.655 1 1 0.0 0.0 1.207 2.0 1.22 2.0 103 0 False 6 7.2 0 90.0 1 2402040 2402041 24300.0 0.0 A None N
24 2 5 FI -83.718 725.036 2 6 -0.063 676.691 0.008 773.414 -83.737 821.764 -167.466 773.341 -167.487 676.705 -83.742 628.355 -0.063 676.691 1 1 0.0 0.0 0.986 2.0 0.978 1.0 103 0 True 6 7.2 0 96.587 1 2402050 2402051 24300.0 0.0 A None N
24 2 6 FM -167.441 870.044 5 6 -83.737 821.764 -83.716 918.4 -167.46 966.75 -251.139 918.414 -251.21 821.691 -167.466 773.341 -83.737 821.764 1 1 0.0 0.0 0.559 1.0 0.512 1.0 105 1 False 3 3.6 0 100.893 0 2402060 2402060 24300.0 0.0 A None N
24 2 7 FO -251.163 1015.053 5 6 -167.46 966.75 -167.439 1063.386 -251.184 1111.736 -334.863 1063.4 -334.884 966.764 -251.139 918.414 -167.46 966.75 1 1 0.0 0.0 0.407 1.0 0.356 1.0 105 1 False 3 3.6 0 103.898 0 2402070 2402070 24300.0 0.0 A None E
24 2 8 FO -334.885 1160.061 5 6 -251.184 1111.736 -251.163 1208.373 -334.908 1256.723 -418.587 1208.386 -418.608 1111.75 -334.863 1063.4 -251.184 1111.736 1 1 0.0 0.0 0.316 1.0 0.289 1.0 105 0 True 3 3.6 0 106.102 0 2402080 2402080 24300.0 0.0 A None W
24 2 9 FO -418.608 1305.07 5 6 -334.908 1256.723 -334.887 1353.359 -418.631 1401.709 -502.31 1353.373 -502.331 1256.736 -418.587 1208.386 -334.908 1256.723 1 1 0.0 0.0 0.267 1.0 0.254 1.0 105 0 False 3 3.6 0 107.784 0 2402090 2402090 24300.0 0.0 A None N
24 2 10 bOe -502.321 1450.074 2 5 -418.56 1498.432 -586.034 1498.359 -586.055 1401.723 -502.31 1353.373 -418.631 1401.709 -418.56 1498.432 0.0 0.0 1 1 0.0 0.0 0.192 1.0 0.192 1.0 105 0 False 3 3.6 0 109.107 0 2402100 2402100 24300.0 0.0 A None N
24 3 0 FI 502.32 0.0 0 6 502.3 -96.7 586.0 -48.3 586.0 48.3 502.3 96.7 418.6 48.3 418.6 -48.3 502.3 -96.7 0 0 0.0 0.0 1.441 2.0 1.464 2.0 0 0 False 6 7.2 0 0.0 1 2403000 2403001 24000.0 0.0 A None N
24 3 1 FI 418.6 145.01 1 6 418.6 48.3 502.3 96.7 502.3 193.3 418.6 241.7 334.9 193.3 334.9 96.7 418.6 48.3 0 1 0.0 0.0 1.714 2.0 1.788 2.0 3 0 False 6 7.2 0 19.107 1 2403010 2403011 24100.0 0.0 A None N
24 3 2 FI 334.88 290.02 1 6 334.9 193.3 418.6 241.7 418.6 338.4 334.9 386.7 251.2 338.4 251.2 241.7 334.9 193.3 0 1 0.0 0.0 1.719 2.0 1.793 2.0 2 0 False 6 7.2 0 40.894 1 2403020 2403021 24100.0 0.0 A None N
24 3 3 FI 251.16 435.022 1 6 334.895 386.655 334.829 483.341 251.171 531.641 167.405 483.355 167.471 386.668 251.129 338.368 334.895 386.655 1 0 0.0 0.0 1.441 2.0 1.464 2.0 100 0 False 6 7.2 0 60.0 1 2403030 2403031 24200.0 0.0 A None N
24 3 4 FI 167.438 580.031 1 6 251.171 531.641 251.155 628.414 167.497 676.714 83.682 628.341 83.747 531.655 167.405 483.355 251.171 531.641 1 0 0.0 0.0 1.147 2.0 1.156 2.0 101 0 False 6 7.2 0 73.898 1 2403040 2403041 24200.0 0.0 A None N
24 3 5 FI 83.715 725.039 1 6 167.497 676.714 167.432 773.4 83.687 821.75 0.008 773.414 -0.063 676.691 83.682 628.341 167.497 676.714 1 0 0.0 0.0 0.987 2.0 0.98 1.0 101 0 False 6 7.2 0 83.414 1 2403050 2403051 24200.0 0.0 A None N
24 3 6 FM 0.002 870.043 5 6 83.687 821.75 83.708 918.386 -0.037 966.736 -83.716 918.4 -83.737 821.764 0.008 773.414 83.687 821.75 1 1 0.0 0.0 0.567 1.0 0.52 1.0 106 1 False 3 3.6 0 90.0 0 2403060 2403060 24300.0 0.0 A None N
24 3 7 FM -83.721 1015.051 5 6 -0.037 966.736 -0.016 1063.373 -83.76 1111.723 -167.439 1063.386 -167.46 966.75 -83.716 918.4 -0.037 966.736 1 1 0.0 0.0 0.438 1.0 0.383 1.0 106 1 False 3 3.6 0 94.715 0 2403070 2403070 24300.0 0.0 A None E
24 3 8 FO -167.443 1160.06 5 6 -83.76 1111.723 -83.739 1208.359 -167.484 1256.709 -251.163 1208.373 -251.184 1111.736 -167.439 1063.386 -83.76 1111.723 1 1 0.0 0.0 0.319 1.0 0.29 1.0 106 0 True 3 3.6 0 98.213 0 2403080 2403080 24300.0 0.0 A None W
24 3 9 FO -251.165 1305.069 5 6 -167.484 1256.709 -167.413 1353.432 -251.158 1401.782 -334.887 1353.359 -334.908 1256.723 -251.163 1208.373 -167.484 1256.709 1 1 0.0 0.0 0.278 1.0 0.262 1.0 106 0 False 3 3.6 0 100.894 0 2403090 2403090 24300.0 0.0 A None N
24 3 10 FOe -334.883 1450.086 5 6 -251.158 1401.782 -251.137 1498.418 -334.881 1546.768 -418.56 1498.432 -418.631 1401.709 -334.887 1353.359 -251.158 1401.782 1 1 0.0 0.0 0.285 1.0 0.285 1.0 106 0 False 3 3.6 0 103.004 0 2403100 2403100 24300.0 0.0 A None N
24 4 0 FI 669.76 0.0 0 6 669.8 -96.7 753.5 -48.3 753.5 48.3 669.8 96.7 586.0 48.3 586.0 -48.3 669.8 -96.7 0 0 0.0 0.0 1.052 2.0 1.04 2.0 0 0 True 6 7.2 0 0.0 1 2404000 2404001 24000.0 0.0 A None N
24 4 1 FI 586.04 145.01 0 6 586.0 48.3 669.8 96.7 669.8 193.3 586.0 241.7 502.3 193.3 502.3 96.7 586.0 48.3 0 0 0.0 0.0 1.147 2.0 1.156 2.0 1 0 False 6 7.2 0 13.898 1 2404010 2404011 24000.0 0.0 A None N
24 4 2 FI 502.32 290.02 1 6 502.3 193.3 586.0 241.7 586.0 338.4 502.3 386.7 418.6 338.4 418.6 241.7 502.3 193.3 0 1 0.0 0.0 1.207 2.0 1.22 2.0 3 0 False 6 7.2 0 30.0 1 2404020 2404021 24100.0 0.0 A None N
24 4 3 FI 418.6 435.02 1 6 418.6 338.4 502.3 386.7 502.3 483.4 418.6 531.7 334.9 483.4 334.9 386.7 418.6 338.4 0 1 0.0 0.0 1.154 2.0 1.159 2.0 2 0 False 6 7.2 0 46.102 1 2404030 2404031 24100.0 0.0 A None N
24 4 4 FI 334.88 580.029 1 6 418.645 531.714 418.579 628.4 334.921 676.7 251.155 628.414 251.171 531.641 334.829 483.341 418.645 531.714 1 0 0.0 0.0 1.052 2.0 1.04 2.0 100 0 True 6 7.2 0 60.0 1 2404040 2404041 24200.0 0.0 A None N
24 4 5 FI 251.158 725.038 1 6 334.921 676.7 334.855 773.386 251.197 821.686 167.432 773.4 167.497 676.714 251.155 628.414 334.921 676.7 1 0 0.0 0.0 0.941 1.0 0.939 1.0 101 0 True 6 7.2 0 70.894 1 2404050 2404051 24200.0 0.0 A None N
24 4 6 FM 167.435 870.046 1 6 251.197 821.686 251.132 918.373 167.387 966.723 83.708 918.386 83.687 821.75 167.432 773.4 251.197 821.686 1 0 0.0 0.0 0.554 1.0 0.509 1.0 107 0 False 3 3.6 0 79.107 0 2404060 2404060 24200.0 0.0 A None N
24 4 7 FM 83.722 1015.05 1 6 167.387 966.723 167.408 1063.359 83.663 1111.709 -0.016 1063.373 -0.037 966.736 83.708 918.386 167.387 966.723 1 0 0.0 0.0 0.447 1.0 0.391 1.0 110 0 False 3 3.6 0 85.285 0 2404070 2404070 24200.0 0.0 A None N
24 4 8 FO -0.001 1160.059 1 6 83.663 1111.709 83.734 1208.432 -0.01 1256.782 -83.739 1208.359 -83.76 1111.723 -0.016 1063.373 83.663 1111.709 1 0 0.0 0.0 0.332 1.0 0.3 1.0 111 0 True 3 3.6 0 90.0 0 2404080 2404080 24201.0 0.0 B None W
24 4 9 FO -83.718 1305.076 5 6 -0.01 1256.782 0.011 1353.418 -83.734 1401.768 -167.413 1353.432 -167.484 1256.709 -83.739 1208.359 -0.01 1256.782 1 0 0.0 0.0 0.277 1.0 0.261 1.0 111 0 False 3 3.6 0 93.67 0 2404090 2404090 24201.0 0.0 B None N
24 4 10 FO -167.44 1450.085 5 6 -83.734 1401.768 -83.713 1498.405 -167.458 1546.755 -251.137 1498.418 -251.158 1401.782 -167.413 1353.432 -83.734 1401.768 1 0 0.0 0.0 0.285 1.0 0.285 1.0 111 0 False 3 3.6 0 96.587 0 2404100 2404100 24201.0 0.0 B None N
24 4 11 cOe -251.163 1595.093 1 3 -167.458 1546.755 -334.881 1546.768 -251.137 1498.418 -167.458 1546.755 0.0 0.0 0.0 0.0 0.0 0.0 1 1 0.0 0.0 0.0 0.0 0.0 0.0 106 0 False 3 3.6 0 98.948 0 2404110 2404110 24300.0 0.0 A None N
24 5 0 FM 837.2 0.0 0 6 837.2 -96.7 920.9 -48.3 920.9 48.3 837.2 96.7 753.5 48.3 753.5 -48.3 837.2 -96.7 0 0 0.0 0.0 0.596 1.0 0.549 1.0 9 0 False 3 3.6 0 0.0 0 2405000 2405000 24000.0 0.0 A None N
24 5 1 FI 753.48 145.01 0 6 753.5 48.3 837.2 96.7 837.2 193.3 753.5 241.7 669.8 193.3 669.8 96.7 753.5 48.3 0 0 0.0 0.0 0.941 1.0 0.939 1.0 1 0 True 6 7.2 0 10.894 1 2405010 2405011 24000.0 0.0 A None N
24 5 2 FI 669.76 290.02 0 6 669.8 193.3 753.5 241.7 753.5 338.4 669.8 386.7 586.0 338.4 586.0 241.7 669.8 193.3 0 0 0.0 0.0 0.987 2.0 0.98 1.0 1 0 False 6 7.2 0 23.414 1 2405020 2405021 24000.0 0.0 A None N
24 5 3 FI 586.04 435.02 1 6 586.0 338.4 669.8 386.7 669.8 483.4 586.0 531.7 502.3 483.4 502.3 386.7 586.0 338.4 0 1 0.0 0.0 0.986 2.0 0.978 1.0 3 0 True 6 7.2 0 36.587 1 2405030 2405031 24100.0 0.0 A None N
24 5 4 FI 502.32 580.03 1 6 502.3 483.4 586.0 531.7 586.0 628.4 502.3 676.7 418.6 628.4 418.6 531.7 502.3 483.4 0 1 0.0 0.0 0.942 1.0 0.939 1.0 2 0 True 6 7.2 0 49.107 1 2405040 2405041 24100.0 0.0 A None N
24 5 5 FM 418.6 725.036 1 6 502.345 676.686 502.279 773.373 418.621 821.673 334.855 773.386 334.921 676.7 418.579 628.4 502.345 676.686 1 0 0.0 0.0 0.596 1.0 0.549 1.0 109 0 False 3 3.6 0 60.0 0 2405050 2405050 24200.0 0.0 A None N
24 5 6 FM 334.878 870.045 1 6 418.621 821.673 418.555 918.359 334.897 966.659 251.132 918.373 251.197 821.686 334.855 773.386 418.621 821.673 1 0 0.0 0.0 0.523 1.0 0.468 1.0 108 0 False 3 3.6 0 68.948 0 2405060 2405060 24200.0 0.0 A None N
24 5 7 FO 251.155 1015.054 1 6 334.897 966.659 334.882 1063.432 251.137 1111.782 167.408 1063.359 167.387 966.723 251.132 918.373 334.897 966.659 1 0 0.0 0.0 0.405 1.0 0.355 1.0 107 0 True 3 3.6 0 76.102 0 2405070 2405070 24200.0 0.0 A None W
24 5 8 FO 167.447 1160.066 1 6 251.137 1111.782 251.158 1208.418 167.413 1256.768 83.734 1208.432 83.663 1111.709 167.408 1063.359 251.137 1111.782 1 0 0.0 0.0 0.33 1.0 0.298 1.0 110 0 True 3 3.6 0 81.787 0 2405080 2405080 24200.0 0.0 A None W
24 5 9 FO 83.724 1305.075 1 6 167.413 1256.768 167.434 1353.405 83.69 1401.755 0.011 1353.418 -0.01 1256.782 83.734 1208.432 167.413 1256.768 1 0 0.0 0.0 0.28 1.0 0.263 1.0 111 1 False 3 3.6 0 86.329 0 2405090 2405090 24201.0 0.0 B None E
24 5 10 FO 0.002 1450.083 5 6 83.69 1401.755 83.711 1498.391 -0.034 1546.741 -83.713 1498.405 -83.734 1401.768 0.011 1353.418 83.69 1401.755 1 0 0.0 0.0 0.289 1.0 0.289 1.0 111 1 False 3 3.6 0 90.0 0 2405100 2405100 24201.0 0.0 B None N
24 5 11 cOe -83.72 1595.092 1 3 -0.034 1546.741 -167.458 1546.755 -83.713 1498.405 -0.034 1546.741 0.0 0.0 0.0 0.0 0.0 0.0 1 0 0.0 0.0 0.0 0.0 0.0 0.0 111 1 False 3 3.6 0 93.004 0 2405110 2405110 24201.0 0.0 B None N
24 6 0 FM 1004.64 0.0 0 6 1004.6 -96.7 1088.4 -48.3 1088.4 48.3 1004.6 96.7 920.9 48.3 920.9 -48.3 1004.6 -96.7 0 0 0.0 0.0 0.449 1.0 0.392 1.0 9 0 True 3 3.6 0 0.0 0 2406000 2406000 24000.0 0.0 A None W
24 6 1 FM 920.92 145.01 0 6 920.9 48.3 1004.6 96.7 1004.6 193.3 920.9 241.7 837.2 193.3 837.2 96.7 920.9 48.3 0 0 0.0 0.0 0.523 1.0 0.468 1.0 8 0 False 3 3.6 0 8.948 0 2406010 2406010 24000.0 0.0 A None N
24 6 2 FM 837.2 290.02 0 6 837.2 193.3 920.9 241.7 920.9 338.4 837.2 386.7 753.5 338.4 753.5 241.7 837.2 193.3 0 0 0.0 0.0 0.554 1.0 0.509 1.0 7 0 False 3 3.6 0 19.107 0 2406020 2406020 24000.0 0.0 A None N
24 6 3 FM 753.48 435.02 4 6 753.5 338.4 837.2 386.7 837.2 483.4 753.5 531.7 669.8 483.4 669.8 386.7 753.5 338.4 0 1 0.0 0.0 0.567 1.0 0.52 1.0 6 1 False 3 3.6 0 30.0 0 2406030 2406030 24100.0 0.0 A None N
24 6 4 FM 669.76 580.03 4 6 669.8 483.4 753.5 531.7 753.5 628.4 669.8 676.7 586.0 628.4 586.0 531.7 669.8 483.4 0 1 0.0 0.0 0.559 1.0 0.512 1.0 5 1 False 3 3.6 0 40.893 0 2406040 2406040 24100.0 0.0 A None N
24 6 5 FM 586.04 725.04 4 6 586.0 628.4 669.8 676.7 669.8 773.4 586.0 821.7 502.3 773.4 502.3 676.7 586.0 628.4 0 1 0.0 0.0 0.515 1.0 0.46 1.0 4 1 False 3 3.6 0 51.052 0 2406050 2406050 24100.0 0.0 A None N
24 6 6 FM 502.32 870.044 1 6 586.045 821.659 586.029 918.432 502.371 966.732 418.555 918.359 418.621 821.673 502.279 773.373 586.045 821.659 1 0 0.0 0.0 0.449 1.0 0.392 1.0 109 0 True 3 3.6 0 60.0 0 2406060 2406060 24200.0 0.0 A None W
24 6 7 FO 418.603 1015.061 1 6 502.371 966.732 502.305 1063.418 418.647 1111.718 334.882 1063.432 334.897 966.659 418.555 918.359 502.371 966.732 1 0 0.0 0.0 0.365 1.0 0.323 1.0 108 0 True 3 3.6 0 67.589 0 2406070 2406070 24200.0 0.0 A None W
24 6 8 FO 334.88 1160.07 1 6 418.647 1111.718 418.582 1208.405 334.837 1256.755 251.158 1208.418 251.137 1111.782 334.882 1063.432 418.647 1111.718 1 0 0.0 0.0 0.311 1.0 0.283 1.0 107 1 False 3 3.6 0 73.898 0 2406080 2406080 24200.0 0.0 A None E
24 6 9 FO 251.167 1305.073 1 6 334.837 1256.755 334.858 1353.391 251.113 1401.741 167.434 1353.405 167.413 1256.768 251.158 1208.418 334.837 1256.755 1 0 0.0 0.0 0.272 1.0 0.258 1.0 110 1 False 3 3.6 0 79.106 0 2406090 2406090 24200.0 0.0 A None E
24 6 10 FO 167.444 1450.082 1 6 251.113 1401.741 251.134 1498.377 167.39 1546.727 83.711 1498.391 83.69 1401.755 167.434 1353.405 251.113 1401.741 1 0 0.0 0.0 0.285 1.0 0.285 1.0 111 1 False 3 3.6 0 83.413 0 2406100 2406100 24201.0 0.0 B None N
24 6 11 cOe 83.722 1595.091 1 3 167.39 1546.727 -0.034 1546.741 83.711 1498.391 167.39 1546.727 0.0 0.0 0.0 0.0 0.0 0.0 1 0 0.0 0.0 0.0 0.0 0.0 0.0 111 1 False 3 3.6 0 86.995 0 2406110 2406110 24201.0 0.0 B None N
24 7 0 FO 1172.09 0.0 0 6 1172.1 -96.7 1255.8 -48.3 1255.8 48.3 1172.1 96.7 1088.4 48.3 1088.4 -48.3 1172.1 -96.7 0 0 0.0 0.0 0.325 1.0 0.294 1.0 9 1 False 3 3.6 0 0.0 0 2407000 2407000 24000.0 0.0 A None E
24 7 1 FO 1088.37 145.01 0 6 1088.4 48.3 1172.1 96.7 1172.1 193.3 1088.4 241.7 1004.6 193.3 1004.6 96.7 1088.4 48.3 0 0 0.0 0.0 0.365 1.0 0.323 1.0 8 0 True 3 3.6 0 7.589 0 2407010 2407010 24000.0 0.0 A None W
24 7 2 FO 1004.64 290.02 0 6 1004.6 193.3 1088.4 241.7 1088.4 338.4 1004.6 386.7 920.9 338.4 920.9 241.7 1004.6 193.3 0 0 0.0 0.0 0.405 1.0 0.355 1.0 7 0 True 3 3.6 0 16.102 0 2407020 2407020 24000.0 0.0 A None W
24 7 3 FM 920.92 435.02 0 6 920.9 338.4 1004.6 386.7 1004.6 483.4 920.9 531.7 837.2 483.4 837.2 386.7 920.9 338.4 0 0 0.0 0.0 0.447 1.0 0.391 1.0 10 0 False 3 3.6 0 25.285 0 2407030 2407030 24000.0 0.0 A None N
24 7 4 FM 837.2 580.03 4 6 837.2 483.4 920.9 531.7 920.9 628.4 837.2 676.7 753.5 628.4 753.5 531.7 837.2 483.4 0 1 0.0 0.0 0.438 1.0 0.383 1.0 6 1 False 3 3.6 0 34.715 0 2407040 2407040 24100.0 0.0 A None E
24 7 5 FO 753.48 725.04 4 6 753.5 628.4 837.2 676.7 837.2 773.4 753.5 821.7 669.8 773.4 669.8 676.7 753.5 628.4 0 1 0.0 0.0 0.407 1.0 0.356 1.0 5 1 False 3 3.6 0 43.898 0 2407050 2407050 24100.0 0.0 A None E
24 7 6 FO 669.76 870.05 4 6 669.8 773.4 753.5 821.7 753.5 918.4 669.8 966.7 586.0 918.4 586.0 821.7 669.8 773.4 0 1 0.0 0.0 0.365 1.0 0.323 1.0 4 1 False 3 3.6 0 52.411 0 2407060 2407060 24100.0 0.0 A None E
24 7 7 FO 586.045 1015.06 1 6 669.795 966.718 669.729 1063.405 586.071 1111.705 502.305 1063.418 502.371 966.732 586.029 918.432 669.795 966.718 1 0 0.0 0.0 0.325 1.0 0.294 1.0 109 1 False 3 3.6 0 60.0 0 2407070 2407070 24200.0 0.0 A None E
24 7 8 FO 502.323 1160.068 1 6 586.071 1111.705 586.005 1208.391 502.347 1256.691 418.582 1208.405 418.647 1111.718 502.305 1063.418 586.071 1111.705 1 0 0.0 0.0 0.296 1.0 0.274 1.0 108 1 False 3 3.6 0 66.587 0 2407080 2407080 24200.0 0.0 A None E
24 7 9 FO 418.6 1305.077 1 6 502.347 1256.691 502.282 1353.377 418.537 1401.727 334.858 1353.391 334.837 1256.755 418.582 1208.405 502.347 1256.691 1 0 0.0 0.0 0.269 1.0 0.256 1.0 107 1 False 3 3.6 0 72.216 0 2407090 2407090 24200.0 0.0 A None N
24 7 10 FOe 334.887 1450.081 1 6 418.537 1401.727 418.608 1498.45 334.863 1546.8 251.134 1498.377 251.113 1401.741 334.858 1353.391 418.537 1401.727 1 0 0.0 0.0 0.254 1.0 0.246 1.0 110 1 False 3 3.6 0 76.996 0 2407100 2407100 24200.0 0.0 A None N
24 7 11 cOe 251.164 1595.089 1 3 334.863 1546.8 167.39 1546.727 251.134 1498.377 334.863 1546.8 0.0 0.0 0.0 0.0 0.0 0.0 1 0 0.0 0.0 0.0 0.0 0.0 0.0 111 1 False 3 3.6 0 81.052 0 2407110 2407110 24201.0 0.0 B None N
24 8 0 FO 1339.53 0.0 0 6 1339.5 -96.7 1423.2 -48.3 1423.2 48.3 1339.5 96.7 1255.8 48.3 1255.8 -48.3 1339.5 -96.7 0 0 0.0 0.0 0.275 1.0 0.26 1.0 9 1 False 3 3.6 0 0.0 0 2408000 2408000 24000.0 0.0 A None N
24 8 1 FO 1255.81 145.01 0 6 1255.8 48.3 1339.5 96.7 1339.5 193.3 1255.8 241.7 1172.1 193.3 1172.1 96.7 1255.8 48.3 0 0 0.0 0.0 0.296 1.0 0.274 1.0 8 1 False 3 3.6 0 6.587 0 2408010 2408010 24000.0 0.0 A None E
24 8 2 FO 1172.09 290.02 0 6 1172.1 193.3 1255.8 241.7 1255.8 338.4 1172.1 386.7 1088.4 338.4 1088.4 241.7 1172.1 193.3 0 0 0.0 0.0 0.311 1.0 0.283 1.0 7 1 False 3 3.6 0 13.898 0 2408020 2408020 24000.0 0.0 A None E
24 8 3 FO 1088.37 435.02 0 6 1088.4 338.4 1172.1 386.7 1172.1 483.4 1088.4 531.7 1004.6 483.4 1004.6 386.7 1088.4 338.4 0 0 0.0 0.0 0.33 1.0 0.298 1.0 10 0 True 3 3.6 0 21.787 0 2408030 2408030 24000.0 0.0 A None W
24 8 4 FO 1004.64 580.03 0 6 1004.6 483.4 1088.4 531.7 1088.4 628.4 1004.6 676.7 920.9 628.4 920.9 531.7 1004.6 483.4 0 0 0.0 0.0 0.332 1.0 0.3 1.0 11 0 True 3 3.6 0 30.0 0 2408040 2408040 24001.0 0.0 B None W
24 8 5 FO 920.92 725.04 4 6 920.9 628.4 1004.6 676.7 1004.6 773.4 920.9 821.7 837.2 773.4 837.2 676.7 920.9 628.4 0 1 0.0 0.0 0.319 1.0 0.29 1.0 6 0 True 3 3.6 0 38.213 0 2408050 2408050 24100.0 0.0 A None W
24 8 6 FO 837.2 870.05 4 6 837.2 773.4 920.9 821.7 920.9 918.4 837.2 966.7 753.5 918.4 753.5 821.7 837.2 773.4 0 1 0.0 0.0 0.316 1.0 0.289 1.0 5 0 True 3 3.6 0 46.102 0 2408060 2408060 24100.0 0.0 A None W
24 8 7 FO 753.48 1015.06 4 6 753.5 918.4 837.2 966.7 837.2 1063.4 753.5 1111.7 669.8 1063.4 669.8 966.7 753.5 918.4 0 1 0.0 0.0 0.296 1.0 0.274 1.0 4 0 True 3 3.6 0 53.413 0 2408070 2408070 24100.0 0.0 A None W
24 8 8 FO 669.765 1160.067 1 6 753.495 1111.691 753.429 1208.377 669.771 1256.677 586.005 1208.391 586.071 1111.705 669.729 1063.405 753.495 1111.691 1 0 0.0 0.0 0.275 1.0 0.26 1.0 109 1 False 3 3.6 0 60.0 0 2408080 2408080 24200.0 0.0 A None N
24 8 9 FO 586.043 1305.076 1 6 669.771 1256.677 669.755 1353.45 586.097 1401.75 502.282 1353.377 502.347 1256.691 586.005 1208.391 669.771 1256.677 1 0 0.0 0.0 0.258 1.0 0.248 1.0 108 1 False 3 3.6 0 65.818 0 2408090 2408090 24200.0 0.0 A None N
24 8 10 bOe 502.32 1450.084 2 5 586.032 1498.437 418.608 1498.45 418.537 1401.727 502.282 1353.377 586.097 1401.75 586.032 1498.437 0.0 0.0 1 0 0.0 0.0 0.192 1.0 0.192 1.0 107 1 False 3 3.6 0 70.894 0 2408100 2408100 24200.0 0.0 A None N
24 9 0 FOe 1506.97 0.0 0 6 1507.0 -96.7 1590.7 -48.3 1590.7 48.3 1507.0 96.7 1423.2 48.3 1423.2 -48.3 1507.0 -96.7 0 0 0.0 0.0 0.252 1.0 0.244 1.0 9 1 False 3 3.6 0 0.0 0 2409000 2409000 24000.0 0.0 A None N
24 9 1 FO 1423.25 145.01 0 6 1423.2 48.3 1507.0 96.7 1507.0 193.3 1423.2 241.7 1339.5 193.3 1339.5 96.7 1423.2 48.3 0 0 0.0 0.0 0.258 1.0 0.248 1.0 8 1 False 3 3.6 0 5.818 0 2409010 2409010 24000.0 0.0 A None N
24 9 2 FO 1339.53 290.02 0 6 1339.5 193.3 1423.2 241.7 1423.2 338.4 1339.5 386.7 1255.8 338.4 1255.8 241.7 1339.5 193.3 0 0 0.0 0.0 0.269 1.0 0.256 1.0 7 1 False 3 3.6 0 12.216 0 2409020 2409020 24000.0 0.0 A None N
24 9 3 FO 1255.81 435.02 0 6 1255.8 338.4 1339.5 386.7 1339.5 483.4 1255.8 531.7 1172.1 483.4 1172.1 386.7 1255.8 338.4 0 0 0.0 0.0 0.272 1.0 0.258 1.0 10 1 False 3 3.6 0 19.106 0 2409030 2409030 24000.0 0.0 A None E
24 9 4 FO 1172.09 580.03 0 6 1172.1 483.4 1255.8 531.7 1255.8 628.4 1172.1 676.7 1088.4 628.4 1088.4 531.7 1172.1 483.4 0 0 0.0 0.0 0.28 1.0 0.263 1.0 11 1 False 3 3.6 0 26.329 0 2409040 2409040 24001.0 0.0 B None E
24 9 5 FO 1088.37 725.04 4 6 1088.4 628.4 1172.1 676.7 1172.1 773.4 1088.4 821.7 1004.6 773.4 1004.6 676.7 1088.4 628.4 0 0 0.0 0.0 0.277 1.0 0.261 1.0 11 0 False 3 3.6 0 33.67 0 2409050 2409050 24001.0 0.0 B None N
24 9 6 FO 1004.64 870.05 4 6 1004.6 773.4 1088.4 821.7 1088.4 918.4 1004.6 966.7 920.9 918.4 920.9 821.7 1004.6 773.4 0 1 0.0 0.0 0.278 1.0 0.262 1.0 6 0 False 3 3.6 0 40.894 0 2409060 2409060 24100.0 0.0 A None N
24 9 7 FO 920.92 1015.06 4 6 920.9 918.4 1004.6 966.7 1004.6 1063.4 920.9 1111.7 837.2 1063.4 837.2 966.7 920.9 918.4 0 1 0.0 0.0 0.267 1.0 0.254 1.0 5 0 False 3 3.6 0 47.784 0 2409070 2409070 24100.0 0.0 A None N
24 9 8 FO 837.2 1160.06 4 6 837.2 1063.4 920.9 1111.7 920.9 1208.4 837.2 1256.7 753.5 1208.4 753.5 1111.7 837.2 1063.4 0 1 0.0 0.0 0.261 1.0 0.25 1.0 4 0 False 3 3.6 0 54.183 0 2409080 2409080 24100.0 0.0 A None N
24 9 9 FOe 753.485 1305.074 1 6 837.245 1256.75 837.179 1353.437 753.521 1401.737 669.755 1353.45 669.771 1256.677 753.429 1208.377 837.245 1256.75 1 0 0.0 0.0 0.252 1.0 0.244 1.0 109 1 False 3 3.6 0 60.0 0 2409090 2409090 24200.0 0.0 A None N
24 9 10 aOe 669.763 1450.083 1 4 753.521 1401.737 586.032 1498.437 586.097 1401.75 669.755 1353.45 753.521 1401.737 0.0 0.0 0.0 0.0 1 0 0.0 0.0 0.144 1.0 0.144 1.0 108 1 False 3 3.6 0 65.209 0 2409100 2409100 24200.0 0.0 A None N
24 10 1 aOe 1590.69 145.01 0 4 1590.7 48.3 1590.7 241.7 1507.0 193.3 1507.0 96.7 1590.7 48.3 0.0 0.0 0.0 0.0 0 0 0.0 0.0 0.144 1.0 0.144 1.0 8 1 False 3 3.6 0 5.209 0 2410010 2410010 24000.0 0.0 A None N
24 10 2 bOe 1506.97 290.02 1 5 1590.7 241.7 1507.0 386.7 1423.2 338.4 1423.2 241.7 1507.0 193.3 1590.7 241.7 0.0 0.0 0 0 0.0 0.0 0.192 1.0 0.192 1.0 7 1 False 3 3.6 0 10.894 0 2410020 2410020 24000.0 0.0 A None N
24 10 3 FOe 1423.25 435.02 0 6 1423.2 338.4 1507.0 386.7 1507.0 483.4 1423.2 531.7 1339.5 483.4 1339.5 386.7 1423.2 338.4 0 0 0.0 0.0 0.254 1.0 0.246 1.0 10 1 False 3 3.6 0 16.996 0 2410030 2410030 24000.0 0.0 A None N
24 10 4 FO 1339.53 580.03 0 6 1339.5 483.4 1423.2 531.7 1423.2 628.4 1339.5 676.7 1255.8 628.4 1255.8 531.7 1339.5 483.4 0 0 0.0 0.0 0.285 1.0 0.285 1.0 11 1 False 3 3.6 0 23.413 0 2410040 2410040 24001.0 0.0 B None N
24 10 5 FO 1255.81 725.04 4 6 1255.8 628.4 1339.5 676.7 1339.5 773.4 1255.8 821.7 1172.1 773.4 1172.1 676.7 1255.8 628.4 0 0 0.0 0.0 0.289 1.0 0.289 1.0 11 1 False 3 3.6 0 30.0 0 2410050 2410050 24001.0 0.0 B None N
24 10 6 FO 1172.09 870.05 4 6 1172.1 773.4 1255.8 821.7 1255.8 918.4 1172.1 966.7 1088.4 918.4 1088.4 821.7 1172.1 773.4 0 0 0.0 0.0 0.285 1.0 0.285 1.0 11 0 False 3 3.6 0 36.587 0 2410060 2410060 24001.0 0.0 B None N
24 10 7 FOe 1088.37 1015.06 4 6 1088.4 918.4 1172.1 966.7 1172.1 1063.4 1088.4 1111.7 1004.6 1063.4 1004.6 966.7 1088.4 918.4 0 1 0.0 0.0 0.285 1.0 0.285 1.0 6 0 False 3 3.6 0 43.004 0 2410070 2410070 24100.0 0.0 A None N
24 10 8 bOe 1004.64 1160.06 1 5 1088.4 1111.7 1004.6 1256.7 920.9 1208.4 920.9 1111.7 1004.6 1063.4 1088.4 1111.7 0.0 0.0 0 1 0.0 0.0 0.192 1.0 0.192 1.0 5 0 False 3 3.6 0 49.107 0 2410080 2410080 24100.0 0.0 A None N
24 10 9 aOe 920.92 1305.07 1 4 1004.6 1256.7 837.2 1353.4 837.2 1256.7 920.9 1208.4 1004.6 1256.7 0.0 0.0 0.0 0.0 0 1 0.0 0.0 0.144 1.0 0.144 1.0 4 0 False 3 3.6 0 54.791 0 2410090 2410090 24100.0 0.0 A None N
24 11 4 cOe 1506.97 580.03 0 3 1507.0 483.4 1423.2 628.4 1423.2 531.7 1507.0 483.4 0.0 0.0 0.0 0.0 0.0 0.0 0 0 0.0 0.0 0.0 0.0 0.0 0.0 11 1 False 3 3.6 0 21.052 0 2411040 2411040 24001.0 0.0 B None N
24 11 5 cOe 1423.25 725.04 0 3 1423.2 628.4 1339.5 773.4 1339.5 676.7 1423.2 628.4 0.0 0.0 0.0 0.0 0.0 0.0 0 0 0.0 0.0 0.0 0.0 0.0 0.0 11 1 False 3 3.6 0 26.995 0 2411050 2411050 24001.0 0.0 B None N
24 11 6 cOe 1339.53 870.05 0 3 1339.5 773.4 1255.8 918.4 1255.8 821.7 1339.5 773.4 0.0 0.0 0.0 0.0 0.0 0.0 0 0 0.0 0.0 0.0 0.0 0.0 0.0 11 1 False 3 3.6 0 33.004 0 2411060 2411060 24001.0 0.0 B None N
24 11 7 cOe 1255.81 1015.06 0 3 1255.8 918.4 1172.1 1063.4 1172.1 966.7 1255.8 918.4 0.0 0.0 0.0 0.0 0.0 0.0 0 1 0.0 0.0 0.0 0.0 0.0 0.0 6 0 False 3 3.6 0 38.948 0 2411070 2411070 24100.0 0.0 A None N
25 1 2 dIe -0.002 290.016 4 5 -83.718 338.396 -83.729 316.578 83.695 316.564 83.705 338.382 0.047 386.682 -83.718 338.396 0.0 0.0 1 1 2.232 3.0 1.149 2.0 1.149 2.0 102 0 False 3 3.6 0 90.0 1 2501020 2501021 25300.0 25310.0 A A N
25 1 3 FI -83.725 435.025 2 6 0.047 386.682 -0.018 483.368 -83.763 531.718 -167.442 483.382 -167.463 386.746 -83.718 338.396 0.047 386.682 1 1 2.254 3.0 1.713 2.0 1.775 2.0 102 0 False 6 7.2 0 100.894 1 2501030 2501031 25300.0 25310.0 A A N
25 1 4 FI -167.438 580.028 2 6 -83.763 531.718 -83.742 628.355 -167.487 676.705 -251.166 628.368 -251.187 531.732 -167.442 483.382 -83.763 531.718 1 1 1.477 2.0 1.154 2.0 1.159 2.0 102 0 False 6 7.2 0 106.102 1 2501040 2501041 25300.0 25310.0 A A N
25 1 5 FI -251.161 725.037 2 6 -167.487 676.705 -167.466 773.341 -251.21 821.691 -334.889 773.355 -334.91 676.718 -251.166 628.368 -167.487 676.705 1 1 1.147 2.0 0.934 1.0 0.933 1.0 102 0 True 6 7.2 0 109.107 1 2501050 2501051 25300.0 25310.0 A A N
25 1 6 FM -334.883 870.046 5 6 -251.21 821.691 -251.139 918.414 -334.884 966.764 -418.613 918.341 -418.634 821.705 -334.889 773.355 -251.21 821.691 1 1 0.989 2.0 0.515 1.0 0.461 1.0 104 1 False 3 3.6 0 111.052 0 2501060 2501060 25300.0 25310.0 A A N
25 1 7 FO -418.605 1015.054 5 6 -334.884 966.764 -334.863 1063.4 -418.608 1111.75 -502.287 1063.414 -502.358 966.691 -418.613 918.341 -334.884 966.764 1 1 0.884 2.0 0.357 1.0 0.322 1.0 104 1 False 3 3.6 0 112.411 0 2501070 2501070 25300.0 25310.0 A A E
25 1 8 FO -502.328 1160.063 5 6 -418.608 1111.75 -418.587 1208.386 -502.331 1256.736 -586.01 1208.4 -586.031 1111.764 -502.287 1063.414 -418.608 1111.75 1 1 0.818 2.0 0.289 1.0 0.271 1.0 104 0 True 3 3.6 0 113.413 0 2501080 2501080 25300.0 25310.0 A A W
25 1 9 FO -586.041 1305.066 5 6 -502.331 1256.736 -502.31 1353.373 -586.055 1401.723 -669.734 1353.386 -669.755 1256.75 -586.01 1208.4 -502.331 1256.736 1 1 0.745 2.0 0.291 1.0 0.291 1.0 104 0 False 3 3.6 0 114.183 0 2501090 2501090 25300.0 25310.0 A A N
25 1 10 cOe -669.764 1450.075 2 3 -586.034 1498.359 -669.734 1353.386 -586.055 1401.723 -586.034 1498.359 0.0 0.0 0.0 0.0 0.0 0.0 1 1 0.654 0.0 0.0 0.0 0.0 0.0 104 0 False 3 3.6 0 114.791 0 2501100 2501100 25300.0 25310.0 A A N
25 2 0 gIe 334.88 0.0 3 6 334.9 96.7 316.0 85.8 316.0 -85.8 334.9 -96.7 418.6 -48.3 418.6 48.3 334.9 96.7 0 0 3.011 4.0 1.86 2.0 1.86 2.0 0 0 False 6 7.2 0 0.0 1 2502000 2502001 25000.0 25010.0 A A N
25 2 1 dIe 251.16 145.01 3 5 251.2 241.7 232.3 230.8 316.0 85.8 334.9 96.7 334.9 193.3 251.2 241.7 0.0 0.0 0 1 2.232 3.0 1.149 2.0 1.149 2.0 2 0 False 3 3.6 0 30.0 1 2502010 2502011 25100.0 25110.0 A A N
25 2 2 gIe 167.44 290.015 4 6 83.705 338.382 83.695 316.564 232.305 230.764 251.195 241.682 251.129 338.368 167.471 386.668 83.705 338.382 1 0 3.011 4.0 1.86 2.0 1.86 2.0 100 0 False 6 7.2 0 60.0 1 2502020 2502021 25200.0 25210.0 A A N
25 2 3 FI 83.718 435.023 2 6 167.471 386.668 167.405 483.355 83.747 531.655 -0.018 483.368 0.047 386.682 83.705 338.382 167.471 386.668 1 1 2.255 3.0 1.716 2.0 1.778 2.0 103 0 False 6 7.2 0 79.107 1 2502030 2502031 25300.0 25310.0 A A N
25 2 4 FI -0.005 580.032 2 6 83.747 531.655 83.682 628.341 -0.063 676.691 -83.742 628.355 -83.763 531.718 -0.018 483.368 83.747 531.655 1 1 1.549 2.0 1.199 2.0 1.212 2.0 103 0 False 6 7.2 0 90.0 1 2502040 2502041 25300.0 25310.0 A A N
25 2 5 FI -83.718 725.036 2 6 -0.063 676.691 0.008 773.414 -83.737 821.764 -167.466 773.341 -167.487 676.705 -83.742 628.355 -0.063 676.691 1 1 1.198 2.0 0.983 1.0 0.976 1.0 103 0 True 6 7.2 0 96.587 1 2502050 2502051 25300.0 25310.0 A A N
25 2 6 FM -167.441 870.044 5 6 -83.737 821.764 -83.716 918.4 -167.46 966.75 -251.139 918.414 -251.21 821.691 -167.466 773.341 -83.737 821.764 1 1 0.976 2.0 0.555 1.0 0.507 1.0 105 1 False 3 3.6 0 100.893 0 2502060 2502060 25300.0 25310.0 A A N
25 2 7 FO -251.163 1015.053 5 6 -167.46 966.75 -167.439 1063.386 -251.184 1111.736 -334.863 1063.4 -334.884 966.764 -251.139 918.414 -167.46 966.75 1 1 0.927 2.0 0.403 1.0 0.358 1.0 105 1 False 3 3.6 0 103.898 0 2502070 2502070 25300.0 25310.0 A A E
25 2 8 FO -334.885 1160.061 5 6 -251.184 1111.736 -251.163 1208.373 -334.908 1256.723 -418.587 1208.386 -418.608 1111.75 -334.863 1063.4 -251.184 1111.736 1 1 0.825 2.0 0.311 1.0 0.288 1.0 105 0 True 3 3.6 0 106.102 0 2502080 2502080 25300.0 25310.0 A A W
25 2 9 FO -418.608 1305.07 5 6 -334.908 1256.723 -334.887 1353.359 -418.631 1401.709 -502.31 1353.373 -502.331 1256.736 -418.587 1208.386 -334.908 1256.723 1 1 0.758 2.0 0.266 1.0 0.254 1.0 105 0 False 3 3.6 0 107.784 0 2502090 2502090 25300.0 25310.0 A A N
25 2 10 FOe -502.321 1450.074 5 6 -418.631 1401.709 -418.56 1498.432 -502.305 1546.782 -586.034 1498.359 -586.055 1401.723 -502.31 1353.373 -418.631 1401.709 1 1 0.721 2.0 0.275 1.0 0.275 1.0 105 0 False 3 3.6 0 109.107 0 2502100 2502100 25300.0 25310.0 A A N
25 3 0 FI 502.32 0.0 0 6 502.3 -96.7 586.0 -48.3 586.0 48.3 502.3 96.7 418.6 48.3 418.6 -48.3 502.3 -96.7 0 0 1.798 2.0 1.436 2.0 1.459 2.0 0 0 False 6 7.2 0 0.0 1 2503000 2503001 25000.0 25010.0 A A N
25 3 1 FI 418.6 145.01 1 6 418.6 48.3 502.3 96.7 502.3 193.3 418.6 241.7 334.9 193.3 334.9 96.7 418.6 48.3 0 1 2.255 3.0 1.716 2.0 1.778 2.0 3 0 False 6 7.2 0 19.107 1 2503010 2503011 25100.0 25110.0 A A N
25 3 2 FI 334.88 290.02 1 6 334.9 193.3 418.6 241.7 418.6 338.4 334.9 386.7 251.2 338.4 251.2 241.7 334.9 193.3 0 1 2.254 3.0 1.713 2.0 1.775 2.0 2 0 False 6 7.2 0 40.894 1 2503020 2503021 25100.0 25110.0 A A N
25 3 3 FI 251.16 435.022 1 6 334.895 386.655 334.829 483.341 251.171 531.641 167.405 483.355 167.471 386.668 251.129 338.368 334.895 386.655 1 0 1.798 2.0 1.436 2.0 1.459 2.0 100 0 False 6 7.2 0 60.0 1 2503030 2503031 25200.0 25210.0 A A N
25 3 4 FI 167.438 580.031 1 6 251.171 531.641 251.155 628.414 167.497 676.714 83.682 628.341 83.747 531.655 167.405 483.355 251.171 531.641 1 0 1.483 2.0 1.141 2.0 1.146 2.0 101 0 False 6 7.2 0 73.898 1 2503040 2503041 25200.0 25210.0 A A N
25 3 5 FI 83.715 725.039 1 6 167.497 676.714 167.432 773.4 83.687 821.75 0.008 773.414 -0.063 676.691 83.682 628.341 167.497 676.714 1 0 1.208 2.0 0.984 1.0 0.978 1.0 101 0 False 6 7.2 0 83.414 1 2503050 2503051 25200.0 25210.0 A A N
25 3 6 FM 0.002 870.043 5 6 83.687 821.75 83.708 918.386 -0.037 966.736 -83.716 918.4 -83.737 821.764 0.008 773.414 83.687 821.75 1 1 1.004 2.0 0.565 1.0 0.516 1.0 106 1 False 3 3.6 0 90.0 0 2503060 2503060 25300.0 25310.0 A A N
25 3 7 FO -83.721 1015.051 5 6 -0.037 966.736 -0.016 1063.373 -83.76 1111.723 -167.439 1063.386 -167.46 966.75 -83.716 918.4 -0.037 966.736 1 1 0.924 2.0 0.421 1.0 0.374 1.0 106 1 False 3 3.6 0 94.715 0 2503070 2503070 25300.0 25310.0 A A E
25 3 8 FO -167.443 1160.06 5 6 -83.76 1111.723 -83.739 1208.359 -167.484 1256.709 -251.163 1208.373 -251.184 1111.736 -167.439 1063.386 -83.76 1111.723 1 1 0.838 2.0 0.319 1.0 0.293 1.0 106 0 True 3 3.6 0 98.213 0 2503080 2503080 25300.0 25310.0 A A W
25 3 9 FO -251.165 1305.069 5 6 -167.484 1256.709 -167.413 1353.432 -251.158 1401.782 -334.887 1353.359 -334.908 1256.723 -251.163 1208.373 -167.484 1256.709 1 1 0.805 2.0 0.275 1.0 0.26 1.0 106 0 False 3 3.6 0 100.894 0 2503090 2503090 25300.0 25310.0 A A N
25 3 10 FO -334.883 1450.086 5 6 -251.158 1401.782 -251.137 1498.418 -334.881 1546.768 -418.56 1498.432 -418.631 1401.709 -334.887 1353.359 -251.158 1401.782 1 1 0.722 2.0 0.256 1.0 0.247 1.0 106 0 False 3 3.6 0 103.004 0 2503100 2503100 25300.0 25310.0 A A N
25 3 11 cOe -418.596 1595.09 1 3 -334.881 1546.768 -502.305 1546.782 -418.56 1498.432 -334.881 1546.768 0.0 0.0 0.0 0.0 0.0 0.0 1 1 0.653 0.0 0.0 0.0 0.0 0.0 106 0 False 3 3.6 0 104.704 0 2503110 2503110 25300.0 25310.0 A A N
25 4 0 FI 669.76 0.0 0 6 669.8 -96.7 753.5 -48.3 753.5 48.3 669.8 96.7 586.0 48.3 586.0 -48.3 669.8 -96.7 0 0 1.339 2.0 1.049 2.0 1.039 2.0 0 0 True 6 7.2 0 0.0 1 2504000 2504001 25000.0 25010.0 A A N
25 4 1 FI 586.04 145.01 0 6 586.0 48.3 669.8 96.7 669.8 193.3 586.0 241.7 502.3 193.3 502.3 96.7 586.0 48.3 0 0 1.483 2.0 1.141 2.0 1.146 2.0 1 0 False 6 7.2 0 13.898 1 2504010 2504011 25000.0 25010.0 A A N
25 4 2 FI 502.32 290.02 1 6 502.3 193.3 586.0 241.7 586.0 338.4 502.3 386.7 418.6 338.4 418.6 241.7 502.3 193.3 0 1 1.549 2.0 1.199 2.0 1.212 2.0 3 0 False 6 7.2 0 30.0 1 2504020 2504021 25100.0 25110.0 A A N
25 4 3 FI 418.6 435.02 1 6 418.6 338.4 502.3 386.7 502.3 483.4 418.6 531.7 334.9 483.4 334.9 386.7 418.6 338.4 0 1 1.477 2.0 1.154 2.0 1.159 2.0 2 0 False 6 7.2 0 46.102 1 2504030 2504031 25100.0 25110.0 A A N
25 4 4 FI 334.88 580.029 1 6 418.645 531.714 418.579 628.4 334.921 676.7 251.155 628.414 251.171 531.641 334.829 483.341 418.645 531.714 1 0 1.339 2.0 1.049 2.0 1.039 2.0 100 0 True 6 7.2 0 60.0 1 2504040 2504041 25200.0 25210.0 A A N
25 4 5 FI 251.158 725.038 1 6 334.921 676.7 334.855 773.386 251.197 821.686 167.432 773.4 167.497 676.714 251.155 628.414 334.921 676.7 1 0 1.15 2.0 0.934 1.0 0.934 1.0 101 0 True 6 7.2 0 70.894 1 2504050 2504051 25200.0 25210.0 A A N
25 4 6 FM 167.435 870.046 1 6 251.197 821.686 251.132 918.373 167.387 966.723 83.708 918.386 83.687 821.75 167.432 773.4 251.197 821.686 1 0 1.012 2.0 0.555 1.0 0.506 1.0 107 0 False 3 3.6 0 79.107 0 2504060 2504060 25200.0 25210.0 A A N
25 4 7 FO 83.722 1015.05 1 6 167.387 966.723 167.408 1063.359 83.663 1111.709 -0.016 1063.373 -0.037 966.736 83.708 918.386 167.387 966.723 1 0 0.94 2.0 0.425 1.0 0.378 1.0 110 0 False 3 3.6 0 85.285 0 2504070 2504070 25200.0 25210.0 A A N
25 4 8 FO -0.001 1160.059 5 6 83.663 1111.709 83.734 1208.432 -0.01 1256.782 -83.739 1208.359 -83.76 1111.723 -0.016 1063.373 83.663 1111.709 1 1 0.847 2.0 0.332 1.0 0.303 1.0 111 1 False 3 3.6 0 90.0 0 2504080 2504080 25300.0 25310.0 A A N
25 4 9 FO -83.718 1305.076 5 6 -0.01 1256.782 0.011 1353.418 -83.734 1401.768 -167.413 1353.432 -167.484 1256.709 -83.739 1208.359 -0.01 1256.782 1 1 0.81 2.0 0.278 1.0 0.264 1.0 111 1 False 3 3.6 0 93.67 0 2504090 2504090 25300.0 25310.0 A A E
25 4 10 FO -167.44 1450.085 5 6 -83.734 1401.768 -83.713 1498.405 -167.458 1546.755 -251.137 1498.418 -251.158 1401.782 -167.413 1353.432 -83.734 1401.768 1 1 0.726 2.0 0.286 1.0 0.286 1.0 111 0 True 3 3.6 0 96.587 0 2504100 2504100 25300.0 25310.0 A A W
25 4 11 dOe -251.163 1595.093 1 5 -167.458 1546.755 -167.466 1595.141 -334.939 1595.068 -334.881 1546.768 -251.137 1498.418 -167.458 1546.755 0.0 0.0 1 1 0.673 1.0 0.144 1.0 0.144 1.0 111 0 False 2 2.4 0 98.948 0 2504110 2504110 25300.0 25310.0 A A N
25 5 0 FM 837.2 0.0 0 6 837.2 -96.7 920.9 -48.3 920.9 48.3 837.2 96.7 753.5 48.3 753.5 -48.3 837.2 -96.7 0 0 1.029 2.0 0.591 1.0 0.541 1.0 9 0 False 3 3.6 0 0.0 0 2505000 2505000 25000.0 25010.0 A A N
25 5 1 FI 753.48 145.01 0 6 753.5 48.3 837.2 96.7 837.2 193.3 753.5 241.7 669.8 193.3 669.8 96.7 753.5 48.3 0 0 1.15 2.0 0.934 1.0 0.934 1.0 1 0 True 6 7.2 0 10.894 1 2505010 2505011 25000.0 25010.0 A A N
25 5 2 FI 669.76 290.02 0 6 669.8 193.3 753.5 241.7 753.5 338.4 669.8 386.7 586.0 338.4 586.0 241.7 669.8 193.3 0 0 1.208 2.0 0.984 1.0 0.978 1.0 1 0 False 6 7.2 0 23.414 1 2505020 2505021 25000.0 25010.0 A A N
25 5 3 FI 586.04 435.02 1 6 586.0 338.4 669.8 386.7 669.8 483.4 586.0 531.7 502.3 483.4 502.3 386.7 586.0 338.4 0 1 1.198 2.0 0.983 1.0 0.976 1.0 3 0 True 6 7.2 0 36.587 1 2505030 2505031 25100.0 25110.0 A A N
25 5 4 FI 502.32 580.03 1 6 502.3 483.4 586.0 531.7 586.0 628.4 502.3 676.7 418.6 628.4 418.6 531.7 502.3 483.4 0 1 1.147 2.0 0.934 1.0 0.933 1.0 2 0 True 6 7.2 0 49.107 1 2505040 2505041 25100.0 25110.0 A A N
25 5 5 FM 418.6 725.036 1 6 502.345 676.686 502.279 773.373 418.621 821.673 334.855 773.386 334.921 676.7 418.579 628.4 502.345 676.686 1 0 1.029 2.0 0.591 1.0 0.541 1.0 109 0 False 3 3.6 0 60.0 0 2505050 2505050 25200.0 25210.0 A A N
25 5 6 FM 334.878 870.045 1 6 418.621 821.673 418.555 918.359 334.897 966.659 251.132 918.373 251.197 821.686 334.855 773.386 418.621 821.673 1 0 0.968 2.0 0.512 1.0 0.459 1.0 108 0 False 3 3.6 0 68.948 0 2505060 2505060 25200.0 25210.0 A A N
25 5 7 FO 251.155 1015.054 1 6 334.897 966.659 334.882 1063.432 251.137 1111.782 167.408 1063.359 167.387 966.723 251.132 918.373 334.897 966.659 1 0 0.911 2.0 0.401 1.0 0.357 1.0 107 0 True 3 3.6 0 76.102 0 2505070 2505070 25200.0 25210.0 A A W
25 5 8 FO 167.447 1160.066 1 6 251.137 1111.782 251.158 1208.418 167.413 1256.768 83.734 1208.432 83.663 1111.709 167.408 1063.359 251.137 1111.782 1 0 0.855 2.0 0.322 1.0 0.295 1.0 110 0 True 3 3.6 0 81.787 0 2505080 2505080 25200.0 25210.0 A A W
25 5 9 FO 83.724 1305.075 1 6 167.413 1256.768 167.434 1353.405 83.69 1401.755 0.011 1353.418 -0.01 1256.782 83.734 1208.432 167.413 1256.768 1 0 0.814 2.0 0.276 1.0 0.262 1.0 112 0 True 3 3.6 0 86.329 0 2505090 2505090 25201.0 25210.0 B A W
25 5 10 FO 0.002 1450.083 5 6 83.69 1401.755 83.711 1498.391 -0.034 1546.741 -83.713 1498.405 -83.734 1401.768 0.011 1353.418 83.69 1401.755 1 0 0.751 2.0 0.29 1.0 0.29 1.0 112 0 False 3 3.6 0 90.0 0 2505100 2505100 25201.0 25210.0 B A N
25 5 11 cOe -83.72 1595.092 1 3 -0.034 1546.741 -167.458 1546.755 -83.713 1498.405 -0.034 1546.741 0.0 0.0 0.0 0.0 0.0 0.0 1 0 0.655 0.0 0.0 0.0 0.0 0.0 112 0 False 3 3.6 0 93.004 0 2505110 2505110 25201.0 25210.0 B A N
25 6 0 FO 1004.64 0.0 0 6 1004.6 -96.7 1088.4 -48.3 1088.4 48.3 1004.6 96.7 920.9 48.3 920.9 -48.3 1004.6 -96.7 0 0 0.941 2.0 0.422 1.0 0.375 1.0 9 0 True 3 3.6 0 0.0 0 2506000 2506000 25000.0 25010.0 A A W
25 6 1 FM 920.92 145.01 0 6 920.9 48.3 1004.6 96.7 1004.6 193.3 920.9 241.7 837.2 193.3 837.2 96.7 920.9 48.3 0 0 0.968 2.0 0.512 1.0 0.459 1.0 8 0 False 3 3.6 0 8.948 0 2506010 2506010 25000.0 25010.0 A A N
25 6 2 FM 837.2 290.02 0 6 837.2 193.3 920.9 241.7 920.9 338.4 837.2 386.7 753.5 338.4 753.5 241.7 837.2 193.3 0 0 1.012 2.0 0.555 1.0 0.506 1.0 7 0 False 3 3.6 0 19.107 0 2506020 2506020 25000.0 25010.0 A A N
25 6 3 FM 753.48 435.02 4 6 753.5 338.4 837.2 386.7 837.2 483.4 753.5 531.7 669.8 483.4 669.8 386.7 753.5 338.4 0 1 1.004 2.0 0.565 1.0 0.516 1.0 6 1 False 3 3.6 0 30.0 0 2506030 2506030 25100.0 25110.0 A A N
25 6 4 FM 669.76 580.03 4 6 669.8 483.4 753.5 531.7 753.5 628.4 669.8 676.7 586.0 628.4 586.0 531.7 669.8 483.4 0 1 0.976 2.0 0.555 1.0 0.507 1.0 5 1 False 3 3.6 0 40.893 0 2506040 2506040 25100.0 25110.0 A A N
25 6 5 FM 586.04 725.04 4 6 586.0 628.4 669.8 676.7 669.8 773.4 586.0 821.7 502.3 773.4 502.3 676.7 586.0 628.4 0 1 0.989 2.0 0.515 1.0 0.461 1.0 4 1 False 3 3.6 0 51.052 0 2506050 2506050 25100.0 25110.0 A A N
25 6 6 FO 502.32 870.044 1 6 586.045 821.659 586.029 918.432 502.371 966.732 418.555 918.359 418.621 821.673 502.279 773.373 586.045 821.659 1 0 0.941 2.0 0.422 1.0 0.375 1.0 109 0 True 3 3.6 0 60.0 0 2506060 2506060 25200.0 25210.0 A A W
25 6 7 FO 418.603 1015.061 1 6 502.371 966.732 502.305 1063.418 418.647 1111.718 334.882 1063.432 334.897 966.659 418.555 918.359 502.371 966.732 1 0 0.883 2.0 0.358 1.0 0.322 1.0 108 0 True 3 3.6 0 67.589 0 2506070 2506070 25200.0 25210.0 A A W
25 6 8 FO 334.88 1160.07 1 6 418.647 1111.718 418.582 1208.405 334.837 1256.755 251.158 1208.418 251.137 1111.782 334.882 1063.432 418.647 1111.718 1 0 0.827 2.0 0.31 1.0 0.286 1.0 107 1 False 3 3.6 0 73.898 0 2506080 2506080 25200.0 25210.0 A A E
25 6 9 FO 251.167 1305.073 1 6 334.837 1256.755 334.858 1353.391 251.113 1401.741 167.434 1353.405 167.413 1256.768 251.158 1208.418 334.837 1256.755 1 0 0.799 2.0 0.274 1.0 0.261 1.0 110 1 False 3 3.6 0 79.106 0 2506090 2506090 25200.0 25210.0 A A E
25 6 10 FO 167.444 1450.082 1 6 251.113 1401.741 251.134 1498.377 167.39 1546.727 83.711 1498.391 83.69 1401.755 167.434 1353.405 251.113 1401.741 1 0 0.733 2.0 0.256 1.0 0.247 1.0 112 1 False 3 3.6 0 83.413 0 2506100 2506100 25201.0 25210.0 B A E
25 6 11 cOe 83.722 1595.091 1 3 167.39 1546.727 -0.034 1546.741 83.711 1498.391 167.39 1546.727 0.0 0.0 0.0 0.0 0.0 0.0 1 0 0.651 0.0 0.0 0.0 0.0 0.0 112 1 False 3 3.6 0 86.995 0 2506110 2506110 25201.0 25210.0 B A N
25 7 0 FO 1172.09 0.0 0 6 1172.1 -96.7 1255.8 -48.3 1255.8 48.3 1172.1 96.7 1088.4 48.3 1088.4 -48.3 1172.1 -96.7 0 0 0.843 2.0 0.327 1.0 0.299 1.0 9 1 False 3 3.6 0 0.0 0 2507000 2507000 25000.0 25010.0 A A E
25 7 1 FO 1088.37 145.01 0 6 1088.4 48.3 1172.1 96.7 1172.1 193.3 1088.4 241.7 1004.6 193.3 1004.6 96.7 1088.4 48.3 0 0 0.883 2.0 0.358 1.0 0.322 1.0 8 0 True 3 3.6 0 7.589 0 2507010 2507010 25000.0 25010.0 A A W
25 7 2 FO 1004.64 290.02 0 6 1004.6 193.3 1088.4 241.7 1088.4 338.4 1004.6 386.7 920.9 338.4 920.9 241.7 1004.6 193.3 0 0 0.911 2.0 0.401 1.0 0.357 1.0 7 0 True 3 3.6 0 16.102 0 2507020 2507020 25000.0 25010.0 A A W
25 7 3 FO 920.92 435.02 0 6 920.9 338.4 1004.6 386.7 1004.6 483.4 920.9 531.7 837.2 483.4 837.2 386.7 920.9 338.4 0 0 0.94 2.0 0.425 1.0 0.378 1.0 10 0 False 3 3.6 0 25.285 0 2507030 2507030 25000.0 25010.0 A A N
25 7 4 FO 837.2 580.03 4 6 837.2 483.4 920.9 531.7 920.9 628.4 837.2 676.7 753.5 628.4 753.5 531.7 837.2 483.4 0 1 0.924 2.0 0.421 1.0 0.374 1.0 6 1 False 3 3.6 0 34.715 0 2507040 2507040 25100.0 25110.0 A A E
25 7 5 FO 753.48 725.04 4 6 753.5 628.4 837.2 676.7 837.2 773.4 753.5 821.7 669.8 773.4 669.8 676.7 753.5 628.4 0 1 0.927 2.0 0.403 1.0 0.358 1.0 5 1 False 3 3.6 0 43.898 0 2507050 2507050 25100.0 25110.0 A A E
25 7 6 FO 669.76 870.05 4 6 669.8 773.4 753.5 821.7 753.5 918.4 669.8 966.7 586.0 918.4 586.0 821.7 669.8 773.4 0 1 0.884 2.0 0.357 1.0 0.322 1.0 4 1 False 3 3.6 0 52.411 0 2507060 2507060 25100.0 25110.0 A A E
25 7 7 FO 586.045 1015.06 1 6 669.795 966.718 669.729 1063.405 586.071 1111.705 502.305 1063.418 502.371 966.732 586.029 918.432 669.795 966.718 1 0 0.843 2.0 0.327 1.0 0.299 1.0 109 1 False 3 3.6 0 60.0 0 2507070 2507070 25200.0 25210.0 A A E
25 7 8 FO 502.323 1160.068 1 6 586.071 1111.705 586.005 1208.391 502.347 1256.691 418.582 1208.405 418.647 1111.718 502.305 1063.418 586.071 1111.705 1 0 0.823 2.0 0.295 1.0 0.276 1.0 108 1 False 3 3.6 0 66.587 0 2507080 2507080 25200.0 25210.0 A A E
25 7 9 FO 418.6 1305.077 1 6 502.347 1256.691 502.282 1353.377 418.537 1401.727 334.858 1353.391 334.837 1256.755 418.582 1208.405 502.347 1256.691 1 0 0.743 2.0 0.272 1.0 0.259 1.0 107 1 False 3 3.6 0 72.216 0 2507090 2507090 25200.0 25210.0 A A N
25 7 10 FO 334.887 1450.081 1 6 418.537 1401.727 418.608 1498.45 334.863 1546.8 251.134 1498.377 251.113 1401.741 334.858 1353.391 418.537 1401.727 1 0 0.736 2.0 0.283 1.0 0.283 1.0 110 1 False 3 3.6 0 76.996 0 2507100 2507100 25200.0 25210.0 A A N
25 7 11 dOe 251.164 1595.089 1 5 334.863 1546.8 334.892 1595.05 167.468 1595.064 167.39 1546.727 251.134 1498.377 334.863 1546.8 0.0 0.0 1 0 0.688 1.0 0.144 1.0 0.144 1.0 112 1 False 2 2.4 0 81.052 0 2507110 2507110 25201.0 25210.0 B A N
25 8 0 FO 1339.53 0.0 0 6 1339.5 -96.7 1423.2 -48.3 1423.2 48.3 1339.5 96.7 1255.8 48.3 1255.8 -48.3 1339.5 -96.7 0 0 0.786 2.0 0.273 1.0 0.259 1.0 9 1 False 3 3.6 0 0.0 0 2508000 2508000 25000.0 25010.0 A A N
25 8 1 FO 1255.81 145.01 0 6 1255.8 48.3 1339.5 96.7 1339.5 193.3 1255.8 241.7 1172.1 193.3 1172.1 96.7 1255.8 48.3 0 0 0.823 2.0 0.295 1.0 0.276 1.0 8 1 False 3 3.6 0 6.587 0 2508010 2508010 25000.0 25010.0 A A E
25 8 2 FO 1172.09 290.02 0 6 1172.1 193.3 1255.8 241.7 1255.8 338.4 1172.1 386.7 1088.4 338.4 1088.4 241.7 1172.1 193.3 0 0 0.827 2.0 0.31 1.0 0.286 1.0 7 1 False 3 3.6 0 13.898 0 2508020 2508020 25000.0 25010.0 A A E
25 8 3 FO 1088.37 435.02 0 6 1088.4 338.4 1172.1 386.7 1172.1 483.4 1088.4 531.7 1004.6 483.4 1004.6 386.7 1088.4 338.4 0 0 0.855 2.0 0.322 1.0 0.295 1.0 10 0 True 3 3.6 0 21.787 0 2508030 2508030 25000.0 25010.0 A A W
25 8 4 FO 1004.64 580.03 4 6 1004.6 483.4 1088.4 531.7 1088.4 628.4 1004.6 676.7 920.9 628.4 920.9 531.7 1004.6 483.4 0 1 0.847 2.0 0.332 1.0 0.303 1.0 11 1 False 3 3.6 0 30.0 0 2508040 2508040 25100.0 25110.0 A A N
25 8 5 FO 920.92 725.04 4 6 920.9 628.4 1004.6 676.7 1004.6 773.4 920.9 821.7 837.2 773.4 837.2 676.7 920.9 628.4 0 1 0.838 2.0 0.319 1.0 0.293 1.0 6 0 True 3 3.6 0 38.213 0 2508050 2508050 25100.0 25110.0 A A W
25 8 6 FO 837.2 870.05 4 6 837.2 773.4 920.9 821.7 920.9 918.4 837.2 966.7 753.5 918.4 753.5 821.7 837.2 773.4 0 1 0.825 2.0 0.311 1.0 0.288 1.0 5 0 True 3 3.6 0 46.102 0 2508060 2508060 25100.0 25110.0 A A W
25 8 7 FO 753.48 1015.06 4 6 753.5 918.4 837.2 966.7 837.2 1063.4 753.5 1111.7 669.8 1063.4 669.8 966.7 753.5 918.4 0 1 0.818 2.0 0.289 1.0 0.271 1.0 4 0 True 3 3.6 0 53.413 0 2508070 2508070 25100.0 25110.0 A A W
25 8 8 FO 669.765 1160.067 1 6 753.495 1111.691 753.429 1208.377 669.771 1256.677 586.005 1208.391 586.071 1111.705 669.729 1063.405 753.495 1111.691 1 0 0.786 2.0 0.273 1.0 0.259 1.0 109 1 False 3 3.6 0 60.0 0 2508080 2508080 25200.0 25210.0 A A N
25 8 9 FO 586.043 1305.076 1 6 669.771 1256.677 669.755 1353.45 586.097 1401.75 502.282 1353.377 502.347 1256.691 586.005 1208.391 669.771 1256.677 1 0 0.746 2.0 0.26 1.0 0.25 1.0 108 1 False 3 3.6 0 65.818 0 2508090 2508090 25200.0 25210.0 A A N
25 8 10 FOe 502.32 1450.084 1 6 586.097 1401.75 586.032 1498.437 502.287 1546.787 418.608 1498.45 418.537 1401.727 502.282 1353.377 586.097 1401.75 1 0 0.724 2.0 0.25 1.0 0.243 1.0 107 1 False 3 3.6 0 70.894 0 2508100 2508100 25200.0 25210.0 A A N
25 8 11 cOe 418.607 1595.088 1 3 502.287 1546.787 334.863 1546.8 418.608 1498.45 502.287 1546.787 0.0 0.0 0.0 0.0 0.0 0.0 1 0 0.652 0.0 0.0 0.0 0.0 0.0 110 1 False 3 3.6 0 75.295 0 2508110 2508110 25200.0 25210.0 A A N
25 9 0 bOe 1506.97 0.0 0 5 1507.0 -96.7 1590.7 48.3 1507.0 96.7 1423.2 48.3 1423.2 -48.3 1507.0 -96.7 0.0 0.0 0 0 0.709 1.0 0.192 1.0 0.192 1.0 9 1 False 3 3.6 0 0.0 0 2509000 2509000 25000.0 25010.0 A A N
25 9 1 FO 1423.25 145.01 0 6 1423.2 48.3 1507.0 96.7 1507.0 193.3 1423.2 241.7 1339.5 193.3 1339.5 96.7 1423.2 48.3 0 0 0.746 2.0 0.26 1.0 0.25 1.0 8 1 False 3 3.6 0 5.818 0 2509010 2509010 25000.0 25010.0 A A N
25 9 2 FO 1339.53 290.02 0 6 1339.5 193.3 1423.2 241.7 1423.2 338.4 1339.5 386.7 1255.8 338.4 1255.8 241.7 1339.5 193.3 0 0 0.743 2.0 0.272 1.0 0.259 1.0 7 1 False 3 3.6 0 12.216 0 2509020 2509020 25000.0 25010.0 A A N
25 9 3 FO 1255.81 435.02 0 6 1255.8 338.4 1339.5 386.7 1339.5 483.4 1255.8 531.7 1172.1 483.4 1172.1 386.7 1255.8 338.4 0 0 0.799 2.0 0.274 1.0 0.261 1.0 10 1 False 3 3.6 0 19.106 0 2509030 2509030 25000.0 25010.0 A A E
25 9 4 FO 1172.09 580.03 0 6 1172.1 483.4 1255.8 531.7 1255.8 628.4 1172.1 676.7 1088.4 628.4 1088.4 531.7 1172.1 483.4 0 0 0.814 2.0 0.276 1.0 0.262 1.0 12 0 True 3 3.6 0 26.329 0 2509040 2509040 25001.0 25010.0 B A W
25 9 5 FO 1088.37 725.04 4 6 1088.4 628.4 1172.1 676.7 1172.1 773.4 1088.4 821.7 1004.6 773.4 1004.6 676.7 1088.4 628.4 0 1 0.81 2.0 0.278 1.0 0.264 1.0 11 1 False 3 3.6 0 33.67 0 2509050 2509050 25100.0 25110.0 A A E
25 9 6 FO 1004.64 870.05 4 6 1004.6 773.4 1088.4 821.7 1088.4 918.4 1004.6 966.7 920.9 918.4 920.9 821.7 1004.6 773.4 0 1 0.805 2.0 0.275 1.0 0.26 1.0 6 0 False 3 3.6 0 40.894 0 2509060 2509060 25100.0 25110.0 A A N
25 9 7 FO 920.92 1015.06 4 6 920.9 918.4 1004.6 966.7 1004.6 1063.4 920.9 1111.7 837.2 1063.4 837.2 966.7 920.9 918.4 0 1 0.758 2.0 0.266 1.0 0.254 1.0 5 0 False 3 3.6 0 47.784 0 2509070 2509070 25100.0 25110.0 A A N
25 9 8 FO 837.2 1160.06 4 6 837.2 1063.4 920.9 1111.7 920.9 1208.4 837.2 1256.7 753.5 1208.4 753.5 1111.7 837.2 1063.4 0 1 0.745 2.0 0.291 1.0 0.291 1.0 4 0 False 3 3.6 0 54.183 0 2509080 2509080 25100.0 25110.0 A A N
25 9 9 bOe 753.485 1305.074 1 5 837.245 1256.75 753.521 1401.737 669.755 1353.45 669.771 1256.677 753.429 1208.377 837.245 1256.75 0.0 0.0 1 0 0.709 1.0 0.192 1.0 0.192 1.0 109 1 False 3 3.6 0 60.0 0 2509090 2509090 25200.0 25210.0 A A N
25 9 10 aOe 669.763 1450.083 1 4 753.521 1401.737 586.032 1498.437 586.097 1401.75 669.755 1353.45 753.521 1401.737 0.0 0.0 0.0 0.0 1 0 0.685 1.0 0.144 1.0 0.144 1.0 108 1 False 3 3.6 0 65.209 0 2509100 2509100 25200.0 25210.0 A A N
25 10 1 aOe 1590.69 145.01 0 4 1590.7 48.3 1590.7 241.7 1507.0 193.3 1507.0 96.7 1590.7 48.3 0.0 0.0 0.0 0.0 0 0 0.685 1.0 0.144 1.0 0.144 1.0 8 1 False 3 3.6 0 5.209 0 2510010 2510010 25000.0 25010.0 A A N
25 10 2 FOe 1506.97 290.02 0 6 1507.0 193.3 1590.7 241.7 1590.7 338.4 1507.0 386.7 1423.2 338.4 1423.2 241.7 1507.0 193.3 0 0 0.724 2.0 0.25 1.0 0.243 1.0 7 1 False 3 3.6 0 10.894 0 2510020 2510020 25000.0 25010.0 A A N
25 10 3 FO 1423.25 435.02 0 6 1423.2 338.4 1507.0 386.7 1507.0 483.4 1423.2 531.7 1339.5 483.4 1339.5 386.7 1423.2 338.4 0 0 0.736 2.0 0.283 1.0 0.283 1.0 10 1 False 3 3.6 0 16.996 0 2510030 2510030 25000.0 25010.0 A A N
25 10 4 FO 1339.53 580.03 0 6 1339.5 483.4 1423.2 531.7 1423.2 628.4 1339.5 676.7 1255.8 628.4 1255.8 531.7 1339.5 483.4 0 0 0.733 2.0 0.256 1.0 0.247 1.0 12 1 False 3 3.6 0 23.413 0 2510040 2510040 25001.0 25010.0 B A E
25 10 5 FO 1255.81 725.04 4 6 1255.8 628.4 1339.5 676.7 1339.5 773.4 1255.8 821.7 1172.1 773.4 1172.1 676.7 1255.8 628.4 0 0 0.751 2.0 0.29 1.0 0.29 1.0 12 0 False 3 3.6 0 30.0 0 2510050 2510050 25001.0 25010.0 B A N
25 10 6 FO 1172.09 870.05 4 6 1172.1 773.4 1255.8 821.7 1255.8 918.4 1172.1 966.7 1088.4 918.4 1088.4 821.7 1172.1 773.4 0 1 0.726 2.0 0.286 1.0 0.286 1.0 11 0 True 3 3.6 0 36.587 0 2510060 2510060 25100.0 25110.0 A A W
25 10 7 FO 1088.37 1015.06 4 6 1088.4 918.4 1172.1 966.7 1172.1 1063.4 1088.4 1111.7 1004.6 1063.4 1004.6 966.7 1088.4 918.4 0 1 0.722 2.0 0.256 1.0 0.247 1.0 6 0 False 3 3.6 0 43.004 0 2510070 2510070 25100.0 25110.0 A A N
25 10 8 FOe 1004.64 1160.06 4 6 1004.6 1063.4 1088.4 1111.7 1088.4 1208.4 1004.6 1256.7 920.9 1208.4 920.9 1111.7 1004.6 1063.4 0 1 0.721 2.0 0.275 1.0 0.275 1.0 5 0 False 3 3.6 0 49.107 0 2510080 2510080 25100.0 25110.0 A A N
25 10 9 cOe 920.92 1305.07 1 3 1004.6 1256.7 837.2 1256.7 920.9 1208.4 1004.6 1256.7 0.0 0.0 0.0 0.0 0.0 0.0 0 1 0.654 0.0 0.0 0.0 0.0 0.0 4 0 False 3 3.6 0 54.791 0 2510090 2510090 25100.0 25110.0 A A N
25 11 3 cOe 1590.69 435.02 0 3 1590.7 338.4 1507.0 483.4 1507.0 386.7 1590.7 338.4 0.0 0.0 0.0 0.0 0.0 0.0 0 0 0.652 0.0 0.0 0.0 0.0 0.0 10 1 False 3 3.6 0 15.295 0 2511030 2511030 25000.0 25010.0 A A N
25 11 4 dOe 1506.97 580.03 0 5 1507.0 483.4 1548.8 507.5 1465.1 652.5 1423.2 628.4 1423.2 531.7 1507.0 483.4 0.0 0.0 0 0 0.688 1.0 0.144 1.0 0.144 1.0 12 1 False 2 2.4 0 21.052 0 2511040 2511040 25001.0 25010.0 B A N
25 11 5 cOe 1423.25 725.04 0 3 1423.2 628.4 1339.5 773.4 1339.5 676.7 1423.2 628.4 0.0 0.0 0.0 0.0 0.0 0.0 0 0 0.651 0.0 0.0 0.0 0.0 0.0 12 1 False 3 3.6 0 26.995 0 2511050 2511050 25001.0 25010.0 B A N
25 11 6 cOe 1339.53 870.05 0 3 1339.5 773.4 1255.8 918.4 1255.8 821.7 1339.5 773.4 0.0 0.0 0.0 0.0 0.0 0.0 0 0 0.655 0.0 0.0 0.0 0.0 0.0 12 0 False 3 3.6 0 33.004 0 2511060 2511060 25001.0 25010.0 B A N
25 11 7 dOe 1255.81 1015.06 0 5 1255.8 918.4 1297.7 942.6 1213.9 1087.6 1172.1 1063.4 1172.1 966.7 1255.8 918.4 0.0 0.0 0 1 0.673 1.0 0.144 1.0 0.144 1.0 11 0 False 2 2.4 0 38.948 0 2511070 2511070 25100.0 25110.0 A A N
25 11 8 cOe 1172.09 1160.06 0 3 1172.1 1063.4 1088.4 1208.4 1088.4 1111.7 1172.1 1063.4 0.0 0.0 0.0 0.0 0.0 0.0 0 1 0.653 0.0 0.0 0.0 0.0 0.0 6 0 False 3 3.6 0 44.704 0 2511080 2511080 25100.0 25110.0 A A N
26 1 2 dIe -0.002 290.016 4 5 -83.718 338.396 -83.729 316.578 83.695 316.564 83.705 338.382 0.047 386.682 -83.718 338.396 0.0 0.0 1 1 0.0 0.0 1.084 2.0 1.084 2.0 102 0 False 3 3.6 0 90.0 1 2601020 2601021 26300.0 0.0 A None N
26 1 3 FI -83.725 435.025 2 6 0.047 386.682 -0.018 483.368 -83.763 531.718 -167.442 483.382 -167.463 386.746 -83.718 338.396 0.047 386.682 1 1 0.0 0.0 1.637 2.0 1.692 2.0 102 0 False 6 7.2 0 100.894 1 2601030 2601031 26300.0 0.0 A None N
26 1 4 FI -167.438 580.028 2 6 -83.763 531.718 -83.742 628.355 -167.487 676.705 -251.166 628.368 -251.187 531.732 -167.442 483.382 -83.763 531.718 1 1 0.0 0.0 1.123 2.0 1.124 2.0 102 0 False 6 7.2 0 106.102 1 2601040 2601041 26300.0 0.0 A None N
26 1 5 FI -251.161 725.037 2 6 -167.487 676.705 -167.466 773.341 -251.21 821.691 -334.889 773.355 -334.91 676.718 -251.166 628.368 -167.487 676.705 1 1 0.0 0.0 0.92 1.0 0.92 1.0 102 0 True 6 7.2 0 109.107 1 2601050 2601051 26300.0 0.0 A None N
26 1 6 FM -334.883 870.046 5 6 -251.21 821.691 -251.139 918.414 -334.884 966.764 -418.613 918.341 -418.634 821.705 -334.889 773.355 -251.21 821.691 1 1 0.0 0.0 0.504 1.0 0.442 1.0 104 1 False 3 3.6 0 111.052 0 2601060 2601060 26300.0 0.0 A None N
26 1 7 FO -418.605 1015.054 5 6 -334.884 966.764 -334.863 1063.4 -418.608 1111.75 -502.287 1063.414 -502.358 966.691 -418.613 918.341 -334.884 966.764 1 1 0.0 0.0 0.352 1.0 0.314 1.0 104 1 False 3 3.6 0 112.411 0 2601070 2601070 26300.0 0.0 A None E
26 1 8 FO -502.328 1160.063 5 6 -418.608 1111.75 -418.587 1208.386 -502.331 1256.736 -586.01 1208.4 -586.031 1111.764 -502.287 1063.414 -418.608 1111.75 1 1 0.0 0.0 0.285 1.0 0.266 1.0 104 0 True 3 3.6 0 113.413 0 2601080 2601080 26300.0 0.0 A None W
26 1 9 FO -586.041 1305.066 5 6 -502.331 1256.736 -502.31 1353.373 -586.055 1401.723 -669.734 1353.386 -669.755 1256.75 -586.01 1208.4 -502.331 1256.736 1 1 0.0 0.0 0.259 1.0 0.249 1.0 104 0 False 3 3.6 0 114.183 0 2601090 2601090 26300.0 0.0 A None N
26 1 10 aOe -669.764 1450.075 2 4 -586.034 1498.359 -753.479 1401.736 -669.734 1353.386 -586.055 1401.723 -586.034 1498.359 0.0 0.0 0.0 0.0 1 1 0.0 0.0 0.144 1.0 0.144 1.0 104 0 False 3 3.6 0 114.791 0 2601100 2601100 26300.0 0.0 A None N
26 2 0 gIe 334.88 0.0 3 6 334.9 96.7 316.0 85.8 316.0 -85.8 334.9 -96.7 418.6 -48.3 418.6 48.3 334.9 96.7 0 0 0.0 0.0 1.75 2.0 1.75 2.0 0 0 False 6 7.2 0 0.0 1 2602000 2602001 26000.0 0.0 A None N
26 2 1 dIe 251.16 145.01 3 5 251.2 241.7 232.3 230.8 316.0 85.8 334.9 96.7 334.9 193.3 251.2 241.7 0.0 0.0 0 1 0.0 0.0 1.084 2.0 1.084 2.0 2 0 False 3 3.6 0 30.0 1 2602010 2602011 26100.0 0.0 A None N
26 2 2 gIe 167.44 290.015 4 6 83.705 338.382 83.695 316.564 232.305 230.764 251.195 241.682 251.129 338.368 167.471 386.668 83.705 338.382 1 0 0.0 0.0 1.75 2.0 1.75 2.0 100 0 False 6 7.2 0 60.0 1 2602020 2602021 26200.0 0.0 A None N
26 2 3 FI 83.718 435.023 2 6 167.471 386.668 167.405 483.355 83.747 531.655 -0.018 483.368 0.047 386.682 83.705 338.382 167.471 386.668 1 1 0.0 0.0 1.642 2.0 1.694 2.0 103 0 False 6 7.2 0 79.107 1 2602030 2602031 26300.0 0.0 A None N
26 2 4 FI -0.005 580.032 2 6 83.747 531.655 83.682 628.341 -0.063 676.691 -83.742 628.355 -83.763 531.718 -0.018 483.368 83.747 531.655 1 1 0.0 0.0 1.165 2.0 1.176 2.0 103 0 False 6 7.2 0 90.0 1 2602040 2602041 26300.0 0.0 A None N
26 2 5 FI -83.718 725.036 2 6 -0.063 676.691 0.008 773.414 -83.737 821.764 -167.466 773.341 -167.487 676.705 -83.742 628.355 -0.063 676.691 1 1 0.0 0.0 0.969 1.0 0.963 1.0 103 0 True 6 7.2 0 96.587 1 2602050 2602051 26300.0 0.0 A None N
26 2 6 FM -167.441 870.044 5 6 -83.737 821.764 -83.716 918.4 -167.46 966.75 -251.139 918.414 -251.21 821.691 -167.466 773.341 -83.737 821.764 1 1 0.0 0.0 0.542 1.0 0.489 1.0 105 1 False 3 3.6 0 100.893 0 2602060 2602060 26300.0 0.0 A None N
26 2 7 FO -251.163 1015.053 5 6 -167.46 966.75 -167.439 1063.386 -251.184 1111.736 -334.863 1063.4 -334.884 966.764 -251.139 918.414 -167.46 966.75 1 1 0.0 0.0 0.389 1.0 0.341 1.0 105 1 False 3 3.6 0 103.898 0 2602070 2602070 26300.0 0.0 A None E
26 2 8 FO -334.885 1160.061 5 6 -251.184 1111.736 -251.163 1208.373 -334.908 1256.723 -418.587 1208.386 -418.608 1111.75 -334.863 1063.4 -251.184 1111.736 1 1 0.0 0.0 0.307 1.0 0.281 1.0 105 0 True 3 3.6 0 106.102 0 2602080 2602080 26300.0 0.0 A None W
26 2 9 FO -418.608 1305.07 5 6 -334.908 1256.723 -334.887 1353.359 -418.631 1401.709 -502.31 1353.373 -502.331 1256.736 -418.587 1208.386 -334.908 1256.723 1 1 0.0 0.0 0.263 1.0 0.251 1.0 105 0 False 3 3.6 0 107.784 0 2602090 2602090 26300.0 0.0 A None N
26 2 10 bOe -502.321 1450.074 2 5 -418.56 1498.432 -586.034 1498.359 -586.055 1401.723 -502.31 1353.373 -418.631 1401.709 -418.56 1498.432 0.0 0.0 1 1 0.0 0.0 0.192 1.0 0.192 1.0 105 0 False 3 3.6 0 109.107 0 2602100 2602100 26300.0 0.0 A None N
26 3 0 FI 502.32 0.0 0 6 502.3 -96.7 586.0 -48.3 586.0 48.3 502.3 96.7 418.6 48.3 418.6 -48.3 502.3 -96.7 0 0 0.0 0.0 1.386 2.0 1.406 2.0 0 0 False 6 7.2 0 0.0 1 2603000 2603001 26000.0 0.0 A None N
26 3 1 FI 418.6 145.01 1 6 418.6 48.3 502.3 96.7 502.3 193.3 418.6 241.7 334.9 193.3 334.9 96.7 418.6 48.3 0 1 0.0 0.0 1.642 2.0 1.694 2.0 3 0 False 6 7.2 0 19.107 1 2603010 2603011 26100.0 0.0 A None N
26 3 2 FI 334.88 290.02 1 6 334.9 193.3 418.6 241.7 418.6 338.4 334.9 386.7 251.2 338.4 251.2 241.7 334.9 193.3 0 1 0.0 0.0 1.637 2.0 1.692 2.0 2 0 False 6 7.2 0 40.894 1 2603020 2603021 26100.0 0.0 A None N
26 3 3 FI 251.16 435.022 1 6 334.895 386.655 334.829 483.341 251.171 531.641 167.405 483.355 167.471 386.668 251.129 338.368 334.895 386.655 1 0 0.0 0.0 1.386 2.0 1.406 2.0 100 0 False 6 7.2 0 60.0 1 2603030 2603031 26200.0 0.0 A None N
26 3 4 FI 167.438 580.031 1 6 251.171 531.641 251.155 628.414 167.497 676.714 83.682 628.341 83.747 531.655 167.405 483.355 251.171 531.641 1 0 0.0 0.0 1.115 2.0 1.117 2.0 101 0 False 6 7.2 0 73.898 1 2603040 2603041 26200.0 0.0 A None N
26 3 5 FI 83.715 725.039 1 6 167.497 676.714 167.432 773.4 83.687 821.75 0.008 773.414 -0.063 676.691 83.682 628.341 167.497 676.714 1 0 0.0 0.0 0.965 1.0 0.959 1.0 101 0 False 6 7.2 0 83.414 1 2603050 2603051 26200.0 0.0 A None N
26 3 6 FM 0.002 870.043 5 6 83.687 821.75 83.708 918.386 -0.037 966.736 -83.716 918.4 -83.737 821.764 0.008 773.414 83.687 821.75 1 1 0.0 0.0 0.557 1.0 0.505 1.0 106 1 False 3 3.6 0 90.0 0 2603060 2603060 26300.0 0.0 A None N
26 3 7 FO -83.721 1015.051 5 6 -0.037 966.736 -0.016 1063.373 -83.76 1111.723 -167.439 1063.386 -167.46 966.75 -83.716 918.4 -0.037 966.736 1 1 0.0 0.0 0.41 1.0 0.357 1.0 106 1 False 3 3.6 0 94.715 0 2603070 2603070 26300.0 0.0 A None E
26 3 8 FO -167.443 1160.06 5 6 -83.76 1111.723 -83.739 1208.359 -167.484 1256.709 -251.163 1208.373 -251.184 1111.736 -167.439 1063.386 -83.76 1111.723 1 1 0.0 0.0 0.311 1.0 0.284 1.0 106 0 True 3 3.6 0 98.213 0 2603080 2603080 26300.0 0.0 A None W
26 3 9 FO -251.165 1305.069 5 6 -167.484 1256.709 -167.413 1353.432 -251.158 1401.782 -334.887 1353.359 -334.908 1256.723 -251.163 1208.373 -167.484 1256.709 1 1 0.0 0.0 0.27 1.0 0.256 1.0 106 0 False 3 3.6 0 100.894 0 2603090 2603090 26300.0 0.0 A None N
26 3 10 FOe -334.883 1450.086 5 6 -251.158 1401.782 -251.137 1498.418 -334.881 1546.768 -418.56 1498.432 -418.631 1401.709 -334.887 1353.359 -251.158 1401.782 1 1 0.0 0.0 0.281 1.0 0.281 1.0 106 0 False 3 3.6 0 103.004 0 2603100 2603100 26300.0 0.0 A None N
26 4 0 FI 669.76 0.0 0 6 669.8 -96.7 753.5 -48.3 753.5 48.3 669.8 96.7 586.0 48.3 586.0 -48.3 669.8 -96.7 0 0 0.0 0.0 1.035 2.0 1.023 2.0 0 0 True 6 7.2 0 0.0 1 2604000 2604001 26000.0 0.0 A None N
26 4 1 FI 586.04 145.01 0 6 586.0 48.3 669.8 96.7 669.8 193.3 586.0 241.7 502.3 193.3 502.3 96.7 586.0 48.3 0 0 0.0 0.0 1.115 2.0 1.117 2.0 1 0 False 6 7.2 0 13.898 1 2604010 2604011 26000.0 0.0 A None N
26 4 2 FI 502.32 290.02 1 6 502.3 193.3 586.0 241.7 586.0 338.4 502.3 386.7 418.6 338.4 418.6 241.7 502.3 193.3 0 1 0.0 0.0 1.165 2.0 1.176 2.0 3 0 False 6 7.2 0 30.0 1 2604020 2604021 26100.0 0.0 A None N
26 4 3 FI 418.6 435.02 1 6 418.6 338.4 502.3 386.7 502.3 483.4 418.6 531.7 334.9 483.4 334.9 386.7 418.6 338.4 0 1 0.0 0.0 1.123 2.0 1.124 2.0 2 0 False 6 7.2 0 46.102 1 2604030 2604031 26100.0 0.0 A None N
26 4 4 FI 334.88 580.029 1 6 418.645 531.714 418.579 628.4 334.921 676.7 251.155 628.414 251.171 531.641 334.829 483.341 418.645 531.714 1 0 0.0 0.0 1.035 2.0 1.023 2.0 100 0 True 6 7.2 0 60.0 1 2604040 2604041 26200.0 0.0 A None N
26 4 5 FI 251.158 725.038 1 6 334.921 676.7 334.855 773.386 251.197 821.686 167.432 773.4 167.497 676.714 251.155 628.414 334.921 676.7 1 0 0.0 0.0 0.917 1.0 0.917 1.0 101 0 True 6 7.2 0 70.894 1 2604050 2604051 26200.0 0.0 A None N
26 4 6 FM 167.435 870.046 1 6 251.197 821.686 251.132 918.373 167.387 966.723 83.708 918.386 83.687 821.75 167.432 773.4 251.197 821.686 1 0 0.0 0.0 0.544 1.0 0.488 1.0 107 0 False 3 3.6 0 79.107 0 2604060 2604060 26200.0 0.0 A None N
26 4 7 FO 83.722 1015.05 1 6 167.387 966.723 167.408 1063.359 83.663 1111.709 -0.016 1063.373 -0.037 966.736 83.708 918.386 167.387 966.723 1 0 0.0 0.0 0.412 1.0 0.358 1.0 110 0 False 3 3.6 0 85.285 0 2604070 2604070 26200.0 0.0 A None N
26 4 8 FO -0.001 1160.059 1 6 83.663 1111.709 83.734 1208.432 -0.01 1256.782 -83.739 1208.359 -83.76 1111.723 -0.016 1063.373 83.663 1111.709 1 0 0.0 0.0 0.326 1.0 0.295 1.0 111 0 True 3 3.6 0 90.0 0 2604080 2604080 26201.0 0.0 B None W
26 4 9 FO -83.718 1305.076 5 6 -0.01 1256.782 0.011 1353.418 -83.734 1401.768 -167.413 1353.432 -167.484 1256.709 -83.739 1208.359 -0.01 1256.782 1 0 0.0 0.0 0.276 1.0 0.26 1.0 111 0 False 3 3.6 0 93.67 0 2604090 2604090 26201.0 0.0 B None N
26 4 10 FO -167.44 1450.085 5 6 -83.734 1401.768 -83.713 1498.405 -167.458 1546.755 -251.137 1498.418 -251.158 1401.782 -167.413 1353.432 -83.734 1401.768 1 0 0.0 0.0 0.283 1.0 0.283 1.0 111 0 False 3 3.6 0 96.587 0 2604100 2604100 26201.0 0.0 B None N
26 4 11 cOe -251.163 1595.093 1 3 -167.458 1546.755 -334.881 1546.768 -251.137 1498.418 -167.458 1546.755 0.0 0.0 0.0 0.0 0.0 0.0 1 1 0.0 0.0 0.0 0.0 0.0 0.0 106 0 False 3 3.6 0 98.948 0 2604110 2604110 26300.0 0.0 A None N
26 5 0 FM 837.2 0.0 0 6 837.2 -96.7 920.9 -48.3 920.9 48.3 837.2 96.7 753.5 48.3 753.5 -48.3 837.2 -96.7 0 0 0.0 0.0 0.577 1.0 0.529 1.0 9 0 False 3 3.6 0 0.0 0 2605000 2605000 26000.0 0.0 A None N
26 5 1 FI 753.48 145.01 0 6 753.5 48.3 837.2 96.7 837.2 193.3 753.5 241.7 669.8 193.3 669.8 96.7 753.5 48.3 0 0 0.0 0.0 0.917 1.0 0.917 1.0 1 0 True 6 7.2 0 10.894 1 2605010 2605011 26000.0 0.0 A None N
26 5 2 FI 669.76 290.02 0 6 669.8 193.3 753.5 241.7 753.5 338.4 669.8 386.7 586.0 338.4 586.0 241.7 669.8 193.3 0 0 0.0 0.0 0.965 1.0 0.959 1.0 1 0 False 6 7.2 0 23.414 1 2605020 2605021 26000.0 0.0 A None N
26 5 3 FI 586.04 435.02 1 6 586.0 338.4 669.8 386.7 669.8 483.4 586.0 531.7 502.3 483.4 502.3 386.7 586.0 338.4 0 1 0.0 0.0 0.969 1.0 0.963 1.0 3 0 True 6 7.2 0 36.587 1 2605030 2605031 26100.0 0.0 A None N
26 5 4 FI 502.32 580.03 1 6 502.3 483.4 586.0 531.7 586.0 628.4 502.3 676.7 418.6 628.4 418.6 531.7 502.3 483.4 0 1 0.0 0.0 0.92 1.0 0.92 1.0 2 0 True 6 7.2 0 49.107 1 2605040 2605041 26100.0 0.0 A None N
26 5 5 FM 418.6 725.036 1 6 502.345 676.686 502.279 773.373 418.621 821.673 334.855 773.386 334.921 676.7 418.579 628.4 502.345 676.686 1 0 0.0 0.0 0.577 1.0 0.529 1.0 109 0 False 3 3.6 0 60.0 0 2605050 2605050 26200.0 0.0 A None N
26 5 6 FM 334.878 870.045 1 6 418.621 821.673 418.555 918.359 334.897 966.659 251.132 918.373 251.197 821.686 334.855 773.386 418.621 821.673 1 0 0.0 0.0 0.502 1.0 0.442 1.0 108 0 False 3 3.6 0 68.948 0 2605060 2605060 26200.0 0.0 A None N
26 5 7 FO 251.155 1015.054 1 6 334.897 966.659 334.882 1063.432 251.137 1111.782 167.408 1063.359 167.387 966.723 251.132 918.373 334.897 966.659 1 0 0.0 0.0 0.393 1.0 0.343 1.0 107 0 True 3 3.6 0 76.102 0 2605070 2605070 26200.0 0.0 A None W
26 5 8 FO 167.447 1160.066 1 6 251.137 1111.782 251.158 1208.418 167.413 1256.768 83.734 1208.432 83.663 1111.709 167.408 1063.359 251.137 1111.782 1 0 0.0 0.0 0.316 1.0 0.289 1.0 110 0 True 3 3.6 0 81.787 0 2605080 2605080 26200.0 0.0 A None W
26 5 9 FO 83.724 1305.075 1 6 167.413 1256.768 167.434 1353.405 83.69 1401.755 0.011 1353.418 -0.01 1256.782 83.734 1208.432 167.413 1256.768 1 0 0.0 0.0 0.27 1.0 0.257 1.0 111 1 False 3 3.6 0 86.329 0 2605090 2605090 26201.0 0.0 B None E
26 5 10 FO 0.002 1450.083 5 6 83.69 1401.755 83.711 1498.391 -0.034 1546.741 -83.713 1498.405 -83.734 1401.768 0.011 1353.418 83.69 1401.755 1 0 0.0 0.0 0.284 1.0 0.284 1.0 111 1 False 3 3.6 0 90.0 0 2605100 2605100 26201.0 0.0 B None N
26 5 11 cOe -83.72 1595.092 1 3 -0.034 1546.741 -167.458 1546.755 -83.713 1498.405 -0.034 1546.741 0.0 0.0 0.0 0.0 0.0 0.0 1 0 0.0 0.0 0.0 0.0 0.0 0.0 111 0 False 3 3.6 0 93.004 0 2605110 2605110 26201.0 0.0 B None N
26 6 0 FO 1004.64 0.0 0 6 1004.6 -96.7 1088.4 -48.3 1088.4 48.3 1004.6 96.7 920.9 48.3 920.9 -48.3 1004.6 -96.7 0 0 0.0 0.0 0.412 1.0 0.359 1.0 9 0 True 3 3.6 0 0.0 0 2606000 2606000 26000.0 0.0 A None W
26 6 1 FM 920.92 145.01 0 6 920.9 48.3 1004.6 96.7 1004.6 193.3 920.9 241.7 837.2 193.3 837.2 96.7 920.9 48.3 0 0 0.0 0.0 0.502 1.0 0.442 1.0 8 0 False 3 3.6 0 8.948 0 2606010 2606010 26000.0 0.0 A None N
26 6 2 FM 837.2 290.02 0 6 837.2 193.3 920.9 241.7 920.9 338.4 837.2 386.7 753.5 338.4 753.5 241.7 837.2 193.3 0 0 0.0 0.0 0.544 1.0 0.488 1.0 7 0 False 3 3.6 0 19.107 0 2606020 2606020 26000.0 0.0 A None N
26 6 3 FM 753.48 435.02 4 6 753.5 338.4 837.2 386.7 837.2 483.4 753.5 531.7 669.8 483.4 669.8 386.7 753.5 338.4 0 1 0.0 0.0 0.557 1.0 0.505 1.0 6 1 False 3 3.6 0 30.0 0 2606030 2606030 26100.0 0.0 A None N
26 6 4 FM 669.76 580.03 4 6 669.8 483.4 753.5 531.7 753.5 628.4 669.8 676.7 586.0 628.4 586.0 531.7 669.8 483.4 0 1 0.0 0.0 0.542 1.0 0.489 1.0 5 1 False 3 3.6 0 40.893 0 2606040 2606040 26100.0 0.0 A None N
26 6 5 FM 586.04 725.04 4 6 586.0 628.4 669.8 676.7 669.8 773.4 586.0 821.7 502.3 773.4 502.3 676.7 586.0 628.4 0 1 0.0 0.0 0.504 1.0 0.442 1.0 4 1 False 3 3.6 0 51.052 0 2606050 2606050 26100.0 0.0 A None N
26 6 6 FO 502.32 870.044 1 6 586.045 821.659 586.029 918.432 502.371 966.732 418.555 918.359 418.621 821.673 502.279 773.373 586.045 821.659 1 0 0.0 0.0 0.412 1.0 0.359 1.0 109 0 True 3 3.6 0 60.0 0 2606060 2606060 26200.0 0.0 A None W
26 6 7 FO 418.603 1015.061 1 6 502.371 966.732 502.305 1063.418 418.647 1111.718 334.882 1063.432 334.897 966.659 418.555 918.359 502.371 966.732 1 0 0.0 0.0 0.352 1.0 0.313 1.0 108 0 True 3 3.6 0 67.589 0 2606070 2606070 26200.0 0.0 A None W
26 6 8 FO 334.88 1160.07 1 6 418.647 1111.718 418.582 1208.405 334.837 1256.755 251.158 1208.418 251.137 1111.782 334.882 1063.432 418.647 1111.718 1 0 0.0 0.0 0.306 1.0 0.281 1.0 107 1 False 3 3.6 0 73.898 0 2606080 2606080 26200.0 0.0 A None E
26 6 9 FO 251.167 1305.073 1 6 334.837 1256.755 334.858 1353.391 251.113 1401.741 167.434 1353.405 167.413 1256.768 251.158 1208.418 334.837 1256.755 1 0 0.0 0.0 0.271 1.0 0.257 1.0 110 1 False 3 3.6 0 79.106 0 2606090 2606090 26200.0 0.0 A None E
26 6 10 FO 167.444 1450.082 1 6 251.113 1401.741 251.134 1498.377 167.39 1546.727 83.711 1498.391 83.69 1401.755 167.434 1353.405 251.113 1401.741 1 0 0.0 0.0 0.283 1.0 0.283 1.0 111 1 False 3 3.6 0 83.413 0 2606100 2606100 26201.0 0.0 B None N
26 6 11 cOe 83.722 1595.091 1 3 167.39 1546.727 -0.034 1546.741 83.711 1498.391 167.39 1546.727 0.0 0.0 0.0 0.0 0.0 0.0 1 0 0.0 0.0 0.0 0.0 0.0 0.0 111 1 False 3 3.6 0 86.995 0 2606110 2606110 26201.0 0.0 B None N
26 7 0 FO 1172.09 0.0 0 6 1172.1 -96.7 1255.8 -48.3 1255.8 48.3 1172.1 96.7 1088.4 48.3 1088.4 -48.3 1172.1 -96.7 0 0 0.0 0.0 0.319 1.0 0.289 1.0 9 1 False 3 3.6 0 0.0 0 2607000 2607000 26000.0 0.0 A None E
26 7 1 FO 1088.37 145.01 0 6 1088.4 48.3 1172.1 96.7 1172.1 193.3 1088.4 241.7 1004.6 193.3 1004.6 96.7 1088.4 48.3 0 0 0.0 0.0 0.352 1.0 0.313 1.0 8 0 True 3 3.6 0 7.589 0 2607010 2607010 26000.0 0.0 A None W
26 7 2 FO 1004.64 290.02 0 6 1004.6 193.3 1088.4 241.7 1088.4 338.4 1004.6 386.7 920.9 338.4 920.9 241.7 1004.6 193.3 0 0 0.0 0.0 0.393 1.0 0.343 1.0 7 0 True 3 3.6 0 16.102 0 2607020 2607020 26000.0 0.0 A None W
26 7 3 FO 920.92 435.02 0 6 920.9 338.4 1004.6 386.7 1004.6 483.4 920.9 531.7 837.2 483.4 837.2 386.7 920.9 338.4 0 0 0.0 0.0 0.412 1.0 0.358 1.0 10 0 False 3 3.6 0 25.285 0 2607030 2607030 26000.0 0.0 A None N
26 7 4 FO 837.2 580.03 4 6 837.2 483.4 920.9 531.7 920.9 628.4 837.2 676.7 753.5 628.4 753.5 531.7 837.2 483.4 0 1 0.0 0.0 0.41 1.0 0.357 1.0 6 1 False 3 3.6 0 34.715 0 2607040 2607040 26100.0 0.0 A None E
26 7 5 FO 753.48 725.04 4 6 753.5 628.4 837.2 676.7 837.2 773.4 753.5 821.7 669.8 773.4 669.8 676.7 753.5 628.4 0 1 0.0 0.0 0.389 1.0 0.341 1.0 5 1 False 3 3.6 0 43.898 0 2607050 2607050 26100.0 0.0 A None E
26 7 6 FO 669.76 870.05 4 6 669.8 773.4 753.5 821.7 753.5 918.4 669.8 966.7 586.0 918.4 586.0 821.7 669.8 773.4 0 1 0.0 0.0 0.352 1.0 0.314 1.0 4 1 False 3 3.6 0 52.411 0 2607060 2607060 26100.0 0.0 A None E
26 7 7 FO 586.045 1015.06 1 6 669.795 966.718 669.729 1063.405 586.071 1111.705 502.305 1063.418 502.371 966.732 586.029 918.432 669.795 966.718 1 0 0.0 0.0 0.319 1.0 0.289 1.0 109 1 False 3 3.6 0 60.0 0 2607070 2607070 26200.0 0.0 A None E
26 7 8 FO 502.323 1160.068 1 6 586.071 1111.705 586.005 1208.391 502.347 1256.691 418.582 1208.405 418.647 1111.718 502.305 1063.418 586.071 1111.705 1 0 0.0 0.0 0.288 1.0 0.269 1.0 108 1 False 3 3.6 0 66.587 0 2607080 2607080 26200.0 0.0 A None E
26 7 9 FO 418.6 1305.077 1 6 502.347 1256.691 502.282 1353.377 418.537 1401.727 334.858 1353.391 334.837 1256.755 418.582 1208.405 502.347 1256.691 1 0 0.0 0.0 0.269 1.0 0.256 1.0 107 1 False 3 3.6 0 72.216 0 2607090 2607090 26200.0 0.0 A None N
26 7 10 FOe 334.887 1450.081 1 6 418.537 1401.727 418.608 1498.45 334.863 1546.8 251.134 1498.377 251.113 1401.741 334.858 1353.391 418.537 1401.727 1 0 0.0 0.0 0.253 1.0 0.245 1.0 110 1 False 3 3.6 0 76.996 0 2607100 2607100 26200.0 0.0 A None N
26 7 11 cOe 251.164 1595.089 1 3 334.863 1546.8 167.39 1546.727 251.134 1498.377 334.863 1546.8 0.0 0.0 0.0 0.0 0.0 0.0 1 0 0.0 0.0 0.0 0.0 0.0 0.0 111 1 False 3 3.6 0 81.052 0 2607110 2607110 26201.0 0.0 B None N
26 8 0 FO 1339.53 0.0 0 6 1339.5 -96.7 1423.2 -48.3 1423.2 48.3 1339.5 96.7 1255.8 48.3 1255.8 -48.3 1339.5 -96.7 0 0 0.0 0.0 0.268 1.0 0.255 1.0 9 1 False 3 3.6 0 0.0 0 2608000 2608000 26000.0 0.0 A None N
26 8 1 FO 1255.81 145.01 0 6 1255.8 48.3 1339.5 96.7 1339.5 193.3 1255.8 241.7 1172.1 193.3 1172.1 96.7 1255.8 48.3 0 0 0.0 0.0 0.288 1.0 0.269 1.0 8 1 False 3 3.6 0 6.587 0 2608010 2608010 26000.0 0.0 A None E
26 8 2 FO 1172.09 290.02 0 6 1172.1 193.3 1255.8 241.7 1255.8 338.4 1172.1 386.7 1088.4 338.4 1088.4 241.7 1172.1 193.3 0 0 0.0 0.0 0.306 1.0 0.281 1.0 7 1 False 3 3.6 0 13.898 0 2608020 2608020 26000.0 0.0 A None E
26 8 3 FO 1088.37 435.02 0 6 1088.4 338.4 1172.1 386.7 1172.1 483.4 1088.4 531.7 1004.6 483.4 1004.6 386.7 1088.4 338.4 0 0 0.0 0.0 0.316 1.0 0.289 1.0 10 0 True 3 3.6 0 21.787 0 2608030 2608030 26000.0 0.0 A None W
26 8 4 FO 1004.64 580.03 0 6 1004.6 483.4 1088.4 531.7 1088.4 628.4 1004.6 676.7 920.9 628.4 920.9 531.7 1004.6 483.4 0 0 0.0 0.0 0.326 1.0 0.295 1.0 11 0 True 3 3.6 0 30.0 0 2608040 2608040 26001.0 0.0 B None W
26 8 5 FO 920.92 725.04 4 6 920.9 628.4 1004.6 676.7 1004.6 773.4 920.9 821.7 837.2 773.4 837.2 676.7 920.9 628.4 0 1 0.0 0.0 0.311 1.0 0.284 1.0 6 0 True 3 3.6 0 38.213 0 2608050 2608050 26100.0 0.0 A None W
26 8 6 FO 837.2 870.05 4 6 837.2 773.4 920.9 821.7 920.9 918.4 837.2 966.7 753.5 918.4 753.5 821.7 837.2 773.4 0 1 0.0 0.0 0.307 1.0 0.281 1.0 5 0 True 3 3.6 0 46.102 0 2608060 2608060 26100.0 0.0 A None W
26 8 7 FO 753.48 1015.06 4 6 753.5 918.4 837.2 966.7 837.2 1063.4 753.5 1111.7 669.8 1063.4 669.8 966.7 753.5 918.4 0 1 0.0 0.0 0.285 1.0 0.266 1.0 4 0 True 3 3.6 0 53.413 0 2608070 2608070 26100.0 0.0 A None W
26 8 8 FO 669.765 1160.067 1 6 753.495 1111.691 753.429 1208.377 669.771 1256.677 586.005 1208.391 586.071 1111.705 669.729 1063.405 753.495 1111.691 1 0 0.0 0.0 0.268 1.0 0.255 1.0 109 1 False 3 3.6 0 60.0 0 2608080 2608080 26200.0 0.0 A None N
26 8 9 FO 586.043 1305.076 1 6 669.771 1256.677 669.755 1353.45 586.097 1401.75 502.282 1353.377 502.347 1256.691 586.005 1208.391 669.771 1256.677 1 0 0.0 0.0 0.257 1.0 0.248 1.0 108 1 False 3 3.6 0 65.818 0 2608090 2608090 26200.0 0.0 A None N
26 8 10 bOe 502.32 1450.084 2 5 586.032 1498.437 418.608 1498.45 418.537 1401.727 502.282 1353.377 586.097 1401.75 586.032 1498.437 0.0 0.0 1 0 0.0 0.0 0.192 1.0 0.192 1.0 107 1 False 3 3.6 0 70.894 0 2608100 2608100 26200.0 0.0 A None N
26 9 0 FOe 1506.97 0.0 0 6 1507.0 -96.7 1590.7 -48.3 1590.7 48.3 1507.0 96.7 1423.2 48.3 1423.2 -48.3 1507.0 -96.7 0 0 0.0 0.0 0.251 1.0 0.243 1.0 9 1 False 3 3.6 0 0.0 0 2609000 2609000 26000.0 0.0 A None N
26 9 1 FO 1423.25 145.01 0 6 1423.2 48.3 1507.0 96.7 1507.0 193.3 1423.2 241.7 1339.5 193.3 1339.5 96.7 1423.2 48.3 0 0 0.0 0.0 0.257 1.0 0.248 1.0 8 1 False 3 3.6 0 5.818 0 2609010 2609010 26000.0 0.0 A None N
26 9 2 FO 1339.53 290.02 0 6 1339.5 193.3 1423.2 241.7 1423.2 338.4 1339.5 386.7 1255.8 338.4 1255.8 241.7 1339.5 193.3 0 0 0.0 0.0 0.269 1.0 0.256 1.0 7 1 False 3 3.6 0 12.216 0 2609020 2609020 26000.0 0.0 A None N
26 9 3 FO 1255.81 435.02 0 6 1255.8 338.4 1339.5 386.7 1339.5 483.4 1255.8 531.7 1172.1 483.4 1172.1 386.7 1255.8 338.4 0 0 0.0 0.0 0.271 1.0 0.257 1.0 10 1 False 3 3.6 0 19.106 0 2609030 2609030 26000.0 0.0 A None E
26 9 4 FO 1172.09 580.03 0 6 1172.1 483.4 1255.8 531.7 1255.8 628.4 1172.1 676.7 1088.4 628.4 1088.4 531.7 1172.1 483.4 0 0 0.0 0.0 0.27 1.0 0.257 1.0 11 1 False 3 3.6 0 26.329 0 2609040 2609040 26001.0 0.0 B None E
26 9 5 FO 1088.37 725.04 4 6 1088.4 628.4 1172.1 676.7 1172.1 773.4 1088.4 821.7 1004.6 773.4 1004.6 676.7 1088.4 628.4 0 0 0.0 0.0 0.276 1.0 0.26 1.0 11 0 False 3 3.6 0 33.67 0 2609050 2609050 26001.0 0.0 B None N
26 9 6 FO 1004.64 870.05 4 6 1004.6 773.4 1088.4 821.7 1088.4 918.4 1004.6 966.7 920.9 918.4 920.9 821.7 1004.6 773.4 0 1 0.0 0.0 0.27 1.0 0.256 1.0 6 0 False 3 3.6 0 40.894 0 2609060 2609060 26100.0 0.0 A None N
26 9 7 FO 920.92 1015.06 4 6 920.9 918.4 1004.6 966.7 1004.6 1063.4 920.9 1111.7 837.2 1063.4 837.2 966.7 920.9 918.4 0 1 0.0 0.0 0.263 1.0 0.251 1.0 5 0 False 3 3.6 0 47.784 0 2609070 2609070 26100.0 0.0 A None N
26 9 8 FO 837.2 1160.06 4 6 837.2 1063.4 920.9 1111.7 920.9 1208.4 837.2 1256.7 753.5 1208.4 753.5 1111.7 837.2 1063.4 0 1 0.0 0.0 0.259 1.0 0.249 1.0 4 0 False 3 3.6 0 54.183 0 2609080 2609080 26100.0 0.0 A None N
26 9 9 FOe 753.485 1305.074 1 6 837.245 1256.75 837.179 1353.437 753.521 1401.737 669.755 1353.45 669.771 1256.677 753.429 1208.377 837.245 1256.75 1 0 0.0 0.0 0.251 1.0 0.243 1.0 109 1 False 3 3.6 0 60.0 0 2609090 2609090 26200.0 0.0 A None N
26 9 10 aOe 669.763 1450.083 1 4 753.521 1401.737 586.032 1498.437 586.097 1401.75 669.755 1353.45 753.521 1401.737 0.0 0.0 0.0 0.0 1 0 0.0 0.0 0.144 1.0 0.144 1.0 108 1 False 3 3.6 0 65.209 0 2609100 2609100 26200.0 0.0 A None N
26 10 1 aOe 1590.69 145.01 0 4 1590.7 48.3 1590.7 241.7 1507.0 193.3 1507.0 96.7 1590.7 48.3 0.0 0.0 0.0 0.0 0 0 0.0 0.0 0.144 1.0 0.144 1.0 8 1 False 3 3.6 0 5.209 0 2610010 2610010 26000.0 0.0 A None N
26 10 2 bOe 1506.97 290.02 1 5 1590.7 241.7 1507.0 386.7 1423.2 338.4 1423.2 241.7 1507.0 193.3 1590.7 241.7 0.0 0.0 0 0 0.0 0.0 0.192 1.0 0.192 1.0 7 1 False 3 3.6 0 10.894 0 2610020 2610020 26000.0 0.0 A None N
26 10 3 FOe 1423.25 435.02 0 6 1423.2 338.4 1507.0 386.7 1507.0 483.4 1423.2 531.7 1339.5 483.4 1339.5 386.7 1423.2 338.4 0 0 0.0 0.0 0.253 1.0 0.245 1.0 10 1 False 3 3.6 0 16.996 0 2610030 2610030 26000.0 0.0 A None N
26 10 4 FO 1339.53 580.03 0 6 1339.5 483.4 1423.2 531.7 1423.2 628.4 1339.5 676.7 1255.8 628.4 1255.8 531.7 1339.5 483.4 0 0 0.0 0.0 0.283 1.0 0.283 1.0 11 1 False 3 3.6 0 23.413 0 2610040 2610040 26001.0 0.0 B None N
26 10 5 FO 1255.81 725.04 4 6 1255.8 628.4 1339.5 676.7 1339.5 773.4 1255.8 821.7 1172.1 773.4 1172.1 676.7 1255.8 628.4 0 0 0.0 0.0 0.284 1.0 0.284 1.0 11 1 False 3 3.6 0 30.0 0 2610050 2610050 26001.0 0.0 B None N
26 10 6 FO 1172.09 870.05 4 6 1172.1 773.4 1255.8 821.7 1255.8 918.4 1172.1 966.7 1088.4 918.4 1088.4 821.7 1172.1 773.4 0 0 0.0 0.0 0.283 1.0 0.283 1.0 11 0 False 3 3.6 0 36.587 0 2610060 2610060 26001.0 0.0 B None N
26 10 7 FOe 1088.37 1015.06 4 6 1088.4 918.4 1172.1 966.7 1172.1 1063.4 1088.4 1111.7 1004.6 1063.4 1004.6 966.7 1088.4 918.4 0 1 0.0 0.0 0.281 1.0 0.281 1.0 6 0 False 3 3.6 0 43.004 0 2610070 2610070 26100.0 0.0 A None N
26 10 8 bOe 1004.64 1160.06 1 5 1088.4 1111.7 1004.6 1256.7 920.9 1208.4 920.9 1111.7 1004.6 1063.4 1088.4 1111.7 0.0 0.0 0 1 0.0 0.0 0.192 1.0 0.192 1.0 5 0 False 3 3.6 0 49.107 0 2610080 2610080 26100.0 0.0 A None N
26 10 9 aOe 920.92 1305.07 1 4 1004.6 1256.7 837.2 1353.4 837.2 1256.7 920.9 1208.4 1004.6 1256.7 0.0 0.0 0.0 0.0 0 1 0.0 0.0 0.144 1.0 0.144 1.0 4 0 False 3 3.6 0 54.791 0 2610090 2610090 26100.0 0.0 A None N
26 11 4 cOe 1506.97 580.03 0 3 1507.0 483.4 1423.2 628.4 1423.2 531.7 1507.0 483.4 0.0 0.0 0.0 0.0 0.0 0.0 0 0 0.0 0.0 0.0 0.0 0.0 0.0 11 1 False 3 3.6 0 21.052 0 2611040 2611040 26001.0 0.0 B None N
26 11 5 cOe 1423.25 725.04 0 3 1423.2 628.4 1339.5 773.4 1339.5 676.7 1423.2 628.4 0.0 0.0 0.0 0.0 0.0 0.0 0 0 0.0 0.0 0.0 0.0 0.0 0.0 11 1 False 3 3.6 0 26.995 0 2611050 2611050 26001.0 0.0 B None N
26 11 6 cOe 1339.53 870.05 0 3 1339.5 773.4 1255.8 918.4 1255.8 821.7 1339.5 773.4 0.0 0.0 0.0 0.0 0.0 0.0 0 0 0.0 0.0 0.0 0.0 0.0 0.0 11 0 False 3 3.6 0 33.004 0 2611060 2611060 26001.0 0.0 B None N
26 11 7 cOe 1255.81 1015.06 0 3 1255.8 918.4 1172.1 1063.4 1172.1 966.7 1255.8 918.4 0.0 0.0 0.0 0.0 0.0 0.0 0 1 0.0 0.0 0.0 0.0 0.0 0.0 6 0 False 3 3.6 0 38.948 0 2611070 2611070 26100.0 0.0 A None N
27 1 3 FIe -83.72 435.02 2 6 -83.7 338.4 0.0 386.7 0.0 483.4 -83.7 531.7 -167.4 483.4 -167.4 386.7 -83.7 338.4 1 1 1.772 2.0 1.592 2.0 1.639 2.0 7 0 False 6 7.2 0 100.893 1 2701030 2701031 27300.0 27310.0 A A N
27 1 4 FI -167.44 580.03 2 6 -167.4 483.4 -83.7 531.7 -83.7 628.4 -167.4 676.7 -251.2 628.4 -251.2 531.7 -167.4 483.4 1 1 1.235 2.0 1.083 2.0 1.076 2.0 7 0 False 6 7.2 0 106.102 1 2701040 2701041 27300.0 27310.0 A A N
27 1 5 FI -251.16 725.04 2 6 -251.2 628.4 -167.4 676.7 -167.4 773.4 -251.2 821.7 -334.9 773.4 -334.9 676.7 -251.2 628.4 1 1 1.016 2.0 0.881 1.0 0.883 1.0 7 0 True 6 7.2 0 109.107 1 2701050 2701051 27300.0 27310.0 A A N
27 1 6 FM -334.88 870.05 5 6 -334.9 773.4 -251.2 821.7 -251.2 918.4 -334.9 966.7 -418.6 918.4 -418.6 821.7 -334.9 773.4 1 1 0.91 2.0 0.473 1.0 0.42 1.0 21 1 False 3 3.6 0 111.052 0 2701060 2701060 27300.0 27310.0 A A N
27 1 7 FO -418.6 1015.06 5 6 -418.6 918.4 -334.9 966.7 -334.9 1063.4 -418.6 1111.7 -502.3 1063.4 -502.3 966.7 -418.6 918.4 1 1 0.811 2.0 0.334 1.0 0.304 1.0 21 1 False 3 3.6 0 112.411 0 2701070 2701070 27300.0 27310.0 A A E
27 1 8 FO -502.32 1160.06 5 6 -502.3 1063.4 -418.6 1111.7 -418.6 1208.4 -502.3 1256.7 -586.0 1208.4 -586.0 1111.7 -502.3 1063.4 1 1 0.762 2.0 0.28 1.0 0.265 1.0 21 0 True 3 3.6 0 113.413 0 2701080 2701080 27300.0 27310.0 A A W
27 1 9 FOe -586.04 1305.07 5 6 -586.0 1208.4 -502.3 1256.7 -502.3 1353.4 -586.0 1401.7 -669.8 1353.4 -669.8 1256.7 -586.0 1208.4 1 1 0.717 2.0 0.257 1.0 0.248 1.0 21 0 False 3 3.6 0 114.182 0 2701090 2701090 27300.0 27310.0 A A N
27 1 10 cOe -669.76 1450.08 2 3 -586.0 1498.4 -669.8 1353.4 -586.0 1401.7 -586.0 1498.4 0.0 0.0 0.0 0.0 0.0 0.0 1 1 0.655 0.0 0.0 0.0 0.0 0.0 21 0 False 3 3.6 0 114.791 0 2701100 2701100 27300.0 27310.0 A A N
27 2 0 aIe 334.88 0.0 3 4 353.3 86.1 353.3 -86.1 418.6 -48.3 418.6 48.3 353.3 86.1 0.0 0.0 0.0 0.0 0 0 1.198 2.0 0.895 1.0 0.895 1.0 0 0 False 6 7.2 0 0.0 1 2702000 2702001 27000.0 27010.0 A A N
27 2 2 aIe 167.44 290.02 4 4 102.1 349.0 251.2 262.9 251.2 338.4 167.4 386.7 102.1 349.0 0.0 0.0 0.0 0.0 1 0 1.206 2.0 0.907 1.0 0.907 1.0 4 0 False 6 7.2 0 60.0 1 2702020 2702021 27200.0 27210.0 A A N
27 2 3 FIe 83.72 435.02 1 6 83.7 338.4 167.4 386.7 167.4 483.4 83.7 531.7 0.0 483.4 0.0 386.7 83.7 338.4 1 0 1.806 2.0 1.584 2.0 1.628 2.0 4 0 False 6 7.2 0 79.107 1 2702030 2702031 27200.0 27210.0 A A N
27 2 4 FI 0.0 580.03 2 6 0.0 483.4 83.7 531.7 83.7 628.4 0.0 676.7 -83.7 628.4 -83.7 531.7 0.0 483.4 1 1 1.269 2.0 1.12 2.0 1.121 2.0 6 0 False 6 7.2 0 90.0 1 2702040 2702041 27300.0 27310.0 A A N
27 2 5 FI -83.72 725.04 2 6 -83.7 628.4 0.0 676.7 0.0 773.4 -83.7 821.7 -167.4 773.4 -167.4 676.7 -83.7 628.4 1 1 1.07 2.0 0.939 1.0 0.937 1.0 6 0 True 6 7.2 0 96.587 1 2702050 2702051 27300.0 27310.0 A A N
27 2 6 FM -167.44 870.05 5 6 -167.4 773.4 -83.7 821.7 -83.7 918.4 -167.4 966.7 -251.2 918.4 -251.2 821.7 -167.4 773.4 1 1 0.919 2.0 0.516 1.0 0.464 1.0 19 1 False 3 3.6 0 100.893 0 2702060 2702060 27300.0 27310.0 A A N
27 2 7 FO -251.16 1015.06 5 6 -251.2 918.4 -167.4 966.7 -167.4 1063.4 -251.2 1111.7 -334.9 1063.4 -334.9 966.7 -251.2 918.4 1 1 0.84 2.0 0.369 1.0 0.332 1.0 19 1 False 3 3.6 0 103.898 0 2702070 2702070 27300.0 27310.0 A A E
27 2 8 FO -334.88 1160.06 5 6 -334.9 1063.4 -251.2 1111.7 -251.2 1208.4 -334.9 1256.7 -418.6 1208.4 -418.6 1111.7 -334.9 1063.4 1 1 0.798 2.0 0.296 1.0 0.276 1.0 19 0 True 3 3.6 0 106.102 0 2702080 2702080 27300.0 27310.0 A A W
27 2 9 FO -418.6 1305.07 5 6 -418.6 1208.4 -334.9 1256.7 -334.9 1353.4 -418.6 1401.7 -502.3 1353.4 -502.3 1256.7 -418.6 1208.4 1 1 0.729 2.0 0.261 1.0 0.252 1.0 19 0 False 3 3.6 0 107.784 0 2702090 2702090 27300.0 27310.0 A A N
27 2 10 FOe -502.32 1450.08 5 6 -502.3 1353.4 -418.6 1401.7 -418.6 1498.4 -502.3 1546.8 -586.0 1498.4 -586.0 1401.7 -502.3 1353.4 1 1 0.699 2.0 0.271 1.0 0.271 1.0 19 0 False 3 3.6 0 109.107 0 2702100 2702100 27300.0 27310.0 A A N
27 3 0 FI 502.32 0.0 0 6 502.3 -96.7 586.0 -48.3 586.0 48.3 502.3 96.7 418.6 48.3 418.6 -48.3 502.3 -96.7 0 0 1.501 2.0 1.342 2.0 1.361 2.0 0 0 False 6 7.2 0 0.0 1 2703000 2703001 27000.0 27010.0 A A N
27 3 1 FIe 418.6 145.01 0 6 418.6 48.3 502.3 96.7 502.3 193.3 418.6 241.7 334.9 193.3 334.9 96.7 418.6 48.3 0 0 1.813 2.0 1.594 2.0 1.639 2.0 0 0 False 6 7.2 0 19.107 1 2703010 2703011 27000.0 27010.0 A A N
27 3 2 FIe 334.88 290.02 1 6 334.9 193.3 418.6 241.7 418.6 338.4 334.9 386.7 251.2 338.4 251.2 241.7 334.9 193.3 0 1 1.798 2.0 1.583 2.0 1.63 2.0 3 0 False 6 7.2 0 40.894 1 2703020 2703021 27100.0 27110.0 A A N
27 3 3 FI 251.16 435.02 1 6 251.2 338.4 334.9 386.7 334.9 483.4 251.2 531.7 167.4 483.4 167.4 386.7 251.2 338.4 1 0 1.525 2.0 1.34 2.0 1.36 2.0 4 0 False 6 7.2 0 60.0 1 2703030 2703031 27200.0 27210.0 A A N
27 3 4 FI 167.44 580.03 1 6 167.4 483.4 251.2 531.7 251.2 628.4 167.4 676.7 83.7 628.4 83.7 531.7 167.4 483.4 1 0 1.241 2.0 1.08 2.0 1.074 2.0 5 0 False 6 7.2 0 73.898 1 2703040 2703041 27200.0 27210.0 A A N
27 3 5 FI 83.72 725.04 1 6 83.7 628.4 167.4 676.7 167.4 773.4 83.7 821.7 0.0 773.4 0.0 676.7 83.7 628.4 1 0 1.044 2.0 0.932 1.0 0.931 1.0 5 0 False 6 7.2 0 83.413 1 2703050 2703051 27200.0 27210.0 A A N
27 3 6 FM 0.0 870.05 5 6 0.0 773.4 83.7 821.7 83.7 918.4 0.0 966.7 -83.7 918.4 -83.7 821.7 0.0 773.4 1 1 0.923 2.0 0.534 1.0 0.482 1.0 17 1 False 3 3.6 0 90.0 0 2703060 2703060 27300.0 27310.0 A A N
27 3 7 FO -83.72 1015.06 5 6 -83.7 918.4 0.0 966.7 0.0 1063.4 -83.7 1111.7 -167.4 1063.4 -167.4 966.7 -83.7 918.4 1 1 0.868 2.0 0.387 1.0 0.345 1.0 17 1 False 3 3.6 0 94.715 0 2703070 2703070 27300.0 27310.0 A A E
27 3 8 FO -167.44 1160.06 5 6 -167.4 1063.4 -83.7 1111.7 -83.7 1208.4 -167.4 1256.7 -251.2 1208.4 -251.2 1111.7 -167.4 1063.4 1 1 0.795 2.0 0.302 1.0 0.281 1.0 17 0 True 3 3.6 0 98.213 0 2703080 2703080 27300.0 27310.0 A A W
27 3 9 FO -251.16 1305.07 5 6 -251.2 1208.4 -167.4 1256.7 -167.4 1353.4 -251.2 1401.7 -334.9 1353.4 -334.9 1256.7 -251.2 1208.4 1 1 0.735 2.0 0.264 1.0 0.254 1.0 17 0 False 3 3.6 0 100.893 0 2703090 2703090 27300.0 27310.0 A A N
27 3 10 FO -334.88 1450.08 5 6 -334.9 1353.4 -251.2 1401.7 -251.2 1498.4 -334.9 1546.8 -418.6 1498.4 -418.6 1401.7 -334.9 1353.4 1 1 0.714 2.0 0.277 1.0 0.277 1.0 17 0 False 3 3.6 0 103.004 0 2703100 2703100 27300.0 27310.0 A A N
27 3 11 cOe -418.6 1595.09 1 3 -334.9 1546.8 -502.3 1546.8 -418.6 1498.4 -334.9 1546.8 0.0 0.0 0.0 0.0 0.0 0.0 1 1 0.649 0.0 0.0 0.0 0.0 0.0 17 0 False 3 3.6 0 104.705 0 2703110 2703110 27300.0 27310.0 A A N
27 4 0 FI 669.76 0.0 0 6 669.8 -96.7 753.5 -48.3 753.5 48.3 669.8 96.7 586.0 48.3 586.0 -48.3 669.8 -96.7 0 0 1.174 2.0 1.006 2.0 0.997 2.0 0 0 True 6 7.2 0 0.0 1 2704000 2704001 27000.0 27010.0 A A N
27 4 1 FI 586.04 145.01 0 6 586.0 48.3 669.8 96.7 669.8 193.3 586.0 241.7 502.3 193.3 502.3 96.7 586.0 48.3 0 0 1.248 2.0 1.08 2.0 1.074 2.0 1 0 False 6 7.2 0 13.898 1 2704010 2704011 27000.0 27010.0 A A N
27 4 2 FI 502.32 290.02 1 6 502.3 193.3 586.0 241.7 586.0 338.4 502.3 386.7 418.6 338.4 418.6 241.7 502.3 193.3 0 1 1.292 2.0 1.119 2.0 1.119 2.0 2 0 False 6 7.2 0 30.0 1 2704020 2704021 27100.0 27110.0 A A N
27 4 3 FI 418.6 435.02 1 6 418.6 338.4 502.3 386.7 502.3 483.4 418.6 531.7 334.9 483.4 334.9 386.7 418.6 338.4 0 1 1.238 2.0 1.086 2.0 1.081 2.0 3 0 False 6 7.2 0 46.102 1 2704030 2704031 27100.0 27110.0 A A N
27 4 4 FI 334.88 580.03 1 6 334.9 483.4 418.6 531.7 418.6 628.4 334.9 676.7 251.2 628.4 251.2 531.7 334.9 483.4 1 0 1.135 2.0 1.004 2.0 0.995 2.0 4 0 True 6 7.2 0 60.0 1 2704040 2704041 27200.0 27210.0 A A N
27 4 5 FI 251.16 725.04 1 6 251.2 628.4 334.9 676.7 334.9 773.4 251.2 821.7 167.4 773.4 167.4 676.7 251.2 628.4 1 0 1.019 2.0 0.881 1.0 0.883 1.0 5 0 True 6 7.2 0 70.893 1 2704050 2704051 27200.0 27210.0 A A N
27 4 6 FM 167.44 870.05 1 6 167.4 773.4 251.2 821.7 251.2 918.4 167.4 966.7 83.7 918.4 83.7 821.7 167.4 773.4 1 0 0.933 2.0 0.528 1.0 0.475 1.0 13 0 False 3 3.6 0 79.107 0 2704060 2704060 27200.0 27210.0 A A N
27 4 7 FO 83.72 1015.06 1 6 83.7 918.4 167.4 966.7 167.4 1063.4 83.7 1111.7 0.0 1063.4 0.0 966.7 83.7 918.4 1 0 0.847 2.0 0.383 1.0 0.342 1.0 15 0 False 3 3.6 0 85.285 0 2704070 2704070 27200.0 27210.0 A A N
27 4 8 FO 0.0 1160.06 5 6 0.0 1063.4 83.7 1111.7 83.7 1208.4 0.0 1256.7 -83.7 1208.4 -83.7 1111.7 0.0 1063.4 1 1 0.812 2.0 0.308 1.0 0.285 1.0 23 1 False 3 3.6 0 90.0 0 2704080 2704080 27300.0 27310.0 A A N
27 4 9 FO -83.72 1305.07 5 6 -83.7 1208.4 0.0 1256.7 0.0 1353.4 -83.7 1401.7 -167.4 1353.4 -167.4 1256.7 -83.7 1208.4 1 1 0.738 2.0 0.27 1.0 0.257 1.0 23 1 False 3 3.6 0 93.67 0 2704090 2704090 27300.0 27310.0 A A E
27 4 10 FO -167.44 1450.08 5 6 -167.4 1353.4 -83.7 1401.7 -83.7 1498.4 -167.4 1546.8 -251.2 1498.4 -251.2 1401.7 -167.4 1353.4 1 1 0.717 2.0 0.252 1.0 0.245 1.0 23 0 True 3 3.6 0 96.587 0 2704100 2704100 27300.0 27310.0 A A W
27 4 11 aOe -251.16 1595.09 2 4 -167.4 1643.4 -334.9 1546.8 -251.2 1498.4 -167.4 1546.8 -167.4 1643.4 0.0 0.0 0.0 0.0 1 1 0.672 1.0 0.144 1.0 0.144 1.0 23 0 False 3 3.6 0 98.948 0 2704110 2704110 27300.0 27310.0 A A N
27 5 0 FM 837.2 0.0 0 6 837.2 -96.7 920.9 -48.3 920.9 48.3 837.2 96.7 753.5 48.3 753.5 -48.3 837.2 -96.7 0 0 0.944 2.0 0.563 1.0 0.516 1.0 8 0 False 3 3.6 0 0.0 0 2705000 2705000 27000.0 27010.0 A A N
27 5 1 FI 753.48 145.01 0 6 753.5 48.3 837.2 96.7 837.2 193.3 753.5 241.7 669.8 193.3 669.8 96.7 753.5 48.3 0 0 1.029 2.0 0.885 1.0 0.888 1.0 1 0 True 6 7.2 0 10.894 1 2705010 2705011 27000.0 27010.0 A A N
27 5 2 FI 669.76 290.02 0 6 669.8 193.3 753.5 241.7 753.5 338.4 669.8 386.7 586.0 338.4 586.0 241.7 669.8 193.3 0 0 1.07 2.0 0.929 1.0 0.927 1.0 1 0 False 6 7.2 0 23.414 1 2705020 2705021 27000.0 27010.0 A A N
27 5 3 FI 586.04 435.02 1 6 586.0 338.4 669.8 386.7 669.8 483.4 586.0 531.7 502.3 483.4 502.3 386.7 586.0 338.4 0 1 1.067 2.0 0.937 1.0 0.936 1.0 2 0 True 6 7.2 0 36.587 1 2705030 2705031 27100.0 27110.0 A A N
27 5 4 FI 502.32 580.03 1 6 502.3 483.4 586.0 531.7 586.0 628.4 502.3 676.7 418.6 628.4 418.6 531.7 502.3 483.4 0 1 1.018 2.0 0.892 1.0 0.893 1.0 3 0 True 6 7.2 0 49.107 1 2705040 2705041 27100.0 27110.0 A A N
27 5 5 FM 418.6 725.04 1 6 418.6 628.4 502.3 676.7 502.3 773.4 418.6 821.7 334.9 773.4 334.9 676.7 418.6 628.4 1 0 0.917 2.0 0.561 1.0 0.513 1.0 9 0 False 3 3.6 0 60.0 0 2705050 2705050 27200.0 27210.0 A A N
27 5 6 FM 334.88 870.05 1 6 334.9 773.4 418.6 821.7 418.6 918.4 334.9 966.7 251.2 918.4 251.2 821.7 334.9 773.4 1 0 0.888 2.0 0.474 1.0 0.421 1.0 11 0 False 3 3.6 0 68.948 0 2705060 2705060 27200.0 27210.0 A A N
27 5 7 FO 251.16 1015.06 1 6 251.2 918.4 334.9 966.7 334.9 1063.4 251.2 1111.7 167.4 1063.4 167.4 966.7 251.2 918.4 1 0 0.835 2.0 0.366 1.0 0.329 1.0 13 0 True 3 3.6 0 76.102 0 2705070 2705070 27200.0 27210.0 A A W
27 5 8 FO 167.44 1160.06 1 6 167.4 1063.4 251.2 1111.7 251.2 1208.4 167.4 1256.7 83.7 1208.4 83.7 1111.7 167.4 1063.4 1 0 0.806 2.0 0.306 1.0 0.283 1.0 15 0 True 3 3.6 0 81.787 0 2705080 2705080 27200.0 27210.0 A A W
27 5 9 FO 83.72 1305.07 1 6 83.7 1208.4 167.4 1256.7 167.4 1353.4 83.7 1401.7 0.0 1353.4 0.0 1256.7 83.7 1208.4 1 0 0.744 2.0 0.272 1.0 0.26 1.0 25 0 True 3 3.6 0 86.33 0 2705090 2705090 27201.0 27210.0 B A W
27 5 10 FO 0.0 1450.08 1 6 0.0 1353.4 83.7 1401.7 83.7 1498.4 0.0 1546.8 -83.7 1498.4 -83.7 1401.7 0.0 1353.4 1 1 0.719 2.0 0.255 1.0 0.247 1.0 23 1 False 3 3.6 0 90.0 0 2705100 2705100 27300.0 27310.0 A A N
27 5 11 aOe -83.72 1595.09 1 4 0.0 1546.8 -167.4 1643.4 -167.4 1546.8 -83.7 1498.4 0.0 1546.8 0.0 0.0 0.0 0.0 1 1 0.671 1.0 0.144 1.0 0.144 1.0 23 0 False 3 3.6 0 93.004 0 2705110 2705110 27300.0 27310.0 A A N
27 6 0 FO 1004.64 0.0 0 6 1004.6 -96.7 1088.4 -48.3 1088.4 48.3 1004.6 96.7 920.9 48.3 920.9 -48.3 1004.6 -96.7 0 0 0.886 2.0 0.395 1.0 0.352 1.0 8 0 True 3 3.6 0 0.0 0 2706000 2706000 27000.0 27010.0 A A W
27 6 1 FM 920.92 145.01 0 6 920.9 48.3 1004.6 96.7 1004.6 193.3 920.9 241.7 837.2 193.3 837.2 96.7 920.9 48.3 0 0 0.888 2.0 0.473 1.0 0.419 1.0 10 0 False 3 3.6 0 8.948 0 2706010 2706010 27000.0 27010.0 A A N
27 6 2 FM 837.2 290.02 0 6 837.2 193.3 920.9 241.7 920.9 338.4 837.2 386.7 753.5 338.4 753.5 241.7 837.2 193.3 0 0 0.923 2.0 0.522 1.0 0.468 1.0 12 0 False 3 3.6 0 19.107 0 2706020 2706020 27000.0 27010.0 A A N
27 6 3 FM 753.48 435.02 4 6 753.5 338.4 837.2 386.7 837.2 483.4 753.5 531.7 669.8 483.4 669.8 386.7 753.5 338.4 0 1 0.928 2.0 0.532 1.0 0.482 1.0 16 1 False 3 3.6 0 30.0 0 2706030 2706030 27100.0 27110.0 A A N
27 6 4 FM 669.76 580.03 4 6 669.8 483.4 753.5 531.7 753.5 628.4 669.8 676.7 586.0 628.4 586.0 531.7 669.8 483.4 0 1 0.919 2.0 0.518 1.0 0.466 1.0 18 1 False 3 3.6 0 40.893 0 2706040 2706040 27100.0 27110.0 A A N
27 6 5 FM 586.04 725.04 4 6 586.0 628.4 669.8 676.7 669.8 773.4 586.0 821.7 502.3 773.4 502.3 676.7 586.0 628.4 0 1 0.901 2.0 0.475 1.0 0.423 1.0 20 1 False 3 3.6 0 51.052 0 2706050 2706050 27100.0 27110.0 A A N
27 6 6 FO 502.32 870.05 1 6 502.3 773.4 586.0 821.7 586.0 918.4 502.3 966.7 418.6 918.4 418.6 821.7 502.3 773.4 1 0 0.859 2.0 0.392 1.0 0.35 1.0 9 0 True 3 3.6 0 60.0 0 2706060 2706060 27200.0 27210.0 A A W
27 6 7 FO 418.6 1015.06 1 6 418.6 918.4 502.3 966.7 502.3 1063.4 418.6 1111.7 334.9 1063.4 334.9 966.7 418.6 918.4 1 0 0.831 2.0 0.335 1.0 0.305 1.0 11 0 True 3 3.6 0 67.589 0 2706070 2706070 27200.0 27210.0 A A W
27 6 8 FO 334.88 1160.06 1 6 334.9 1063.4 418.6 1111.7 418.6 1208.4 334.9 1256.7 251.2 1208.4 251.2 1111.7 334.9 1063.4 1 0 0.801 2.0 0.292 1.0 0.273 1.0 13 1 False 3 3.6 0 73.898 0 2706080 2706080 27200.0 27210.0 A A E
27 6 9 FO 251.16 1305.07 1 6 251.2 1208.4 334.9 1256.7 334.9 1353.4 251.2 1401.7 167.4 1353.4 167.4 1256.7 251.2 1208.4 1 0 0.734 2.0 0.266 1.0 0.255 1.0 15 1 False 3 3.6 0 79.107 0 2706090 2706090 27200.0 27210.0 A A E
27 6 10 FO 167.44 1450.08 1 6 167.4 1353.4 251.2 1401.7 251.2 1498.4 167.4 1546.8 83.7 1498.4 83.7 1401.7 167.4 1353.4 1 0 0.725 2.0 0.252 1.0 0.245 1.0 25 1 False 3 3.6 0 83.413 0 2706100 2706100 27201.0 27210.0 B A E
27 6 11 aOe 83.72 1595.09 2 4 167.4 1643.4 -0.0 1546.8 83.7 1498.4 167.4 1546.8 167.4 1643.4 0.0 0.0 0.0 0.0 1 0 0.671 1.0 0.144 1.0 0.144 1.0 25 1 False 3 3.6 0 86.996 0 2706110 2706110 27201.0 27210.0 B A N
27 7 0 FO 1172.09 0.0 0 6 1172.1 -96.7 1255.8 -48.3 1255.8 48.3 1172.1 96.7 1088.4 48.3 1088.4 -48.3 1172.1 -96.7 0 0 0.789 2.0 0.306 1.0 0.283 1.0 8 1 False 3 3.6 0 0.0 0 2707000 2707000 27000.0 27010.0 A A E
27 7 1 FO 1088.37 145.01 0 6 1088.4 48.3 1172.1 96.7 1172.1 193.3 1088.4 241.7 1004.6 193.3 1004.6 96.7 1088.4 48.3 0 0 0.822 2.0 0.342 1.0 0.311 1.0 10 0 True 3 3.6 0 7.589 0 2707010 2707010 27000.0 27010.0 A A W
27 7 2 FO 1004.64 290.02 0 6 1004.6 193.3 1088.4 241.7 1088.4 338.4 1004.6 386.7 920.9 338.4 920.9 241.7 1004.6 193.3 0 0 0.849 2.0 0.368 1.0 0.331 1.0 12 0 True 3 3.6 0 16.102 0 2707020 2707020 27000.0 27010.0 A A W
27 7 3 FO 920.92 435.02 0 6 920.9 338.4 1004.6 386.7 1004.6 483.4 920.9 531.7 837.2 483.4 837.2 386.7 920.9 338.4 0 0 0.875 2.0 0.385 1.0 0.345 1.0 14 0 False 3 3.6 0 25.285 0 2707030 2707030 27000.0 27010.0 A A N
27 7 4 FO 837.2 580.03 4 6 837.2 483.4 920.9 531.7 920.9 628.4 837.2 676.7 753.5 628.4 753.5 531.7 837.2 483.4 0 1 0.856 2.0 0.38 1.0 0.341 1.0 16 1 False 3 3.6 0 34.715 0 2707040 2707040 27100.0 27110.0 A A E
27 7 5 FO 753.48 725.04 4 6 753.5 628.4 837.2 676.7 837.2 773.4 753.5 821.7 669.8 773.4 669.8 676.7 753.5 628.4 0 1 0.844 2.0 0.363 1.0 0.327 1.0 18 1 False 3 3.6 0 43.898 0 2707050 2707050 27100.0 27110.0 A A E
27 7 6 FO 669.76 870.05 4 6 669.8 773.4 753.5 821.7 753.5 918.4 669.8 966.7 586.0 918.4 586.0 821.7 669.8 773.4 0 1 0.827 2.0 0.334 1.0 0.304 1.0 20 1 False 3 3.6 0 52.411 0 2707060 2707060 27100.0 27110.0 A A E
27 7 7 FO 586.04 1015.06 1 6 586.0 918.4 669.8 966.7 669.8 1063.4 586.0 1111.7 502.3 1063.4 502.3 966.7 586.0 918.4 1 0 0.797 2.0 0.304 1.0 0.282 1.0 9 1 False 3 3.6 0 60.0 0 2707070 2707070 27200.0 27210.0 A A E
27 7 8 FO 502.32 1160.06 1 6 502.3 1063.4 586.0 1111.7 586.0 1208.4 502.3 1256.7 418.6 1208.4 418.6 1111.7 502.3 1063.4 1 0 0.761 2.0 0.284 1.0 0.268 1.0 11 1 False 3 3.6 0 66.587 0 2707080 2707080 27200.0 27210.0 A A E
27 7 9 FO 418.6 1305.07 1 6 418.6 1208.4 502.3 1256.7 502.3 1353.4 418.6 1401.7 334.9 1353.4 334.9 1256.7 418.6 1208.4 1 0 0.73 2.0 0.262 1.0 0.253 1.0 13 1 False 3 3.6 0 72.216 0 2707090 2707090 27200.0 27210.0 A A N
27 7 10 FO 334.88 1450.08 1 6 334.9 1353.4 418.6 1401.7 418.6 1498.4 334.9 1546.8 251.2 1498.4 251.2 1401.7 334.9 1353.4 1 0 0.718 2.0 0.248 1.0 0.241 1.0 15 1 False 3 3.6 0 76.996 0 2707100 2707100 27200.0 27210.0 A A N
27 7 11 aOe 251.16 1595.09 1 4 334.9 1546.8 167.4 1643.4 167.4 1546.8 251.2 1498.4 334.9 1546.8 0.0 0.0 0.0 0.0 1 0 0.67 1.0 0.144 1.0 0.144 1.0 25 1 False 3 3.6 0 81.052 0 2707110 2707110 27201.0 27210.0 B A N
27 8 0 FO 1339.53 0.0 0 6 1339.5 -96.7 1423.2 -48.3 1423.2 48.3 1339.5 96.7 1255.8 48.3 1255.8 -48.3 1339.5 -96.7 0 0 0.728 2.0 0.268 1.0 0.256 1.0 8 1 False 3 3.6 0 0.0 0 2708000 2708000 27000.0 27010.0 A A N
27 8 1 FO 1255.81 145.01 0 6 1255.8 48.3 1339.5 96.7 1339.5 193.3 1255.8 241.7 1172.1 193.3 1172.1 96.7 1255.8 48.3 0 0 0.761 2.0 0.278 1.0 0.263 1.0 10 1 False 3 3.6 0 6.587 0 2708010 2708010 27000.0 27010.0 A A E
27 8 2 FO 1172.09 290.02 0 6 1172.1 193.3 1255.8 241.7 1255.8 338.4 1172.1 386.7 1088.4 338.4 1088.4 241.7 1172.1 193.3 0 0 0.798 2.0 0.294 1.0 0.275 1.0 12 1 False 3 3.6 0 13.898 0 2708020 2708020 27000.0 27010.0 A A E
27 8 3 FO 1088.37 435.02 0 6 1088.4 338.4 1172.1 386.7 1172.1 483.4 1088.4 531.7 1004.6 483.4 1004.6 386.7 1088.4 338.4 0 0 0.798 2.0 0.306 1.0 0.284 1.0 14 0 True 3 3.6 0 21.787 0 2708030 2708030 27000.0 27010.0 A A W
27 8 4 FO 1004.64 580.03 4 6 1004.6 483.4 1088.4 531.7 1088.4 628.4 1004.6 676.7 920.9 628.4 920.9 531.7 1004.6 483.4 0 1 0.802 2.0 0.31 1.0 0.288 1.0 22 1 False 3 3.6 0 30.0 0 2708040 2708040 27100.0 27110.0 A A N
27 8 5 FO 920.92 725.04 4 6 920.9 628.4 1004.6 676.7 1004.6 773.4 920.9 821.7 837.2 773.4 837.2 676.7 920.9 628.4 0 1 0.797 2.0 0.306 1.0 0.285 1.0 16 0 True 3 3.6 0 38.213 0 2708050 2708050 27100.0 27110.0 A A W
27 8 6 FO 837.2 870.05 4 6 837.2 773.4 920.9 821.7 920.9 918.4 837.2 966.7 753.5 918.4 753.5 821.7 837.2 773.4 0 1 0.794 2.0 0.293 1.0 0.274 1.0 18 0 True 3 3.6 0 46.102 0 2708060 2708060 27100.0 27110.0 A A W
27 8 7 FO 753.48 1015.06 4 6 753.5 918.4 837.2 966.7 837.2 1063.4 753.5 1111.7 669.8 1063.4 669.8 966.7 753.5 918.4 0 1 0.766 2.0 0.276 1.0 0.262 1.0 20 0 True 3 3.6 0 53.413 0 2708070 2708070 27100.0 27110.0 A A W
27 8 8 FO 669.76 1160.06 1 6 669.8 1063.4 753.5 1111.7 753.5 1208.4 669.8 1256.7 586.0 1208.4 586.0 1111.7 669.8 1063.4 1 0 0.736 2.0 0.265 1.0 0.253 1.0 9 1 False 3 3.6 0 60.0 0 2708080 2708080 27200.0 27210.0 A A N
27 8 9 FO 586.04 1305.07 1 6 586.0 1208.4 669.8 1256.7 669.8 1353.4 586.0 1401.7 502.3 1353.4 502.3 1256.7 586.0 1208.4 1 0 0.711 2.0 0.256 1.0 0.247 1.0 11 1 False 3 3.6 0 65.818 0 2708090 2708090 27200.0 27210.0 A A N
27 8 10 FOe 502.32 1450.08 1 6 502.3 1353.4 586.0 1401.7 586.0 1498.4 502.3 1546.8 418.6 1498.4 418.6 1401.7 502.3 1353.4 1 0 0.701 2.0 0.27 1.0 0.27 1.0 13 1 False 3 3.6 0 70.893 0 2708100 2708100 27200.0 27210.0 A A N
27 8 11 cOe 418.6 1595.09 1 3 502.3 1546.8 334.9 1546.8 418.6 1498.4 502.3 1546.8 0.0 0.0 0.0 0.0 0.0 0.0 1 0 0.651 0.0 0.0 0.0 0.0 0.0 15 1 False 3 3.6 0 75.295 0 2708110 2708110 27200.0 27210.0 A A N
27 9 0 aOe 1506.97 0.0 5 4 1423.2 -48.3 1590.7 48.3 1507.0 96.7 1423.2 48.3 1423.2 -48.3 0.0 0.0 0.0 0.0 0 0 0.675 1.0 0.144 1.0 0.144 1.0 8 1 False 3 3.6 0 0.0 0 2709000 2709000 27000.0 27010.0 A A N
27 9 1 FO 1423.25 145.01 0 6 1423.2 48.3 1507.0 96.7 1507.0 193.3 1423.2 241.7 1339.5 193.3 1339.5 96.7 1423.2 48.3 0 0 0.715 2.0 0.254 1.0 0.246 1.0 10 1 False 3 3.6 0 5.818 0 2709010 2709010 27000.0 27010.0 A A N
27 9 2 FO 1339.53 290.02 0 6 1339.5 193.3 1423.2 241.7 1423.2 338.4 1339.5 386.7 1255.8 338.4 1255.8 241.7 1339.5 193.3 0 0 0.73 2.0 0.261 1.0 0.251 1.0 12 1 False 3 3.6 0 12.216 0 2709020 2709020 27000.0 27010.0 A A N
27 9 3 FO 1255.81 435.02 0 6 1255.8 338.4 1339.5 386.7 1339.5 483.4 1255.8 531.7 1172.1 483.4 1172.1 386.7 1255.8 338.4 0 0 0.733 2.0 0.264 1.0 0.253 1.0 14 1 False 3 3.6 0 19.106 0 2709030 2709030 27000.0 27010.0 A A E
27 9 4 FO 1172.09 580.03 0 6 1172.1 483.4 1255.8 531.7 1255.8 628.4 1172.1 676.7 1088.4 628.4 1088.4 531.7 1172.1 483.4 0 0 0.741 2.0 0.261 1.0 0.251 1.0 24 0 True 3 3.6 0 26.329 0 2709040 2709040 27001.0 27010.0 B A W
27 9 5 FO 1088.37 725.04 4 6 1088.4 628.4 1172.1 676.7 1172.1 773.4 1088.4 821.7 1004.6 773.4 1004.6 676.7 1088.4 628.4 0 1 0.735 2.0 0.27 1.0 0.258 1.0 22 1 False 3 3.6 0 33.67 0 2709050 2709050 27100.0 27110.0 A A E
27 9 6 FO 1004.64 870.05 4 6 1004.6 773.4 1088.4 821.7 1088.4 918.4 1004.6 966.7 920.9 918.4 920.9 821.7 1004.6 773.4 0 1 0.733 2.0 0.263 1.0 0.253 1.0 16 0 False 3 3.6 0 40.894 0 2709060 2709060 27100.0 27110.0 A A N
27 9 7 FO 920.92 1015.06 4 6 920.9 918.4 1004.6 966.7 1004.6 1063.4 920.9 1111.7 837.2 1063.4 837.2 966.7 920.9 918.4 0 1 0.729 2.0 0.26 1.0 0.251 1.0 18 0 False 3 3.6 0 47.784 0 2709070 2709070 27100.0 27110.0 A A N
27 9 8 FOe 837.2 1160.06 4 6 837.2 1063.4 920.9 1111.7 920.9 1208.4 837.2 1256.7 753.5 1208.4 753.5 1111.7 837.2 1063.4 0 1 0.72 2.0 0.252 1.0 0.245 1.0 20 0 False 3 3.6 0 54.183 0 2709080 2709080 27100.0 27110.0 A A N
27 9 9 aOe 753.48 1305.07 0 4 753.5 1208.4 753.5 1401.7 669.8 1353.4 669.8 1256.7 753.5 1208.4 0.0 0.0 0.0 0.0 1 0 0.673 1.0 0.144 1.0 0.144 1.0 9 1 False 3 3.6 0 60.0 0 2709090 2709090 27200.0 27210.0 A A N
27 9 10 aOe 669.76 1450.08 1 4 753.5 1401.7 586.0 1498.4 586.0 1401.7 669.8 1353.4 753.5 1401.7 0.0 0.0 0.0 0.0 1 0 0.665 1.0 0.144 1.0 0.144 1.0 11 1 False 3 3.6 0 65.209 0 2709100 2709100 27200.0 27210.0 A A N
27 10 1 aOe 1590.69 145.01 0 4 1590.7 48.3 1590.7 241.7 1507.0 193.3 1507.0 96.7 1590.7 48.3 0.0 0.0 0.0 0.0 0 0 0.669 1.0 0.144 1.0 0.144 1.0 10 1 False 3 3.6 0 5.209 0 2710010 2710010 27000.0 27010.0 A A N
27 10 2 FOe 1506.97 290.02 0 6 1507.0 193.3 1590.7 241.7 1590.7 338.4 1507.0 386.7 1423.2 338.4 1423.2 241.7 1507.0 193.3 0 0 0.704 2.0 0.244 1.0 0.239 1.0 12 1 False 3 3.6 0 10.894 0 2710020 2710020 27000.0 27010.0 A A N
27 10 3 FO 1423.25 435.02 0 6 1423.2 338.4 1507.0 386.7 1507.0 483.4 1423.2 531.7 1339.5 483.4 1339.5 386.7 1423.2 338.4 0 0 0.708 2.0 0.277 1.0 0.277 1.0 14 1 False 3 3.6 0 16.996 0 2710030 2710030 27000.0 27010.0 A A N
27 10 4 FO 1339.53 580.03 0 6 1339.5 483.4 1423.2 531.7 1423.2 628.4 1339.5 676.7 1255.8 628.4 1255.8 531.7 1339.5 483.4 0 0 0.718 2.0 0.254 1.0 0.246 1.0 24 1 False 3 3.6 0 23.413 0 2710040 2710040 27001.0 27010.0 B A E
27 10 5 FO 1255.81 725.04 0 6 1255.8 628.4 1339.5 676.7 1339.5 773.4 1255.8 821.7 1172.1 773.4 1172.1 676.7 1255.8 628.4 0 1 0.71 2.0 0.252 1.0 0.244 1.0 22 1 False 3 3.6 0 30.0 0 2710050 2710050 27100.0 27110.0 A A N
27 10 6 FO 1172.09 870.05 4 6 1172.1 773.4 1255.8 821.7 1255.8 918.4 1172.1 966.7 1088.4 918.4 1088.4 821.7 1172.1 773.4 0 1 0.719 2.0 0.251 1.0 0.244 1.0 22 0 True 3 3.6 0 36.587 0 2710060 2710060 27100.0 27110.0 A A W
27 10 7 FO 1088.37 1015.06 4 6 1088.4 918.4 1172.1 966.7 1172.1 1063.4 1088.4 1111.7 1004.6 1063.4 1004.6 966.7 1088.4 918.4 0 1 0.714 2.0 0.278 1.0 0.278 1.0 16 0 False 3 3.6 0 43.004 0 2710070 2710070 27100.0 27110.0 A A N
27 10 8 FOe 1004.64 1160.06 4 6 1004.6 1063.4 1088.4 1111.7 1088.4 1208.4 1004.6 1256.7 920.9 1208.4 920.9 1111.7 1004.6 1063.4 0 1 0.704 2.0 0.27 1.0 0.27 1.0 18 0 False 3 3.6 0 49.107 0 2710080 2710080 27100.0 27110.0 A A N
27 10 9 cOe 920.92 1305.07 1 3 1004.6 1256.7 837.2 1256.7 920.9 1208.4 1004.6 1256.7 0.0 0.0 0.0 0.0 0.0 0.0 0 1 0.652 0.0 0.0 0.0 0.0 0.0 20 0 False 3 3.6 0 54.791 0 2710090 2710090 27100.0 27110.0 A A N
27 11 3 cOe 1590.69 435.02 0 3 1590.7 338.4 1507.0 483.4 1507.0 386.7 1590.7 338.4 0.0 0.0 0.0 0.0 0.0 0.0 0 0 0.654 0.0 0.0 0.0 0.0 0.0 14 1 False 3 3.6 0 15.295 0 2711030 2711030 27000.0 27010.0 A A N
27 11 4 aOe 1506.97 580.03 0 4 1507.0 483.4 1507.0 676.7 1423.2 628.4 1423.2 531.7 1507.0 483.4 0.0 0.0 0.0 0.0 0 0 0.671 1.0 0.144 1.0 0.144 1.0 24 1 False 3 3.6 0 21.052 0 2711040 2711040 27001.0 27010.0 B A N
27 11 5 aOe 1423.25 725.04 1 4 1507.0 676.7 1339.5 773.4 1339.5 676.7 1423.2 628.4 1507.0 676.7 0.0 0.0 0.0 0.0 0 0 0.667 1.0 0.144 1.0 0.144 1.0 24 1 False 3 3.6 0 26.995 0 2711050 2711050 27001.0 27010.0 B A N
27 11 6 aOe 1339.53 870.05 0 4 1339.5 773.4 1339.5 966.7 1255.8 918.4 1255.8 821.7 1339.5 773.4 0.0 0.0 0.0 0.0 0 1 0.669 1.0 0.144 1.0 0.144 1.0 22 0 False 3 3.6 0 33.004 0 2711060 2711060 27100.0 27110.0 A A N
27 11 7 aOe 1255.81 1015.06 1 4 1339.5 966.7 1172.1 1063.4 1172.1 966.7 1255.8 918.4 1339.5 966.7 0.0 0.0 0.0 0.0 0 1 0.67 1.0 0.144 1.0 0.144 1.0 22 0 False 3 3.6 0 38.948 0 2711070 2711070 27100.0 27110.0 A A N
27 11 8 cOe 1172.09 1160.06 0 3 1172.1 1063.4 1088.4 1208.4 1088.4 1111.7 1172.1 1063.4 0.0 0.0 0.0 0.0 0.0 0.0 0 1 0.647 0.0 0.0 0.0 0.0 0.0 16 0 False 3 3.6 0 44.704 0 2711080 2711080 27100.0 27110.0 A A N
28 1 3 FIe -83.72 435.02 2 6 -83.7 338.4 0.0 386.7 -0.0 483.4 -83.8 531.7 -167.4 483.4 -167.5 386.7 -83.7 338.4 1 1 1.693 2.0 1.531 2.0 1.567 2.0 7 0 False 6 7.2 0 100.893 1 2801030 2801031 28300.0 28310.0 A A N
28 1 4 FI -167.44 580.03 2 6 -167.4 483.4 -83.8 531.7 -83.7 628.4 -167.5 676.7 -251.2 628.4 -251.2 531.7 -167.4 483.4 1 1 1.121 2.0 1.041 2.0 1.033 2.0 7 0 False 6 7.2 0 106.102 1 2801040 2801041 28300.0 28310.0 A A N
28 1 5 FI -251.16 725.04 2 6 -251.2 628.4 -167.5 676.7 -167.5 773.3 -251.2 821.7 -334.9 773.4 -334.9 676.7 -251.2 628.4 1 1 0.964 2.0 0.834 1.0 0.839 1.0 7 0 True 6 7.2 0 109.107 1 2801050 2801051 28300.0 28310.0 A A N
28 1 6 FM -334.88 870.05 5 6 -334.9 773.4 -251.2 821.7 -251.1 918.4 -334.9 966.8 -418.6 918.3 -418.6 821.7 -334.9 773.4 1 1 0.843 2.0 0.44 1.0 0.385 1.0 21 1 False 3 3.6 0 111.052 0 2801060 2801060 28300.0 28310.0 A A N
28 1 7 FO -418.61 1015.05 5 6 -418.6 918.3 -334.9 966.8 -334.9 1063.4 -418.6 1111.8 -502.3 1063.4 -502.4 966.7 -418.6 918.3 1 1 0.787 2.0 0.318 1.0 0.29 1.0 21 1 False 3 3.6 0 112.411 0 2801070 2801070 28300.0 28310.0 A A E
28 1 8 FO -502.33 1160.06 5 6 -502.3 1063.4 -418.6 1111.8 -418.6 1208.4 -502.3 1256.7 -586.0 1208.4 -586.0 1111.8 -502.3 1063.4 1 1 0.745 2.0 0.266 1.0 0.254 1.0 21 0 True 3 3.6 0 113.414 0 2801080 2801080 28300.0 28310.0 A A W
28 1 9 FOe -586.04 1305.07 5 6 -586.0 1208.4 -502.3 1256.7 -502.3 1353.4 -586.1 1401.7 -669.7 1353.4 -669.8 1256.8 -586.0 1208.4 1 1 0.721 2.0 0.252 1.0 0.244 1.0 21 0 False 3 3.6 0 114.182 0 2801090 2801090 28300.0 28310.0 A A N
28 1 10 aOe -669.76 1450.08 3 4 -669.8 1546.7 -669.7 1353.4 -586.1 1401.7 -586.0 1498.4 -669.8 1546.7 0.0 0.0 0.0 0.0 1 1 0.663 1.0 0.144 1.0 0.144 1.0 21 0 False 3 3.6 0 114.791 0 2801100 2801100 28300.0 28310.0 A A N
28 2 0 aIe 334.88 -0.0 3 4 353.3 86.1 353.3 -86.1 418.6 -48.4 418.7 48.3 353.3 86.1 0.0 0.0 0.0 0.0 0 0 1.165 2.0 0.841 1.0 0.841 1.0 0 0 False 6 7.2 0 -0.0 1 2802000 2802001 28000.0 28010.0 A A N
28 2 2 aIe 167.44 290.01 4 4 102.1 349.0 251.2 262.9 251.1 338.4 167.5 386.7 102.1 349.0 0.0 0.0 0.0 0.0 1 0 1.155 2.0 0.851 1.0 0.851 1.0 1 0 False 6 7.2 0 60.0 1 2802020 2802021 28200.0 28210.0 A A N
28 2 3 FIe 83.72 435.02 1 6 83.7 338.4 167.5 386.7 167.4 483.4 83.7 531.7 -0.0 483.4 0.0 386.7 83.7 338.4 1 0 1.686 2.0 1.524 2.0 1.556 2.0 1 0 False 6 7.2 0 79.107 1 2802030 2802031 28200.0 28210.0 A A N
28 2 4 FI -0.0 580.03 2 6 -0.0 483.4 83.7 531.7 83.7 628.3 -0.1 676.7 -83.7 628.4 -83.8 531.7 -0.0 483.4 1 1 1.189 2.0 1.08 2.0 1.072 2.0 5 0 False 6 7.2 0 90.0 1 2802040 2802041 28300.0 28310.0 A A N
28 2 5 FI -83.72 725.04 2 6 -83.7 628.4 -0.1 676.7 0.0 773.4 -83.7 821.8 -167.5 773.3 -167.5 676.7 -83.7 628.4 1 1 1.009 2.0 0.886 1.0 0.888 1.0 5 0 True 6 7.2 0 96.587 1 2802050 2802051 28300.0 28310.0 A A N
28 2 6 FM -167.44 870.04 5 6 -167.5 773.3 -83.7 821.8 -83.7 918.4 -167.5 966.8 -251.1 918.4 -251.2 821.7 -167.5 773.3 1 1 0.882 2.0 0.482 1.0 0.423 1.0 19 1 False 3 3.6 0 100.893 0 2802060 2802060 28300.0 28310.0 A A N
28 2 7 FO -251.16 1015.05 5 6 -251.1 918.4 -167.5 966.8 -167.4 1063.4 -251.2 1111.7 -334.9 1063.4 -334.9 966.8 -251.1 918.4 1 1 0.81 2.0 0.343 1.0 0.307 1.0 19 1 False 3 3.6 0 103.898 0 2802070 2802070 28300.0 28310.0 A A E
28 2 8 FO -334.89 1160.06 5 6 -334.9 1063.4 -251.2 1111.7 -251.2 1208.4 -334.9 1256.7 -418.6 1208.4 -418.6 1111.8 -334.9 1063.4 1 1 0.755 2.0 0.279 1.0 0.264 1.0 19 0 True 3 3.6 0 106.103 0 2802080 2802080 28300.0 28310.0 A A W
28 2 9 FO -418.61 1305.07 5 6 -418.6 1208.4 -334.9 1256.7 -334.9 1353.4 -418.6 1401.7 -502.3 1353.4 -502.3 1256.7 -418.6 1208.4 1 1 0.719 2.0 0.253 1.0 0.244 1.0 19 0 False 3 3.6 0 107.784 0 2802090 2802090 28300.0 28310.0 A A N
28 2 10 FOe -502.32 1450.07 5 6 -502.3 1353.4 -418.6 1401.7 -418.6 1498.4 -502.3 1546.8 -586.0 1498.4 -586.1 1401.7 -502.3 1353.4 1 1 0.703 2.0 0.238 1.0 0.234 1.0 19 0 False 3 3.6 0 109.107 0 2802100 2802100 28300.0 28310.0 A A N
28 3 0 FI 502.32 0.0 0 6 502.3 -96.7 586.1 -48.3 586.1 48.3 502.3 96.7 418.7 48.3 418.6 -48.4 502.3 -96.7 0 0 1.365 2.0 1.268 2.0 1.287 2.0 0 0 False 6 7.2 0 0.0 1 2803000 2803001 28000.0 28010.0 A A N
28 3 1 FIe 418.6 145.0 0 6 418.7 48.3 502.3 96.7 502.4 193.3 418.6 241.7 334.9 193.4 334.9 96.7 418.7 48.3 0 0 1.655 2.0 1.536 2.0 1.57 2.0 0 0 False 6 7.2 0 19.106 1 2803010 2803011 28000.0 28010.0 A A N
28 3 2 FIe 334.88 290.01 1 6 334.9 193.4 418.6 241.7 418.6 338.4 334.9 386.7 251.1 338.4 251.2 241.7 334.9 193.4 0 1 1.664 2.0 1.538 2.0 1.569 2.0 6 0 False 6 7.2 0 40.893 1 2803020 2803021 28100.0 28110.0 A A N
28 3 3 FI 251.16 435.02 1 6 251.1 338.4 334.9 386.7 334.8 483.3 251.2 531.6 167.4 483.4 167.5 386.7 251.1 338.4 1 0 1.4 2.0 1.267 2.0 1.286 2.0 1 0 False 6 7.2 0 60.0 1 2803030 2803031 28200.0 28210.0 A A N
28 3 4 FI 167.44 580.03 1 6 167.4 483.4 251.2 531.6 251.2 628.4 167.5 676.7 83.7 628.3 83.7 531.7 167.4 483.4 1 0 1.173 2.0 1.049 2.0 1.042 2.0 3 0 False 6 7.2 0 73.898 1 2803040 2803041 28200.0 28210.0 A A N
28 3 5 FI 83.72 725.04 1 6 83.7 628.3 167.5 676.7 167.4 773.4 83.7 821.8 0.0 773.4 -0.1 676.7 83.7 628.3 1 0 0.997 2.0 0.884 1.0 0.886 1.0 3 0 False 6 7.2 0 83.413 1 2803050 2803051 28200.0 28210.0 A A N
28 3 6 FM 0.0 870.04 5 6 0.0 773.4 83.7 821.8 83.7 918.4 -0.0 966.7 -83.7 918.4 -83.7 821.8 0.0 773.4 1 1 0.879 2.0 0.494 1.0 0.434 1.0 17 1 False 3 3.6 0 90.0 0 2803060 2803060 28300.0 28310.0 A A N
28 3 7 FO -83.72 1015.05 5 6 -83.7 918.4 -0.0 966.7 -0.0 1063.4 -83.8 1111.7 -167.4 1063.4 -167.5 966.8 -83.7 918.4 1 1 0.827 2.0 0.347 1.0 0.311 1.0 17 1 False 3 3.6 0 94.715 0 2803070 2803070 28300.0 28310.0 A A N
28 3 8 FO -167.44 1160.06 5 6 -167.4 1063.4 -83.8 1111.7 -83.7 1208.4 -167.5 1256.7 -251.2 1208.4 -251.2 1111.7 -167.4 1063.4 1 1 0.781 2.0 0.295 1.0 0.274 1.0 17 1 False 3 3.6 0 98.213 0 2803080 2803080 28300.0 28310.0 A A E
28 3 9 FO -251.17 1305.07 5 6 -251.2 1208.4 -167.5 1256.7 -167.4 1353.4 -251.2 1401.8 -334.9 1353.4 -334.9 1256.7 -251.2 1208.4 1 1 0.72 2.0 0.263 1.0 0.252 1.0 17 0 True 3 3.6 0 100.894 0 2803090 2803090 28300.0 28310.0 A A W
28 3 10 FO -334.88 1450.09 5 6 -334.9 1353.4 -251.2 1401.8 -251.1 1498.4 -334.9 1546.8 -418.6 1498.4 -418.6 1401.7 -334.9 1353.4 1 1 0.693 2.0 0.244 1.0 0.238 1.0 17 0 False 3 3.6 0 103.004 0 2803100 2803100 28300.0 28310.0 A A N
28 3 11 aOe -418.6 1595.09 2 4 -334.9 1643.4 -502.3 1546.8 -418.6 1498.4 -334.9 1546.8 -334.9 1643.4 0.0 0.0 0.0 0.0 1 1 0.667 1.0 0.144 1.0 0.144 1.0 17 0 False 3 3.6 0 104.705 0 2803110 2803110 28300.0 28310.0 A A N
28 4 0 FI 669.76 -0.0 0 6 669.8 -96.7 753.5 -48.3 753.5 48.3 669.8 96.7 586.1 48.3 586.1 -48.3 669.8 -96.7 0 0 1.037 2.0 0.966 1.0 0.962 1.0 0 0 True 6 7.2 0 -0.0 1 2804000 2804001 28000.0 28010.0 A A N
28 4 1 FI 586.04 145.01 0 6 586.1 48.3 669.8 96.7 669.8 193.3 586.0 241.7 502.4 193.3 502.3 96.7 586.1 48.3 0 0 1.166 2.0 1.046 2.0 1.035 2.0 2 0 False 6 7.2 0 13.898 1 2804010 2804011 28000.0 28010.0 A A N
28 4 2 FI 502.32 290.01 1 6 502.4 193.3 586.0 241.7 586.1 338.3 502.3 386.6 418.6 338.4 418.6 241.7 502.4 193.3 0 1 1.203 2.0 1.076 2.0 1.07 2.0 4 0 False 6 7.2 0 30.0 1 2804020 2804021 28100.0 28110.0 A A N
28 4 3 FI 418.6 435.02 1 6 418.6 338.4 502.3 386.6 502.3 483.4 418.6 531.7 334.8 483.3 334.9 386.7 418.6 338.4 0 1 1.147 2.0 1.047 2.0 1.038 2.0 6 0 False 6 7.2 0 46.102 1 2804030 2804031 28100.0 28110.0 A A N
28 4 4 FI 334.88 580.03 1 6 334.8 483.3 418.6 531.7 418.6 628.4 334.9 676.7 251.2 628.4 251.2 531.6 334.8 483.3 1 0 1.077 2.0 0.965 1.0 0.961 1.0 1 0 True 6 7.2 0 60.0 1 2804040 2804041 28200.0 28210.0 A A N
28 4 5 FI 251.16 725.04 1 6 251.2 628.4 334.9 676.7 334.9 773.4 251.2 821.7 167.4 773.4 167.5 676.7 251.2 628.4 1 0 0.98 2.0 0.847 1.0 0.849 1.0 3 0 True 6 7.2 0 70.893 1 2804050 2804051 28200.0 28210.0 A A N
28 4 6 FM 167.44 870.05 1 6 167.4 773.4 251.2 821.7 251.1 918.4 167.4 966.7 83.7 918.4 83.7 821.8 167.4 773.4 1 0 0.862 2.0 0.479 1.0 0.421 1.0 13 0 False 3 3.6 0 79.107 0 2804060 2804060 28200.0 28210.0 A A N
28 4 7 FO 83.72 1015.05 1 6 83.7 918.4 167.4 966.7 167.4 1063.4 83.7 1111.7 -0.0 1063.4 -0.0 966.7 83.7 918.4 1 0 0.826 2.0 0.348 1.0 0.311 1.0 15 0 False 3 3.6 0 85.285 0 2804070 2804070 28200.0 28210.0 A A N
28 4 8 FO -0.0 1160.06 5 6 -0.0 1063.4 83.7 1111.7 83.7 1208.4 -0.0 1256.8 -83.7 1208.4 -83.8 1111.7 -0.0 1063.4 1 1 0.774 2.0 0.294 1.0 0.273 1.0 25 1 False 3 3.6 0 90.0 0 2804080 2804080 28300.0 28310.0 A A N
28 4 9 FO -83.72 1305.08 5 6 -83.7 1208.4 -0.0 1256.8 0.0 1353.4 -83.7 1401.8 -167.4 1353.4 -167.5 1256.7 -83.7 1208.4 1 1 0.723 2.0 0.257 1.0 0.247 1.0 25 1 False 3 3.6 0 93.67 0 2804090 2804090 28300.0 28310.0 A A E
28 4 10 FO -167.44 1450.08 5 6 -167.4 1353.4 -83.7 1401.8 -83.7 1498.4 -167.5 1546.8 -251.1 1498.4 -251.2 1401.8 -167.4 1353.4 1 1 0.713 2.0 0.245 1.0 0.239 1.0 25 0 True 3 3.6 0 96.587 0 2804100 2804100 28300.0 28310.0 A A W
28 4 11 bOe -251.16 1595.09 2 5 -167.4 1643.4 -334.9 1643.4 -334.9 1546.8 -251.1 1498.4 -167.5 1546.8 -167.4 1643.4 0.0 0.0 1 1 0.686 1.0 0.192 1.0 0.192 1.0 25 0 False 3 3.6 0 98.948 0 2804110 2804110 28300.0 28310.0 A A N
28 5 0 FM 837.2 -0.0 0 6 837.2 -96.7 920.9 -48.3 920.9 48.3 837.2 96.7 753.5 48.3 753.5 -48.3 837.2 -96.7 0 0 0.895 2.0 0.532 1.0 0.475 1.0 8 0 False 3 3.6 0 -0.0 0 2805000 2805000 28000.0 28010.0 A A N
28 5 1 FI 753.48 145.01 0 6 753.5 48.3 837.2 96.7 837.2 193.3 753.5 241.6 669.8 193.3 669.8 96.7 753.5 48.3 0 0 0.952 2.0 0.838 1.0 0.842 1.0 2 0 True 6 7.2 0 10.894 1 2805010 2805011 28000.0 28010.0 A A N
28 5 2 FI 669.76 290.02 0 6 669.8 193.3 753.5 241.6 753.5 338.4 669.8 386.7 586.1 338.3 586.0 241.7 669.8 193.3 0 0 0.994 2.0 0.896 1.0 0.897 1.0 2 0 False 6 7.2 0 23.414 1 2805020 2805021 28000.0 28010.0 A A N
28 5 3 FI 586.04 435.02 1 6 586.1 338.3 669.8 386.7 669.8 483.4 586.1 531.7 502.3 483.4 502.3 386.6 586.1 338.3 0 1 0.995 2.0 0.886 1.0 0.889 1.0 4 0 True 6 7.2 0 36.587 1 2805030 2805031 28100.0 28110.0 A A N
28 5 4 FI 502.32 580.03 1 6 502.3 483.4 586.1 531.7 586.0 628.4 502.3 676.7 418.6 628.4 418.6 531.7 502.3 483.4 0 1 0.973 2.0 0.842 1.0 0.846 1.0 6 0 True 6 7.2 0 49.107 1 2805040 2805041 28100.0 28110.0 A A N
28 5 5 FM 418.6 725.04 1 6 418.6 628.4 502.3 676.7 502.3 773.4 418.6 821.7 334.9 773.4 334.9 676.7 418.6 628.4 1 0 0.893 2.0 0.526 1.0 0.467 1.0 9 0 False 3 3.6 0 60.0 0 2805050 2805050 28200.0 28210.0 A A N
28 5 6 FM 334.88 870.05 1 6 334.9 773.4 418.6 821.7 418.6 918.4 334.9 966.7 251.1 918.4 251.2 821.7 334.9 773.4 1 0 0.846 2.0 0.44 1.0 0.383 1.0 11 0 False 3 3.6 0 68.948 0 2805060 2805060 28200.0 28210.0 A A N
28 5 7 FO 251.16 1015.05 1 6 251.1 918.4 334.9 966.7 334.9 1063.4 251.1 1111.8 167.4 1063.4 167.4 966.7 251.1 918.4 1 0 0.793 2.0 0.338 1.0 0.304 1.0 13 0 True 3 3.6 0 76.102 0 2805070 2805070 28200.0 28210.0 A A W
28 5 8 FO 167.45 1160.07 1 6 167.4 1063.4 251.1 1111.8 251.2 1208.4 167.4 1256.8 83.7 1208.4 83.7 1111.7 167.4 1063.4 1 0 0.789 2.0 0.291 1.0 0.271 1.0 15 0 True 3 3.6 0 81.786 0 2805080 2805080 28200.0 28210.0 A A W
28 5 9 FO 83.72 1305.07 1 6 83.7 1208.4 167.4 1256.8 167.4 1353.4 83.7 1401.8 0.0 1353.4 -0.0 1256.8 83.7 1208.4 1 0 0.718 2.0 0.262 1.0 0.251 1.0 23 0 True 3 3.6 0 86.33 0 2805090 2805090 28201.0 28210.0 B A W
28 5 10 FO 0.0 1450.08 1 6 0.0 1353.4 83.7 1401.8 83.7 1498.4 -0.0 1546.7 -83.7 1498.4 -83.7 1401.8 0.0 1353.4 1 1 0.707 2.0 0.252 1.0 0.244 1.0 25 1 False 3 3.6 0 90.0 0 2805100 2805100 28300.0 28310.0 A A N
28 5 11 aOe -83.72 1595.09 1 4 -0.0 1546.7 -167.4 1643.4 -167.5 1546.8 -83.7 1498.4 -0.0 1546.7 0.0 0.0 0.0 0.0 1 1 0.667 1.0 0.144 1.0 0.144 1.0 25 0 False 3 3.6 0 93.004 0 2805110 2805110 28300.0 28310.0 A A N
28 6 0 FO 1004.65 -0.0 0 6 1004.7 -96.7 1088.3 -48.3 1088.4 48.3 1004.6 96.6 920.9 48.3 920.9 -48.3 1004.7 -96.7 0 0 0.829 2.0 0.361 1.0 0.321 1.0 8 0 True 3 3.6 0 -0.0 0 2806000 2806000 28000.0 28010.0 A A W
28 6 1 FM 920.92 145.01 0 6 920.9 48.3 1004.6 96.6 1004.7 193.4 920.9 241.7 837.2 193.3 837.2 96.7 920.9 48.3 0 0 0.838 2.0 0.438 1.0 0.383 1.0 10 0 False 3 3.6 0 8.948 0 2806010 2806010 28000.0 28010.0 A A N
28 6 2 FM 837.2 290.01 0 6 837.2 193.3 920.9 241.7 921.0 338.4 837.2 386.7 753.5 338.4 753.5 241.6 837.2 193.3 0 0 0.883 2.0 0.485 1.0 0.425 1.0 12 0 False 3 3.6 0 19.106 0 2806020 2806020 28000.0 28010.0 A A N
28 6 3 FM 753.48 435.02 4 6 753.5 338.4 837.2 386.7 837.2 483.3 753.5 531.7 669.8 483.4 669.8 386.7 753.5 338.4 0 1 0.888 2.0 0.496 1.0 0.436 1.0 16 1 False 3 3.6 0 30.0 0 2806030 2806030 28100.0 28110.0 A A N
28 6 4 FM 669.76 580.03 4 6 669.8 483.4 753.5 531.7 753.5 628.3 669.8 676.7 586.0 628.4 586.1 531.7 669.8 483.4 0 1 0.879 2.0 0.48 1.0 0.42 1.0 18 1 False 3 3.6 0 40.893 0 2806040 2806040 28100.0 28110.0 A A N
28 6 5 FM 586.04 725.04 4 6 586.0 628.4 669.8 676.7 669.7 773.4 586.0 821.7 502.3 773.4 502.3 676.7 586.0 628.4 0 1 0.855 2.0 0.443 1.0 0.386 1.0 20 1 False 3 3.6 0 51.052 0 2806050 2806050 28100.0 28110.0 A A N
28 6 6 FO 502.32 870.04 1 6 502.3 773.4 586.0 821.7 586.0 918.4 502.4 966.7 418.6 918.4 418.6 821.7 502.3 773.4 1 0 0.838 2.0 0.37 1.0 0.327 1.0 9 0 True 3 3.6 0 60.0 0 2806060 2806060 28200.0 28210.0 A A W
28 6 7 FO 418.6 1015.06 1 6 418.6 918.4 502.4 966.7 502.3 1063.4 418.6 1111.7 334.9 1063.4 334.9 966.7 418.6 918.4 1 0 0.794 2.0 0.315 1.0 0.288 1.0 11 0 True 3 3.6 0 67.589 0 2806070 2806070 28200.0 28210.0 A A W
28 6 8 FO 334.88 1160.07 1 6 334.9 1063.4 418.6 1111.7 418.6 1208.4 334.8 1256.8 251.2 1208.4 251.1 1111.8 334.9 1063.4 1 0 0.768 2.0 0.278 1.0 0.262 1.0 13 1 False 3 3.6 0 73.898 0 2806080 2806080 28200.0 28210.0 A A E
28 6 9 FO 251.17 1305.07 1 6 251.2 1208.4 334.8 1256.8 334.9 1353.4 251.1 1401.7 167.4 1353.4 167.4 1256.8 251.2 1208.4 1 0 0.722 2.0 0.258 1.0 0.248 1.0 15 1 False 3 3.6 0 79.106 0 2806090 2806090 28200.0 28210.0 A A E
28 6 10 FO 167.44 1450.08 1 6 167.4 1353.4 251.1 1401.7 251.1 1498.4 167.4 1546.7 83.7 1498.4 83.7 1401.8 167.4 1353.4 1 0 0.7 2.0 0.247 1.0 0.24 1.0 23 1 False 3 3.6 0 83.413 0 2806100 2806100 28201.0 28210.0 B A E
28 6 11 aOe 83.72 1595.09 2 4 167.5 1643.5 -0.0 1546.7 83.7 1498.4 167.4 1546.7 167.5 1643.5 0.0 0.0 0.0 0.0 1 0 0.662 1.0 0.144 1.0 0.144 1.0 23 1 False 3 3.6 0 86.996 0 2806110 2806110 28201.0 28210.0 B A N
28 7 0 FO 1172.09 -0.0 0 6 1172.1 -96.7 1255.8 -48.4 1255.8 48.4 1172.1 96.7 1088.4 48.3 1088.3 -48.3 1172.1 -96.7 0 0 0.771 2.0 0.289 1.0 0.269 1.0 8 1 False 3 3.6 0 -0.0 0 2807000 2807000 28000.0 28010.0 A A E
28 7 1 FO 1088.37 145.0 0 6 1088.4 48.3 1172.1 96.7 1172.1 193.4 1088.4 241.7 1004.7 193.4 1004.6 96.6 1088.4 48.3 0 0 0.782 2.0 0.319 1.0 0.292 1.0 10 0 True 3 3.6 0 7.589 0 2807010 2807010 28000.0 28010.0 A A W
28 7 2 FO 1004.64 290.01 0 6 1004.7 193.4 1088.4 241.7 1088.4 338.3 1004.6 386.7 921.0 338.4 920.9 241.7 1004.7 193.4 0 0 0.81 2.0 0.336 1.0 0.303 1.0 12 0 True 3 3.6 0 16.102 0 2807020 2807020 28000.0 28010.0 A A W
28 7 3 FO 920.92 435.02 0 6 921.0 338.4 1004.6 386.7 1004.7 483.3 920.9 531.7 837.2 483.3 837.2 386.7 921.0 338.4 0 0 0.823 2.0 0.354 1.0 0.315 1.0 14 0 False 3 3.6 0 25.285 0 2807030 2807030 28000.0 28010.0 A A N
28 7 4 FO 837.2 580.03 4 6 837.2 483.3 920.9 531.7 920.9 628.3 837.2 676.7 753.5 628.3 753.5 531.7 837.2 483.3 0 1 0.831 2.0 0.355 1.0 0.317 1.0 16 1 False 3 3.6 0 34.715 0 2807040 2807040 28100.0 28110.0 A A N
28 7 5 FO 753.48 725.03 4 6 753.5 628.3 837.2 676.7 837.3 773.4 753.5 821.7 669.7 773.4 669.8 676.7 753.5 628.3 0 1 0.807 2.0 0.349 1.0 0.312 1.0 18 1 False 3 3.6 0 43.898 0 2807050 2807050 28100.0 28110.0 A A E
28 7 6 FO 669.77 870.05 4 6 669.7 773.4 753.5 821.7 753.5 918.4 669.8 966.7 586.0 918.4 586.0 821.7 669.7 773.4 0 1 0.806 2.0 0.315 1.0 0.288 1.0 20 1 False 3 3.6 0 52.411 0 2807060 2807060 28100.0 28110.0 A A E
28 7 7 FO 586.04 1015.06 1 6 586.0 918.4 669.8 966.7 669.7 1063.4 586.1 1111.7 502.3 1063.4 502.4 966.7 586.0 918.4 1 0 0.779 2.0 0.289 1.0 0.269 1.0 9 1 False 3 3.6 0 60.0 0 2807070 2807070 28200.0 28210.0 A A E
28 7 8 FO 502.32 1160.07 1 6 502.3 1063.4 586.1 1111.7 586.0 1208.4 502.3 1256.7 418.6 1208.4 418.6 1111.7 502.3 1063.4 1 0 0.734 2.0 0.268 1.0 0.256 1.0 11 1 False 3 3.6 0 66.587 0 2807080 2807080 28200.0 28210.0 A A E
28 7 9 FO 418.6 1305.08 1 6 418.6 1208.4 502.3 1256.7 502.3 1353.4 418.5 1401.7 334.9 1353.4 334.8 1256.8 418.6 1208.4 1 0 0.716 2.0 0.253 1.0 0.245 1.0 13 1 False 3 3.6 0 72.217 0 2807090 2807090 28200.0 28210.0 A A N
28 7 10 FO 334.89 1450.08 1 6 334.9 1353.4 418.5 1401.7 418.6 1498.5 334.9 1546.8 251.1 1498.4 251.1 1401.7 334.9 1353.4 1 0 0.706 2.0 0.246 1.0 0.239 1.0 15 1 False 3 3.6 0 76.996 0 2807100 2807100 28200.0 28210.0 A A N
28 7 11 bOe 251.16 1595.09 2 5 334.9 1643.4 167.5 1643.5 167.4 1546.7 251.1 1498.4 334.9 1546.8 334.9 1643.4 0.0 0.0 1 0 0.68 1.0 0.192 1.0 0.192 1.0 23 1 False 3 3.6 0 81.052 0 2807110 2807110 28201.0 28210.0 B A N
28 8 0 FO 1339.52 -0.0 0 6 1339.5 -96.7 1423.2 -48.3 1423.3 48.4 1339.5 96.7 1255.8 48.4 1255.8 -48.4 1339.5 -96.7 0 0 0.71 2.0 0.26 1.0 0.25 1.0 8 1 False 3 3.6 0 -0.0 0 2808000 2808000 28000.0 28010.0 A A N
28 8 1 FO 1255.81 145.0 0 6 1255.8 48.4 1339.5 96.7 1339.5 193.3 1255.8 241.7 1172.1 193.4 1172.1 96.7 1255.8 48.4 0 0 0.744 2.0 0.268 1.0 0.255 1.0 10 1 False 3 3.6 0 6.586 0 2808010 2808010 28000.0 28010.0 A A E
28 8 2 FO 1172.09 290.01 0 6 1172.1 193.4 1255.8 241.7 1255.8 338.3 1172.1 386.7 1088.4 338.3 1088.4 241.7 1172.1 193.4 0 0 0.762 2.0 0.279 1.0 0.262 1.0 12 1 False 3 3.6 0 13.898 0 2808020 2808020 28000.0 28010.0 A A E
28 8 3 FO 1088.36 435.02 0 6 1088.4 338.3 1172.1 386.7 1172.1 483.3 1088.3 531.7 1004.7 483.3 1004.6 386.7 1088.4 338.3 0 0 0.791 2.0 0.287 1.0 0.268 1.0 14 0 True 3 3.6 0 21.787 0 2808030 2808030 28000.0 28010.0 A A W
28 8 4 FO 1004.64 580.03 4 6 1004.7 483.3 1088.3 531.7 1088.4 628.4 1004.7 676.7 920.9 628.3 920.9 531.7 1004.7 483.3 0 1 0.787 2.0 0.296 1.0 0.275 1.0 24 1 False 3 3.6 0 30.0 0 2808040 2808040 28100.0 28110.0 A A N
28 8 5 FO 920.92 725.05 4 6 920.9 628.3 1004.7 676.7 1004.7 773.4 920.9 821.7 837.3 773.4 837.2 676.7 920.9 628.3 0 1 0.755 2.0 0.289 1.0 0.27 1.0 16 1 False 3 3.6 0 38.214 0 2808050 2808050 28100.0 28110.0 A A E
28 8 6 FO 837.21 870.05 4 6 837.3 773.4 920.9 821.7 921.0 918.4 837.2 966.7 753.5 918.4 753.5 821.7 837.3 773.4 0 1 0.771 2.0 0.282 1.0 0.265 1.0 18 0 True 3 3.6 0 46.102 0 2808060 2808060 28100.0 28110.0 A A W
28 8 7 FO 753.49 1015.06 4 6 753.5 918.4 837.2 966.7 837.2 1063.4 753.5 1111.7 669.7 1063.4 669.8 966.7 753.5 918.4 0 1 0.73 2.0 0.263 1.0 0.251 1.0 20 0 True 3 3.6 0 53.413 0 2808070 2808070 28100.0 28110.0 A A W
28 8 8 FO 669.76 1160.07 1 6 669.7 1063.4 753.5 1111.7 753.4 1208.4 669.8 1256.7 586.0 1208.4 586.1 1111.7 669.7 1063.4 1 0 0.725 2.0 0.257 1.0 0.248 1.0 9 1 False 3 3.6 0 60.0 0 2808080 2808080 28200.0 28210.0 A A N
28 8 9 FO 586.04 1305.08 1 6 586.0 1208.4 669.8 1256.7 669.8 1353.5 586.1 1401.8 502.3 1353.4 502.3 1256.7 586.0 1208.4 1 0 0.708 2.0 0.247 1.0 0.241 1.0 11 1 False 3 3.6 0 65.818 0 2808090 2808090 28200.0 28210.0 A A N
28 8 10 FOe 502.32 1450.08 1 6 502.3 1353.4 586.1 1401.8 586.0 1498.4 502.3 1546.8 418.6 1498.5 418.5 1401.7 502.3 1353.4 1 0 0.7 2.0 0.24 1.0 0.235 1.0 13 1 False 3 3.6 0 70.893 0 2808100 2808100 28200.0 28210.0 A A N
28 8 11 aOe 418.61 1595.09 1 4 502.3 1546.8 334.9 1643.4 334.9 1546.8 418.6 1498.5 502.3 1546.8 0.0 0.0 0.0 0.0 1 0 0.664 1.0 0.144 1.0 0.144 1.0 15 1 False 3 3.6 0 75.295 0 2808110 2808110 28200.0 28210.0 A A N
28 9 0 aOe 1506.96 -0.0 5 4 1423.2 -48.3 1590.7 48.3 1506.9 96.7 1423.3 48.4 1423.2 -48.3 0.0 0.0 0.0 0.0 0 0 0.669 1.0 0.144 1.0 0.144 1.0 8 1 False 3 3.6 0 -0.0 0 2809000 2809000 28000.0 28010.0 A A N
28 9 1 FO 1423.24 145.01 0 6 1423.3 48.4 1506.9 96.7 1507.0 193.3 1423.2 241.7 1339.5 193.3 1339.5 96.7 1423.3 48.4 0 0 0.706 2.0 0.248 1.0 0.242 1.0 10 1 False 3 3.6 0 5.818 0 2809010 2809010 28000.0 28010.0 A A N
28 9 2 FO 1339.53 290.01 0 6 1339.5 193.3 1423.2 241.7 1423.2 338.3 1339.5 386.7 1255.8 338.3 1255.8 241.7 1339.5 193.3 0 0 0.708 2.0 0.255 1.0 0.245 1.0 12 1 False 3 3.6 0 12.216 0 2809020 2809020 28000.0 28010.0 A A N
28 9 3 FO 1255.81 435.02 0 6 1255.8 338.3 1339.5 386.7 1339.6 483.4 1255.8 531.7 1172.1 483.3 1172.1 386.7 1255.8 338.3 0 0 0.717 2.0 0.261 1.0 0.25 1.0 14 1 False 3 3.6 0 19.106 0 2809030 2809030 28000.0 28010.0 A A E
28 9 4 FO 1172.09 580.04 0 6 1172.1 483.3 1255.8 531.7 1255.8 628.4 1172.1 676.7 1088.4 628.4 1088.3 531.7 1172.1 483.3 0 0 0.724 2.0 0.262 1.0 0.251 1.0 22 0 True 3 3.6 0 26.33 0 2809040 2809040 28001.0 28010.0 B A W
28 9 5 FO 1088.37 725.04 4 6 1088.4 628.4 1172.1 676.7 1172.1 773.4 1088.4 821.7 1004.7 773.4 1004.7 676.7 1088.4 628.4 0 1 0.717 2.0 0.262 1.0 0.25 1.0 24 1 False 3 3.6 0 33.67 0 2809050 2809050 28100.0 28110.0 A A E
28 9 6 FO 1004.64 870.05 4 6 1004.7 773.4 1088.4 821.7 1088.4 918.3 1004.6 966.7 921.0 918.4 920.9 821.7 1004.7 773.4 0 1 0.708 2.0 0.26 1.0 0.25 1.0 16 0 True 3 3.6 0 40.894 0 2809060 2809060 28100.0 28110.0 A A W
28 9 7 FO 920.93 1015.06 4 6 921.0 918.4 1004.6 966.7 1004.7 1063.3 920.9 1111.7 837.2 1063.4 837.2 966.7 921.0 918.4 0 1 0.706 2.0 0.254 1.0 0.245 1.0 18 0 False 3 3.6 0 47.784 0 2809070 2809070 28100.0 28110.0 A A N
28 9 8 FOe 837.21 1160.07 4 6 837.2 1063.4 920.9 1111.7 920.9 1208.5 837.2 1256.8 753.4 1208.4 753.5 1111.7 837.2 1063.4 0 1 0.706 2.0 0.246 1.0 0.24 1.0 20 0 False 3 3.6 0 54.182 0 2809080 2809080 28100.0 28110.0 A A N
28 9 9 aOe 753.48 1305.07 0 4 753.4 1208.4 753.5 1401.7 669.8 1353.5 669.8 1256.7 753.4 1208.4 0.0 0.0 0.0 0.0 1 0 0.672 1.0 0.144 1.0 0.144 1.0 9 1 False 3 3.6 0 60.0 0 2809090 2809090 28200.0 28210.0 A A N
28 9 10 bOe 669.76 1450.08 2 5 753.5 1498.4 586.0 1498.4 586.1 1401.8 669.8 1353.5 753.5 1401.7 753.5 1498.4 0.0 0.0 1 0 0.689 1.0 0.192 1.0 0.192 1.0 11 1 False 3 3.6 0 65.209 0 2809100 2809100 28200.0 28210.0 A A N
28 10 1 aOe 1590.68 145.01 0 4 1590.7 48.3 1590.6 241.7 1507.0 193.3 1506.9 96.7 1590.7 48.3 0.0 0.0 0.0 0.0 0 0 0.672 1.0 0.144 1.0 0.144 1.0 10 1 False 3 3.6 0 5.209 0 2810010 2810010 28000.0 28010.0 A A N
28 10 2 FOe 1506.96 290.01 0 6 1507.0 193.3 1590.6 241.7 1590.7 338.4 1507.0 386.7 1423.2 338.3 1423.2 241.7 1507.0 193.3 0 0 0.691 2.0 0.241 1.0 0.236 1.0 12 1 False 3 3.6 0 10.893 0 2810020 2810020 28000.0 28010.0 A A N
28 10 3 FO 1423.25 435.03 0 6 1423.2 338.3 1507.0 386.7 1507.0 483.4 1423.2 531.7 1339.6 483.4 1339.5 386.7 1423.2 338.3 0 0 0.705 2.0 0.243 1.0 0.238 1.0 14 1 False 3 3.6 0 16.996 0 2810030 2810030 28000.0 28010.0 A A N
28 10 4 FO 1339.53 580.03 0 6 1339.6 483.4 1423.2 531.7 1423.3 628.4 1339.5 676.7 1255.8 628.4 1255.8 531.7 1339.6 483.4 0 0 0.7 2.0 0.247 1.0 0.241 1.0 22 1 False 3 3.6 0 23.413 0 2810040 2810040 28001.0 28010.0 B A E
28 10 5 FO 1255.81 725.04 0 6 1255.8 628.4 1339.5 676.7 1339.5 773.3 1255.8 821.7 1172.1 773.4 1172.1 676.7 1255.8 628.4 0 1 0.703 2.0 0.247 1.0 0.24 1.0 24 1 False 3 3.6 0 30.0 0 2810050 2810050 28100.0 28110.0 A A N
28 10 6 FO 1172.09 870.05 4 6 1172.1 773.4 1255.8 821.7 1255.8 918.3 1172.1 966.7 1088.4 918.3 1088.4 821.7 1172.1 773.4 0 1 0.698 2.0 0.245 1.0 0.239 1.0 24 0 True 3 3.6 0 36.587 0 2810060 2810060 28100.0 28110.0 A A W
28 10 7 FO 1088.36 1015.06 4 6 1088.4 918.3 1172.1 966.7 1172.1 1063.4 1088.4 1111.8 1004.7 1063.3 1004.6 966.7 1088.4 918.3 0 1 0.695 2.0 0.242 1.0 0.237 1.0 16 0 False 3 3.6 0 43.004 0 2810070 2810070 28100.0 28110.0 A A N
28 10 8 FOe 1004.65 1160.06 4 6 1004.7 1063.3 1088.4 1111.8 1088.4 1208.4 1004.7 1256.7 920.9 1208.5 920.9 1111.7 1004.7 1063.3 0 1 0.695 2.0 0.244 1.0 0.238 1.0 18 0 False 3 3.6 0 49.106 0 2810080 2810080 28100.0 28110.0 A A N
28 10 9 aOe 920.93 1305.07 2 4 1004.6 1353.4 837.2 1256.8 920.9 1208.5 1004.7 1256.7 1004.6 1353.4 0.0 0.0 0.0 0.0 0 1 0.664 1.0 0.144 1.0 0.144 1.0 20 0 False 3 3.6 0 54.791 0 2810090 2810090 28100.0 28110.0 A A N
28 11 3 aOe 1590.69 435.03 0 4 1590.7 338.4 1590.7 531.7 1507.0 483.4 1507.0 386.7 1590.7 338.4 0.0 0.0 0.0 0.0 0 0 0.659 1.0 0.144 1.0 0.144 1.0 14 1 False 3 3.6 0 15.296 0 2811030 2811030 28000.0 28010.0 A A N
28 11 4 bOe 1506.97 580.03 1 5 1590.7 531.7 1506.9 676.7 1423.3 628.4 1423.2 531.7 1507.0 483.4 1590.7 531.7 0.0 0.0 0 0 0.68 1.0 0.192 1.0 0.192 1.0 22 1 False 3 3.6 0 21.052 0 2811040 2811040 28001.0 28010.0 B A N
28 11 5 aOe 1423.25 725.04 1 4 1506.9 676.7 1339.5 773.3 1339.5 676.7 1423.3 628.4 1506.9 676.7 0.0 0.0 0.0 0.0 0 0 0.664 1.0 0.144 1.0 0.144 1.0 22 1 False 3 3.6 0 26.995 0 2811050 2811050 28001.0 28010.0 B A N
28 11 6 aOe 1339.53 870.05 0 4 1339.5 773.3 1339.5 966.8 1255.8 918.3 1255.8 821.7 1339.5 773.3 0.0 0.0 0.0 0.0 0 1 0.669 1.0 0.144 1.0 0.144 1.0 24 0 False 3 3.6 0 33.004 0 2811060 2811060 28100.0 28110.0 A A N
28 11 7 bOe 1255.81 1015.06 1 5 1339.5 966.8 1255.8 1111.7 1172.1 1063.4 1172.1 966.7 1255.8 918.3 1339.5 966.8 0.0 0.0 0 1 0.675 1.0 0.192 1.0 0.192 1.0 24 0 False 3 3.6 0 38.948 0 2811070 2811070 28100.0 28110.0 A A N
28 11 8 aOe 1172.08 1160.07 1 4 1255.8 1111.7 1088.4 1208.4 1088.4 1111.8 1172.1 1063.4 1255.8 1111.7 0.0 0.0 0.0 0.0 0 1 0.662 1.0 0.144 1.0 0.144 1.0 16 0 False 3 3.6 0 44.705 0 2811080 2811080 28100.0 28110.0 A A N
29 1 3 FIe -83.72 435.02 2 6 -83.7 338.4 0.0 386.7 0.0 483.4 -83.7 531.7 -167.4 483.4 -167.4 386.7 -83.7 338.4 1 1 1.217 2.0 1.169 2.0 1.172 2.0 7 0 False 6 7.2 0 100.893 1 2901030 2901031 29300.0 29310.0 A A N
29 1 4 FI -167.44 580.03 2 6 -167.4 483.4 -83.7 531.7 -83.7 628.4 -167.4 676.7 -251.2 628.4 -251.2 531.7 -167.4 483.4 1 1 0.954 2.0 0.868 1.0 0.869 1.0 7 0 False 6 7.2 0 106.102 1 2901040 2901041 29300.0 29310.0 A A N
29 1 5 FI -251.16 725.04 2 6 -251.2 628.4 -167.4 676.7 -167.4 773.4 -251.2 821.7 -334.9 773.4 -334.9 676.7 -251.2 628.4 1 1 0.861 2.0 0.642 1.0 0.644 1.0 7 0 True 6 7.2 0 109.107 1 2901050 2901051 29300.0 29310.0 A A N
29 1 6 FO -334.88 870.05 5 6 -334.9 773.4 -251.2 821.7 -251.2 918.4 -334.9 966.7 -418.6 918.4 -418.6 821.7 -334.9 773.4 1 1 0.796 2.0 0.325 1.0 0.298 1.0 21 1 False 3 3.6 0 111.052 0 2901060 2901060 29300.0 29310.0 A A N
29 1 7 FO -418.6 1015.06 5 6 -418.6 918.4 -334.9 966.7 -334.9 1063.4 -418.6 1111.7 -502.3 1063.4 -502.3 966.7 -418.6 918.4 1 1 0.737 2.0 0.271 1.0 0.259 1.0 21 1 False 3 3.6 0 112.411 0 2901070 2901070 29300.0 29310.0 A A E
29 1 8 FO -502.32 1160.06 5 6 -502.3 1063.4 -418.6 1111.7 -418.6 1208.4 -502.3 1256.7 -586.0 1208.4 -586.0 1111.7 -502.3 1063.4 1 1 0.702 2.0 0.249 1.0 0.243 1.0 21 0 True 3 3.6 0 113.413 0 2901080 2901080 29300.0 29310.0 A A W
29 1 9 FOe -586.04 1305.07 5 6 -586.0 1208.4 -502.3 1256.7 -502.3 1353.4 -586.0 1401.7 -669.8 1353.4 -669.8 1256.7 -586.0 1208.4 1 1 0.691 2.0 0.238 1.0 0.234 1.0 21 0 False 3 3.6 0 114.182 0 2901090 2901090 29300.0 29310.0 A A N
29 1 10 FOe -669.76 1450.08 5 6 -669.8 1353.4 -586.0 1401.7 -586.0 1498.4 -669.8 1546.8 -753.5 1498.4 -753.5 1401.7 -669.8 1353.4 1 1 0.655 2.0 0.221 1.0 0.22 1.0 21 0 False 3 3.6 0 114.791 0 2901100 2901100 29300.0 29310.0 A A N
29 2 0 aIe 334.88 0.0 3 4 353.3 86.1 353.3 -86.1 418.6 -48.3 418.6 48.3 353.3 86.1 0.0 0.0 0.0 0.0 0 0 1.123 2.0 0.769 1.0 0.769 1.0 0 0 False 6 7.2 0 0.0 1 2902000 2902001 29000.0 29010.0 A A N
29 2 2 aIe 167.44 290.02 4 4 102.1 349.0 251.2 262.9 251.2 338.4 167.4 386.7 102.1 349.0 0.0 0.0 0.0 0.0 1 0 1.283 2.0 1.034 2.0 1.034 2.0 4 0 False 6 7.2 0 60.0 1 2902020 2902021 29200.0 29210.0 A A N
29 2 3 FIe 83.72 435.02 1 6 83.7 338.4 167.4 386.7 167.4 483.4 83.7 531.7 0.0 483.4 0.0 386.7 83.7 338.4 1 0 1.23 2.0 1.171 2.0 1.173 2.0 4 0 False 6 7.2 0 79.107 1 2902030 2902031 29200.0 29210.0 A A N
29 2 4 FI 0.0 580.03 2 6 0.0 483.4 83.7 531.7 83.7 628.4 0.0 676.7 -83.7 628.4 -83.7 531.7 0.0 483.4 1 1 0.998 2.0 0.91 1.0 0.908 1.0 6 0 False 6 7.2 0 90.0 1 2902040 2902041 29300.0 29310.0 A A N
29 2 5 FI -83.72 725.04 2 6 -83.7 628.4 0.0 676.7 0.0 773.4 -83.7 821.7 -167.4 773.4 -167.4 676.7 -83.7 628.4 1 1 0.87 2.0 0.685 1.0 0.69 1.0 6 0 True 6 7.2 0 96.587 1 2902050 2902051 29300.0 29310.0 A A N
29 2 6 FM -167.44 870.05 5 6 -167.4 773.4 -83.7 821.7 -83.7 918.4 -167.4 966.7 -251.2 918.4 -251.2 821.7 -167.4 773.4 1 1 0.793 2.0 0.367 1.0 0.332 1.0 19 1 False 3 3.6 0 100.893 0 2902060 2902060 29300.0 29310.0 A A N
29 2 7 FO -251.16 1015.06 5 6 -251.2 918.4 -167.4 966.7 -167.4 1063.4 -251.2 1111.7 -334.9 1063.4 -334.9 966.7 -251.2 918.4 1 1 0.751 2.0 0.286 1.0 0.27 1.0 19 1 False 3 3.6 0 103.898 0 2902070 2902070 29300.0 29310.0 A A E
29 2 8 FO -334.88 1160.06 5 6 -334.9 1063.4 -251.2 1111.7 -251.2 1208.4 -334.9 1256.7 -418.6 1208.4 -418.6 1111.7 -334.9 1063.4 1 1 0.705 2.0 0.252 1.0 0.245 1.0 19 0 True 3 3.6 0 106.102 0 2902080 2902080 29300.0 29310.0 A A W
29 2 9 FO -418.6 1305.07 5 6 -418.6 1208.4 -334.9 1256.7 -334.9 1353.4 -418.6 1401.7 -502.3 1353.4 -502.3 1256.7 -418.6 1208.4 1 1 0.686 2.0 0.242 1.0 0.236 1.0 19 0 False 3 3.6 0 107.784 0 2902090 2902090 29300.0 29310.0 A A N
29 2 10 FO -502.32 1450.08 5 6 -502.3 1353.4 -418.6 1401.7 -418.6 1498.4 -502.3 1546.8 -586.0 1498.4 -586.0 1401.7 -502.3 1353.4 1 1 0.669 2.0 0.249 1.0 0.249 1.0 19 0 False 3 3.6 0 109.107 0 2902100 2902100 29300.0 29310.0 A A N
29 2 11 cOe -586.04 1595.09 1 3 -502.3 1546.8 -669.8 1546.8 -586.0 1498.4 -502.3 1546.8 0.0 0.0 0.0 0.0 0.0 0.0 1 1 0.642 0.0 0.0 0.0 0.0 0.0 19 0 False 3 3.6 0 110.173 0 2902110 2902110 29300.0 29310.0 A A N
29 3 0 FI 502.32 0.0 0 6 502.3 -96.7 586.0 -48.3 586.0 48.3 502.3 96.7 418.6 48.3 418.6 -48.3 502.3 -96.7 0 0 1.306 2.0 1.221 2.0 1.23 2.0 0 0 False 6 7.2 0 0.0 1 2903000 2903001 29000.0 29010.0 A A N
29 3 1 FIe 418.6 145.01 0 6 418.6 48.3 502.3 96.7 502.3 193.3 418.6 241.7 334.9 193.3 334.9 96.7 418.6 48.3 0 0 1.387 2.0 1.318 2.0 1.334 2.0 0 0 False 6 7.2 0 19.107 1 2903010 2903011 29000.0 29010.0 A A N
29 3 2 FIe 334.88 290.02 1 6 334.9 193.3 418.6 241.7 418.6 338.4 334.9 386.7 251.2 338.4 251.2 241.7 334.9 193.3 0 1 1.303 2.0 1.218 2.0 1.229 2.0 3 0 False 6 7.2 0 40.894 1 2903020 2903021 29100.0 29110.0 A A N
29 3 3 FI 251.16 435.02 1 6 251.2 338.4 334.9 386.7 334.9 483.4 251.2 531.7 167.4 483.4 167.4 386.7 251.2 338.4 1 0 1.114 2.0 1.045 2.0 1.048 2.0 4 0 False 6 7.2 0 60.0 1 2903030 2903031 29200.0 29210.0 A A N
29 3 4 FI 167.44 580.03 1 6 167.4 483.4 251.2 531.7 251.2 628.4 167.4 676.7 83.7 628.4 83.7 531.7 167.4 483.4 1 0 0.973 2.0 0.878 1.0 0.878 1.0 5 0 False 6 7.2 0 73.898 1 2903040 2903041 29200.0 29210.0 A A N
29 3 5 FI 83.72 725.04 1 6 83.7 628.4 167.4 676.7 167.4 773.4 83.7 821.7 0.0 773.4 0.0 676.7 83.7 628.4 1 0 0.878 2.0 0.69 1.0 0.695 1.0 5 0 False 6 7.2 0 83.413 1 2903050 2903051 29200.0 29210.0 A A N
29 3 6 FM 0.0 870.05 5 6 0.0 773.4 83.7 821.7 83.7 918.4 0.0 966.7 -83.7 918.4 -83.7 821.7 0.0 773.4 1 1 0.795 2.0 0.373 1.0 0.337 1.0 17 1 False 3 3.6 0 90.0 0 2903060 2903060 29300.0 29310.0 A A N
29 3 7 FO -83.72 1015.06 5 6 -83.7 918.4 0.0 966.7 0.0 1063.4 -83.7 1111.7 -167.4 1063.4 -167.4 966.7 -83.7 918.4 1 1 0.763 2.0 0.296 1.0 0.277 1.0 17 1 False 3 3.6 0 94.715 0 2903070 2903070 29300.0 29310.0 A A N
29 3 8 FO -167.44 1160.06 5 6 -167.4 1063.4 -83.7 1111.7 -83.7 1208.4 -167.4 1256.7 -251.2 1208.4 -251.2 1111.7 -167.4 1063.4 1 1 0.712 2.0 0.26 1.0 0.251 1.0 17 1 False 3 3.6 0 98.213 0 2903080 2903080 29300.0 29310.0 A A E
29 3 9 FO -251.16 1305.07 5 6 -251.2 1208.4 -167.4 1256.7 -167.4 1353.4 -251.2 1401.7 -334.9 1353.4 -334.9 1256.7 -251.2 1208.4 1 1 0.702 2.0 0.24 1.0 0.235 1.0 17 0 True 3 3.6 0 100.893 0 2903090 2903090 29300.0 29310.0 A A W
29 3 10 FO -334.88 1450.08 5 6 -334.9 1353.4 -251.2 1401.7 -251.2 1498.4 -334.9 1546.8 -418.6 1498.4 -418.6 1401.7 -334.9 1353.4 1 1 0.675 2.0 0.223 1.0 0.222 1.0 17 0 False 3 3.6 0 103.004 0 2903100 2903100 29300.0 29310.0 A A N
29 3 11 aOe -418.6 1595.09 2 4 -334.9 1643.4 -502.3 1546.8 -418.6 1498.4 -334.9 1546.8 -334.9 1643.4 0.0 0.0 0.0 0.0 1 1 0.648 1.0 0.144 1.0 0.144 1.0 17 0 False 3 3.6 0 104.705 0 2903110 2903110 29300.0 29310.0 A A N
29 4 0 FI 669.76 0.0 0 6 669.8 -96.7 753.5 -48.3 753.5 48.3 669.8 96.7 586.0 48.3 586.0 -48.3 669.8 -96.7 0 0 0.985 2.0 0.905 1.0 0.904 1.0 0 0 True 6 7.2 0 0.0 1 2904000 2904001 29000.0 29010.0 A A N
29 4 1 FI 586.04 145.01 0 6 586.0 48.3 669.8 96.7 669.8 193.3 586.0 241.7 502.3 193.3 502.3 96.7 586.0 48.3 0 0 1.05 2.0 0.964 1.0 0.961 1.0 1 0 False 6 7.2 0 13.898 1 2904010 2904011 29000.0 29010.0 A A N
29 4 2 FI 502.32 290.02 1 6 502.3 193.3 586.0 241.7 586.0 338.4 502.3 386.7 418.6 338.4 418.6 241.7 502.3 193.3 0 1 1.038 2.0 0.969 1.0 0.965 1.0 2 0 False 6 7.2 0 30.0 1 2904020 2904021 29100.0 29110.0 A A N
29 4 3 FI 418.6 435.02 1 6 418.6 338.4 502.3 386.7 502.3 483.4 418.6 531.7 334.9 483.4 334.9 386.7 418.6 338.4 0 1 0.98 2.0 0.907 1.0 0.905 1.0 3 0 False 6 7.2 0 46.102 1 2904030 2904031 29100.0 29110.0 A A N
29 4 4 FI 334.88 580.03 1 6 334.9 483.4 418.6 531.7 418.6 628.4 334.9 676.7 251.2 628.4 251.2 531.7 334.9 483.4 1 0 0.919 2.0 0.798 1.0 0.802 1.0 4 0 True 6 7.2 0 60.0 1 2904040 2904041 29200.0 29210.0 A A N
29 4 5 FI 251.16 725.04 1 6 251.2 628.4 334.9 676.7 334.9 773.4 251.2 821.7 167.4 773.4 167.4 676.7 251.2 628.4 1 0 0.856 2.0 0.635 1.0 0.637 1.0 5 0 True 6 7.2 0 70.893 1 2904050 2904051 29200.0 29210.0 A A N
29 4 6 FM 167.44 870.05 1 6 167.4 773.4 251.2 821.7 251.2 918.4 167.4 966.7 83.7 918.4 83.7 821.7 167.4 773.4 1 0 0.805 2.0 0.362 1.0 0.327 1.0 13 0 False 3 3.6 0 79.107 0 2904060 2904060 29200.0 29210.0 A A N
29 4 7 FO 83.72 1015.06 1 6 83.7 918.4 167.4 966.7 167.4 1063.4 83.7 1111.7 0.0 1063.4 0.0 966.7 83.7 918.4 1 0 0.751 2.0 0.293 1.0 0.274 1.0 15 0 False 3 3.6 0 85.285 0 2904070 2904070 29200.0 29210.0 A A N
29 4 8 FO 0.0 1160.06 5 6 0.0 1063.4 83.7 1111.7 83.7 1208.4 0.0 1256.7 -83.7 1208.4 -83.7 1111.7 0.0 1063.4 1 1 0.713 2.0 0.262 1.0 0.251 1.0 23 1 False 3 3.6 0 90.0 0 2904080 2904080 29300.0 29310.0 A A N
29 4 9 FO -83.72 1305.07 5 6 -83.7 1208.4 0.0 1256.7 0.0 1353.4 -83.7 1401.7 -167.4 1353.4 -167.4 1256.7 -83.7 1208.4 1 1 0.703 2.0 0.249 1.0 0.242 1.0 23 1 False 3 3.6 0 93.67 0 2904090 2904090 29300.0 29310.0 A A E
29 4 10 FO -167.44 1450.08 5 6 -167.4 1353.4 -83.7 1401.7 -83.7 1498.4 -167.4 1546.8 -251.2 1498.4 -251.2 1401.7 -167.4 1353.4 1 1 0.677 2.0 0.224 1.0 0.223 1.0 23 0 True 3 3.6 0 96.587 0 2904100 2904100 29300.0 29310.0 A A W
29 4 11 bOe -251.16 1595.09 2 5 -167.4 1643.4 -334.9 1643.4 -334.9 1546.8 -251.2 1498.4 -167.4 1546.8 -167.4 1643.4 0.0 0.0 1 1 0.651 1.0 0.192 1.0 0.192 1.0 23 0 False 3 3.6 0 98.948 0 2904110 2904110 29300.0 29310.0 A A N
29 5 0 FM 837.2 0.0 0 6 837.2 -96.7 920.9 -48.3 920.9 48.3 837.2 96.7 753.5 48.3 753.5 -48.3 837.2 -96.7 0 0 0.882 2.0 0.469 1.0 0.423 1.0 8 0 False 3 3.6 0 0.0 0 2905000 2905000 29000.0 29010.0 A A N
29 5 1 FI 753.48 145.01 0 6 753.5 48.3 837.2 96.7 837.2 193.3 753.5 241.7 669.8 193.3 669.8 96.7 753.5 48.3 0 0 0.903 2.0 0.739 1.0 0.743 1.0 1 0 True 6 7.2 0 10.894 1 2905010 2905011 29000.0 29010.0 A A N
29 5 2 FI 669.76 290.02 0 6 669.8 193.3 753.5 241.7 753.5 338.4 669.8 386.7 586.0 338.4 586.0 241.7 669.8 193.3 0 0 0.891 2.0 0.774 1.0 0.778 1.0 1 0 False 6 7.2 0 23.414 1 2905020 2905021 29000.0 29010.0 A A N
29 5 3 FI 586.04 435.02 1 6 586.0 338.4 669.8 386.7 669.8 483.4 586.0 531.7 502.3 483.4 502.3 386.7 586.0 338.4 0 1 0.89 2.0 0.742 1.0 0.746 1.0 2 0 True 6 7.2 0 36.587 1 2905030 2905031 29100.0 29110.0 A A N
29 5 4 FI 502.32 580.03 1 6 502.3 483.4 586.0 531.7 586.0 628.4 502.3 676.7 418.6 628.4 418.6 531.7 502.3 483.4 0 1 0.855 2.0 0.668 1.0 0.671 1.0 3 0 True 6 7.2 0 49.107 1 2905040 2905041 29100.0 29110.0 A A N
29 5 5 FM 418.6 725.04 1 6 418.6 628.4 502.3 676.7 502.3 773.4 418.6 821.7 334.9 773.4 334.9 676.7 418.6 628.4 1 0 0.825 2.0 0.4 1.0 0.359 1.0 9 0 False 3 3.6 0 60.0 0 2905050 2905050 29200.0 29210.0 A A N
29 5 6 FO 334.88 870.05 1 6 334.9 773.4 418.6 821.7 418.6 918.4 334.9 966.7 251.2 918.4 251.2 821.7 334.9 773.4 1 0 0.797 2.0 0.334 1.0 0.305 1.0 11 0 False 3 3.6 0 68.948 0 2905060 2905060 29200.0 29210.0 A A N
29 5 7 FO 251.16 1015.06 1 6 251.2 918.4 334.9 966.7 334.9 1063.4 251.2 1111.7 167.4 1063.4 167.4 966.7 251.2 918.4 1 0 0.755 2.0 0.286 1.0 0.269 1.0 13 0 True 3 3.6 0 76.102 0 2905070 2905070 29200.0 29210.0 A A W
29 5 8 FO 167.44 1160.06 1 6 167.4 1063.4 251.2 1111.7 251.2 1208.4 167.4 1256.7 83.7 1208.4 83.7 1111.7 167.4 1063.4 1 0 0.722 2.0 0.26 1.0 0.25 1.0 15 0 True 3 3.6 0 81.787 0 2905080 2905080 29200.0 29210.0 A A W
29 5 9 FO 83.72 1305.07 1 6 83.7 1208.4 167.4 1256.7 167.4 1353.4 83.7 1401.7 0.0 1353.4 0.0 1256.7 83.7 1208.4 1 0 0.701 2.0 0.244 1.0 0.239 1.0 25 0 True 3 3.6 0 86.33 0 2905090 2905090 29201.0 29210.0 B A W
29 5 10 FO 0.0 1450.08 1 6 0.0 1353.4 83.7 1401.7 83.7 1498.4 0.0 1546.8 -83.7 1498.4 -83.7 1401.7 0.0 1353.4 1 1 0.676 2.0 0.225 1.0 0.223 1.0 23 1 False 3 3.6 0 90.0 0 2905100 2905100 29300.0 29310.0 A A N
29 5 11 bOe -83.72 1595.09 1 5 0.0 1546.8 -83.7 1691.8 -167.4 1643.4 -167.4 1546.8 -83.7 1498.4 0.0 1546.8 0.0 0.0 1 1 0.654 1.0 0.192 1.0 0.192 1.0 23 0 False 3 3.6 0 93.004 0 2905110 2905110 29300.0 29310.0 A A N
29 6 0 FO 1004.64 0.0 0 6 1004.6 -96.7 1088.4 -48.3 1088.4 48.3 1004.6 96.7 920.9 48.3 920.9 -48.3 1004.6 -96.7 0 0 0.79 2.0 0.334 1.0 0.304 1.0 8 0 True 3 3.6 0 0.0 0 2906000 2906000 29000.0 29010.0 A A W
29 6 1 FO 920.92 145.01 0 6 920.9 48.3 1004.6 96.7 1004.6 193.3 920.9 241.7 837.2 193.3 837.2 96.7 920.9 48.3 0 0 0.812 2.0 0.382 1.0 0.344 1.0 10 0 False 3 3.6 0 8.948 0 2906010 2906010 29000.0 29010.0 A A N
29 6 2 FM 837.2 290.02 0 6 837.2 193.3 920.9 241.7 920.9 338.4 837.2 386.7 753.5 338.4 753.5 241.7 837.2 193.3 0 0 0.824 2.0 0.412 1.0 0.368 1.0 12 0 False 3 3.6 0 19.107 0 2906020 2906020 29000.0 29010.0 A A N
29 6 3 FM 753.48 435.02 4 6 753.5 338.4 837.2 386.7 837.2 483.4 753.5 531.7 669.8 483.4 669.8 386.7 753.5 338.4 0 1 0.818 2.0 0.415 1.0 0.371 1.0 16 1 False 3 3.6 0 30.0 0 2906030 2906030 29100.0 29110.0 A A N
29 6 4 FM 669.76 580.03 4 6 669.8 483.4 753.5 531.7 753.5 628.4 669.8 676.7 586.0 628.4 586.0 531.7 669.8 483.4 0 1 0.803 2.0 0.381 1.0 0.341 1.0 18 1 False 3 3.6 0 40.893 0 2906040 2906040 29100.0 29110.0 A A N
29 6 5 FO 586.04 725.04 4 6 586.0 628.4 669.8 676.7 669.8 773.4 586.0 821.7 502.3 773.4 502.3 676.7 586.0 628.4 0 1 0.788 2.0 0.338 1.0 0.308 1.0 20 1 False 3 3.6 0 51.052 0 2906050 2906050 29100.0 29110.0 A A N
29 6 6 FO 502.32 870.05 1 6 502.3 773.4 586.0 821.7 586.0 918.4 502.3 966.7 418.6 918.4 418.6 821.7 502.3 773.4 1 0 0.758 2.0 0.304 1.0 0.283 1.0 9 0 True 3 3.6 0 60.0 0 2906060 2906060 29200.0 29210.0 A A W
29 6 7 FO 418.6 1015.06 1 6 418.6 918.4 502.3 966.7 502.3 1063.4 418.6 1111.7 334.9 1063.4 334.9 966.7 418.6 918.4 1 0 0.732 2.0 0.276 1.0 0.263 1.0 11 0 True 3 3.6 0 67.589 0 2906070 2906070 29200.0 29210.0 A A W
29 6 8 FO 334.88 1160.06 1 6 334.9 1063.4 418.6 1111.7 418.6 1208.4 334.9 1256.7 251.2 1208.4 251.2 1111.7 334.9 1063.4 1 0 0.72 2.0 0.256 1.0 0.248 1.0 13 1 False 3 3.6 0 73.898 0 2906080 2906080 29200.0 29210.0 A A E
29 6 9 FO 251.16 1305.07 1 6 251.2 1208.4 334.9 1256.7 334.9 1353.4 251.2 1401.7 167.4 1353.4 167.4 1256.7 251.2 1208.4 1 0 0.689 2.0 0.242 1.0 0.238 1.0 15 1 False 3 3.6 0 79.107 0 2906090 2906090 29200.0 29210.0 A A E
29 6 10 FO 167.44 1450.08 1 6 167.4 1353.4 251.2 1401.7 251.2 1498.4 167.4 1546.8 83.7 1498.4 83.7 1401.7 167.4 1353.4 1 0 0.682 2.0 0.224 1.0 0.222 1.0 25 1 False 3 3.6 0 83.413 0 2906100 2906100 29201.0 29210.0 B A E
29 6 11 bOe 83.72 1595.09 3 5 83.7 1691.8 0.0 1546.8 83.7 1498.4 167.4 1546.8 167.4 1643.4 83.7 1691.8 0.0 0.0 1 0 0.651 1.0 0.192 1.0 0.192 1.0 25 1 False 3 3.6 0 86.996 0 2906110 2906110 29201.0 29210.0 B A N
29 7 0 FO 1172.09 0.0 0 6 1172.1 -96.7 1255.8 -48.3 1255.8 48.3 1172.1 96.7 1088.4 48.3 1088.4 -48.3 1172.1 -96.7 0 0 0.737 2.0 0.278 1.0 0.263 1.0 8 1 False 3 3.6 0 0.0 0 2907000 2907000 29000.0 29010.0 A A E
29 7 1 FO 1088.37 145.01 0 6 1088.4 48.3 1172.1 96.7 1172.1 193.3 1088.4 241.7 1004.6 193.3 1004.6 96.7 1088.4 48.3 0 0 0.757 2.0 0.295 1.0 0.275 1.0 10 0 True 3 3.6 0 7.589 0 2907010 2907010 29000.0 29010.0 A A W
29 7 2 FO 1004.64 290.02 0 6 1004.6 193.3 1088.4 241.7 1088.4 338.4 1004.6 386.7 920.9 338.4 920.9 241.7 1004.6 193.3 0 0 0.79 2.0 0.313 1.0 0.29 1.0 12 0 True 3 3.6 0 16.102 0 2907020 2907020 29000.0 29010.0 A A W
29 7 3 FO 920.92 435.02 0 6 920.9 338.4 1004.6 386.7 1004.6 483.4 920.9 531.7 837.2 483.4 837.2 386.7 920.9 338.4 0 0 0.771 2.0 0.317 1.0 0.292 1.0 14 0 False 3 3.6 0 25.285 0 2907030 2907030 29000.0 29010.0 A A N
29 7 4 FO 837.2 580.03 4 6 837.2 483.4 920.9 531.7 920.9 628.4 837.2 676.7 753.5 628.4 753.5 531.7 837.2 483.4 0 1 0.777 2.0 0.307 1.0 0.284 1.0 16 1 False 3 3.6 0 34.715 0 2907040 2907040 29100.0 29110.0 A A N
29 7 5 FO 753.48 725.04 4 6 753.5 628.4 837.2 676.7 837.2 773.4 753.5 821.7 669.8 773.4 669.8 676.7 753.5 628.4 0 1 0.753 2.0 0.293 1.0 0.274 1.0 18 1 False 3 3.6 0 43.898 0 2907050 2907050 29100.0 29110.0 A A E
29 7 6 FO 669.76 870.05 4 6 669.8 773.4 753.5 821.7 753.5 918.4 669.8 966.7 586.0 918.4 586.0 821.7 669.8 773.4 0 1 0.751 2.0 0.277 1.0 0.263 1.0 20 1 False 3 3.6 0 52.411 0 2907060 2907060 29100.0 29110.0 A A E
29 7 7 FO 586.04 1015.06 1 6 586.0 918.4 669.8 966.7 669.8 1063.4 586.0 1111.7 502.3 1063.4 502.3 966.7 586.0 918.4 1 0 0.725 2.0 0.262 1.0 0.252 1.0 9 1 False 3 3.6 0 60.0 0 2907070 2907070 29200.0 29210.0 A A E
29 7 8 FO 502.32 1160.06 1 6 502.3 1063.4 586.0 1111.7 586.0 1208.4 502.3 1256.7 418.6 1208.4 418.6 1111.7 502.3 1063.4 1 0 0.71 2.0 0.251 1.0 0.244 1.0 11 1 False 3 3.6 0 66.587 0 2907080 2907080 29200.0 29210.0 A A E
29 7 9 FO 418.6 1305.07 1 6 418.6 1208.4 502.3 1256.7 502.3 1353.4 418.6 1401.7 334.9 1353.4 334.9 1256.7 418.6 1208.4 1 0 0.688 2.0 0.242 1.0 0.237 1.0 13 1 False 3 3.6 0 72.216 0 2907090 2907090 29200.0 29210.0 A A N
29 7 10 FO 334.88 1450.08 1 6 334.9 1353.4 418.6 1401.7 418.6 1498.4 334.9 1546.8 251.2 1498.4 251.2 1401.7 334.9 1353.4 1 0 0.674 2.0 0.223 1.0 0.222 1.0 15 1 False 3 3.6 0 76.996 0 2907100 2907100 29200.0 29210.0 A A N
29 7 11 bOe 251.16 1595.09 2 5 334.9 1643.4 167.4 1643.4 167.4 1546.8 251.2 1498.4 334.9 1546.8 334.9 1643.4 0.0 0.0 1 0 0.647 1.0 0.192 1.0 0.192 1.0 25 1 False 3 3.6 0 81.052 0 2907110 2907110 29201.0 29210.0 B A N
29 8 0 FO 1339.53 0.0 0 6 1339.5 -96.7 1423.2 -48.3 1423.2 48.3 1339.5 96.7 1255.8 48.3 1255.8 -48.3 1339.5 -96.7 0 0 0.706 2.0 0.25 1.0 0.243 1.0 8 1 False 3 3.6 0 0.0 0 2908000 2908000 29000.0 29010.0 A A N
29 8 1 FO 1255.81 145.01 0 6 1255.8 48.3 1339.5 96.7 1339.5 193.3 1255.8 241.7 1172.1 193.3 1172.1 96.7 1255.8 48.3 0 0 0.712 2.0 0.256 1.0 0.247 1.0 10 1 False 3 3.6 0 6.587 0 2908010 2908010 29000.0 29010.0 A A E
29 8 2 FO 1172.09 290.02 0 6 1172.1 193.3 1255.8 241.7 1255.8 338.4 1172.1 386.7 1088.4 338.4 1088.4 241.7 1172.1 193.3 0 0 0.738 2.0 0.266 1.0 0.255 1.0 12 1 False 3 3.6 0 13.898 0 2908020 2908020 29000.0 29010.0 A A E
29 8 3 FO 1088.37 435.02 0 6 1088.4 338.4 1172.1 386.7 1172.1 483.4 1088.4 531.7 1004.6 483.4 1004.6 386.7 1088.4 338.4 0 0 0.728 2.0 0.271 1.0 0.259 1.0 14 0 True 3 3.6 0 21.787 0 2908030 2908030 29000.0 29010.0 A A W
29 8 4 FO 1004.64 580.03 4 6 1004.6 483.4 1088.4 531.7 1088.4 628.4 1004.6 676.7 920.9 628.4 920.9 531.7 1004.6 483.4 0 1 0.733 2.0 0.266 1.0 0.255 1.0 22 1 False 3 3.6 0 30.0 0 2908040 2908040 29100.0 29110.0 A A N
29 8 5 FO 920.92 725.04 4 6 920.9 628.4 1004.6 676.7 1004.6 773.4 920.9 821.7 837.2 773.4 837.2 676.7 920.9 628.4 0 1 0.725 2.0 0.267 1.0 0.255 1.0 16 1 False 3 3.6 0 38.213 0 2908050 2908050 29100.0 29110.0 A A E
29 8 6 FO 837.2 870.05 4 6 837.2 773.4 920.9 821.7 920.9 918.4 837.2 966.7 753.5 918.4 753.5 821.7 837.2 773.4 0 1 0.716 2.0 0.258 1.0 0.249 1.0 18 0 True 3 3.6 0 46.102 0 2908060 2908060 29100.0 29110.0 A A W
29 8 7 FO 753.48 1015.06 4 6 753.5 918.4 837.2 966.7 837.2 1063.4 753.5 1111.7 669.8 1063.4 669.8 966.7 753.5 918.4 0 1 0.699 2.0 0.251 1.0 0.244 1.0 20 0 True 3 3.6 0 53.413 0 2908070 2908070 29100.0 29110.0 A A W
29 8 8 FO 669.76 1160.06 1 6 669.8 1063.4 753.5 1111.7 753.5 1208.4 669.8 1256.7 586.0 1208.4 586.0 1111.7 669.8 1063.4 1 0 0.683 2.0 0.238 1.0 0.234 1.0 9 1 False 3 3.6 0 60.0 0 2908080 2908080 29200.0 29210.0 A A N
29 8 9 FO 586.04 1305.07 1 6 586.0 1208.4 669.8 1256.7 669.8 1353.4 586.0 1401.7 502.3 1353.4 502.3 1256.7 586.0 1208.4 1 0 0.685 2.0 0.236 1.0 0.233 1.0 11 1 False 3 3.6 0 65.818 0 2908090 2908090 29200.0 29210.0 A A N
29 8 10 FO 502.32 1450.08 1 6 502.3 1353.4 586.0 1401.7 586.0 1498.4 502.3 1546.8 418.6 1498.4 418.6 1401.7 502.3 1353.4 1 0 0.669 2.0 0.222 1.0 0.221 1.0 13 1 False 3 3.6 0 70.893 0 2908100 2908100 29200.0 29210.0 A A N
29 8 11 aOe 418.6 1595.09 1 4 502.3 1546.8 334.9 1643.4 334.9 1546.8 418.6 1498.4 502.3 1546.8 0.0 0.0 0.0 0.0 1 0 0.643 1.0 0.144 1.0 0.144 1.0 15 1 False 3 3.6 0 75.295 0 2908110 2908110 29200.0 29210.0 A A N
29 9 0 aOe 1506.97 0.0 5 4 1423.2 -48.3 1590.7 48.3 1507.0 96.7 1423.2 48.3 1423.2 -48.3 0.0 0.0 0.0 0.0 0 0 0.673 1.0 0.156 1.0 0.156 1.0 8 1 False 3 3.6 0 0.0 0 2909000 2909000 29000.0 29010.0 A A N
29 9 1 FO 1423.25 145.01 0 6 1423.2 48.3 1507.0 96.7 1507.0 193.3 1423.2 241.7 1339.5 193.3 1339.5 96.7 1423.2 48.3 0 0 0.698 2.0 0.239 1.0 0.235 1.0 10 1 False 3 3.6 0 5.818 0 2909010 2909010 29000.0 29010.0 A A N
29 9 2 FO 1339.53 290.02 0 6 1339.5 193.3 1423.2 241.7 1423.2 338.4 1339.5 386.7 1255.8 338.4 1255.8 241.7 1339.5 193.3 0 0 0.688 2.0 0.245 1.0 0.239 1.0 12 1 False 3 3.6 0 12.216 0 2909020 2909020 29000.0 29010.0 A A N
29 9 3 FO 1255.81 435.02 0 6 1255.8 338.4 1339.5 386.7 1339.5 483.4 1255.8 531.7 1172.1 483.4 1172.1 386.7 1255.8 338.4 0 0 0.701 2.0 0.251 1.0 0.245 1.0 14 1 False 3 3.6 0 19.106 0 2909030 2909030 29000.0 29010.0 A A E
29 9 4 FO 1172.09 580.03 0 6 1172.1 483.4 1255.8 531.7 1255.8 628.4 1172.1 676.7 1088.4 628.4 1088.4 531.7 1172.1 483.4 0 0 0.707 2.0 0.248 1.0 0.242 1.0 24 0 True 3 3.6 0 26.329 0 2909040 2909040 29001.0 29010.0 B A W
29 9 5 FO 1088.37 725.04 4 6 1088.4 628.4 1172.1 676.7 1172.1 773.4 1088.4 821.7 1004.6 773.4 1004.6 676.7 1088.4 628.4 0 1 0.704 2.0 0.25 1.0 0.243 1.0 22 1 False 3 3.6 0 33.67 0 2909050 2909050 29100.0 29110.0 A A E
29 9 6 FO 1004.64 870.05 4 6 1004.6 773.4 1088.4 821.7 1088.4 918.4 1004.6 966.7 920.9 918.4 920.9 821.7 1004.6 773.4 0 1 0.697 2.0 0.246 1.0 0.24 1.0 16 0 True 3 3.6 0 40.894 0 2909060 2909060 29100.0 29110.0 A A W
29 9 7 FO 920.92 1015.06 4 6 920.9 918.4 1004.6 966.7 1004.6 1063.4 920.9 1111.7 837.2 1063.4 837.2 966.7 920.9 918.4 0 1 0.687 2.0 0.243 1.0 0.238 1.0 18 0 False 3 3.6 0 47.784 0 2909070 2909070 29100.0 29110.0 A A N
29 9 8 FOe 837.2 1160.06 4 6 837.2 1063.4 920.9 1111.7 920.9 1208.4 837.2 1256.7 753.5 1208.4 753.5 1111.7 837.2 1063.4 0 1 0.678 2.0 0.231 1.0 0.228 1.0 20 0 False 3 3.6 0 54.183 0 2909080 2909080 29100.0 29110.0 A A N
29 9 9 aOe 753.48 1305.07 0 4 753.5 1208.4 753.5 1401.7 669.8 1353.4 669.8 1256.7 753.5 1208.4 0.0 0.0 0.0 0.0 1 0 0.665 1.0 0.148 1.0 0.148 1.0 9 1 False 3 3.6 0 60.0 0 2909090 2909090 29200.0 29210.0 A A N
29 9 10 FOe 669.76 1450.08 1 6 669.8 1353.4 753.5 1401.7 753.5 1498.4 669.8 1546.8 586.0 1498.4 586.0 1401.7 669.8 1353.4 1 0 0.655 2.0 0.246 1.0 0.246 1.0 11 1 False 3 3.6 0 65.209 0 2909100 2909100 29200.0 29210.0 A A N
29 9 11 cOe 586.04 1595.09 1 3 669.8 1546.8 502.3 1546.8 586.0 1498.4 669.8 1546.8 0.0 0.0 0.0 0.0 0.0 0.0 1 0 0.641 0.0 0.0 0.0 0.0 0.0 13 1 False 3 3.6 0 69.827 0 2909110 2909110 29200.0 29210.0 A A N
29 10 1 FOe 1590.69 145.01 0 6 1590.7 48.3 1674.4 96.7 1674.4 193.3 1590.7 241.7 1507.0 193.3 1507.0 96.7 1590.7 48.3 0 0 0.665 2.0 0.229 1.0 0.226 1.0 10 1 False 3 3.6 0 5.209 0 2910010 2910010 29000.0 29010.0 A A N
29 10 2 FO 1506.97 290.02 0 6 1507.0 193.3 1590.7 241.7 1590.7 338.4 1507.0 386.7 1423.2 338.4 1423.2 241.7 1507.0 193.3 0 0 0.675 2.0 0.258 1.0 0.258 1.0 12 1 False 3 3.6 0 10.894 0 2910020 2910020 29000.0 29010.0 A A N
29 10 3 FO 1423.25 435.02 0 6 1423.2 338.4 1507.0 386.7 1507.0 483.4 1423.2 531.7 1339.5 483.4 1339.5 386.7 1423.2 338.4 0 0 0.678 2.0 0.23 1.0 0.228 1.0 14 1 False 3 3.6 0 16.996 0 2910030 2910030 29000.0 29010.0 A A N
29 10 4 FO 1339.53 580.03 0 6 1339.5 483.4 1423.2 531.7 1423.2 628.4 1339.5 676.7 1255.8 628.4 1255.8 531.7 1339.5 483.4 0 0 0.683 2.0 0.232 1.0 0.229 1.0 24 1 False 3 3.6 0 23.413 0 2910040 2910040 29001.0 29010.0 B A E
29 10 5 FO 1255.81 725.04 0 6 1255.8 628.4 1339.5 676.7 1339.5 773.4 1255.8 821.7 1172.1 773.4 1172.1 676.7 1255.8 628.4 0 1 0.682 2.0 0.231 1.0 0.229 1.0 22 1 False 3 3.6 0 30.0 0 2910050 2910050 29100.0 29110.0 A A N
29 10 6 FO 1172.09 870.05 4 6 1172.1 773.4 1255.8 821.7 1255.8 918.4 1172.1 966.7 1088.4 918.4 1088.4 821.7 1172.1 773.4 0 1 0.681 2.0 0.231 1.0 0.228 1.0 22 0 True 3 3.6 0 36.587 0 2910060 2910060 29100.0 29110.0 A A W
29 10 7 FO 1088.37 1015.06 4 6 1088.4 918.4 1172.1 966.7 1172.1 1063.4 1088.4 1111.7 1004.6 1063.4 1004.6 966.7 1088.4 918.4 0 1 0.671 2.0 0.23 1.0 0.228 1.0 16 0 False 3 3.6 0 43.004 0 2910070 2910070 29100.0 29110.0 A A N
29 10 8 FO 1004.64 1160.06 4 6 1004.6 1063.4 1088.4 1111.7 1088.4 1208.4 1004.6 1256.7 920.9 1208.4 920.9 1111.7 1004.6 1063.4 0 1 0.667 2.0 0.231 1.0 0.229 1.0 18 0 False 3 3.6 0 49.107 0 2910080 2910080 29100.0 29110.0 A A N
29 10 9 FOe 920.92 1305.07 4 6 920.9 1208.4 1004.6 1256.7 1004.6 1353.4 920.9 1401.7 837.2 1353.4 837.2 1256.7 920.9 1208.4 0 1 0.655 2.0 0.246 1.0 0.246 1.0 20 0 False 3 3.6 0 54.791 0 2910090 2910090 29100.0 29110.0 A A N
29 11 2 cOe 1674.41 290.02 0 3 1674.4 193.3 1590.7 338.4 1590.7 241.7 1674.4 193.3 0.0 0.0 0.0 0.0 0.0 0.0 0 0 0.648 0.0 0.0 0.0 0.0 0.0 12 1 False 3 3.6 0 9.827 0 2911020 2911020 29000.0 29010.0 A A N
29 11 3 aOe 1590.69 435.02 0 4 1590.7 338.4 1590.7 531.7 1507.0 483.4 1507.0 386.7 1590.7 338.4 0.0 0.0 0.0 0.0 0 0 0.654 1.0 0.144 1.0 0.144 1.0 14 1 False 3 3.6 0 15.295 0 2911030 2911030 29000.0 29010.0 A A N
29 11 4 bOe 1506.97 580.03 1 5 1590.7 531.7 1507.0 676.7 1423.2 628.4 1423.2 531.7 1507.0 483.4 1590.7 531.7 0.0 0.0 0 0 0.665 1.0 0.192 1.0 0.192 1.0 24 1 False 3 3.6 0 21.052 0 2911040 2911040 29001.0 29010.0 B A N
29 11 5 bOe 1423.25 725.04 2 5 1507.0 773.4 1339.5 773.4 1339.5 676.7 1423.2 628.4 1507.0 676.7 1507.0 773.4 0.0 0.0 0 0 0.666 1.0 0.192 1.0 0.192 1.0 24 1 False 3 3.6 0 26.995 0 2911050 2911050 29001.0 29010.0 B A N
29 11 6 bOe 1339.53 870.05 0 5 1339.5 773.4 1423.2 918.4 1339.5 966.7 1255.8 918.4 1255.8 821.7 1339.5 773.4 0.0 0.0 0 1 0.67 1.0 0.192 1.0 0.192 1.0 22 0 False 3 3.6 0 33.004 0 2911060 2911060 29100.0 29110.0 A A N
29 11 7 bOe 1255.81 1015.06 1 5 1339.5 966.7 1255.8 1111.7 1172.1 1063.4 1172.1 966.7 1255.8 918.4 1339.5 966.7 0.0 0.0 0 1 0.662 1.0 0.192 1.0 0.192 1.0 22 0 False 3 3.6 0 38.948 0 2911070 2911070 29100.0 29110.0 A A N
29 11 8 aOe 1172.09 1160.06 1 4 1255.8 1111.7 1088.4 1208.4 1088.4 1111.7 1172.1 1063.4 1255.8 1111.7 0.0 0.0 0.0 0.0 0 1 0.651 1.0 0.144 1.0 0.144 1.0 16 0 False 3 3.6 0 44.704 0 2911080 2911080 29100.0 29110.0 A A N
29 11 9 cOe 1088.37 1305.07 0 3 1088.4 1208.4 1004.6 1353.4 1004.6 1256.7 1088.4 1208.4 0.0 0.0 0.0 0.0 0.0 0.0 0 1 0.642 0.0 0.0 0.0 0.0 0.0 18 0 False 3 3.6 0 50.173 0 2911090 2911090 29100.0 29110.0 A A N
30 1 3 FIe -83.72 435.02 2 6 -83.7 338.4 0.0 386.7 -0.0 483.4 -83.8 531.7 -167.4 483.4 -167.5 386.7 -83.7 338.4 1 1 1.017 2.0 0.921 1.0 0.928 1.0 7 0 False 6 7.2 0 100.893 1 3001030 3001031 30300.0 30310.0 A A N
30 1 4 FI -167.44 580.03 2 6 -167.4 483.4 -83.8 531.7 -83.7 628.4 -167.5 676.7 -251.2 628.4 -251.2 531.7 -167.4 483.4 1 1 1.16 2.0 1.16 2.0 1.168 2.0 7 0 False 6 7.2 0 106.102 1 3001040 3001041 30300.0 30310.0 A A N
30 1 5 FI -251.16 725.04 2 6 -251.2 628.4 -167.5 676.7 -167.5 773.3 -251.2 821.7 -334.9 773.4 -334.9 676.7 -251.2 628.4 1 1 0.924 2.0 0.856 1.0 0.857 1.0 7 0 True 6 7.2 0 109.107 1 3001050 3001051 30300.0 30310.0 A A N
30 1 6 FO -334.88 870.05 5 6 -334.9 773.4 -251.2 821.7 -251.1 918.4 -334.9 966.8 -418.6 918.3 -418.6 821.7 -334.9 773.4 1 1 0.827 2.0 0.443 1.0 0.399 1.0 21 1 False 3 3.6 0 111.052 0 3001060 3001060 30300.0 30310.0 A A N
30 1 7 FO -418.61 1015.05 5 6 -418.6 918.3 -334.9 966.8 -334.9 1063.4 -418.6 1111.8 -502.3 1063.4 -502.4 966.7 -418.6 918.3 1 1 0.747 2.0 0.311 1.0 0.287 1.0 21 1 False 3 3.6 0 112.411 0 3001070 3001070 30300.0 30310.0 A A E
30 1 8 FO -502.33 1160.06 5 6 -502.3 1063.4 -418.6 1111.8 -418.6 1208.4 -502.3 1256.7 -586.0 1208.4 -586.0 1111.8 -502.3 1063.4 1 1 0.715 2.0 0.261 1.0 0.25 1.0 21 0 True 3 3.6 0 113.414 0 3001080 3001080 30300.0 30310.0 A A W
30 1 9 FOe -586.04 1305.07 5 6 -586.0 1208.4 -502.3 1256.7 -502.3 1353.4 -586.1 1401.7 -669.7 1353.4 -669.8 1256.8 -586.0 1208.4 1 1 0.693 2.0 0.245 1.0 0.24 1.0 21 0 False 3 3.6 0 114.182 0 3001090 3001090 30300.0 30310.0 A A N
30 1 10 FOe -669.76 1450.08 5 6 -669.7 1353.4 -586.1 1401.7 -586.0 1498.4 -669.8 1546.7 -753.5 1498.4 -753.5 1401.7 -669.7 1353.4 1 1 0.671 2.0 0.229 1.0 0.227 1.0 21 0 False 3 3.6 0 114.791 0 3001100 3001100 30300.0 30310.0 A A N
30 2 0 aIe 334.88 -0.0 3 4 353.3 86.1 353.3 -86.1 418.6 -48.4 418.7 48.3 353.3 86.1 0.0 0.0 0.0 0.0 0 0 0.0 0.0 0.216 1.0 0.216 1.0 0 0 False 6 7.2 0 -0.0 1 3002000 3002001 30000.0 30010.0 A A N
30 2 2 aIe 167.44 290.01 4 4 102.1 349.0 251.2 262.9 251.1 338.4 167.5 386.7 102.1 349.0 0.0 0.0 0.0 0.0 1 0 0.759 1.0 0.408 1.0 0.408 1.0 1 0 False 6 7.2 0 60.0 1 3002020 3002021 30200.0 30210.0 A A N
30 2 3 FIe 83.72 435.02 1 6 83.7 338.4 167.5 386.7 167.4 483.4 83.7 531.7 -0.0 483.4 0.0 386.7 83.7 338.4 1 0 1.004 2.0 0.915 1.0 0.923 1.0 1 0 False 6 7.2 0 79.107 1 3002030 3002031 30200.0 30210.0 A A N
30 2 4 FI -0.0 580.03 2 6 -0.0 483.4 83.7 531.7 83.7 628.3 -0.1 676.7 -83.7 628.4 -83.8 531.7 -0.0 483.4 1 1 1.255 2.0 1.254 2.0 1.265 2.0 5 0 False 6 7.2 0 90.0 1 3002040 3002041 30300.0 30310.0 A A N
30 2 5 FI -83.72 725.04 2 6 -83.7 628.4 -0.1 676.7 0.0 773.4 -83.7 821.8 -167.5 773.3 -167.5 676.7 -83.7 628.4 1 1 0.97 2.0 0.923 1.0 0.921 1.0 5 0 True 6 7.2 0 96.587 1 3002050 3002051 30300.0 30310.0 A A N
30 2 6 FM -167.44 870.04 5 6 -167.5 773.3 -83.7 821.8 -83.7 918.4 -167.5 966.8 -251.1 918.4 -251.2 821.7 -167.5 773.3 1 1 0.851 2.0 0.482 1.0 0.438 1.0 19 1 False 3 3.6 0 100.893 0 3002060 3002060 30300.0 30310.0 A A N
30 2 7 FO -251.16 1015.05 5 6 -251.1 918.4 -167.5 966.8 -167.4 1063.4 -251.2 1111.7 -334.9 1063.4 -334.9 966.8 -251.1 918.4 1 1 0.774 2.0 0.348 1.0 0.315 1.0 19 1 False 3 3.6 0 103.898 0 3002070 3002070 30300.0 30310.0 A A N
30 2 8 FO -334.89 1160.06 5 6 -334.9 1063.4 -251.2 1111.7 -251.2 1208.4 -334.9 1256.7 -418.6 1208.4 -418.6 1111.8 -334.9 1063.4 1 1 0.732 2.0 0.28 1.0 0.265 1.0 19 1 False 3 3.6 0 106.103 0 3002080 3002080 30300.0 30310.0 A A E
30 2 9 FO -418.61 1305.07 5 6 -418.6 1208.4 -334.9 1256.7 -334.9 1353.4 -418.6 1401.7 -502.3 1353.4 -502.3 1256.7 -418.6 1208.4 1 1 0.698 2.0 0.251 1.0 0.243 1.0 19 0 True 3 3.6 0 107.784 0 3002090 3002090 30300.0 30310.0 A A W
30 2 10 FO -502.32 1450.07 5 6 -502.3 1353.4 -418.6 1401.7 -418.6 1498.4 -502.3 1546.8 -586.0 1498.4 -586.1 1401.7 -502.3 1353.4 1 1 0.683 2.0 0.237 1.0 0.234 1.0 19 0 False 3 3.6 0 109.107 0 3002100 3002100 30300.0 30310.0 A A N
30 2 11 aOe -586.04 1595.09 2 4 -502.3 1643.4 -669.8 1546.7 -586.0 1498.4 -502.3 1546.8 -502.3 1643.4 0.0 0.0 0.0 0.0 1 1 0.664 1.0 0.15 1.0 0.15 1.0 19 0 False 3 3.6 0 110.173 0 3002110 3002110 30300.0 30310.0 A A N
30 3 0 FI 502.32 0.0 0 6 502.3 -96.7 586.1 -48.3 586.1 48.3 502.3 96.7 418.7 48.3 418.6 -48.4 502.3 -96.7 0 0 0.0 2.0 0.36 1.0 0.36 1.0 0 0 False 6 7.2 0 0.0 1 3003000 3003001 30000.0 30010.0 A A N
30 3 1 FIe 418.6 145.0 0 6 418.7 48.3 502.3 96.7 502.4 193.3 418.6 241.7 334.9 193.4 334.9 96.7 418.7 48.3 0 0 1.184 2.0 1.185 2.0 1.194 2.0 0 0 False 6 7.2 0 19.106 1 3003010 3003011 30000.0 30010.0 A A N
30 3 2 FIe 334.88 290.01 1 6 334.9 193.4 418.6 241.7 418.6 338.4 334.9 386.7 251.1 338.4 251.2 241.7 334.9 193.4 0 1 1.15 2.0 1.04 2.0 1.055 2.0 6 0 False 6 7.2 0 40.893 1 3003020 3003021 30100.0 30110.0 A A N
30 3 3 FI 251.16 435.02 1 6 251.1 338.4 334.9 386.7 334.8 483.3 251.2 531.6 167.4 483.4 167.5 386.7 251.1 338.4 1 0 1.174 2.0 1.174 2.0 1.184 2.0 1 0 False 6 7.2 0 60.0 1 3003030 3003031 30200.0 30210.0 A A N
30 3 4 FI 167.44 580.03 1 6 167.4 483.4 251.2 531.6 251.2 628.4 167.5 676.7 83.7 628.3 83.7 531.7 167.4 483.4 1 0 1.191 2.0 1.16 2.0 1.166 2.0 3 0 False 6 7.2 0 73.898 1 3003040 3003041 30200.0 30210.0 A A N
30 3 5 FI 83.72 725.04 1 6 83.7 628.3 167.5 676.7 167.4 773.4 83.7 821.8 0.0 773.4 -0.1 676.7 83.7 628.3 1 0 0.969 2.0 0.929 1.0 0.927 1.0 3 0 False 6 7.2 0 83.413 1 3003050 3003051 30200.0 30210.0 A A N
30 3 6 FM 0.0 870.04 5 6 0.0 773.4 83.7 821.8 83.7 918.4 -0.0 966.7 -83.7 918.4 -83.7 821.8 0.0 773.4 1 1 0.854 2.0 0.495 1.0 0.451 1.0 17 1 False 3 3.6 0 90.0 0 3003060 3003060 30300.0 30310.0 A A N
30 3 7 FO -83.72 1015.05 5 6 -83.7 918.4 -0.0 966.7 -0.0 1063.4 -83.8 1111.7 -167.4 1063.4 -167.5 966.8 -83.7 918.4 1 1 0.775 2.0 0.375 1.0 0.337 1.0 17 1 False 3 3.6 0 94.715 0 3003070 3003070 30300.0 30310.0 A A N
30 3 8 FO -167.44 1160.06 5 6 -167.4 1063.4 -83.8 1111.7 -83.7 1208.4 -167.5 1256.7 -251.2 1208.4 -251.2 1111.7 -167.4 1063.4 1 1 0.745 2.0 0.288 1.0 0.271 1.0 17 1 False 3 3.6 0 98.213 0 3003080 3003080 30300.0 30310.0 A A E
30 3 9 FO -251.17 1305.07 5 6 -251.2 1208.4 -167.5 1256.7 -167.4 1353.4 -251.2 1401.8 -334.9 1353.4 -334.9 1256.7 -251.2 1208.4 1 1 0.711 2.0 0.258 1.0 0.249 1.0 17 0 True 3 3.6 0 100.894 0 3003090 3003090 30300.0 30310.0 A A W
30 3 10 FO -334.88 1450.09 5 6 -334.9 1353.4 -251.2 1401.8 -251.1 1498.4 -334.9 1546.8 -418.6 1498.4 -418.6 1401.7 -334.9 1353.4 1 1 0.69 2.0 0.241 1.0 0.236 1.0 17 0 False 3 3.6 0 103.004 0 3003100 3003100 30300.0 30310.0 A A N
30 3 11 bOe -418.6 1595.09 2 5 -334.9 1643.4 -502.3 1643.4 -502.3 1546.8 -418.6 1498.4 -334.9 1546.8 -334.9 1643.4 0.0 0.0 1 1 0.67 1.0 0.203 1.0 0.203 1.0 17 0 False 3 3.6 0 104.705 0 3003110 3003110 30300.0 30310.0 A A N
30 4 0 FI 669.76 -0.0 0 6 669.8 -96.7 753.5 -48.3 753.5 48.3 669.8 96.7 586.1 48.3 586.1 -48.3 669.8 -96.7 0 0 0.0 2.0 0.36 1.0 0.36 1.0 0 0 True 6 7.2 0 -0.0 1 3004000 3004001 30000.0 30010.0 A A N
30 4 1 FI 586.04 145.01 0 6 586.1 48.3 669.8 96.7 669.8 193.3 586.0 241.7 502.4 193.3 502.3 96.7 586.1 48.3 0 0 1.037 2.0 0.995 2.0 0.994 2.0 2 0 False 6 7.2 0 13.898 1 3004010 3004011 30000.0 30010.0 A A N
30 4 2 FI 502.32 290.01 1 6 502.4 193.3 586.0 241.7 586.1 338.3 502.3 386.6 418.6 338.4 418.6 241.7 502.4 193.3 0 1 1.13 2.0 1.127 2.0 1.132 2.0 4 0 False 6 7.2 0 30.0 1 3004020 3004021 30100.0 30110.0 A A N
30 4 3 FI 418.6 435.02 1 6 418.6 338.4 502.3 386.6 502.3 483.4 418.6 531.7 334.8 483.3 334.9 386.7 418.6 338.4 0 1 1.113 2.0 1.125 2.0 1.128 2.0 6 0 False 6 7.2 0 46.102 1 3004030 3004031 30100.0 30110.0 A A N
30 4 4 FI 334.88 580.03 1 6 334.8 483.3 418.6 531.7 418.6 628.4 334.9 676.7 251.2 628.4 251.2 531.6 334.8 483.3 1 0 1.044 2.0 0.99 2.0 0.99 2.0 1 0 True 6 7.2 0 60.0 1 3004040 3004041 30200.0 30210.0 A A N
30 4 5 FI 251.16 725.04 1 6 251.2 628.4 334.9 676.7 334.9 773.4 251.2 821.7 167.4 773.4 167.5 676.7 251.2 628.4 1 0 0.924 2.0 0.866 1.0 0.867 1.0 3 0 True 6 7.2 0 70.893 1 3004050 3004051 30200.0 30210.0 A A N
30 4 6 FM 167.44 870.05 1 6 167.4 773.4 251.2 821.7 251.1 918.4 167.4 966.7 83.7 918.4 83.7 821.8 167.4 773.4 1 0 0.822 2.0 0.482 1.0 0.439 1.0 13 0 False 3 3.6 0 79.107 0 3004060 3004060 30200.0 30210.0 A A N
30 4 7 FO 83.72 1015.05 1 6 83.7 918.4 167.4 966.7 167.4 1063.4 83.7 1111.7 -0.0 1063.4 -0.0 966.7 83.7 918.4 1 0 0.787 2.0 0.376 1.0 0.34 1.0 15 0 False 3 3.6 0 85.285 0 3004070 3004070 30200.0 30210.0 A A N
30 4 8 FO -0.0 1160.06 5 6 -0.0 1063.4 83.7 1111.7 83.7 1208.4 -0.0 1256.8 -83.7 1208.4 -83.8 1111.7 -0.0 1063.4 1 1 0.755 2.0 0.294 1.0 0.275 1.0 25 1 False 3 3.6 0 90.0 0 3004080 3004080 30300.0 30310.0 A A N
30 4 9 FO -83.72 1305.08 5 6 -83.7 1208.4 -0.0 1256.8 0.0 1353.4 -83.7 1401.8 -167.4 1353.4 -167.5 1256.7 -83.7 1208.4 1 1 0.711 2.0 0.262 1.0 0.252 1.0 25 1 False 3 3.6 0 93.67 0 3004090 3004090 30300.0 30310.0 A A E
30 4 10 FO -167.44 1450.08 5 6 -167.4 1353.4 -83.7 1401.8 -83.7 1498.4 -167.5 1546.8 -251.1 1498.4 -251.2 1401.8 -167.4 1353.4 1 1 0.694 2.0 0.243 1.0 0.238 1.0 25 0 True 3 3.6 0 96.587 0 3004100 3004100 30300.0 30310.0 A A W
30 4 11 FOe -251.16 1595.09 5 6 -251.1 1498.4 -167.5 1546.8 -167.4 1643.4 -251.2 1691.7 -334.9 1643.4 -334.9 1546.8 -251.1 1498.4 1 1 0.671 2.0 0.259 1.0 0.259 1.0 25 0 False 3 3.6 0 98.948 0 3004110 3004110 30300.0 30310.0 A A N
30 5 0 FM 837.2 -0.0 0 6 837.2 -96.7 920.9 -48.3 920.9 48.3 837.2 96.7 753.5 48.3 753.5 -48.3 837.2 -96.7 0 0 0.0 2.0 0.216 1.0 0.216 1.0 8 0 False 3 3.6 0 -0.0 0 3005000 3005000 30000.0 30010.0 A A N
30 5 1 FI 753.48 145.01 0 6 753.5 48.3 837.2 96.7 837.2 193.3 753.5 241.6 669.8 193.3 669.8 96.7 753.5 48.3 0 0 0.868 2.0 0.741 1.0 0.746 1.0 2 0 True 6 7.2 0 10.894 1 3005010 3005011 30000.0 30010.0 A A N
30 5 2 FI 669.76 290.02 0 6 669.8 193.3 753.5 241.6 753.5 338.4 669.8 386.7 586.1 338.3 586.0 241.7 669.8 193.3 0 0 0.92 2.0 0.839 1.0 0.841 1.0 2 0 False 6 7.2 0 23.414 1 3005020 3005021 30000.0 30010.0 A A N
30 5 3 FI 586.04 435.02 1 6 586.1 338.3 669.8 386.7 669.8 483.4 586.1 531.7 502.3 483.4 502.3 386.6 586.1 338.3 0 1 0.934 2.0 0.855 1.0 0.856 1.0 4 0 True 6 7.2 0 36.587 1 3005030 3005031 30100.0 30110.0 A A N
30 5 4 FI 502.32 580.03 1 6 502.3 483.4 586.1 531.7 586.0 628.4 502.3 676.7 418.6 628.4 418.6 531.7 502.3 483.4 0 1 0.902 2.0 0.831 1.0 0.833 1.0 6 0 True 6 7.2 0 49.107 1 3005040 3005041 30100.0 30110.0 A A N
30 5 5 FM 418.6 725.04 1 6 418.6 628.4 502.3 676.7 502.3 773.4 418.6 821.7 334.9 773.4 334.9 676.7 418.6 628.4 1 0 0.85 2.0 0.512 1.0 0.463 1.0 9 0 False 3 3.6 0 60.0 0 3005050 3005050 30200.0 30210.0 A A N
30 5 6 FO 334.88 870.05 1 6 334.9 773.4 418.6 821.7 418.6 918.4 334.9 966.7 251.1 918.4 251.2 821.7 334.9 773.4 1 0 0.82 2.0 0.438 1.0 0.396 1.0 11 0 False 3 3.6 0 68.948 0 3005060 3005060 30200.0 30210.0 A A N
30 5 7 FO 251.16 1015.05 1 6 251.1 918.4 334.9 966.7 334.9 1063.4 251.1 1111.8 167.4 1063.4 167.4 966.7 251.1 918.4 1 0 0.79 2.0 0.353 1.0 0.32 1.0 13 0 False 3 3.6 0 76.102 0 3005070 3005070 30200.0 30210.0 A A N
30 5 8 FO 167.45 1160.07 1 6 167.4 1063.4 251.1 1111.8 251.2 1208.4 167.4 1256.8 83.7 1208.4 83.7 1111.7 167.4 1063.4 1 0 0.749 2.0 0.288 1.0 0.271 1.0 15 0 True 3 3.6 0 81.786 0 3005080 3005080 30200.0 30210.0 A A W
30 5 9 FO 83.72 1305.07 1 6 83.7 1208.4 167.4 1256.8 167.4 1353.4 83.7 1401.8 0.0 1353.4 -0.0 1256.8 83.7 1208.4 1 0 0.714 2.0 0.256 1.0 0.248 1.0 23 0 True 3 3.6 0 86.33 0 3005090 3005090 30201.0 30210.0 B A W
30 5 10 FO 0.0 1450.08 1 6 0.0 1353.4 83.7 1401.8 83.7 1498.4 -0.0 1546.7 -83.7 1498.4 -83.7 1401.8 0.0 1353.4 1 1 0.687 2.0 0.243 1.0 0.238 1.0 25 1 False 3 3.6 0 90.0 0 3005100 3005100 30300.0 30310.0 A A N
30 5 11 bOe -83.72 1595.09 1 5 -0.0 1546.7 -83.8 1691.7 -167.4 1643.4 -167.5 1546.8 -83.7 1498.4 -0.0 1546.7 0.0 0.0 1 1 0.674 1.0 0.207 1.0 0.207 1.0 25 0 False 3 3.6 0 93.004 0 3005110 3005110 30300.0 30310.0 A A N
30 5 12 cOe -167.44 1740.1 1 3 -83.8 1691.7 -251.2 1691.7 -167.4 1643.4 -83.8 1691.7 0.0 0.0 0.0 0.0 0.0 0.0 1 1 0.66 0.0 0.0 0.0 0.0 0.0 25 0 False 3 3.6 0 95.496 0 3005120 3005120 30300.0 30310.0 A A N
30 6 0 FO 1004.65 -0.0 0 6 1004.7 -96.7 1088.3 -48.3 1088.4 48.3 1004.6 96.6 920.9 48.3 920.9 -48.3 1004.7 -96.7 0 0 0.0 2.0 0.216 1.0 0.216 1.0 8 0 True 3 3.6 0 -0.0 0 3006000 3006000 30000.0 30010.0 A A W
30 6 1 FO 920.92 145.01 0 6 920.9 48.3 1004.6 96.6 1004.7 193.4 920.9 241.7 837.2 193.3 837.2 96.7 920.9 48.3 0 0 0.783 2.0 0.374 1.0 0.338 1.0 10 0 False 3 3.6 0 8.948 0 3006010 3006010 30000.0 30010.0 A A N
30 6 2 FM 837.2 290.01 0 6 837.2 193.3 920.9 241.7 921.0 338.4 837.2 386.7 753.5 338.4 753.5 241.6 837.2 193.3 0 0 0.803 2.0 0.424 1.0 0.382 1.0 12 0 False 3 3.6 0 19.106 0 3006020 3006020 30000.0 30010.0 A A N
30 6 3 FM 753.48 435.02 4 6 753.5 338.4 837.2 386.7 837.2 483.3 753.5 531.7 669.8 483.4 669.8 386.7 753.5 338.4 0 1 0.827 2.0 0.447 1.0 0.402 1.0 16 1 False 3 3.6 0 30.0 0 3006030 3006030 30100.0 30110.0 A A N
30 6 4 FM 669.76 580.03 4 6 669.8 483.4 753.5 531.7 753.5 628.3 669.8 676.7 586.0 628.4 586.1 531.7 669.8 483.4 0 1 0.818 2.0 0.448 1.0 0.404 1.0 18 1 False 3 3.6 0 40.893 0 3006040 3006040 30100.0 30110.0 A A N
30 6 5 FO 586.04 725.04 4 6 586.0 628.4 669.8 676.7 669.7 773.4 586.0 821.7 502.3 773.4 502.3 676.7 586.0 628.4 0 1 0.816 2.0 0.419 1.0 0.379 1.0 20 1 False 3 3.6 0 51.052 0 3006050 3006050 30100.0 30110.0 A A N
30 6 6 FO 502.32 870.04 1 6 502.3 773.4 586.0 821.7 586.0 918.4 502.4 966.7 418.6 918.4 418.6 821.7 502.3 773.4 1 0 0.793 2.0 0.375 1.0 0.338 1.0 9 0 True 3 3.6 0 60.0 0 3006060 3006060 30200.0 30210.0 A A W
30 6 7 FO 418.6 1015.06 1 6 418.6 918.4 502.4 966.7 502.3 1063.4 418.6 1111.7 334.9 1063.4 334.9 966.7 418.6 918.4 1 0 0.765 2.0 0.313 1.0 0.29 1.0 11 0 True 3 3.6 0 67.589 0 3006070 3006070 30200.0 30210.0 A A W
30 6 8 FO 334.88 1160.07 1 6 334.9 1063.4 418.6 1111.7 418.6 1208.4 334.8 1256.8 251.2 1208.4 251.1 1111.8 334.9 1063.4 1 0 0.734 2.0 0.284 1.0 0.268 1.0 13 0 True 3 3.6 0 73.898 0 3006080 3006080 30200.0 30210.0 A A W
30 6 9 FO 251.17 1305.07 1 6 251.2 1208.4 334.8 1256.8 334.9 1353.4 251.1 1401.7 167.4 1353.4 167.4 1256.8 251.2 1208.4 1 0 0.709 2.0 0.26 1.0 0.251 1.0 15 1 False 3 3.6 0 79.106 0 3006090 3006090 30200.0 30210.0 A A E
30 6 10 FO 167.44 1450.08 1 6 167.4 1353.4 251.1 1401.7 251.1 1498.4 167.4 1546.7 83.7 1498.4 83.7 1401.8 167.4 1353.4 1 0 0.688 2.0 0.243 1.0 0.238 1.0 23 1 False 3 3.6 0 83.413 0 3006100 3006100 30201.0 30210.0 B A E
30 6 11 bOe 83.72 1595.09 3 5 83.7 1691.8 -0.0 1546.7 83.7 1498.4 167.4 1546.7 167.5 1643.5 83.7 1691.8 0.0 0.0 1 0 0.669 1.0 0.207 1.0 0.207 1.0 23 1 False 3 3.6 0 86.996 0 3006110 3006110 30201.0 30210.0 B A N
30 7 0 FO 1172.09 -0.0 0 6 1172.1 -96.7 1255.8 -48.4 1255.8 48.4 1172.1 96.7 1088.4 48.3 1088.3 -48.3 1172.1 -96.7 0 0 0.0 2.0 0.216 1.0 0.216 1.0 8 1 False 3 3.6 0 -0.0 0 3007000 3007000 30000.0 30010.0 A A E
30 7 1 FO 1088.37 145.0 0 6 1088.4 48.3 1172.1 96.7 1172.1 193.4 1088.4 241.7 1004.7 193.4 1004.6 96.6 1088.4 48.3 0 0 0.74 2.0 0.287 1.0 0.271 1.0 10 0 True 3 3.6 0 7.589 0 3007010 3007010 30000.0 30010.0 A A W
30 7 2 FO 1004.64 290.01 0 6 1004.7 193.4 1088.4 241.7 1088.4 338.3 1004.6 386.7 921.0 338.4 920.9 241.7 1004.7 193.4 0 0 0.755 2.0 0.311 1.0 0.288 1.0 12 0 False 3 3.6 0 16.102 0 3007020 3007020 30000.0 30010.0 A A N
30 7 3 FO 920.92 435.02 0 6 921.0 338.4 1004.6 386.7 1004.7 483.3 920.9 531.7 837.2 483.3 837.2 386.7 921.0 338.4 0 0 0.766 2.0 0.328 1.0 0.301 1.0 14 0 False 3 3.6 0 25.285 0 3007030 3007030 30000.0 30010.0 A A N
30 7 4 FO 837.2 580.03 4 6 837.2 483.3 920.9 531.7 920.9 628.3 837.2 676.7 753.5 628.3 753.5 531.7 837.2 483.3 0 1 0.777 2.0 0.336 1.0 0.307 1.0 16 1 False 3 3.6 0 34.715 0 3007040 3007040 30100.0 30110.0 A A N
30 7 5 FO 753.48 725.03 4 6 753.5 628.3 837.2 676.7 837.3 773.4 753.5 821.7 669.7 773.4 669.8 676.7 753.5 628.3 0 1 0.786 2.0 0.334 1.0 0.305 1.0 18 1 False 3 3.6 0 43.898 0 3007050 3007050 30100.0 30110.0 A A N
30 7 6 FO 669.77 870.05 4 6 669.7 773.4 753.5 821.7 753.5 918.4 669.8 966.7 586.0 918.4 586.0 821.7 669.7 773.4 0 1 0.768 2.0 0.31 1.0 0.288 1.0 20 1 False 3 3.6 0 52.411 0 3007060 3007060 30100.0 30110.0 A A E
30 7 7 FO 586.04 1015.06 1 6 586.0 918.4 669.8 966.7 669.7 1063.4 586.1 1111.7 502.3 1063.4 502.4 966.7 586.0 918.4 1 0 0.753 2.0 0.291 1.0 0.273 1.0 9 1 False 3 3.6 0 60.0 0 3007070 3007070 30200.0 30210.0 A A E
30 7 8 FO 502.32 1160.07 1 6 502.3 1063.4 586.1 1111.7 586.0 1208.4 502.3 1256.7 418.6 1208.4 418.6 1111.7 502.3 1063.4 1 0 0.717 2.0 0.267 1.0 0.256 1.0 11 1 False 3 3.6 0 66.587 0 3007080 3007080 30200.0 30210.0 A A E
30 7 9 FO 418.6 1305.08 1 6 418.6 1208.4 502.3 1256.7 502.3 1353.4 418.5 1401.7 334.9 1353.4 334.8 1256.8 418.6 1208.4 1 0 0.699 2.0 0.249 1.0 0.242 1.0 13 1 False 3 3.6 0 72.217 0 3007090 3007090 30200.0 30210.0 A A E
30 7 10 FO 334.89 1450.08 1 6 334.9 1353.4 418.5 1401.7 418.6 1498.5 334.9 1546.8 251.1 1498.4 251.1 1401.7 334.9 1353.4 1 0 0.686 2.0 0.239 1.0 0.236 1.0 15 1 False 3 3.6 0 76.996 0 3007100 3007100 30200.0 30210.0 A A N
30 7 11 FOe 251.16 1595.09 1 6 251.1 1498.4 334.9 1546.8 334.9 1643.4 251.1 1691.8 167.5 1643.5 167.4 1546.7 251.1 1498.4 1 0 0.677 2.0 0.257 1.0 0.257 1.0 23 1 False 3 3.6 0 81.052 0 3007110 3007110 30201.0 30210.0 B A N
30 7 12 cOe 167.44 1740.1 1 3 251.1 1691.8 83.7 1691.8 167.5 1643.5 251.1 1691.8 0.0 0.0 0.0 0.0 0.0 0.0 1 0 0.665 0.0 0.0 0.0 0.0 0.0 23 1 False 3 3.6 0 84.504 0 3007120 3007120 30201.0 30210.0 B A N
30 8 0 FO 1339.52 -0.0 0 6 1339.5 -96.7 1423.2 -48.3 1423.3 48.4 1339.5 96.7 1255.8 48.4 1255.8 -48.4 1339.5 -96.7 0 0 0.0 2.0 0.216 1.0 0.216 1.0 8 1 False 3 3.6 0 -0.0 0 3008000 3008000 30000.0 30010.0 A A N
30 8 1 FO 1255.81 145.0 0 6 1255.8 48.4 1339.5 96.7 1339.5 193.3 1255.8 241.7 1172.1 193.4 1172.1 96.7 1255.8 48.4 0 0 0.703 2.0 0.25 1.0 0.243 1.0 10 1 False 3 3.6 0 6.586 0 3008010 3008010 30000.0 30010.0 A A E
30 8 2 FO 1172.09 290.01 0 6 1172.1 193.4 1255.8 241.7 1255.8 338.3 1172.1 386.7 1088.4 338.3 1088.4 241.7 1172.1 193.4 0 0 0.714 2.0 0.26 1.0 0.251 1.0 12 0 True 3 3.6 0 13.898 0 3008020 3008020 30000.0 30010.0 A A W
30 8 3 FO 1088.36 435.02 0 6 1088.4 338.3 1172.1 386.7 1172.1 483.3 1088.3 531.7 1004.7 483.3 1004.6 386.7 1088.4 338.3 0 0 0.723 2.0 0.272 1.0 0.259 1.0 14 0 True 3 3.6 0 21.787 0 3008030 3008030 30000.0 30010.0 A A W
30 8 4 FO 1004.64 580.03 4 6 1004.7 483.3 1088.3 531.7 1088.4 628.4 1004.7 676.7 920.9 628.3 920.9 531.7 1004.7 483.3 0 1 0.732 2.0 0.282 1.0 0.268 1.0 24 1 False 3 3.6 0 30.0 0 3008040 3008040 30100.0 30110.0 A A N
30 8 5 FO 920.92 725.05 4 6 920.9 628.3 1004.7 676.7 1004.7 773.4 920.9 821.7 837.3 773.4 837.2 676.7 920.9 628.3 0 1 0.727 2.0 0.28 1.0 0.264 1.0 16 1 False 3 3.6 0 38.214 0 3008050 3008050 30100.0 30110.0 A A E
30 8 6 FO 837.21 870.05 4 6 837.3 773.4 920.9 821.7 921.0 918.4 837.2 966.7 753.5 918.4 753.5 821.7 837.3 773.4 0 1 0.737 2.0 0.273 1.0 0.26 1.0 18 1 False 3 3.6 0 46.102 0 3008060 3008060 30100.0 30110.0 A A E
30 8 7 FO 753.49 1015.06 4 6 753.5 918.4 837.2 966.7 837.2 1063.4 753.5 1111.7 669.7 1063.4 669.8 966.7 753.5 918.4 0 1 0.712 2.0 0.262 1.0 0.252 1.0 20 0 True 3 3.6 0 53.413 0 3008070 3008070 30100.0 30110.0 A A W
30 8 8 FO 669.76 1160.07 1 6 669.7 1063.4 753.5 1111.7 753.4 1208.4 669.8 1256.7 586.0 1208.4 586.1 1111.7 669.7 1063.4 1 0 0.693 2.0 0.257 1.0 0.249 1.0 9 1 False 3 3.6 0 60.0 0 3008080 3008080 30200.0 30210.0 A A N
30 8 9 FO 586.04 1305.08 1 6 586.0 1208.4 669.8 1256.7 669.8 1353.5 586.1 1401.8 502.3 1353.4 502.3 1256.7 586.0 1208.4 1 0 0.696 2.0 0.244 1.0 0.239 1.0 11 1 False 3 3.6 0 65.818 0 3008090 3008090 30200.0 30210.0 A A N
30 8 10 FO 502.32 1450.08 1 6 502.3 1353.4 586.1 1401.8 586.0 1498.4 502.3 1546.8 418.6 1498.5 418.5 1401.7 502.3 1353.4 1 0 0.675 2.0 0.236 1.0 0.232 1.0 13 1 False 3 3.6 0 70.893 0 3008100 3008100 30200.0 30210.0 A A N
30 8 11 bOe 418.61 1595.09 2 5 502.3 1643.4 334.9 1643.4 334.9 1546.8 418.6 1498.5 502.3 1546.8 502.3 1643.4 0.0 0.0 1 0 0.671 1.0 0.202 1.0 0.202 1.0 15 1 False 3 3.6 0 75.295 0 3008110 3008110 30200.0 30210.0 A A N
30 9 0 aOe 1506.96 -0.0 5 4 1423.2 -48.3 1590.7 48.3 1506.9 96.7 1423.3 48.4 1423.2 -48.3 0.0 0.0 0.0 0.0 0 0 0.0 0.0 0.144 1.0 0.144 1.0 8 1 False 3 3.6 0 -0.0 0 3009000 3009000 30000.0 30010.0 A A N
30 9 1 FO 1423.24 145.01 0 6 1423.3 48.4 1506.9 96.7 1507.0 193.3 1423.2 241.7 1339.5 193.3 1339.5 96.7 1423.3 48.4 0 0 0.68 2.0 0.232 1.0 0.229 1.0 10 1 False 3 3.6 0 5.818 0 3009010 3009010 30000.0 30010.0 A A N
30 9 2 FO 1339.53 290.01 0 6 1339.5 193.3 1423.2 241.7 1423.2 338.3 1339.5 386.7 1255.8 338.3 1255.8 241.7 1339.5 193.3 0 0 0.69 2.0 0.241 1.0 0.237 1.0 12 1 False 3 3.6 0 12.216 0 3009020 3009020 30000.0 30010.0 A A E
30 9 3 FO 1255.81 435.02 0 6 1255.8 338.3 1339.5 386.7 1339.6 483.4 1255.8 531.7 1172.1 483.3 1172.1 386.7 1255.8 338.3 0 0 0.691 2.0 0.248 1.0 0.242 1.0 14 1 False 3 3.6 0 19.106 0 3009030 3009030 30000.0 30010.0 A A E
30 9 4 FO 1172.09 580.04 0 6 1172.1 483.3 1255.8 531.7 1255.8 628.4 1172.1 676.7 1088.4 628.4 1088.3 531.7 1172.1 483.3 0 0 0.702 2.0 0.25 1.0 0.243 1.0 22 0 True 3 3.6 0 26.33 0 3009040 3009040 30001.0 30010.0 B A W
30 9 5 FO 1088.37 725.04 4 6 1088.4 628.4 1172.1 676.7 1172.1 773.4 1088.4 821.7 1004.7 773.4 1004.7 676.7 1088.4 628.4 0 1 0.698 2.0 0.253 1.0 0.245 1.0 24 1 False 3 3.6 0 33.67 0 3009050 3009050 30100.0 30110.0 A A E
30 9 6 FO 1004.64 870.05 4 6 1004.7 773.4 1088.4 821.7 1088.4 918.3 1004.6 966.7 921.0 918.4 920.9 821.7 1004.7 773.4 0 1 0.706 2.0 0.255 1.0 0.247 1.0 16 0 True 3 3.6 0 40.894 0 3009060 3009060 30100.0 30110.0 A A W
30 9 7 FO 920.93 1015.06 4 6 921.0 918.4 1004.6 966.7 1004.7 1063.3 920.9 1111.7 837.2 1063.4 837.2 966.7 921.0 918.4 0 1 0.687 2.0 0.251 1.0 0.244 1.0 18 0 True 3 3.6 0 47.784 0 3009070 3009070 30100.0 30110.0 A A W
30 9 8 FOe 837.21 1160.07 4 6 837.2 1063.4 920.9 1111.7 920.9 1208.5 837.2 1256.8 753.4 1208.4 753.5 1111.7 837.2 1063.4 0 1 0.689 2.0 0.242 1.0 0.236 1.0 20 0 False 3 3.6 0 54.182 0 3009080 3009080 30100.0 30110.0 A A N
30 9 9 aOe 753.48 1305.07 0 4 753.4 1208.4 753.5 1401.7 669.8 1353.5 669.8 1256.7 753.4 1208.4 0.0 0.0 0.0 0.0 1 0 0.671 1.0 0.157 1.0 0.157 1.0 9 1 False 3 3.6 0 60.0 0 3009090 3009090 30200.0 30210.0 A A N
30 9 10 FOe 669.76 1450.08 1 6 669.8 1353.5 753.5 1401.7 753.5 1498.4 669.8 1546.7 586.0 1498.4 586.1 1401.8 669.8 1353.5 1 0 0.674 2.0 0.229 1.0 0.227 1.0 11 1 False 3 3.6 0 65.209 0 3009100 3009100 30200.0 30210.0 A A N
30 9 11 aOe 586.04 1595.09 1 4 669.8 1546.7 502.3 1643.4 502.3 1546.8 586.0 1498.4 669.8 1546.7 0.0 0.0 0.0 0.0 1 0 0.663 1.0 0.152 1.0 0.152 1.0 13 1 False 3 3.6 0 69.827 0 3009110 3009110 30200.0 30210.0 A A N
30 10 1 FOe 1590.68 145.01 0 6 1590.7 48.3 1674.4 96.7 1674.4 193.3 1590.6 241.7 1507.0 193.3 1506.9 96.7 1590.7 48.3 0 0 0.658 2.0 0.22 1.0 0.219 1.0 10 1 False 3 3.6 0 5.209 0 3010010 3010010 30000.0 30010.0 A A N
30 10 2 FO 1506.96 290.01 0 6 1507.0 193.3 1590.6 241.7 1590.7 338.4 1507.0 386.7 1423.2 338.3 1423.2 241.7 1507.0 193.3 0 0 0.669 2.0 0.236 1.0 0.232 1.0 12 1 False 3 3.6 0 10.893 0 3010020 3010020 30000.0 30010.0 A A N
30 10 3 FO 1423.25 435.03 0 6 1423.2 338.3 1507.0 386.7 1507.0 483.4 1423.2 531.7 1339.6 483.4 1339.5 386.7 1423.2 338.3 0 0 0.677 2.0 0.236 1.0 0.233 1.0 14 1 False 3 3.6 0 16.996 0 3010030 3010030 30000.0 30010.0 A A N
30 10 4 FO 1339.53 580.03 0 6 1339.6 483.4 1423.2 531.7 1423.3 628.4 1339.5 676.7 1255.8 628.4 1255.8 531.7 1339.6 483.4 0 0 0.691 2.0 0.236 1.0 0.233 1.0 22 1 False 3 3.6 0 23.413 0 3010040 3010040 30001.0 30010.0 B A E
30 10 5 FO 1255.81 725.04 0 6 1255.8 628.4 1339.5 676.7 1339.5 773.3 1255.8 821.7 1172.1 773.4 1172.1 676.7 1255.8 628.4 0 1 0.683 2.0 0.242 1.0 0.237 1.0 24 1 False 3 3.6 0 30.0 0 3010050 3010050 30100.0 30110.0 A A N
30 10 6 FO 1172.09 870.05 4 6 1172.1 773.4 1255.8 821.7 1255.8 918.3 1172.1 966.7 1088.4 918.3 1088.4 821.7 1172.1 773.4 0 1 0.693 2.0 0.241 1.0 0.237 1.0 24 0 True 3 3.6 0 36.587 0 3010060 3010060 30100.0 30110.0 A A W
30 10 7 FO 1088.36 1015.06 4 6 1088.4 918.3 1172.1 966.7 1172.1 1063.4 1088.4 1111.8 1004.7 1063.3 1004.6 966.7 1088.4 918.3 0 1 0.679 2.0 0.239 1.0 0.235 1.0 16 0 False 3 3.6 0 43.004 0 3010070 3010070 30100.0 30110.0 A A N
30 10 8 FO 1004.65 1160.06 4 6 1004.7 1063.3 1088.4 1111.8 1088.4 1208.4 1004.7 1256.7 920.9 1208.5 920.9 1111.7 1004.7 1063.3 0 1 0.681 2.0 0.238 1.0 0.234 1.0 18 0 False 3 3.6 0 49.106 0 3010080 3010080 30100.0 30110.0 A A N
30 10 9 FOe 920.93 1305.07 4 6 920.9 1208.5 1004.7 1256.7 1004.6 1353.4 920.9 1401.7 837.2 1353.4 837.2 1256.8 920.9 1208.5 0 1 0.677 2.0 0.235 1.0 0.231 1.0 20 0 False 3 3.6 0 54.791 0 3010090 3010090 30100.0 30110.0 A A N
30 11 2 aOe 1674.41 290.02 0 4 1674.4 193.3 1674.4 386.7 1590.7 338.4 1590.6 241.7 1674.4 193.3 0.0 0.0 0.0 0.0 0 0 0.656 1.0 0.147 1.0 0.147 1.0 12 1 False 3 3.6 0 9.827 0 3011020 3011020 30000.0 30010.0 A A N
30 11 3 bOe 1590.69 435.03 1 5 1674.4 386.7 1590.7 531.7 1507.0 483.4 1507.0 386.7 1590.7 338.4 1674.4 386.7 0.0 0.0 0 0 0.661 1.0 0.197 1.0 0.197 1.0 14 1 False 3 3.6 0 15.296 0 3011030 3011030 30000.0 30010.0 A A N
30 11 4 FOe 1506.97 580.03 0 6 1507.0 483.4 1590.7 531.7 1590.7 628.3 1506.9 676.7 1423.3 628.4 1423.2 531.7 1507.0 483.4 0 0 0.671 2.0 0.253 1.0 0.253 1.0 22 1 False 3 3.6 0 21.052 0 3011040 3011040 30001.0 30010.0 B A N
30 11 5 bOe 1423.25 725.04 2 5 1507.0 773.3 1339.5 773.3 1339.5 676.7 1423.3 628.4 1506.9 676.7 1507.0 773.3 0.0 0.0 0 0 0.678 1.0 0.203 1.0 0.203 1.0 22 1 False 3 3.6 0 26.995 0 3011050 3011050 30001.0 30010.0 B A N
30 11 6 bOe 1339.53 870.05 0 5 1339.5 773.3 1423.3 918.4 1339.5 966.8 1255.8 918.3 1255.8 821.7 1339.5 773.3 0.0 0.0 0 1 0.67 1.0 0.199 1.0 0.199 1.0 24 0 False 3 3.6 0 33.004 0 3011060 3011060 30100.0 30110.0 A A N
30 11 7 FOe 1255.81 1015.06 4 6 1255.8 918.3 1339.5 966.8 1339.6 1063.4 1255.8 1111.7 1172.1 1063.4 1172.1 966.7 1255.8 918.3 0 1 0.67 2.0 0.252 1.0 0.252 1.0 24 0 False 3 3.6 0 38.948 0 3011070 3011070 30100.0 30110.0 A A N
30 11 8 bOe 1172.08 1160.07 1 5 1255.8 1111.7 1172.1 1256.7 1088.4 1208.4 1088.4 1111.8 1172.1 1063.4 1255.8 1111.7 0.0 0.0 0 1 0.674 1.0 0.202 1.0 0.202 1.0 16 0 False 3 3.6 0 44.705 0 3011080 3011080 30100.0 30110.0 A A N
30 11 9 aOe 1088.37 1305.07 1 4 1172.1 1256.7 1004.6 1353.4 1004.7 1256.7 1088.4 1208.4 1172.1 1256.7 0.0 0.0 0.0 0.0 0 1 0.66 1.0 0.149 1.0 0.149 1.0 18 0 False 3 3.6 0 50.173 0 3011090 3011090 30100.0 30110.0 A A N
30 12 5 cOe 1590.69 725.04 0 3 1590.7 628.3 1507.0 773.3 1506.9 676.7 1590.7 628.3 0.0 0.0 0.0 0.0 0.0 0.0 0 0 0.657 0.0 0.0 0.0 0.0 0.0 22 1 False 3 3.6 0 24.504 0 3012050 3012050 30001.0 30010.0 B A N
30 12 7 cOe 1423.25 1015.06 0 3 1423.3 918.4 1339.6 1063.4 1339.5 966.8 1423.3 918.4 0.0 0.0 0.0 0.0 0.0 0.0 0 1 0.652 0.0 0.0 0.0 0.0 0.0 24 0 False 3 3.6 0 35.496 0 3012070 3012070 30100.0 30110.0 A A N
31 1 3 FIe -83.72 435.02 2 6 -83.7 338.4 0.0 386.7 0.0 483.4 -83.7 531.7 -167.4 483.4 -167.4 386.7 -83.7 338.4 1 1 1.057 2.0 1.052 2.0 1.057 2.0 7 0 False 6 7.2 0 100.893 1 3101030 3101031 31300.0 31310.0 A A N
31 1 4 FI -167.44 580.03 2 6 -167.4 483.4 -83.7 531.7 -83.7 628.4 -167.4 676.7 -251.2 628.4 -251.2 531.7 -167.4 483.4 1 1 0.847 2.0 0.776 1.0 0.78 1.0 7 0 False 6 7.2 0 106.102 1 3101040 3101041 31300.0 31310.0 A A N
31 1 5 FI -251.16 725.04 2 6 -251.2 628.4 -167.4 676.7 -167.4 773.4 -251.2 821.7 -334.9 773.4 -334.9 676.7 -251.2 628.4 1 1 0.776 2.0 0.547 1.0 0.547 1.0 7 0 True 6 7.2 0 109.107 1 3101050 3101051 31300.0 31310.0 A A N
31 1 6 FO -334.88 870.05 5 6 -334.9 773.4 -251.2 821.7 -251.2 918.4 -334.9 966.7 -418.6 918.4 -418.6 821.7 -334.9 773.4 1 1 0.725 2.0 0.287 1.0 0.271 1.0 21 1 False 3 3.6 0 111.052 0 3101060 3101060 31300.0 31310.0 A A N
31 1 7 FO -418.6 1015.06 5 6 -418.6 918.4 -334.9 966.7 -334.9 1063.4 -418.6 1111.7 -502.3 1063.4 -502.3 966.7 -418.6 918.4 1 1 0.699 2.0 0.25 1.0 0.243 1.0 21 1 False 3 3.6 0 112.411 0 3101070 3101070 31300.0 31310.0 A A E
31 1 8 FO -502.32 1160.06 5 6 -502.3 1063.4 -418.6 1111.7 -418.6 1208.4 -502.3 1256.7 -586.0 1208.4 -586.0 1111.7 -502.3 1063.4 1 1 0.681 2.0 0.24 1.0 0.235 1.0 21 0 True 3 3.6 0 113.413 0 3101080 3101080 31300.0 31310.0 A A W
31 1 9 FOe -586.04 1305.07 5 6 -586.0 1208.4 -502.3 1256.7 -502.3 1353.4 -586.0 1401.7 -669.8 1353.4 -669.8 1256.7 -586.0 1208.4 1 1 0.665 2.0 0.231 1.0 0.229 1.0 21 0 False 3 3.6 0 114.182 0 3101090 3101090 31300.0 31310.0 A A N
31 1 10 FOe -669.76 1450.08 5 6 -669.8 1353.4 -586.0 1401.7 -586.0 1498.4 -669.8 1546.8 -753.5 1498.4 -753.5 1401.7 -669.8 1353.4 1 1 0.654 2.0 0.219 1.0 0.219 1.0 21 0 False 3 3.6 0 114.791 0 3101100 3101100 31300.0 31310.0 A A N
31 2 0 aIe 334.88 0.0 3 4 353.3 86.1 353.3 -86.1 418.6 -48.3 418.6 48.3 353.3 86.1 0.0 0.0 0.0 0.0 0 0 0.96 1.0 0.687 1.0 0.687 1.0 0 0 False 6 7.2 0 0.0 1 3102000 3102001 31000.0 31010.0 A A N
31 2 2 aIe 167.44 290.02 4 4 102.1 349.0 251.2 262.9 251.2 338.4 167.4 386.7 102.1 349.0 0.0 0.0 0.0 0.0 1 0 1.099 2.0 0.911 1.0 0.911 1.0 1 0 False 6 7.2 0 60.0 1 3102020 3102021 31200.0 31210.0 A A N
31 2 3 FIe 83.72 435.02 1 6 83.7 338.4 167.4 386.7 167.4 483.4 83.7 531.7 0.0 483.4 0.0 386.7 83.7 338.4 1 0 1.052 2.0 1.06 2.0 1.067 2.0 1 0 False 6 7.2 0 79.107 1 3102030 3102031 31200.0 31210.0 A A N
31 2 4 FI 0.0 580.03 2 6 0.0 483.4 83.7 531.7 83.7 628.4 0.0 676.7 -83.7 628.4 -83.7 531.7 0.0 483.4 1 1 0.868 2.0 0.818 1.0 0.82 1.0 5 0 False 6 7.2 0 90.0 1 3102040 3102041 31300.0 31310.0 A A N
31 2 5 FI -83.72 725.04 2 6 -83.7 628.4 0.0 676.7 0.0 773.4 -83.7 821.7 -167.4 773.4 -167.4 676.7 -83.7 628.4 1 1 0.783 2.0 0.589 1.0 0.59 1.0 5 0 True 6 7.2 0 96.587 1 3102050 3102051 31300.0 31310.0 A A N
31 2 6 FO -167.44 870.05 5 6 -167.4 773.4 -83.7 821.7 -83.7 918.4 -167.4 966.7 -251.2 918.4 -251.2 821.7 -167.4 773.4 1 1 0.756 2.0 0.304 1.0 0.282 1.0 19 1 False 3 3.6 0 100.893 0 3102060 3102060 31300.0 31310.0 A A N
31 2 7 FO -251.16 1015.06 5 6 -251.2 918.4 -167.4 966.7 -167.4 1063.4 -251.2 1111.7 -334.9 1063.4 -334.9 966.7 -251.2 918.4 1 1 0.714 2.0 0.263 1.0 0.253 1.0 19 1 False 3 3.6 0 103.898 0 3102070 3102070 31300.0 31310.0 A A N
31 2 8 FO -334.88 1160.06 5 6 -334.9 1063.4 -251.2 1111.7 -251.2 1208.4 -334.9 1256.7 -418.6 1208.4 -418.6 1111.7 -334.9 1063.4 1 1 0.687 2.0 0.243 1.0 0.238 1.0 19 1 False 3 3.6 0 106.102 0 3102080 3102080 31300.0 31310.0 A A E
31 2 9 FO -418.6 1305.07 5 6 -418.6 1208.4 -334.9 1256.7 -334.9 1353.4 -418.6 1401.7 -502.3 1353.4 -502.3 1256.7 -418.6 1208.4 1 1 0.669 2.0 0.234 1.0 0.231 1.0 19 0 True 3 3.6 0 107.784 0 3102090 3102090 31300.0 31310.0 A A W
31 2 10 FO -502.32 1450.08 5 6 -502.3 1353.4 -418.6 1401.7 -418.6 1498.4 -502.3 1546.8 -586.0 1498.4 -586.0 1401.7 -502.3 1353.4 1 1 0.661 2.0 0.223 1.0 0.222 1.0 19 0 False 3 3.6 0 109.107 0 3102100 3102100 31300.0 31310.0 A A N
31 2 11 aOe -586.04 1595.09 2 4 -502.3 1643.4 -669.8 1546.8 -586.0 1498.4 -502.3 1546.8 -502.3 1643.4 0.0 0.0 0.0 0.0 1 1 0.645 1.0 0.144 1.0 0.144 1.0 19 0 False 3 3.6 0 110.173 0 3102110 3102110 31300.0 31310.0 A A N
31 3 0 FI 502.32 0.0 0 6 502.3 -96.7 586.0 -48.3 586.0 48.3 502.3 96.7 418.6 48.3 418.6 -48.3 502.3 -96.7 0 0 1.065 2.0 1.102 2.0 1.105 2.0 0 0 False 6 7.2 0 0.0 1 3103000 3103001 31000.0 31010.0 A A N
31 3 1 FIe 418.6 145.01 0 6 418.6 48.3 502.3 96.7 502.3 193.3 418.6 241.7 334.9 193.3 334.9 96.7 418.6 48.3 0 0 1.154 2.0 1.182 2.0 1.193 2.0 0 0 False 6 7.2 0 19.107 1 3103010 3103011 31000.0 31010.0 A A N
31 3 2 FIe 334.88 290.02 1 6 334.9 193.3 418.6 241.7 418.6 338.4 334.9 386.7 251.2 338.4 251.2 241.7 334.9 193.3 0 1 1.083 2.0 1.102 2.0 1.105 2.0 6 0 False 6 7.2 0 40.894 1 3103020 3103021 31100.0 31110.0 A A N
31 3 3 FI 251.16 435.02 1 6 251.2 338.4 334.9 386.7 334.9 483.4 251.2 531.7 167.4 483.4 167.4 386.7 251.2 338.4 1 0 0.951 2.0 0.942 1.0 0.941 1.0 1 0 False 6 7.2 0 60.0 1 3103030 3103031 31200.0 31210.0 A A N
31 3 4 FI 167.44 580.03 1 6 167.4 483.4 251.2 531.7 251.2 628.4 167.4 676.7 83.7 628.4 83.7 531.7 167.4 483.4 1 0 0.857 2.0 0.784 1.0 0.788 1.0 3 0 False 6 7.2 0 73.898 1 3103040 3103041 31200.0 31211.0 A B N
31 3 5 FI 83.72 725.04 1 6 83.7 628.4 167.4 676.7 167.4 773.4 83.7 821.7 0.0 773.4 0.0 676.7 83.7 628.4 1 0 0.805 2.0 0.587 1.0 0.588 1.0 3 0 False 6 7.2 0 83.413 1 3103050 3103051 31200.0 31211.0 A B N
31 3 6 FM 0.0 870.05 5 6 0.0 773.4 83.7 821.7 83.7 918.4 0.0 966.7 -83.7 918.4 -83.7 821.7 0.0 773.4 1 1 0.741 2.0 0.322 1.0 0.297 1.0 17 1 False 3 3.6 0 90.0 0 3103060 3103060 31300.0 31310.0 A A N
31 3 7 FO -83.72 1015.06 5 6 -83.7 918.4 0.0 966.7 0.0 1063.4 -83.7 1111.7 -167.4 1063.4 -167.4 966.7 -83.7 918.4 1 1 0.715 2.0 0.271 1.0 0.259 1.0 17 1 False 3 3.6 0 94.715 0 3103070 3103070 31300.0 31310.0 A A N
31 3 8 FO -167.44 1160.06 5 6 -167.4 1063.4 -83.7 1111.7 -83.7 1208.4 -167.4 1256.7 -251.2 1208.4 -251.2 1111.7 -167.4 1063.4 1 1 0.685 2.0 0.244 1.0 0.239 1.0 17 1 False 3 3.6 0 98.213 0 3103080 3103080 31300.0 31310.0 A A E
31 3 9 FO -251.16 1305.07 5 6 -251.2 1208.4 -167.4 1256.7 -167.4 1353.4 -251.2 1401.7 -334.9 1353.4 -334.9 1256.7 -251.2 1208.4 1 1 0.68 2.0 0.231 1.0 0.229 1.0 17 0 True 3 3.6 0 100.893 0 3103090 3103090 31300.0 31310.0 A A W
31 3 10 FO -334.88 1450.08 5 6 -334.9 1353.4 -251.2 1401.7 -251.2 1498.4 -334.9 1546.8 -418.6 1498.4 -418.6 1401.7 -334.9 1353.4 1 1 0.671 2.0 0.229 1.0 0.227 1.0 17 0 False 3 3.6 0 103.004 0 3103100 3103100 31300.0 31310.0 A A N
31 3 11 FOe -418.6 1595.09 5 6 -418.6 1498.4 -334.9 1546.8 -334.9 1643.4 -418.6 1691.8 -502.3 1643.4 -502.3 1546.8 -418.6 1498.4 1 1 0.648 2.0 0.22 1.0 0.219 1.0 17 0 False 3 3.6 0 104.705 0 3103110 3103110 31300.0 31310.0 A A N
31 4 0 FI 669.76 0.0 0 6 669.8 -96.7 753.5 -48.3 753.5 48.3 669.8 96.7 586.0 48.3 586.0 -48.3 669.8 -96.7 0 0 0.859 2.0 0.811 1.0 0.813 1.0 0 0 True 6 7.2 0 0.0 1 3104000 3104001 31000.0 31010.0 A A N
31 4 1 FI 586.04 145.01 0 6 586.0 48.3 669.8 96.7 669.8 193.3 586.0 241.7 502.3 193.3 502.3 96.7 586.0 48.3 0 0 0.908 2.0 0.873 1.0 0.873 1.0 2 0 False 6 7.2 0 13.898 1 3104010 3104011 31000.0 31010.0 A A N
31 4 2 FI 502.32 290.02 1 6 502.3 193.3 586.0 241.7 586.0 338.4 502.3 386.7 418.6 338.4 418.6 241.7 502.3 193.3 0 1 0.913 2.0 0.872 1.0 0.872 1.0 4 0 False 6 7.2 0 30.0 1 3104020 3104021 31100.0 31110.0 A A N
31 4 3 FI 418.6 435.02 1 6 418.6 338.4 502.3 386.7 502.3 483.4 418.6 531.7 334.9 483.4 334.9 386.7 418.6 338.4 0 1 0.884 2.0 0.797 1.0 0.801 1.0 6 0 False 6 7.2 0 46.102 1 3104030 3104031 31100.0 31110.0 A A N
31 4 4 FI 334.88 580.03 1 6 334.9 483.4 418.6 531.7 418.6 628.4 334.9 676.7 251.2 628.4 251.2 531.7 334.9 483.4 1 0 0.834 2.0 0.695 1.0 0.697 1.0 1 0 True 6 7.2 0 60.0 1 3104040 3104041 31200.0 31210.0 A A N
31 4 5 FI 251.16 725.04 1 6 251.2 628.4 334.9 676.7 334.9 773.4 251.2 821.7 167.4 773.4 167.4 676.7 251.2 628.4 1 0 0.775 2.0 0.551 1.0 0.551 1.0 3 0 True 6 7.2 0 70.893 1 3104050 3104051 31200.0 31211.0 A B N
31 4 6 FO 167.44 870.05 1 6 167.4 773.4 251.2 821.7 251.2 918.4 167.4 966.7 83.7 918.4 83.7 821.7 167.4 773.4 1 0 0.748 2.0 0.31 1.0 0.287 1.0 13 0 False 3 3.6 0 79.107 0 3104060 3104060 31200.0 31210.0 A A N
31 4 7 FO 83.72 1015.06 1 6 83.7 918.4 167.4 966.7 167.4 1063.4 83.7 1111.7 0.0 1063.4 0.0 966.7 83.7 918.4 1 0 0.718 2.0 0.269 1.0 0.257 1.0 15 0 False 3 3.6 0 85.285 0 3104070 3104070 31200.0 31210.0 A A N
31 4 8 FO 0.0 1160.06 5 6 0.0 1063.4 83.7 1111.7 83.7 1208.4 0.0 1256.7 -83.7 1208.4 -83.7 1111.7 0.0 1063.4 1 1 0.679 2.0 0.245 1.0 0.24 1.0 25 1 False 3 3.6 0 90.0 0 3104080 3104080 31300.0 31310.0 A A N
31 4 9 FO -83.72 1305.07 5 6 -83.7 1208.4 0.0 1256.7 0.0 1353.4 -83.7 1401.7 -167.4 1353.4 -167.4 1256.7 -83.7 1208.4 1 1 0.679 2.0 0.238 1.0 0.235 1.0 25 1 False 3 3.6 0 93.67 0 3104090 3104090 31300.0 31310.0 A A E
31 4 10 FO -167.44 1450.08 5 6 -167.4 1353.4 -83.7 1401.7 -83.7 1498.4 -167.4 1546.8 -251.2 1498.4 -251.2 1401.7 -167.4 1353.4 1 1 0.669 2.0 0.225 1.0 0.224 1.0 25 0 True 3 3.6 0 96.587 0 3104100 3104100 31300.0 31310.0 A A W
31 4 11 FO -251.16 1595.09 5 6 -251.2 1498.4 -167.4 1546.8 -167.4 1643.4 -251.2 1691.8 -334.9 1643.4 -334.9 1546.8 -251.2 1498.4 1 1 0.651 2.0 0.244 1.0 0.244 1.0 25 0 False 3 3.6 0 98.948 0 3104110 3104110 31300.0 31310.0 A A N
31 4 12 cOe -334.88 1740.1 1 3 -251.2 1691.8 -418.6 1691.8 -334.9 1643.4 -251.2 1691.8 0.0 0.0 0.0 0.0 0.0 0.0 0 1 0.641 0.0 0.0 0.0 0.0 0.0 25 0 False 3 3.6 0 100.893 0 3104120 3104120 31300.0 31310.0 A A N
31 5 0 FM 837.2 0.0 0 6 837.2 -96.7 920.9 -48.3 920.9 48.3 837.2 96.7 753.5 48.3 753.5 -48.3 837.2 -96.7 0 0 0.786 2.0 0.4 1.0 0.362 1.0 8 0 False 3 3.6 0 0.0 0 3105000 3105000 31000.0 31010.0 A A N
31 5 1 FI 753.48 145.01 0 6 753.5 48.3 837.2 96.7 837.2 193.3 753.5 241.7 669.8 193.3 669.8 96.7 753.5 48.3 0 0 0.816 2.0 0.651 1.0 0.653 1.0 2 0 True 6 7.2 0 10.894 1 3105010 3105011 31000.0 31010.0 A A N
31 5 2 FI 669.76 290.02 0 6 669.8 193.3 753.5 241.7 753.5 338.4 669.8 386.7 586.0 338.4 586.0 241.7 669.8 193.3 0 0 0.816 2.0 0.672 1.0 0.675 1.0 2 0 False 6 7.2 0 23.414 1 3105020 3105021 31000.0 31010.0 A A N
31 5 3 FI 586.04 435.02 1 6 586.0 338.4 669.8 386.7 669.8 483.4 586.0 531.7 502.3 483.4 502.3 386.7 586.0 338.4 0 1 0.81 2.0 0.635 1.0 0.638 1.0 4 0 True 6 7.2 0 36.587 1 3105030 3105031 31100.0 31110.0 A A N
31 5 4 FI 502.32 580.03 1 6 502.3 483.4 586.0 531.7 586.0 628.4 502.3 676.7 418.6 628.4 418.6 531.7 502.3 483.4 0 1 0.785 2.0 0.571 1.0 0.572 1.0 6 0 True 6 7.2 0 49.107 1 3105040 3105041 31100.0 31110.0 A A N
31 5 5 FM 418.6 725.04 1 6 418.6 628.4 502.3 676.7 502.3 773.4 418.6 821.7 334.9 773.4 334.9 676.7 418.6 628.4 1 0 0.762 2.0 0.336 1.0 0.307 1.0 9 0 False 3 3.6 0 60.0 0 3105050 3105050 31200.0 31210.0 A A N
31 5 6 FO 334.88 870.05 1 6 334.9 773.4 418.6 821.7 418.6 918.4 334.9 966.7 251.2 918.4 251.2 821.7 334.9 773.4 1 0 0.731 2.0 0.293 1.0 0.275 1.0 11 0 False 3 3.6 0 68.948 0 3105060 3105060 31200.0 31210.0 A A N
31 5 7 FO 251.16 1015.06 1 6 251.2 918.4 334.9 966.7 334.9 1063.4 251.2 1111.7 167.4 1063.4 167.4 966.7 251.2 918.4 1 0 0.721 2.0 0.265 1.0 0.254 1.0 13 0 False 3 3.6 0 76.102 0 3105070 3105070 31200.0 31210.0 A A N
31 5 8 FO 167.44 1160.06 1 6 167.4 1063.4 251.2 1111.7 251.2 1208.4 167.4 1256.7 83.7 1208.4 83.7 1111.7 167.4 1063.4 1 0 0.688 2.0 0.246 1.0 0.24 1.0 15 0 True 3 3.6 0 81.787 0 3105080 3105080 31200.0 31210.0 A A W
31 5 9 FO 83.72 1305.07 1 6 83.7 1208.4 167.4 1256.7 167.4 1353.4 83.7 1401.7 0.0 1353.4 0.0 1256.7 83.7 1208.4 1 0 0.683 2.0 0.236 1.0 0.233 1.0 23 0 True 3 3.6 0 86.33 0 3105090 3105090 31201.0 31210.0 B A W
31 5 10 FO 0.0 1450.08 1 6 0.0 1353.4 83.7 1401.7 83.7 1498.4 0.0 1546.8 -83.7 1498.4 -83.7 1401.7 0.0 1353.4 1 1 0.667 2.0 0.222 1.0 0.221 1.0 25 1 False 3 3.6 0 90.0 0 3105100 3105100 31300.0 31310.0 A A N
31 5 11 bOe -83.72 1595.09 1 5 0.0 1546.8 -83.7 1691.8 -167.4 1643.4 -167.4 1546.8 -83.7 1498.4 0.0 1546.8 0.0 0.0 1 1 0.651 1.0 0.192 1.0 0.192 1.0 25 0 False 3 3.6 0 93.004 0 3105110 3105110 31300.0 31310.0 A A N
31 5 12 dOe -167.44 1740.1 1 5 -83.7 1691.8 -83.7 1740.1 -251.2 1740.1 -251.2 1691.8 -167.4 1643.4 -83.7 1691.8 0.0 0.0 1 1 0.645 1.0 0.144 1.0 0.144 1.0 25 0 False 2 2.4 0 95.496 0 3105120 3105120 31300.0 31310.0 A A N
31 6 0 FO 1004.64 0.0 0 6 1004.6 -96.7 1088.4 -48.3 1088.4 48.3 1004.6 96.7 920.9 48.3 920.9 -48.3 1004.6 -96.7 0 0 0.746 2.0 0.292 1.0 0.273 1.0 8 0 True 3 3.6 0 0.0 0 3106000 3106000 31000.0 31010.0 A A W
31 6 1 FO 920.92 145.01 0 6 920.9 48.3 1004.6 96.7 1004.6 193.3 920.9 241.7 837.2 193.3 837.2 96.7 920.9 48.3 0 0 0.743 2.0 0.321 1.0 0.295 1.0 10 0 False 3 3.6 0 8.948 0 3106010 3106010 31000.0 31010.0 A A N
31 6 2 FO 837.2 290.02 0 6 837.2 193.3 920.9 241.7 920.9 338.4 837.2 386.7 753.5 338.4 753.5 241.7 837.2 193.3 0 0 0.774 2.0 0.341 1.0 0.311 1.0 12 0 False 3 3.6 0 19.107 0 3106020 3106020 31000.0 31010.0 A A N
31 6 3 FM 753.48 435.02 4 6 753.5 338.4 837.2 386.7 837.2 483.4 753.5 531.7 669.8 483.4 669.8 386.7 753.5 338.4 0 1 0.762 2.0 0.343 1.0 0.312 1.0 16 1 False 3 3.6 0 30.0 0 3106030 3106030 31100.0 31110.0 A A N
31 6 4 FO 669.76 580.03 4 6 669.8 483.4 753.5 531.7 753.5 628.4 669.8 676.7 586.0 628.4 586.0 531.7 669.8 483.4 0 1 0.755 2.0 0.321 1.0 0.296 1.0 18 1 False 3 3.6 0 40.893 0 3106040 3106040 31100.0 31110.0 A A N
31 6 5 FO 586.04 725.04 4 6 586.0 628.4 669.8 676.7 669.8 773.4 586.0 821.7 502.3 773.4 502.3 676.7 586.0 628.4 0 1 0.732 2.0 0.295 1.0 0.277 1.0 20 1 False 3 3.6 0 51.052 0 3106050 3106050 31100.0 31110.0 A A N
31 6 6 FO 502.32 870.05 1 6 502.3 773.4 586.0 821.7 586.0 918.4 502.3 966.7 418.6 918.4 418.6 821.7 502.3 773.4 1 0 0.737 2.0 0.273 1.0 0.26 1.0 9 0 True 3 3.6 0 60.0 0 3106060 3106060 31200.0 31210.0 A A W
31 6 7 FO 418.6 1015.06 1 6 418.6 918.4 502.3 966.7 502.3 1063.4 418.6 1111.7 334.9 1063.4 334.9 966.7 418.6 918.4 1 0 0.701 2.0 0.257 1.0 0.248 1.0 11 0 True 3 3.6 0 67.589 0 3106070 3106070 31200.0 31210.0 A A W
31 6 8 FO 334.88 1160.06 1 6 334.9 1063.4 418.6 1111.7 418.6 1208.4 334.9 1256.7 251.2 1208.4 251.2 1111.7 334.9 1063.4 1 0 0.69 2.0 0.241 1.0 0.237 1.0 13 0 True 3 3.6 0 73.898 0 3106080 3106080 31200.0 31210.0 A A W
31 6 9 FO 251.16 1305.07 1 6 251.2 1208.4 334.9 1256.7 334.9 1353.4 251.2 1401.7 167.4 1353.4 167.4 1256.7 251.2 1208.4 1 0 0.679 2.0 0.234 1.0 0.231 1.0 15 1 False 3 3.6 0 79.107 0 3106090 3106090 31200.0 31210.0 A A E
31 6 10 FO 167.44 1450.08 1 6 167.4 1353.4 251.2 1401.7 251.2 1498.4 167.4 1546.8 83.7 1498.4 83.7 1401.7 167.4 1353.4 1 0 0.665 2.0 0.224 1.0 0.222 1.0 23 1 False 3 3.6 0 83.413 0 3106100 3106100 31201.0 31210.0 B A E
31 6 11 bOe 83.72 1595.09 3 5 83.7 1691.8 0.0 1546.8 83.7 1498.4 167.4 1546.8 167.4 1643.4 83.7 1691.8 0.0 0.0 1 0 0.65 1.0 0.192 1.0 0.192 1.0 23 1 False 3 3.6 0 86.996 0 3106110 3106110 31201.0 31210.0 B A N
31 7 0 FO 1172.09 0.0 0 6 1172.1 -96.7 1255.8 -48.3 1255.8 48.3 1172.1 96.7 1088.4 48.3 1088.4 -48.3 1172.1 -96.7 0 0 0.706 2.0 0.256 1.0 0.247 1.0 8 1 False 3 3.6 0 0.0 0 3107000 3107000 31000.0 31010.0 A A E
31 7 1 FO 1088.37 145.01 0 6 1088.4 48.3 1172.1 96.7 1172.1 193.3 1088.4 241.7 1004.6 193.3 1004.6 96.7 1088.4 48.3 0 0 0.727 2.0 0.266 1.0 0.255 1.0 10 0 True 3 3.6 0 7.589 0 3107010 3107010 31000.0 31010.0 A A W
31 7 2 FO 1004.64 290.02 0 6 1004.6 193.3 1088.4 241.7 1088.4 338.4 1004.6 386.7 920.9 338.4 920.9 241.7 1004.6 193.3 0 0 0.726 2.0 0.275 1.0 0.26 1.0 12 0 False 3 3.6 0 16.102 0 3107020 3107020 31000.0 31010.0 A A N
31 7 3 FO 920.92 435.02 0 6 920.9 338.4 1004.6 386.7 1004.6 483.4 920.9 531.7 837.2 483.4 837.2 386.7 920.9 338.4 0 0 0.727 2.0 0.281 1.0 0.266 1.0 14 0 False 3 3.6 0 25.285 0 3107030 3107030 31000.0 31010.0 A A N
31 7 4 FO 837.2 580.03 4 6 837.2 483.4 920.9 531.7 920.9 628.4 837.2 676.7 753.5 628.4 753.5 531.7 837.2 483.4 0 1 0.716 2.0 0.274 1.0 0.261 1.0 16 1 False 3 3.6 0 34.715 0 3107040 3107040 31100.0 31110.0 A A N
31 7 5 FO 753.48 725.04 4 6 753.5 628.4 837.2 676.7 837.2 773.4 753.5 821.7 669.8 773.4 669.8 676.7 753.5 628.4 0 1 0.714 2.0 0.269 1.0 0.257 1.0 18 1 False 3 3.6 0 43.898 0 3107050 3107050 31100.0 31110.0 A A N
31 7 6 FO 669.76 870.05 4 6 669.8 773.4 753.5 821.7 753.5 918.4 669.8 966.7 586.0 918.4 586.0 821.7 669.8 773.4 0 1 0.703 2.0 0.257 1.0 0.248 1.0 20 1 False 3 3.6 0 52.411 0 3107060 3107060 31100.0 31110.0 A A E
31 7 7 FO 586.04 1015.06 1 6 586.0 918.4 669.8 966.7 669.8 1063.4 586.0 1111.7 502.3 1063.4 502.3 966.7 586.0 918.4 1 0 0.694 2.0 0.245 1.0 0.239 1.0 9 1 False 3 3.6 0 60.0 0 3107070 3107070 31200.0 31210.0 A A E
31 7 8 FO 502.32 1160.06 1 6 502.3 1063.4 586.0 1111.7 586.0 1208.4 502.3 1256.7 418.6 1208.4 418.6 1111.7 502.3 1063.4 1 0 0.678 2.0 0.239 1.0 0.235 1.0 11 1 False 3 3.6 0 66.587 0 3107080 3107080 31200.0 31210.0 A A E
31 7 9 FO 418.6 1305.07 1 6 418.6 1208.4 502.3 1256.7 502.3 1353.4 418.6 1401.7 334.9 1353.4 334.9 1256.7 418.6 1208.4 1 0 0.669 2.0 0.233 1.0 0.23 1.0 13 1 False 3 3.6 0 72.216 0 3107090 3107090 31200.0 31210.0 A A E
31 7 10 FO 334.88 1450.08 1 6 334.9 1353.4 418.6 1401.7 418.6 1498.4 334.9 1546.8 251.2 1498.4 251.2 1401.7 334.9 1353.4 1 0 0.669 2.0 0.227 1.0 0.226 1.0 15 1 False 3 3.6 0 76.996 0 3107100 3107100 31200.0 31210.0 A A N
31 7 11 FO 251.16 1595.09 1 6 251.2 1498.4 334.9 1546.8 334.9 1643.4 251.2 1691.8 167.4 1643.4 167.4 1546.8 251.2 1498.4 1 0 0.656 2.0 0.22 1.0 0.22 1.0 23 1 False 3 3.6 0 81.052 0 3107110 3107110 31201.0 31210.0 B A N
31 7 12 dOe 167.44 1740.1 1 5 251.2 1691.8 251.2 1740.1 83.7 1740.1 83.7 1691.8 167.4 1643.4 251.2 1691.8 0.0 0.0 1 0 0.645 1.0 0.144 1.0 0.144 1.0 23 1 False 2 2.4 0 84.504 0 3107120 3107120 31201.0 31210.0 B A N
31 8 0 FO 1339.53 0.0 0 6 1339.5 -96.7 1423.2 -48.3 1423.2 48.3 1339.5 96.7 1255.8 48.3 1255.8 -48.3 1339.5 -96.7 0 0 0.675 2.0 0.239 1.0 0.235 1.0 8 1 False 3 3.6 0 0.0 0 3108000 3108000 31000.0 31010.0 A A N
31 8 1 FO 1255.81 145.01 0 6 1255.8 48.3 1339.5 96.7 1339.5 193.3 1255.8 241.7 1172.1 193.3 1172.1 96.7 1255.8 48.3 0 0 0.697 2.0 0.244 1.0 0.239 1.0 10 1 False 3 3.6 0 6.587 0 3108010 3108010 31000.0 31010.0 A A E
31 8 2 FO 1172.09 290.02 0 6 1172.1 193.3 1255.8 241.7 1255.8 338.4 1172.1 386.7 1088.4 338.4 1088.4 241.7 1172.1 193.3 0 0 0.695 2.0 0.249 1.0 0.243 1.0 12 0 True 3 3.6 0 13.898 0 3108020 3108020 31000.0 31010.0 A A W
31 8 3 FO 1088.37 435.02 0 6 1088.4 338.4 1172.1 386.7 1172.1 483.4 1088.4 531.7 1004.6 483.4 1004.6 386.7 1088.4 338.4 0 0 0.697 2.0 0.252 1.0 0.245 1.0 14 0 True 3 3.6 0 21.787 0 3108030 3108030 31000.0 31010.0 A A W
31 8 4 FO 1004.64 580.03 4 6 1004.6 483.4 1088.4 531.7 1088.4 628.4 1004.6 676.7 920.9 628.4 920.9 531.7 1004.6 483.4 0 1 0.694 2.0 0.252 1.0 0.245 1.0 24 1 False 3 3.6 0 30.0 0 3108040 3108040 31100.0 31110.0 A A N
31 8 5 FO 920.92 725.04 4 6 920.9 628.4 1004.6 676.7 1004.6 773.4 920.9 821.7 837.2 773.4 837.2 676.7 920.9 628.4 0 1 0.683 2.0 0.252 1.0 0.245 1.0 16 1 False 3 3.6 0 38.213 0 3108050 3108050 31100.0 31110.0 A A E
31 8 6 FO 837.2 870.05 4 6 837.2 773.4 920.9 821.7 920.9 918.4 837.2 966.7 753.5 918.4 753.5 821.7 837.2 773.4 0 1 0.681 2.0 0.244 1.0 0.239 1.0 18 1 False 3 3.6 0 46.102 0 3108060 3108060 31100.0 31110.0 A A E
31 8 7 FO 753.48 1015.06 4 6 753.5 918.4 837.2 966.7 837.2 1063.4 753.5 1111.7 669.8 1063.4 669.8 966.7 753.5 918.4 0 1 0.678 2.0 0.238 1.0 0.234 1.0 20 0 True 3 3.6 0 53.413 0 3108070 3108070 31100.0 31110.0 A A W
31 8 8 FO 669.76 1160.06 1 6 669.8 1063.4 753.5 1111.7 753.5 1208.4 669.8 1256.7 586.0 1208.4 586.0 1111.7 669.8 1063.4 1 0 0.676 2.0 0.23 1.0 0.227 1.0 9 1 False 3 3.6 0 60.0 0 3108080 3108080 31200.0 31210.0 A A N
31 8 9 FO 586.04 1305.07 1 6 586.0 1208.4 669.8 1256.7 669.8 1353.4 586.0 1401.7 502.3 1353.4 502.3 1256.7 586.0 1208.4 1 0 0.671 2.0 0.233 1.0 0.231 1.0 11 1 False 3 3.6 0 65.818 0 3108090 3108090 31200.0 31210.0 A A N
31 8 10 FO 502.32 1450.08 1 6 502.3 1353.4 586.0 1401.7 586.0 1498.4 502.3 1546.8 418.6 1498.4 418.6 1401.7 502.3 1353.4 1 0 0.663 2.0 0.223 1.0 0.222 1.0 13 1 False 3 3.6 0 70.893 0 3108100 3108100 31200.0 31210.0 A A N
31 8 11 FOe 418.6 1595.09 1 6 418.6 1498.4 502.3 1546.8 502.3 1643.4 418.6 1691.8 334.9 1643.4 334.9 1546.8 418.6 1498.4 1 0 0.649 2.0 0.244 1.0 0.244 1.0 15 1 False 3 3.6 0 75.295 0 3108110 3108110 31200.0 31210.0 A A N
31 8 12 cOe 334.88 1740.1 1 3 418.6 1691.8 251.2 1691.8 334.9 1643.4 418.6 1691.8 0.0 0.0 0.0 0.0 0.0 0.0 0 0 0.642 0.0 0.0 0.0 0.0 0.0 23 1 False 3 3.6 0 79.107 0 3108120 3108120 31201.0 31210.0 B A N
31 9 0 aOe 1506.97 0.0 5 4 1423.2 -48.3 1590.7 48.3 1507.0 96.7 1423.2 48.3 1423.2 -48.3 0.0 0.0 0.0 0.0 0 0 0.667 1.0 0.152 1.0 0.152 1.0 8 1 False 3 3.6 0 0.0 0 3109000 3109000 31000.0 31010.0 A A N
31 9 1 FO 1423.25 145.01 0 6 1423.2 48.3 1507.0 96.7 1507.0 193.3 1423.2 241.7 1339.5 193.3 1339.5 96.7 1423.2 48.3 0 0 0.679 2.0 0.233 1.0 0.23 1.0 10 1 False 3 3.6 0 5.818 0 3109010 3109010 31000.0 31010.0 A A N
31 9 2 FO 1339.53 290.02 0 6 1339.5 193.3 1423.2 241.7 1423.2 338.4 1339.5 386.7 1255.8 338.4 1255.8 241.7 1339.5 193.3 0 0 0.673 2.0 0.237 1.0 0.233 1.0 12 1 False 3 3.6 0 12.216 0 3109020 3109020 31000.0 31010.0 A A E
31 9 3 FO 1255.81 435.02 0 6 1255.8 338.4 1339.5 386.7 1339.5 483.4 1255.8 531.7 1172.1 483.4 1172.1 386.7 1255.8 338.4 0 0 0.676 2.0 0.24 1.0 0.236 1.0 14 1 False 3 3.6 0 19.106 0 3109030 3109030 31000.0 31010.0 A A E
31 9 4 FO 1172.09 580.03 0 6 1172.1 483.4 1255.8 531.7 1255.8 628.4 1172.1 676.7 1088.4 628.4 1088.4 531.7 1172.1 483.4 0 0 0.681 2.0 0.237 1.0 0.234 1.0 22 0 True 3 3.6 0 26.329 0 3109040 3109040 31001.0 31010.0 B A W
31 9 5 FO 1088.37 725.04 4 6 1088.4 628.4 1172.1 676.7 1172.1 773.4 1088.4 821.7 1004.6 773.4 1004.6 676.7 1088.4 628.4 0 1 0.677 2.0 0.236 1.0 0.233 1.0 24 1 False 3 3.6 0 33.67 0 3109050 3109050 31100.0 31110.0 A A E
31 9 6 FO 1004.64 870.05 4 6 1004.6 773.4 1088.4 821.7 1088.4 918.4 1004.6 966.7 920.9 918.4 920.9 821.7 1004.6 773.4 0 1 0.673 2.0 0.234 1.0 0.231 1.0 16 0 True 3 3.6 0 40.894 0 3109060 3109060 31100.0 31110.0 A A W
31 9 7 FO 920.92 1015.06 4 6 920.9 918.4 1004.6 966.7 1004.6 1063.4 920.9 1111.7 837.2 1063.4 837.2 966.7 920.9 918.4 0 1 0.675 2.0 0.232 1.0 0.229 1.0 18 0 True 3 3.6 0 47.784 0 3109070 3109070 31100.0 31110.0 A A W
31 9 8 FOe 837.2 1160.06 4 6 837.2 1063.4 920.9 1111.7 920.9 1208.4 837.2 1256.7 753.5 1208.4 753.5 1111.7 837.2 1063.4 0 1 0.662 2.0 0.225 1.0 0.224 1.0 20 0 False 3 3.6 0 54.183 0 3109080 3109080 31100.0 31110.0 A A N
31 9 9 aOe 753.48 1305.07 0 4 753.5 1208.4 753.5 1401.7 669.8 1353.4 669.8 1256.7 753.5 1208.4 0.0 0.0 0.0 0.0 1 0 0.657 1.0 0.146 1.0 0.146 1.0 9 1 False 3 3.6 0 60.0 0 3109090 3109090 31200.0 31210.0 A A N
31 9 10 FOe 669.76 1450.08 1 6 669.8 1353.4 753.5 1401.7 753.5 1498.4 669.8 1546.8 586.0 1498.4 586.0 1401.7 669.8 1353.4 1 0 0.654 2.0 0.219 1.0 0.219 1.0 11 1 False 3 3.6 0 65.209 0 3109100 3109100 31200.0 31210.0 A A N
31 9 11 aOe 586.04 1595.09 1 4 669.8 1546.8 502.3 1643.4 502.3 1546.8 586.0 1498.4 669.8 1546.8 0.0 0.0 0.0 0.0 1 0 0.642 1.0 0.144 1.0 0.144 1.0 13 1 False 3 3.6 0 69.827 0 3109110 3109110 31200.0 31210.0 A A N
31 10 1 FOe 1590.69 145.01 0 6 1590.7 48.3 1674.4 96.7 1674.4 193.3 1590.7 241.7 1507.0 193.3 1507.0 96.7 1590.7 48.3 0 0 0.66 2.0 0.224 1.0 0.222 1.0 10 1 False 3 3.6 0 5.209 0 3110010 3110010 31000.0 31010.0 A A N
31 10 2 FO 1506.97 290.02 0 6 1507.0 193.3 1590.7 241.7 1590.7 338.4 1507.0 386.7 1423.2 338.4 1423.2 241.7 1507.0 193.3 0 0 0.669 2.0 0.23 1.0 0.228 1.0 12 1 False 3 3.6 0 10.894 0 3110020 3110020 31000.0 31010.0 A A N
31 10 3 FO 1423.25 435.02 0 6 1423.2 338.4 1507.0 386.7 1507.0 483.4 1423.2 531.7 1339.5 483.4 1339.5 386.7 1423.2 338.4 0 0 0.662 2.0 0.231 1.0 0.229 1.0 14 1 False 3 3.6 0 16.996 0 3110030 3110030 31000.0 31010.0 A A N
31 10 4 FO 1339.53 580.03 0 6 1339.5 483.4 1423.2 531.7 1423.2 628.4 1339.5 676.7 1255.8 628.4 1255.8 531.7 1339.5 483.4 0 0 0.667 2.0 0.227 1.0 0.225 1.0 22 1 False 3 3.6 0 23.413 0 3110040 3110040 31001.0 31010.0 B A E
31 10 5 FO 1255.81 725.04 0 6 1255.8 628.4 1339.5 676.7 1339.5 773.4 1255.8 821.7 1172.1 773.4 1172.1 676.7 1255.8 628.4 0 1 0.667 2.0 0.228 1.0 0.226 1.0 24 1 False 3 3.6 0 30.0 0 3110050 3110050 31100.0 31110.0 A A N
31 10 6 FO 1172.09 870.05 4 6 1172.1 773.4 1255.8 821.7 1255.8 918.4 1172.1 966.7 1088.4 918.4 1088.4 821.7 1172.1 773.4 0 1 0.668 2.0 0.231 1.0 0.229 1.0 24 0 True 3 3.6 0 36.587 0 3110060 3110060 31100.0 31110.0 A A W
31 10 7 FO 1088.37 1015.06 4 6 1088.4 918.4 1172.1 966.7 1172.1 1063.4 1088.4 1111.7 1004.6 1063.4 1004.6 966.7 1088.4 918.4 0 1 0.667 2.0 0.228 1.0 0.226 1.0 16 0 False 3 3.6 0 43.004 0 3110070 3110070 31100.0 31110.0 A A N
31 10 8 FO 1004.64 1160.06 4 6 1004.6 1063.4 1088.4 1111.7 1088.4 1208.4 1004.6 1256.7 920.9 1208.4 920.9 1111.7 1004.6 1063.4 0 1 0.662 2.0 0.225 1.0 0.224 1.0 18 0 False 3 3.6 0 49.107 0 3110080 3110080 31100.0 31110.0 A A N
31 10 9 FOe 920.92 1305.07 4 6 920.9 1208.4 1004.6 1256.7 1004.6 1353.4 920.9 1401.7 837.2 1353.4 837.2 1256.7 920.9 1208.4 0 1 0.647 2.0 0.22 1.0 0.22 1.0 20 0 False 3 3.6 0 54.791 0 3110090 3110090 31100.0 31110.0 A A N
31 11 2 aOe 1674.41 290.02 0 4 1674.4 193.3 1674.4 386.7 1590.7 338.4 1590.7 241.7 1674.4 193.3 0.0 0.0 0.0 0.0 0 0 0.648 1.0 0.147 1.0 0.147 1.0 12 1 False 3 3.6 0 9.827 0 3111020 3111020 31000.0 31010.0 A A N
31 11 3 FOe 1590.69 435.02 0 6 1590.7 338.4 1674.4 386.7 1674.4 483.4 1590.7 531.7 1507.0 483.4 1507.0 386.7 1590.7 338.4 0 0 0.654 2.0 0.224 1.0 0.223 1.0 14 1 False 3 3.6 0 15.295 0 3111030 3111030 31000.0 31010.0 A A N
31 11 4 FO 1506.97 580.03 0 6 1507.0 483.4 1590.7 531.7 1590.7 628.4 1507.0 676.7 1423.2 628.4 1423.2 531.7 1507.0 483.4 0 0 0.664 2.0 0.243 1.0 0.243 1.0 22 1 False 3 3.6 0 21.052 0 3111040 3111040 31001.0 31010.0 B A N
31 11 5 bOe 1423.25 725.04 2 5 1507.0 773.4 1339.5 773.4 1339.5 676.7 1423.2 628.4 1507.0 676.7 1507.0 773.4 0.0 0.0 0 0 0.658 1.0 0.192 1.0 0.192 1.0 22 1 False 3 3.6 0 26.995 0 3111050 3111050 31001.0 31010.0 B A N
31 11 6 bOe 1339.53 870.05 0 5 1339.5 773.4 1423.2 918.4 1339.5 966.7 1255.8 918.4 1255.8 821.7 1339.5 773.4 0.0 0.0 0 1 0.662 1.0 0.195 1.0 0.195 1.0 24 0 False 3 3.6 0 33.004 0 3111060 3111060 31100.0 31110.0 A A N
31 11 7 FO 1255.81 1015.06 4 6 1255.8 918.4 1339.5 966.7 1339.5 1063.4 1255.8 1111.7 1172.1 1063.4 1172.1 966.7 1255.8 918.4 0 1 0.657 2.0 0.223 1.0 0.222 1.0 24 0 False 3 3.6 0 38.948 0 3111070 3111070 31100.0 31110.0 A A N
31 11 8 FOe 1172.09 1160.06 4 6 1172.1 1063.4 1255.8 1111.7 1255.8 1208.4 1172.1 1256.7 1088.4 1208.4 1088.4 1111.7 1172.1 1063.4 0 1 0.653 2.0 0.244 1.0 0.244 1.0 16 0 False 3 3.6 0 44.704 0 3111080 3111080 31100.0 31110.0 A A N
31 11 9 aOe 1088.37 1305.07 1 4 1172.1 1256.7 1004.6 1353.4 1004.6 1256.7 1088.4 1208.4 1172.1 1256.7 0.0 0.0 0.0 0.0 0 1 0.645 1.0 0.144 1.0 0.144 1.0 18 0 False 3 3.6 0 50.173 0 3111090 3111090 31100.0 31110.0 A A N
31 12 4 cOe 1674.41 580.03 0 3 1674.4 483.4 1590.7 628.4 1590.7 531.7 1674.4 483.4 0.0 0.0 0.0 0.0 0.0 0.0 0 0 0.645 0.0 0.0 0.0 0.0 0.0 22 1 False 3 3.6 0 19.107 0 3112040 3112040 31001.0 31010.0 B A N
31 12 5 dOe 1590.69 725.04 0 5 1590.7 628.4 1632.6 652.5 1548.8 797.5 1507.0 773.4 1507.0 676.7 1590.7 628.4 0.0 0.0 0 0 0.645 1.0 0.144 1.0 0.144 1.0 22 1 False 2 2.4 0 24.504 0 3112050 3112050 31001.0 31010.0 B A N
31 12 7 dOe 1423.25 1015.06 0 5 1423.2 918.4 1465.1 942.6 1381.4 1087.6 1339.5 1063.4 1339.5 966.7 1423.2 918.4 0.0 0.0 0 1 0.649 1.0 0.144 1.0 0.144 1.0 24 0 False 2 2.4 0 35.496 0 3112070 3112070 31100.0 31110.0 A A N
31 12 8 cOe 1339.53 1160.06 0 3 1339.5 1063.4 1255.8 1208.4 1255.8 1111.7 1339.5 1063.4 0.0 0.0 0.0 0.0 0.0 0.0 0 1 0.642 0.0 0.0 0.0 0.0 0.0 24 0 False 3 3.6 0 40.893 0 3112080 3112080 31100.0 31110.0 A A N
32 1 3 FIe -83.72 435.02 2 6 -83.7 338.4 0.0 386.7 -0.0 483.4 -83.8 531.7 -167.4 483.4 -167.5 386.7 -83.7 338.4 1 1 0.914 2.0 0.856 1.0 0.861 1.0 7 0 False 6 7.2 0 100.893 1 3201030 3201031 32300.0 32310.0 A A N
32 1 4 FI -167.44 580.03 2 6 -167.4 483.4 -83.8 531.7 -83.7 628.4 -167.5 676.7 -251.2 628.4 -251.2 531.7 -167.4 483.4 1 1 0.986 2.0 1.044 2.0 1.045 2.0 7 0 False 6 7.2 0 106.102 1 3201040 3201041 32300.0 32310.0 A A N
32 1 5 FI -251.16 725.04 2 6 -251.2 628.4 -167.5 676.7 -167.5 773.3 -251.2 821.7 -334.9 773.4 -334.9 676.7 -251.2 628.4 1 1 0.824 2.0 0.76 1.0 0.763 1.0 7 0 True 6 7.2 0 109.107 1 3201050 3201051 32300.0 32310.0 A A N
32 1 6 FO -334.88 870.05 5 6 -334.9 773.4 -251.2 821.7 -251.1 918.4 -334.9 966.8 -418.6 918.3 -418.6 821.7 -334.9 773.4 1 1 0.76 2.0 0.382 1.0 0.344 1.0 21 1 False 3 3.6 0 111.052 0 3201060 3201060 32300.0 32310.0 A A N
32 1 7 FO -418.61 1015.05 5 6 -418.6 918.3 -334.9 966.8 -334.9 1063.4 -418.6 1111.8 -502.3 1063.4 -502.4 966.7 -418.6 918.3 1 1 0.724 2.0 0.278 1.0 0.263 1.0 21 1 False 3 3.6 0 112.411 0 3201070 3201070 32300.0 32310.0 A A E
32 1 8 FO -502.33 1160.06 5 6 -502.3 1063.4 -418.6 1111.8 -418.6 1208.4 -502.3 1256.7 -586.0 1208.4 -586.0 1111.8 -502.3 1063.4 1 1 0.685 2.0 0.247 1.0 0.241 1.0 21 0 True 3 3.6 0 113.414 0 3201080 3201080 32300.0 32310.0 A A W
32 1 9 FO -586.04 1305.07 5 6 -586.0 1208.4 -502.3 1256.7 -502.3 1353.4 -586.1 1401.7 -669.7 1353.4 -669.8 1256.8 -586.0 1208.4 1 1 0.677 2.0 0.234 1.0 0.231 1.0 21 0 False 3 3.6 0 114.182 0 3201090 3201090 32300.0 32310.0 A A N
32 1 10 FOe -669.76 1450.08 5 6 -669.7 1353.4 -586.1 1401.7 -586.0 1498.4 -669.8 1546.7 -753.5 1498.4 -753.5 1401.7 -669.7 1353.4 1 1 0.666 2.0 0.227 1.0 0.226 1.0 21 0 False 3 3.6 0 114.791 0 3201100 3201100 32300.0 32310.0 A A N
32 1 11 cOe -753.49 1595.08 2 3 -669.7 1643.4 -753.5 1498.4 -669.8 1546.7 -669.7 1643.4 0.0 0.0 0.0 0.0 0.0 0.0 0 1 0.65 0.0 0.0 0.0 0.0 0.0 21 0 False 3 3.6 0 115.285 0 3201110 3201110 32300.0 32310.0 A A N
32 2 0 aIe 334.88 -0.0 3 4 353.3 86.1 353.3 -86.1 418.6 -48.4 418.7 48.3 353.3 86.1 0.0 0.0 0.0 0.0 0 0 0.0 0.0 0.216 1.0 0.216 1.0 0 0 False 6 7.2 0 -0.0 1 3202000 3202001 32000.0 32010.0 A A N
32 2 2 aIe 167.44 290.01 4 4 102.1 349.0 251.2 262.9 251.1 338.4 167.5 386.7 102.1 349.0 0.0 0.0 0.0 0.0 1 0 0.724 1.0 0.384 1.0 0.384 1.0 1 0 False 6 7.2 0 60.0 1 3202020 3202021 32200.0 32210.0 A A N
32 2 3 FIe 83.72 435.02 1 6 83.7 338.4 167.5 386.7 167.4 483.4 83.7 531.7 -0.0 483.4 0.0 386.7 83.7 338.4 1 0 0.903 2.0 0.851 1.0 0.856 1.0 1 0 False 6 7.2 0 79.107 1 3202030 3202031 32200.0 32210.0 A A N
32 2 4 FI -0.0 580.03 2 6 -0.0 483.4 83.7 531.7 83.7 628.3 -0.1 676.7 -83.7 628.4 -83.8 531.7 -0.0 483.4 1 1 1.079 2.0 1.117 2.0 1.127 2.0 5 0 False 6 7.2 0 90.0 1 3202040 3202041 32300.0 32310.0 A A N
32 2 5 FI -83.72 725.04 2 6 -83.7 628.4 -0.1 676.7 0.0 773.4 -83.7 821.8 -167.5 773.3 -167.5 676.7 -83.7 628.4 1 1 0.848 2.0 0.823 1.0 0.825 1.0 5 0 True 6 7.2 0 96.587 1 3202050 3202051 32300.0 32310.0 A A N
32 2 6 FO -167.44 870.04 5 6 -167.5 773.3 -83.7 821.8 -83.7 918.4 -167.5 966.8 -251.1 918.4 -251.2 821.7 -167.5 773.3 1 1 0.771 2.0 0.42 1.0 0.38 1.0 19 1 False 3 3.6 0 100.893 0 3202060 3202060 32300.0 32310.0 A A N
32 2 7 FO -251.16 1015.05 5 6 -251.1 918.4 -167.5 966.8 -167.4 1063.4 -251.2 1111.7 -334.9 1063.4 -334.9 966.8 -251.1 918.4 1 1 0.727 2.0 0.297 1.0 0.277 1.0 19 1 False 3 3.6 0 103.898 0 3202070 3202070 32300.0 32310.0 A A N
32 2 8 FO -334.89 1160.06 5 6 -334.9 1063.4 -251.2 1111.7 -251.2 1208.4 -334.9 1256.7 -418.6 1208.4 -418.6 1111.8 -334.9 1063.4 1 1 0.7 2.0 0.258 1.0 0.249 1.0 19 1 False 3 3.6 0 106.103 0 3202080 3202080 32300.0 32310.0 A A E
32 2 9 FO -418.61 1305.07 5 6 -418.6 1208.4 -334.9 1256.7 -334.9 1353.4 -418.6 1401.7 -502.3 1353.4 -502.3 1256.7 -418.6 1208.4 1 1 0.686 2.0 0.24 1.0 0.235 1.0 19 0 True 3 3.6 0 107.784 0 3202090 3202090 32300.0 32310.0 A A W
32 2 10 FO -502.32 1450.07 5 6 -502.3 1353.4 -418.6 1401.7 -418.6 1498.4 -502.3 1546.8 -586.0 1498.4 -586.1 1401.7 -502.3 1353.4 1 1 0.665 2.0 0.231 1.0 0.229 1.0 19 0 False 3 3.6 0 109.107 0 3202100 3202100 32300.0 32310.0 A A N
32 2 11 FOe -586.04 1595.09 5 6 -586.0 1498.4 -502.3 1546.8 -502.3 1643.4 -586.0 1691.8 -669.7 1643.4 -669.8 1546.7 -586.0 1498.4 1 1 0.665 2.0 0.251 1.0 0.251 1.0 19 0 False 3 3.6 0 110.173 0 3202110 3202110 32300.0 32310.0 A A N
32 3 0 FI 502.32 0.0 0 6 502.3 -96.7 586.1 -48.3 586.1 48.3 502.3 96.7 418.7 48.3 418.6 -48.4 502.3 -96.7 0 0 0.0 2.0 0.36 1.0 0.36 1.0 0 0 False 6 7.2 0 0.0 1 3203000 3203001 32000.0 32010.0 A A N
32 3 1 FIe 418.6 145.0 0 6 418.7 48.3 502.3 96.7 502.4 193.3 418.6 241.7 334.9 193.4 334.9 96.7 418.7 48.3 0 0 1.026 2.0 1.088 2.0 1.091 2.0 0 0 False 6 7.2 0 19.106 1 3203010 3203011 32000.0 32010.0 A A N
32 3 2 FIe 334.88 290.01 1 6 334.9 193.4 418.6 241.7 418.6 338.4 334.9 386.7 251.1 338.4 251.2 241.7 334.9 193.4 0 1 0.987 2.0 0.938 1.0 0.946 1.0 6 0 False 6 7.2 0 40.893 1 3203020 3203021 32100.0 32110.0 A A N
32 3 3 FI 251.16 435.02 1 6 251.1 338.4 334.9 386.7 334.8 483.3 251.2 531.6 167.4 483.4 167.5 386.7 251.1 338.4 1 0 1.019 2.0 1.093 2.0 1.093 2.0 1 0 False 6 7.2 0 60.0 1 3203030 3203031 32200.0 32210.0 A A N
32 3 4 FI 167.44 580.03 1 6 167.4 483.4 251.2 531.6 251.2 628.4 167.5 676.7 83.7 628.3 83.7 531.7 167.4 483.4 1 0 1.012 2.0 1.042 2.0 1.044 2.0 3 0 False 6 7.2 0 73.898 1 3203040 3203041 32200.0 32210.0 A A N
32 3 5 FI 83.72 725.04 1 6 83.7 628.3 167.5 676.7 167.4 773.4 83.7 821.8 0.0 773.4 -0.1 676.7 83.7 628.3 1 0 0.857 2.0 0.825 1.0 0.828 1.0 3 0 False 6 7.2 0 83.413 1 3203050 3203051 32200.0 32210.0 A A N
32 3 6 FO 0.0 870.04 5 6 0.0 773.4 83.7 821.8 83.7 918.4 -0.0 966.7 -83.7 918.4 -83.7 821.8 0.0 773.4 1 1 0.788 2.0 0.433 1.0 0.392 1.0 17 1 False 3 3.6 0 90.0 0 3203060 3203060 32300.0 32310.0 A A N
32 3 7 FO -83.72 1015.05 5 6 -83.7 918.4 -0.0 966.7 -0.0 1063.4 -83.8 1111.7 -167.4 1063.4 -167.5 966.8 -83.7 918.4 1 1 0.718 2.0 0.308 1.0 0.286 1.0 17 1 False 3 3.6 0 94.715 0 3203070 3203070 32300.0 32310.0 A A N
32 3 8 FO -167.44 1160.06 5 6 -167.4 1063.4 -83.8 1111.7 -83.7 1208.4 -167.5 1256.7 -251.2 1208.4 -251.2 1111.7 -167.4 1063.4 1 1 0.702 2.0 0.265 1.0 0.254 1.0 17 1 False 3 3.6 0 98.213 0 3203080 3203080 32300.0 32310.0 A A E
32 3 9 FO -251.17 1305.07 5 6 -251.2 1208.4 -167.5 1256.7 -167.4 1353.4 -251.2 1401.8 -334.9 1353.4 -334.9 1256.7 -251.2 1208.4 1 1 0.678 2.0 0.244 1.0 0.239 1.0 17 0 True 3 3.6 0 100.894 0 3203090 3203090 32300.0 32310.0 A A W
32 3 10 FO -334.88 1450.09 5 6 -334.9 1353.4 -251.2 1401.8 -251.1 1498.4 -334.9 1546.8 -418.6 1498.4 -418.6 1401.7 -334.9 1353.4 1 1 0.666 2.0 0.231 1.0 0.229 1.0 17 0 False 3 3.6 0 103.004 0 3203100 3203100 32300.0 32310.0 A A N
32 3 11 FO -418.6 1595.09 5 6 -418.6 1498.4 -334.9 1546.8 -334.9 1643.4 -418.6 1691.8 -502.3 1643.4 -502.3 1546.8 -418.6 1498.4 1 1 0.657 2.0 0.227 1.0 0.225 1.0 17 0 False 3 3.6 0 104.705 0 3203110 3203110 32300.0 32310.0 A A N
32 3 12 aOe -502.32 1740.1 2 4 -418.6 1788.4 -586.0 1691.8 -502.3 1643.4 -418.6 1691.8 -418.6 1788.4 0.0 0.0 0.0 0.0 0 1 0.655 1.0 0.149 1.0 0.149 1.0 17 0 False 3 3.6 0 106.102 0 3203120 3203120 32300.0 32310.0 A A N
32 4 0 FI 669.76 -0.0 0 6 669.8 -96.7 753.5 -48.3 753.5 48.3 669.8 96.7 586.1 48.3 586.1 -48.3 669.8 -96.7 0 0 0.0 2.0 0.36 1.0 0.36 1.0 0 0 True 6 7.2 0 -0.0 1 3204000 3204001 32000.0 32010.0 A A N
32 4 1 FI 586.04 145.01 0 6 586.1 48.3 669.8 96.7 669.8 193.3 586.0 241.7 502.4 193.3 502.3 96.7 586.1 48.3 0 0 0.909 2.0 0.898 1.0 0.897 1.0 2 0 False 6 7.2 0 13.898 1 3204010 3204011 32000.0 32010.0 A A N
32 4 2 FI 502.32 290.01 1 6 502.4 193.3 586.0 241.7 586.1 338.3 502.3 386.6 418.6 338.4 418.6 241.7 502.4 193.3 0 1 0.951 2.0 1.013 2.0 1.018 2.0 4 0 False 6 7.2 0 30.0 1 3204020 3204021 32100.0 32110.0 A A N
32 4 3 FI 418.6 435.02 1 6 418.6 338.4 502.3 386.6 502.3 483.4 418.6 531.7 334.8 483.3 334.9 386.7 418.6 338.4 0 1 0.974 2.0 1.012 2.0 1.017 2.0 6 0 False 6 7.2 0 46.102 1 3204030 3204031 32100.0 32110.0 A A N
32 4 4 FI 334.88 580.03 1 6 334.8 483.3 418.6 531.7 418.6 628.4 334.9 676.7 251.2 628.4 251.2 531.6 334.8 483.3 1 0 0.898 2.0 0.896 1.0 0.896 1.0 1 0 True 6 7.2 0 60.0 1 3204040 3204041 32200.0 32210.0 A A N
32 4 5 FI 251.16 725.04 1 6 251.2 628.4 334.9 676.7 334.9 773.4 251.2 821.7 167.4 773.4 167.5 676.7 251.2 628.4 1 0 0.837 2.0 0.752 1.0 0.755 1.0 3 0 True 6 7.2 0 70.893 1 3204050 3204051 32200.0 32210.0 A A N
32 4 6 FO 167.44 870.05 1 6 167.4 773.4 251.2 821.7 251.1 918.4 167.4 966.7 83.7 918.4 83.7 821.8 167.4 773.4 1 0 0.76 2.0 0.426 1.0 0.385 1.0 13 0 False 3 3.6 0 79.107 0 3204060 3204060 32200.0 32210.0 A A N
32 4 7 FO 83.72 1015.05 1 6 83.7 918.4 167.4 966.7 167.4 1063.4 83.7 1111.7 -0.0 1063.4 -0.0 966.7 83.7 918.4 1 0 0.74 2.0 0.314 1.0 0.29 1.0 15 0 False 3 3.6 0 85.285 0 3204070 3204070 32200.0 32210.0 A A N
32 4 8 FO -0.0 1160.06 5 6 -0.0 1063.4 83.7 1111.7 83.7 1208.4 -0.0 1256.8 -83.7 1208.4 -83.8 1111.7 -0.0 1063.4 1 1 0.708 2.0 0.268 1.0 0.257 1.0 23 1 False 3 3.6 0 90.0 0 3204080 3204080 32300.0 32310.0 A A N
32 4 9 FO -83.72 1305.08 5 6 -83.7 1208.4 -0.0 1256.8 0.0 1353.4 -83.7 1401.8 -167.4 1353.4 -167.5 1256.7 -83.7 1208.4 1 1 0.684 2.0 0.246 1.0 0.24 1.0 23 1 False 3 3.6 0 93.67 0 3204090 3204090 32300.0 32310.0 A A E
32 4 10 FO -167.44 1450.08 5 6 -167.4 1353.4 -83.7 1401.8 -83.7 1498.4 -167.5 1546.8 -251.1 1498.4 -251.2 1401.8 -167.4 1353.4 1 1 0.672 2.0 0.232 1.0 0.229 1.0 23 0 True 3 3.6 0 96.587 0 3204100 3204100 32300.0 32310.0 A A W
32 4 11 FO -251.16 1595.09 5 6 -251.1 1498.4 -167.5 1546.8 -167.4 1643.4 -251.2 1691.7 -334.9 1643.4 -334.9 1546.8 -251.1 1498.4 1 1 0.663 2.0 0.226 1.0 0.224 1.0 23 0 False 3 3.6 0 98.948 0 3204110 3204110 32300.0 32310.0 A A N
32 4 12 bOe -334.88 1740.1 2 5 -251.1 1788.5 -418.6 1788.4 -418.6 1691.8 -334.9 1643.4 -251.2 1691.7 -251.1 1788.5 0.0 0.0 0 1 0.661 1.0 0.198 1.0 0.198 1.0 23 0 False 3 3.6 0 100.893 0 3204120 3204120 32300.0 32310.0 A A N
32 5 0 FM 837.2 -0.0 0 6 837.2 -96.7 920.9 -48.3 920.9 48.3 837.2 96.7 753.5 48.3 753.5 -48.3 837.2 -96.7 0 0 0.0 2.0 0.216 1.0 0.216 1.0 8 0 False 3 3.6 0 -0.0 0 3205000 3205000 32000.0 32010.0 A A N
32 5 1 FI 753.48 145.01 0 6 753.5 48.3 837.2 96.7 837.2 193.3 753.5 241.6 669.8 193.3 669.8 96.7 753.5 48.3 0 0 0.793 2.0 0.637 1.0 0.64 1.0 2 0 True 6 7.2 0 10.894 1 3205010 3205011 32000.0 32010.0 A A N
32 5 2 FI 669.76 290.02 0 6 669.8 193.3 753.5 241.6 753.5 338.4 669.8 386.7 586.1 338.3 586.0 241.7 669.8 193.3 0 0 0.806 2.0 0.73 1.0 0.734 1.0 2 0 False 6 7.2 0 23.414 1 3205020 3205021 32000.0 32010.0 A A N
32 5 3 FI 586.04 435.02 1 6 586.1 338.3 669.8 386.7 669.8 483.4 586.1 531.7 502.3 483.4 502.3 386.6 586.1 338.3 0 1 0.825 2.0 0.752 1.0 0.757 1.0 4 0 True 6 7.2 0 36.587 1 3205030 3205031 32100.0 32110.0 A A N
32 5 4 FI 502.32 580.03 1 6 502.3 483.4 586.1 531.7 586.0 628.4 502.3 676.7 418.6 628.4 418.6 531.7 502.3 483.4 0 1 0.805 2.0 0.726 1.0 0.729 1.0 6 0 True 6 7.2 0 49.107 1 3205040 3205041 32100.0 32110.0 A A N
32 5 5 FM 418.6 725.04 1 6 418.6 628.4 502.3 676.7 502.3 773.4 418.6 821.7 334.9 773.4 334.9 676.7 418.6 628.4 1 0 0.8 2.0 0.454 1.0 0.41 1.0 9 0 False 3 3.6 0 60.0 0 3205050 3205050 32200.0 32210.0 A A N
32 5 6 FO 334.88 870.05 1 6 334.9 773.4 418.6 821.7 418.6 918.4 334.9 966.7 251.1 918.4 251.2 821.7 334.9 773.4 1 0 0.763 2.0 0.377 1.0 0.341 1.0 11 0 False 3 3.6 0 68.948 0 3205060 3205060 32200.0 32210.0 A A N
32 5 7 FO 251.16 1015.05 1 6 251.1 918.4 334.9 966.7 334.9 1063.4 251.1 1111.8 167.4 1063.4 167.4 966.7 251.1 918.4 1 0 0.724 2.0 0.301 1.0 0.28 1.0 13 0 False 3 3.6 0 76.102 0 3205070 3205070 32200.0 32210.0 A A N
32 5 8 FO 167.45 1160.07 1 6 167.4 1063.4 251.1 1111.8 251.2 1208.4 167.4 1256.8 83.7 1208.4 83.7 1111.7 167.4 1063.4 1 0 0.706 2.0 0.263 1.0 0.253 1.0 15 0 False 3 3.6 0 81.786 0 3205080 3205080 32200.0 32210.0 A A N
32 5 9 FO 83.72 1305.07 1 6 83.7 1208.4 167.4 1256.8 167.4 1353.4 83.7 1401.8 0.0 1353.4 -0.0 1256.8 83.7 1208.4 1 0 0.681 2.0 0.245 1.0 0.239 1.0 22 0 False 3 3.6 0 86.33 0 3205090 3205090 32201.0 32210.0 B A N
32 5 10 FO 0.0 1450.08 5 6 0.0 1353.4 83.7 1401.8 83.7 1498.4 -0.0 1546.7 -83.7 1498.4 -83.7 1401.8 0.0 1353.4 1 1 0.679 2.0 0.236 1.0 0.233 1.0 27 1 False 3 3.6 0 90.0 0 3205100 3205100 32301.0 32310.0 B A E
32 5 11 FOe -83.72 1595.09 5 6 -83.7 1498.4 -0.0 1546.7 -0.0 1643.4 -83.8 1691.7 -167.4 1643.4 -167.5 1546.8 -83.7 1498.4 1 1 0.663 2.0 0.229 1.0 0.227 1.0 27 0 True 3 3.6 0 93.004 0 3205110 3205110 32301.0 32310.0 B A W
32 5 12 bOe -167.44 1740.1 2 5 -83.7 1788.5 -251.2 1788.4 -251.2 1691.7 -167.4 1643.4 -83.8 1691.7 -83.7 1788.5 0.0 0.0 1 1 0.662 1.0 0.197 1.0 0.197 1.0 27 0 False 3 3.6 0 95.496 0 3205120 3205120 32301.0 32310.0 B A N
32 6 0 FO 1004.65 -0.0 0 6 1004.7 -96.7 1088.3 -48.3 1088.4 48.3 1004.6 96.6 920.9 48.3 920.9 -48.3 1004.7 -96.7 0 0 0.0 2.0 0.216 1.0 0.216 1.0 8 0 False 3 3.6 0 -0.0 0 3206000 3206000 32000.0 32010.0 A A N
32 6 1 FO 920.92 145.01 0 6 920.9 48.3 1004.6 96.6 1004.7 193.4 920.9 241.7 837.2 193.3 837.2 96.7 920.9 48.3 0 0 0.735 2.0 0.315 1.0 0.29 1.0 10 0 False 3 3.6 0 8.948 0 3206010 3206010 32000.0 32010.0 A A N
32 6 2 FO 837.2 290.01 0 6 837.2 193.3 920.9 241.7 921.0 338.4 837.2 386.7 753.5 338.4 753.5 241.6 837.2 193.3 0 0 0.75 2.0 0.359 1.0 0.326 1.0 12 0 False 3 3.6 0 19.106 0 3206020 3206020 32000.0 32010.0 A A N
32 6 3 FO 753.48 435.02 4 6 753.5 338.4 837.2 386.7 837.2 483.3 753.5 531.7 669.8 483.4 669.8 386.7 753.5 338.4 0 1 0.761 2.0 0.374 1.0 0.34 1.0 16 1 False 3 3.6 0 30.0 0 3206030 3206030 32100.0 32110.0 A A N
32 6 4 FO 669.76 580.03 4 6 669.8 483.4 753.5 531.7 753.5 628.3 669.8 676.7 586.0 628.4 586.1 531.7 669.8 483.4 0 1 0.763 2.0 0.382 1.0 0.348 1.0 18 1 False 3 3.6 0 40.893 0 3206040 3206040 32100.0 32110.0 A A N
32 6 5 FO 586.04 725.04 4 6 586.0 628.4 669.8 676.7 669.7 773.4 586.0 821.7 502.3 773.4 502.3 676.7 586.0 628.4 0 1 0.769 2.0 0.36 1.0 0.327 1.0 20 1 False 3 3.6 0 51.052 0 3206050 3206050 32100.0 32110.0 A A N
32 6 6 FO 502.32 870.04 1 6 502.3 773.4 586.0 821.7 586.0 918.4 502.4 966.7 418.6 918.4 418.6 821.7 502.3 773.4 1 0 0.73 2.0 0.319 1.0 0.294 1.0 9 0 False 3 3.6 0 60.0 0 3206060 3206060 32200.0 32210.0 A A N
32 6 7 FO 418.6 1015.06 1 6 418.6 918.4 502.4 966.7 502.3 1063.4 418.6 1111.7 334.9 1063.4 334.9 966.7 418.6 918.4 1 0 0.727 2.0 0.278 1.0 0.263 1.0 11 0 False 3 3.6 0 67.589 0 3206070 3206070 32200.0 32210.0 A A N
32 6 8 FO 334.88 1160.07 1 6 334.9 1063.4 418.6 1111.7 418.6 1208.4 334.8 1256.8 251.2 1208.4 251.1 1111.8 334.9 1063.4 1 0 0.705 2.0 0.256 1.0 0.248 1.0 13 0 True 3 3.6 0 73.898 0 3206080 3206080 32200.0 32210.0 A A W
32 6 9 FO 251.17 1305.07 1 6 251.2 1208.4 334.8 1256.8 334.9 1353.4 251.1 1401.7 167.4 1353.4 167.4 1256.8 251.2 1208.4 1 0 0.681 2.0 0.244 1.0 0.239 1.0 15 0 True 3 3.6 0 79.106 0 3206090 3206090 32200.0 32210.0 A A W
32 6 10 FO 167.44 1450.08 1 6 167.4 1353.4 251.1 1401.7 251.1 1498.4 167.4 1546.7 83.7 1498.4 83.7 1401.8 167.4 1353.4 1 0 0.678 2.0 0.233 1.0 0.23 1.0 22 0 True 3 3.6 0 83.413 0 3206100 3206100 32201.0 32210.0 B A W
32 6 11 FOe 83.72 1595.09 5 6 83.7 1498.4 167.4 1546.7 167.5 1643.5 83.7 1691.8 -0.0 1643.4 -0.0 1546.7 83.7 1498.4 1 0 0.661 2.0 0.229 1.0 0.227 1.0 22 0 False 3 3.6 0 86.996 0 3206110 3206110 32201.0 32210.0 B A N
32 7 0 FO 1172.09 -0.0 0 6 1172.1 -96.7 1255.8 -48.4 1255.8 48.4 1172.1 96.7 1088.4 48.3 1088.3 -48.3 1172.1 -96.7 0 0 0.0 2.0 0.216 1.0 0.216 1.0 8 0 True 3 3.6 0 -0.0 0 3207000 3207000 32000.0 32010.0 A A W
32 7 1 FO 1088.37 145.0 0 6 1088.4 48.3 1172.1 96.7 1172.1 193.4 1088.4 241.7 1004.7 193.4 1004.6 96.6 1088.4 48.3 0 0 0.701 2.0 0.262 1.0 0.253 1.0 10 0 False 3 3.6 0 7.589 0 3207010 3207010 32000.0 32010.0 A A N
32 7 2 FO 1004.64 290.01 0 6 1004.7 193.4 1088.4 241.7 1088.4 338.3 1004.6 386.7 921.0 338.4 920.9 241.7 1004.7 193.4 0 0 0.704 2.0 0.272 1.0 0.259 1.0 12 0 False 3 3.6 0 16.102 0 3207020 3207020 32000.0 32010.0 A A N
32 7 3 FO 920.92 435.02 0 6 921.0 338.4 1004.6 386.7 1004.7 483.3 920.9 531.7 837.2 483.3 837.2 386.7 921.0 338.4 0 0 0.725 2.0 0.288 1.0 0.271 1.0 14 0 False 3 3.6 0 25.285 0 3207030 3207030 32000.0 32010.0 A A N
32 7 4 FO 837.2 580.03 4 6 837.2 483.3 920.9 531.7 920.9 628.3 837.2 676.7 753.5 628.3 753.5 531.7 837.2 483.3 0 1 0.723 2.0 0.292 1.0 0.274 1.0 16 1 False 3 3.6 0 34.715 0 3207040 3207040 32100.0 32110.0 A A N
32 7 5 FO 753.48 725.03 4 6 753.5 628.3 837.2 676.7 837.3 773.4 753.5 821.7 669.7 773.4 669.8 676.7 753.5 628.3 0 1 0.731 2.0 0.288 1.0 0.271 1.0 18 1 False 3 3.6 0 43.898 0 3207050 3207050 32100.0 32110.0 A A N
32 7 6 FO 669.77 870.05 4 6 669.7 773.4 753.5 821.7 753.5 918.4 669.8 966.7 586.0 918.4 586.0 821.7 669.7 773.4 0 1 0.716 2.0 0.278 1.0 0.264 1.0 20 1 False 3 3.6 0 52.411 0 3207060 3207060 32100.0 32110.0 A A E
32 7 7 FO 586.04 1015.06 1 6 586.0 918.4 669.8 966.7 669.7 1063.4 586.1 1111.7 502.3 1063.4 502.4 966.7 586.0 918.4 1 0 0.697 2.0 0.26 1.0 0.251 1.0 9 0 True 3 3.6 0 60.0 0 3207070 3207070 32200.0 32210.0 A A W
32 7 8 FO 502.32 1160.07 1 6 502.3 1063.4 586.1 1111.7 586.0 1208.4 502.3 1256.7 418.6 1208.4 418.6 1111.7 502.3 1063.4 1 0 0.685 2.0 0.25 1.0 0.243 1.0 11 0 True 3 3.6 0 66.587 0 3207080 3207080 32200.0 32210.0 A A W
32 7 9 FO 418.6 1305.08 1 6 418.6 1208.4 502.3 1256.7 502.3 1353.4 418.5 1401.7 334.9 1353.4 334.8 1256.8 418.6 1208.4 1 0 0.671 2.0 0.238 1.0 0.234 1.0 13 1 False 3 3.6 0 72.217 0 3207090 3207090 32200.0 32210.0 A A E
32 7 10 FO 334.89 1450.08 1 6 334.9 1353.4 418.5 1401.7 418.6 1498.5 334.9 1546.8 251.1 1498.4 251.1 1401.7 334.9 1353.4 1 0 0.665 2.0 0.23 1.0 0.228 1.0 15 1 False 3 3.6 0 76.996 0 3207100 3207100 32200.0 32210.0 A A E
32 7 11 FO 251.16 1595.09 1 6 251.1 1498.4 334.9 1546.8 334.9 1643.4 251.1 1691.8 167.5 1643.5 167.4 1546.7 251.1 1498.4 1 0 0.661 2.0 0.226 1.0 0.225 1.0 22 1 False 3 3.6 0 81.052 0 3207110 3207110 32201.0 32210.0 B A E
32 7 12 bOe 167.44 1740.1 2 5 251.2 1788.4 83.7 1788.4 83.7 1691.8 167.5 1643.5 251.1 1691.8 251.2 1788.4 0.0 0.0 1 0 0.655 1.0 0.197 1.0 0.197 1.0 22 1 False 3 3.6 0 84.504 0 3207120 3207120 32201.0 32210.0 B A N
32 8 0 FO 1339.52 -0.0 0 6 1339.5 -96.7 1423.2 -48.3 1423.3 48.4 1339.5 96.7 1255.8 48.4 1255.8 -48.4 1339.5 -96.7 0 0 0.0 2.0 0.216 1.0 0.216 1.0 8 1 False 3 3.6 0 -0.0 0 3208000 3208000 32000.0 32010.0 A A E
32 8 1 FO 1255.81 145.0 0 6 1255.8 48.4 1339.5 96.7 1339.5 193.3 1255.8 241.7 1172.1 193.4 1172.1 96.7 1255.8 48.4 0 0 0.675 2.0 0.241 1.0 0.236 1.0 10 0 True 3 3.6 0 6.586 0 3208010 3208010 32000.0 32010.0 A A W
32 8 2 FO 1172.09 290.01 0 6 1172.1 193.4 1255.8 241.7 1255.8 338.3 1172.1 386.7 1088.4 338.3 1088.4 241.7 1172.1 193.4 0 0 0.68 2.0 0.247 1.0 0.241 1.0 12 0 True 3 3.6 0 13.898 0 3208020 3208020 32000.0 32010.0 A A W
32 8 3 FO 1088.36 435.02 0 6 1088.4 338.3 1172.1 386.7 1172.1 483.3 1088.3 531.7 1004.7 483.3 1004.6 386.7 1088.4 338.3 0 0 0.693 2.0 0.253 1.0 0.246 1.0 14 0 False 3 3.6 0 21.787 0 3208030 3208030 32000.0 32010.0 A A N
32 8 4 FO 1004.64 580.03 4 6 1004.7 483.3 1088.3 531.7 1088.4 628.4 1004.7 676.7 920.9 628.3 920.9 531.7 1004.7 483.3 0 1 0.703 2.0 0.259 1.0 0.25 1.0 25 1 False 3 3.6 0 30.0 0 3208040 3208040 32100.0 32110.0 A A N
32 8 5 FO 920.92 725.05 4 6 920.9 628.3 1004.7 676.7 1004.7 773.4 920.9 821.7 837.3 773.4 837.2 676.7 920.9 628.3 0 1 0.696 2.0 0.259 1.0 0.249 1.0 16 1 False 3 3.6 0 38.214 0 3208050 3208050 32100.0 32110.0 A A E
32 8 6 FO 837.21 870.05 4 6 837.3 773.4 920.9 821.7 921.0 918.4 837.2 966.7 753.5 918.4 753.5 821.7 837.3 773.4 0 1 0.695 2.0 0.253 1.0 0.245 1.0 18 1 False 3 3.6 0 46.102 0 3208060 3208060 32100.0 32110.0 A A E
32 8 7 FO 753.49 1015.06 4 6 753.5 918.4 837.2 966.7 837.2 1063.4 753.5 1111.7 669.7 1063.4 669.8 966.7 753.5 918.4 0 1 0.698 2.0 0.248 1.0 0.242 1.0 20 0 True 3 3.6 0 53.413 0 3208070 3208070 32100.0 32110.0 A A W
32 8 8 FO 669.76 1160.07 1 6 669.7 1063.4 753.5 1111.7 753.4 1208.4 669.8 1256.7 586.0 1208.4 586.1 1111.7 669.7 1063.4 1 0 0.679 2.0 0.243 1.0 0.238 1.0 9 1 False 3 3.6 0 60.0 0 3208080 3208080 32200.0 32210.0 A A E
32 8 9 FO 586.04 1305.08 1 6 586.0 1208.4 669.8 1256.7 669.8 1353.5 586.1 1401.8 502.3 1353.4 502.3 1256.7 586.0 1208.4 1 0 0.669 2.0 0.234 1.0 0.231 1.0 11 1 False 3 3.6 0 65.818 0 3208090 3208090 32200.0 32210.0 A A E
32 8 10 FO 502.32 1450.08 1 6 502.3 1353.4 586.1 1401.8 586.0 1498.4 502.3 1546.8 418.6 1498.5 418.5 1401.7 502.3 1353.4 1 0 0.668 2.0 0.23 1.0 0.228 1.0 13 1 False 3 3.6 0 70.893 0 3208100 3208100 32200.0 32210.0 A A N
32 8 11 FO 418.61 1595.09 1 6 418.6 1498.5 502.3 1546.8 502.3 1643.4 418.6 1691.8 334.9 1643.4 334.9 1546.8 418.6 1498.5 1 0 0.665 2.0 0.226 1.0 0.225 1.0 15 1 False 3 3.6 0 75.295 0 3208110 3208110 32200.0 32210.0 A A N
32 8 12 bOe 334.88 1740.1 2 5 418.6 1788.4 251.2 1788.4 251.1 1691.8 334.9 1643.4 418.6 1691.8 418.6 1788.4 0.0 0.0 0 0 0.658 1.0 0.198 1.0 0.198 1.0 22 1 False 3 3.6 0 79.107 0 3208120 3208120 32201.0 32210.0 B A N
32 9 0 FO 1506.96 -0.0 0 6 1507.0 -96.6 1590.7 -48.3 1590.7 48.3 1506.9 96.7 1423.3 48.4 1423.2 -48.3 1507.0 -96.6 0 0 0.0 2.0 0.216 1.0 0.216 1.0 8 1 False 3 3.6 0 -0.0 0 3209000 3209000 32000.0 32010.0 A A N
32 9 1 FO 1423.24 145.01 0 6 1423.3 48.4 1506.9 96.7 1507.0 193.3 1423.2 241.7 1339.5 193.3 1339.5 96.7 1423.3 48.4 0 0 0.667 2.0 0.23 1.0 0.228 1.0 10 1 False 3 3.6 0 5.818 0 3209010 3209010 32000.0 32010.0 A A E
32 9 2 FO 1339.53 290.01 0 6 1339.5 193.3 1423.2 241.7 1423.2 338.3 1339.5 386.7 1255.8 338.3 1255.8 241.7 1339.5 193.3 0 0 0.67 2.0 0.234 1.0 0.231 1.0 12 1 False 3 3.6 0 12.216 0 3209020 3209020 32000.0 32010.0 A A E
32 9 3 FO 1255.81 435.02 0 6 1255.8 338.3 1339.5 386.7 1339.6 483.4 1255.8 531.7 1172.1 483.3 1172.1 386.7 1255.8 338.3 0 0 0.674 2.0 0.237 1.0 0.233 1.0 14 0 True 3 3.6 0 19.106 0 3209030 3209030 32000.0 32010.0 A A W
32 9 4 FO 1172.09 580.04 0 6 1172.1 483.3 1255.8 531.7 1255.8 628.4 1172.1 676.7 1088.4 628.4 1088.3 531.7 1172.1 483.3 0 0 0.679 2.0 0.24 1.0 0.235 1.0 24 0 False 3 3.6 0 26.33 0 3209040 3209040 32001.0 32010.0 B A N
32 9 5 FO 1088.37 725.04 4 6 1088.4 628.4 1172.1 676.7 1172.1 773.4 1088.4 821.7 1004.7 773.4 1004.7 676.7 1088.4 628.4 0 1 0.675 2.0 0.242 1.0 0.237 1.0 25 1 False 3 3.6 0 33.67 0 3209050 3209050 32100.0 32110.0 A A E
32 9 6 FO 1004.64 870.05 4 6 1004.7 773.4 1088.4 821.7 1088.4 918.3 1004.6 966.7 921.0 918.4 920.9 821.7 1004.7 773.4 0 1 0.67 2.0 0.241 1.0 0.237 1.0 16 0 True 3 3.6 0 40.894 0 3209060 3209060 32100.0 32110.0 A A W
32 9 7 FO 920.93 1015.06 4 6 921.0 918.4 1004.6 966.7 1004.7 1063.3 920.9 1111.7 837.2 1063.4 837.2 966.7 921.0 918.4 0 1 0.684 2.0 0.237 1.0 0.233 1.0 18 0 True 3 3.6 0 47.784 0 3209070 3209070 32100.0 32110.0 A A W
32 9 8 FO 837.21 1160.07 4 6 837.2 1063.4 920.9 1111.7 920.9 1208.5 837.2 1256.8 753.4 1208.4 753.5 1111.7 837.2 1063.4 0 1 0.673 2.0 0.233 1.0 0.231 1.0 20 0 False 3 3.6 0 54.182 0 3209080 3209080 32100.0 32110.0 A A N
32 9 9 FO 753.48 1305.07 1 6 753.4 1208.4 837.2 1256.8 837.2 1353.4 753.5 1401.7 669.8 1353.5 669.8 1256.7 753.4 1208.4 1 0 0.666 2.0 0.229 1.0 0.228 1.0 9 1 False 3 3.6 0 60.0 0 3209090 3209090 32200.0 32210.0 A A N
32 9 10 FO 669.76 1450.08 1 6 669.8 1353.5 753.5 1401.7 753.5 1498.4 669.8 1546.7 586.0 1498.4 586.1 1401.8 669.8 1353.5 1 0 0.664 2.0 0.228 1.0 0.226 1.0 11 1 False 3 3.6 0 65.209 0 3209100 3209100 32200.0 32210.0 A A N
32 9 11 FOe 586.04 1595.09 1 6 586.0 1498.4 669.8 1546.7 669.7 1643.4 586.0 1691.8 502.3 1643.4 502.3 1546.8 586.0 1498.4 1 0 0.663 2.0 0.227 1.0 0.225 1.0 13 1 False 3 3.6 0 69.827 0 3209110 3209110 32200.0 32210.0 A A N
32 9 12 aOe 502.33 1740.1 1 4 586.1 1691.7 418.6 1788.4 418.6 1691.8 502.3 1643.4 586.1 1691.7 0.0 0.0 0.0 0.0 0 0 0.658 1.0 0.148 1.0 0.148 1.0 15 1 False 3 3.6 0 73.898 0 3209120 3209120 32200.0 32210.0 A A N
32 10 0 aOe 1674.41 -0.0 5 4 1590.7 -48.3 1758.1 48.3 1674.4 96.7 1590.7 48.3 1590.7 -48.3 0.0 0.0 0.0 0.0 0 0 0.0 0.0 0.144 1.0 0.144 1.0 8 1 False 3 3.6 0 -0.0 0 3210000 3210000 32000.0 32010.0 A A N
32 10 1 FO 1590.68 145.01 0 6 1590.7 48.3 1674.4 96.7 1674.4 193.3 1590.6 241.7 1507.0 193.3 1506.9 96.7 1590.7 48.3 0 0 0.662 2.0 0.225 1.0 0.224 1.0 10 1 False 3 3.6 0 5.209 0 3210010 3210010 32000.0 32010.0 A A N
32 10 2 FO 1506.96 290.01 0 6 1507.0 193.3 1590.6 241.7 1590.7 338.4 1507.0 386.7 1423.2 338.3 1423.2 241.7 1507.0 193.3 0 0 0.659 2.0 0.229 1.0 0.228 1.0 12 1 False 3 3.6 0 10.893 0 3210020 3210020 32000.0 32010.0 A A N
32 10 3 FO 1423.25 435.03 0 6 1423.2 338.3 1507.0 386.7 1507.0 483.4 1423.2 531.7 1339.6 483.4 1339.5 386.7 1423.2 338.3 0 0 0.66 2.0 0.227 1.0 0.226 1.0 14 1 False 3 3.6 0 16.996 0 3210030 3210030 32000.0 32010.0 A A E
32 10 4 FO 1339.53 580.03 0 6 1339.6 483.4 1423.2 531.7 1423.3 628.4 1339.5 676.7 1255.8 628.4 1255.8 531.7 1339.6 483.4 0 0 0.671 2.0 0.231 1.0 0.229 1.0 24 0 True 3 3.6 0 23.413 0 3210040 3210040 32001.0 32010.0 B A W
32 10 5 FO 1255.81 725.04 4 6 1255.8 628.4 1339.5 676.7 1339.5 773.3 1255.8 821.7 1172.1 773.4 1172.1 676.7 1255.8 628.4 0 1 0.667 2.0 0.231 1.0 0.228 1.0 26 1 False 3 3.6 0 30.0 0 3210050 3210050 32101.0 32110.0 B A E
32 10 6 FO 1172.09 870.05 4 6 1172.1 773.4 1255.8 821.7 1255.8 918.3 1172.1 966.7 1088.4 918.3 1088.4 821.7 1172.1 773.4 0 1 0.666 2.0 0.232 1.0 0.23 1.0 25 0 True 3 3.6 0 36.587 0 3210060 3210060 32100.0 32110.0 A A W
32 10 7 FO 1088.36 1015.06 4 6 1088.4 918.3 1172.1 966.7 1172.1 1063.4 1088.4 1111.8 1004.7 1063.3 1004.6 966.7 1088.4 918.3 0 1 0.664 2.0 0.231 1.0 0.229 1.0 16 0 False 3 3.6 0 43.004 0 3210070 3210070 32100.0 32110.0 A A N
32 10 8 FO 1004.65 1160.06 4 6 1004.7 1063.3 1088.4 1111.8 1088.4 1208.4 1004.7 1256.7 920.9 1208.5 920.9 1111.7 1004.7 1063.3 0 1 0.665 2.0 0.229 1.0 0.228 1.0 18 0 False 3 3.6 0 49.106 0 3210080 3210080 32100.0 32110.0 A A N
32 10 9 FOe 920.93 1305.07 4 6 920.9 1208.5 1004.7 1256.7 1004.6 1353.4 920.9 1401.7 837.2 1353.4 837.2 1256.8 920.9 1208.5 0 1 0.664 2.0 0.227 1.0 0.226 1.0 20 0 False 3 3.6 0 54.791 0 3210090 3210090 32100.0 32110.0 A A N
32 10 10 aOe 837.2 1450.08 0 4 837.2 1353.4 837.2 1546.7 753.5 1498.4 753.5 1401.7 837.2 1353.4 0.0 0.0 0.0 0.0 0 0 0.655 1.0 0.15 1.0 0.15 1.0 9 1 False 3 3.6 0 60.0 0 3210100 3210100 32200.0 32210.0 A A N
32 10 11 aOe 753.48 1595.09 1 4 837.2 1546.7 669.7 1643.4 669.8 1546.7 753.5 1498.4 837.2 1546.7 0.0 0.0 0.0 0.0 0 0 0.651 1.0 0.147 1.0 0.147 1.0 11 1 False 3 3.6 0 64.715 0 3210110 3210110 32200.0 32210.0 A A N
32 11 1 aOe 1758.13 145.0 0 4 1758.1 48.3 1758.1 241.7 1674.4 193.3 1674.4 96.7 1758.1 48.3 0.0 0.0 0.0 0.0 0 0 0.645 1.0 0.144 1.0 0.144 1.0 10 1 False 3 3.6 0 4.715 0 3211010 3211010 32000.0 32010.0 A A N
32 11 2 FOe 1674.41 290.02 0 6 1674.4 193.3 1758.1 241.7 1758.1 338.4 1674.4 386.7 1590.7 338.4 1590.6 241.7 1674.4 193.3 0 0 0.657 2.0 0.222 1.0 0.221 1.0 12 1 False 3 3.6 0 9.827 0 3211020 3211020 32000.0 32010.0 A A N
32 11 3 FO 1590.69 435.03 0 6 1590.7 338.4 1674.4 386.7 1674.4 483.4 1590.7 531.7 1507.0 483.4 1507.0 386.7 1590.7 338.4 0 0 0.664 2.0 0.225 1.0 0.224 1.0 14 1 False 3 3.6 0 15.296 0 3211030 3211030 32000.0 32010.0 A A N
32 11 4 FO 1506.97 580.03 0 6 1507.0 483.4 1590.7 531.7 1590.7 628.3 1506.9 676.7 1423.3 628.4 1423.2 531.7 1507.0 483.4 0 0 0.666 2.0 0.229 1.0 0.227 1.0 24 1 False 3 3.6 0 21.052 0 3211040 3211040 32001.0 32010.0 B A E
32 11 5 FO 1423.25 725.04 4 6 1423.3 628.4 1506.9 676.7 1507.0 773.3 1423.2 821.7 1339.5 773.3 1339.5 676.7 1423.3 628.4 0 0 0.666 2.0 0.226 1.0 0.225 1.0 24 0 False 3 3.6 0 26.995 0 3211050 3211050 32001.0 32010.0 B A N
32 11 6 FO 1339.53 870.05 4 6 1339.5 773.3 1423.2 821.7 1423.3 918.4 1339.5 966.8 1255.8 918.3 1255.8 821.7 1339.5 773.3 0 1 0.658 2.0 0.251 1.0 0.251 1.0 26 0 True 3 3.6 0 33.004 0 3211060 3211060 32101.0 32110.0 B A W
32 11 7 FO 1255.81 1015.06 4 6 1255.8 918.3 1339.5 966.8 1339.6 1063.4 1255.8 1111.7 1172.1 1063.4 1172.1 966.7 1255.8 918.3 0 1 0.657 2.0 0.225 1.0 0.224 1.0 25 0 False 3 3.6 0 38.948 0 3211070 3211070 32100.0 32110.0 A A N
32 11 8 FO 1172.08 1160.07 4 6 1172.1 1063.4 1255.8 1111.7 1255.8 1208.4 1172.1 1256.7 1088.4 1208.4 1088.4 1111.8 1172.1 1063.4 0 1 0.662 2.0 0.226 1.0 0.225 1.0 16 0 False 3 3.6 0 44.705 0 3211080 3211080 32100.0 32110.0 A A N
32 11 9 FOe 1088.37 1305.07 4 6 1088.4 1208.4 1172.1 1256.7 1172.1 1353.4 1088.4 1401.7 1004.6 1353.4 1004.7 1256.7 1088.4 1208.4 0 1 0.661 2.0 0.251 1.0 0.251 1.0 18 0 False 3 3.6 0 50.173 0 3211090 3211090 32100.0 32110.0 A A N
32 11 10 cOe 1004.65 1450.08 1 3 1088.4 1401.7 920.9 1401.7 1004.6 1353.4 1088.4 1401.7 0.0 0.0 0.0 0.0 0.0 0.0 0 1 0.649 0.0 0.0 0.0 0.0 0.0 20 0 False 3 3.6 0 55.285 0 3211100 3211100 32100.0 32110.0 A A N
32 12 3 aOe 1758.13 435.03 0 4 1758.1 338.4 1758.1 531.7 1674.4 483.4 1674.4 386.7 1758.1 338.4 0.0 0.0 0.0 0.0 0 0 0.65 1.0 0.146 1.0 0.146 1.0 14 1 False 3 3.6 0 13.898 0 3212030 3212030 32000.0 32010.0 A A N
32 12 4 bOe 1674.41 580.04 1 5 1758.1 531.7 1674.4 676.8 1590.7 628.3 1590.7 531.7 1674.4 483.4 1758.1 531.7 0.0 0.0 0 0 0.659 1.0 0.195 1.0 0.195 1.0 24 1 False 3 3.6 0 19.107 0 3212040 3212040 32001.0 32010.0 B A N
32 12 5 bOe 1590.69 725.04 1 5 1674.4 676.7 1590.7 821.8 1507.0 773.3 1506.9 676.7 1590.7 628.3 1674.4 676.7 0.0 0.0 0 0 0.659 1.0 0.195 1.0 0.195 1.0 24 1 False 3 3.6 0 24.504 0 3212050 3212050 32001.0 32010.0 B A N
32 12 6 cOe 1506.97 870.05 0 3 1507.0 773.3 1423.3 918.4 1423.2 821.7 1507.0 773.3 0.0 0.0 0.0 0.0 0.0 0.0 0 1 0.658 0.0 0.0 0.0 0.0 0.0 26 0 False 3 3.6 0 30.0 0 3212060 3212060 32101.0 32110.0 B A N
32 12 7 bOe 1423.25 1015.06 1 5 1507.0 966.7 1423.2 1111.7 1339.6 1063.4 1339.5 966.8 1423.3 918.4 1507.0 966.7 0.0 0.0 0 1 0.651 1.0 0.195 1.0 0.195 1.0 26 0 False 3 3.6 0 35.496 0 3212070 3212070 32101.0 32110.0 B A N
32 12 8 bOe 1339.53 1160.07 1 5 1423.2 1111.7 1339.5 1256.7 1255.8 1208.4 1255.8 1111.7 1339.6 1063.4 1423.2 1111.7 0.0 0.0 0 1 0.657 1.0 0.196 1.0 0.196 1.0 25 0 False 3 3.6 0 40.893 0 3212080 3212080 32100.0 32110.0 A A N
32 12 9 aOe 1255.8 1305.08 1 4 1339.5 1256.7 1172.0 1353.4 1172.1 1256.7 1255.8 1208.4 1339.5 1256.7 0.0 0.0 0.0 0.0 0 1 0.656 1.0 0.146 1.0 0.146 1.0 16 0 False 3 3.6 0 46.102 0 3212090 3212090 32100.0 32110.0 A A N
33 1 3 FIe -83.72 435.02 2 6 -83.7 338.4 0.0 386.7 0.0 483.4 -83.7 531.7 -167.4 483.4 -167.4 386.7 -83.7 338.4 1 1 0.934 2.0 0.937 1.0 0.941 1.0 7 0 False 6 7.2 0 100.893 1 3301030 3301031 33300.0 33310.0 A A N
33 1 4 FI -167.44 580.03 2 6 -167.4 483.4 -83.7 531.7 -83.7 628.4 -167.4 676.7 -251.2 628.4 -251.2 531.7 -167.4 483.4 1 1 0.801 2.0 0.678 1.0 0.682 1.0 7 0 False 6 7.2 0 106.102 1 3301040 3301041 33300.0 33310.0 A A N
33 1 5 FI -251.16 725.04 2 6 -251.2 628.4 -167.4 676.7 -167.4 773.4 -251.2 821.7 -334.9 773.4 -334.9 676.7 -251.2 628.4 1 1 0.731 2.0 0.488 1.0 0.487 1.0 7 0 True 6 7.2 0 109.107 1 3301050 3301051 33300.0 33310.0 A A N
33 1 6 FO -334.88 870.05 5 6 -334.9 773.4 -251.2 821.7 -251.2 918.4 -334.9 966.7 -418.6 918.4 -418.6 821.7 -334.9 773.4 1 1 0.701 2.0 0.266 1.0 0.255 1.0 17 1 False 3 3.6 0 111.052 0 3301060 3301060 33300.0 33310.0 A A N
33 1 7 FO -418.6 1015.06 5 6 -418.6 918.4 -334.9 966.7 -334.9 1063.4 -418.6 1111.7 -502.3 1063.4 -502.3 966.7 -418.6 918.4 1 1 0.677 2.0 0.242 1.0 0.237 1.0 17 1 False 3 3.6 0 112.411 0 3301070 3301070 33300.0 33310.0 A A N
33 1 8 FO -502.32 1160.06 5 6 -502.3 1063.4 -418.6 1111.7 -418.6 1208.4 -502.3 1256.7 -586.0 1208.4 -586.0 1111.7 -502.3 1063.4 1 1 0.668 2.0 0.232 1.0 0.229 1.0 17 1 False 3 3.6 0 113.413 0 3301080 3301080 33300.0 33310.0 A A E
33 1 9 FO -586.04 1305.07 5 6 -586.0 1208.4 -502.3 1256.7 -502.3 1353.4 -586.0 1401.7 -669.8 1353.4 -669.8 1256.7 -586.0 1208.4 1 1 0.658 2.0 0.226 1.0 0.225 1.0 17 0 True 3 3.6 0 114.182 0 3301090 3301090 33300.0 33310.0 A A W
33 1 10 FOe -669.76 1450.08 5 6 -669.8 1353.4 -586.0 1401.7 -586.0 1498.4 -669.8 1546.8 -753.5 1498.4 -753.5 1401.7 -669.8 1353.4 1 1 0.655 2.0 0.223 1.0 0.222 1.0 17 0 False 3 3.6 0 114.791 0 3301100 3301100 33300.0 33310.0 A A N
33 1 11 FOe -753.48 1595.09 5 6 -753.5 1498.4 -669.8 1546.8 -669.8 1643.4 -753.5 1691.8 -837.2 1643.4 -837.2 1546.8 -753.5 1498.4 1 1 0.648 2.0 0.218 1.0 0.218 1.0 17 0 False 3 3.6 0 115.285 0 3301110 3301110 33300.0 33310.0 A A N
33 2 0 aIe 334.88 0.0 3 4 353.3 86.1 353.3 -86.1 418.6 -48.3 418.6 48.3 353.3 86.1 0.0 0.0 0.0 0.0 0 0 0.868 1.0 0.609 1.0 0.609 1.0 0 0 False 6 7.2 0 0.0 1 3302000 3302001 33000.0 33010.0 A A N
33 2 2 aIe 167.44 290.02 4 4 102.1 349.0 251.2 262.9 251.2 338.4 167.4 386.7 102.1 349.0 0.0 0.0 0.0 0.0 1 0 0.992 2.0 0.783 1.0 0.783 1.0 1 0 False 6 7.2 0 60.0 1 3302020 3302021 33200.0 33210.0 A A N
33 2 3 FIe 83.72 435.02 1 6 83.7 338.4 167.4 386.7 167.4 483.4 83.7 531.7 0.0 483.4 0.0 386.7 83.7 338.4 1 0 0.921 2.0 0.954 1.0 0.958 1.0 1 0 False 6 7.2 0 79.107 1 3302030 3302031 33200.0 33210.0 A A N
33 2 4 FI 0.0 580.03 2 6 0.0 483.4 83.7 531.7 83.7 628.4 0.0 676.7 -83.7 628.4 -83.7 531.7 0.0 483.4 1 1 0.793 2.0 0.701 1.0 0.704 1.0 5 0 False 6 7.2 0 90.0 1 3302040 3302041 33300.0 33310.0 A A N
33 2 5 FI -83.72 725.04 2 6 -83.7 628.4 0.0 676.7 0.0 773.4 -83.7 821.7 -167.4 773.4 -167.4 676.7 -83.7 628.4 1 1 0.743 2.0 0.513 1.0 0.512 1.0 5 0 True 6 7.2 0 96.587 1 3302050 3302051 33300.0 33310.0 A A N
33 2 6 FO -167.44 870.05 5 6 -167.4 773.4 -83.7 821.7 -83.7 918.4 -167.4 966.7 -251.2 918.4 -251.2 821.7 -167.4 773.4 1 1 0.699 2.0 0.273 1.0 0.26 1.0 15 1 False 3 3.6 0 100.893 0 3302060 3302060 33300.0 33310.0 A A N
33 2 7 FO -251.16 1015.06 5 6 -251.2 918.4 -167.4 966.7 -167.4 1063.4 -251.2 1111.7 -334.9 1063.4 -334.9 966.7 -251.2 918.4 1 1 0.674 2.0 0.247 1.0 0.24 1.0 15 1 False 3 3.6 0 103.898 0 3302070 3302070 33300.0 33310.0 A A N
33 2 8 FO -334.88 1160.06 5 6 -334.9 1063.4 -251.2 1111.7 -251.2 1208.4 -334.9 1256.7 -418.6 1208.4 -418.6 1111.7 -334.9 1063.4 1 1 0.667 2.0 0.234 1.0 0.231 1.0 15 1 False 3 3.6 0 106.102 0 3302080 3302080 33300.0 33310.0 A A E
33 2 9 FO -418.6 1305.07 5 6 -418.6 1208.4 -334.9 1256.7 -334.9 1353.4 -418.6 1401.7 -502.3 1353.4 -502.3 1256.7 -418.6 1208.4 1 1 0.663 2.0 0.228 1.0 0.226 1.0 15 0 True 3 3.6 0 107.784 0 3302090 3302090 33300.0 33310.0 A A W
33 2 10 FO -502.32 1450.08 5 6 -502.3 1353.4 -418.6 1401.7 -418.6 1498.4 -502.3 1546.8 -586.0 1498.4 -586.0 1401.7 -502.3 1353.4 1 1 0.655 2.0 0.223 1.0 0.223 1.0 15 0 False 3 3.6 0 109.107 0 3302100 3302100 33300.0 33310.0 A A N
33 2 11 FO -586.04 1595.09 5 6 -586.0 1498.4 -502.3 1546.8 -502.3 1643.4 -586.0 1691.8 -669.8 1643.4 -669.8 1546.8 -586.0 1498.4 1 1 0.658 2.0 0.222 1.0 0.221 1.0 15 0 False 3 3.6 0 110.173 0 3302110 3302110 33300.0 33310.0 A A N
33 2 12 aOe -669.76 1740.1 2 4 -586.0 1788.4 -753.5 1691.8 -669.8 1643.4 -586.0 1691.8 -586.0 1788.4 0.0 0.0 0.0 0.0 1 1 0.646 1.0 0.144 1.0 0.144 1.0 15 0 False 3 3.6 0 111.052 0 3302120 3302120 33300.0 33310.0 A A N
33 3 0 FI 502.32 0.0 0 6 502.3 -96.7 586.0 -48.3 586.0 48.3 502.3 96.7 418.6 48.3 418.6 -48.3 502.3 -96.7 0 0 0.962 2.0 1.011 2.0 1.012 2.0 0 0 False 6 7.2 0 0.0 1 3303000 3303001 33000.0 33010.0 A A N
33 3 1 FIe 418.6 145.01 0 6 418.6 48.3 502.3 96.7 502.3 193.3 418.6 241.7 334.9 193.3 334.9 96.7 418.6 48.3 0 0 1.013 2.0 1.067 2.0 1.071 2.0 0 0 False 6 7.2 0 19.107 1 3303010 3303011 33000.0 33010.0 A A N
33 3 2 FIe 334.88 290.02 1 6 334.9 193.3 418.6 241.7 418.6 338.4 334.9 386.7 251.2 338.4 251.2 241.7 334.9 193.3 0 1 0.959 2.0 0.993 2.0 0.994 2.0 6 0 False 6 7.2 0 40.894 1 3303020 3303021 33100.0 33110.0 A A N
33 3 3 FI 251.16 435.02 1 6 251.2 338.4 334.9 386.7 334.9 483.4 251.2 531.7 167.4 483.4 167.4 386.7 251.2 338.4 1 0 0.867 2.0 0.852 1.0 0.853 1.0 1 0 False 6 7.2 0 60.0 1 3303030 3303031 33200.0 33210.0 A A N
33 3 4 FI 167.44 580.03 1 6 167.4 483.4 251.2 531.7 251.2 628.4 167.4 676.7 83.7 628.4 83.7 531.7 167.4 483.4 1 0 0.793 2.0 0.672 1.0 0.675 1.0 3 0 False 6 7.2 0 73.898 1 3303040 3303041 33200.0 33211.0 A B N
33 3 5 FI 83.72 725.04 1 6 83.7 628.4 167.4 676.7 167.4 773.4 83.7 821.7 0.0 773.4 0.0 676.7 83.7 628.4 1 0 0.742 2.0 0.513 1.0 0.512 1.0 3 0 False 6 7.2 0 83.413 1 3303050 3303051 33200.0 33211.0 A B N
33 3 6 FO 0.0 870.05 5 6 0.0 773.4 83.7 821.7 83.7 918.4 0.0 966.7 -83.7 918.4 -83.7 821.7 0.0 773.4 1 1 0.706 2.0 0.277 1.0 0.263 1.0 26 1 False 3 3.6 0 90.0 0 3303060 3303060 33301.0 33311.0 B B E
33 3 7 FO -83.72 1015.06 5 6 -83.7 918.4 0.0 966.7 0.0 1063.4 -83.7 1111.7 -167.4 1063.4 -167.4 966.7 -83.7 918.4 1 1 0.681 2.0 0.253 1.0 0.245 1.0 26 0 True 3 3.6 0 94.715 0 3303070 3303070 33301.0 33311.0 B B W
33 3 8 FO -167.44 1160.06 5 6 -167.4 1063.4 -83.7 1111.7 -83.7 1208.4 -167.4 1256.7 -251.2 1208.4 -251.2 1111.7 -167.4 1063.4 1 1 0.673 2.0 0.237 1.0 0.233 1.0 26 0 False 3 3.6 0 98.213 0 3303080 3303080 33301.0 33311.0 B B N
33 3 9 FO -251.16 1305.07 5 6 -251.2 1208.4 -167.4 1256.7 -167.4 1353.4 -251.2 1401.7 -334.9 1353.4 -334.9 1256.7 -251.2 1208.4 1 1 0.661 2.0 0.224 1.0 0.223 1.0 27 1 False 3 3.6 0 100.893 0 3303090 3303090 33301.0 33310.0 B A N
33 3 10 FO -334.88 1450.08 5 6 -334.9 1353.4 -251.2 1401.7 -251.2 1498.4 -334.9 1546.8 -418.6 1498.4 -418.6 1401.7 -334.9 1353.4 1 1 0.658 2.0 0.223 1.0 0.222 1.0 27 1 False 3 3.6 0 103.004 0 3303100 3303100 33301.0 33310.0 B A E
33 3 11 FO -418.6 1595.09 5 6 -418.6 1498.4 -334.9 1546.8 -334.9 1643.4 -418.6 1691.8 -502.3 1643.4 -502.3 1546.8 -418.6 1498.4 1 1 0.656 2.0 0.225 1.0 0.223 1.0 27 0 True 3 3.6 0 104.705 0 3303110 3303110 33301.0 33310.0 B A W
33 3 12 FOe -502.32 1740.1 5 6 -502.3 1643.4 -418.6 1691.8 -418.6 1788.4 -502.3 1836.8 -586.0 1788.4 -586.0 1691.8 -502.3 1643.4 1 1 0.649 2.0 0.22 1.0 0.219 1.0 27 0 False 3 3.6 0 106.102 0 3303120 3303120 33301.0 33310.0 B A N
33 4 0 FI 669.76 0.0 0 6 669.8 -96.7 753.5 -48.3 753.5 48.3 669.8 96.7 586.0 48.3 586.0 -48.3 669.8 -96.7 0 0 0.808 2.0 0.709 1.0 0.713 1.0 0 0 True 6 7.2 0 0.0 1 3304000 3304001 33000.0 33010.0 A A N
33 4 1 FI 586.04 145.01 0 6 586.0 48.3 669.8 96.7 669.8 193.3 586.0 241.7 502.3 193.3 502.3 96.7 586.0 48.3 0 0 0.813 2.0 0.769 1.0 0.772 1.0 2 0 False 6 7.2 0 13.898 1 3304010 3304011 33000.0 33010.0 A A N
33 4 2 FI 502.32 290.02 1 6 502.3 193.3 586.0 241.7 586.0 338.4 502.3 386.7 418.6 338.4 418.6 241.7 502.3 193.3 0 1 0.826 2.0 0.775 1.0 0.779 1.0 4 0 False 6 7.2 0 30.0 1 3304020 3304021 33100.0 33110.0 A A N
33 4 3 FI 418.6 435.02 1 6 418.6 338.4 502.3 386.7 502.3 483.4 418.6 531.7 334.9 483.4 334.9 386.7 418.6 338.4 0 1 0.799 2.0 0.707 1.0 0.71 1.0 6 0 False 6 7.2 0 46.102 1 3304030 3304031 33100.0 33110.0 A A N
33 4 4 FI 334.88 580.03 1 6 334.9 483.4 418.6 531.7 418.6 628.4 334.9 676.7 251.2 628.4 251.2 531.7 334.9 483.4 1 0 0.767 2.0 0.597 1.0 0.598 1.0 1 0 True 6 7.2 0 60.0 1 3304040 3304041 33200.0 33210.0 A A N
33 4 5 FI 251.16 725.04 1 6 251.2 628.4 334.9 676.7 334.9 773.4 251.2 821.7 167.4 773.4 167.4 676.7 251.2 628.4 1 0 0.743 2.0 0.485 1.0 0.484 1.0 3 0 True 6 7.2 0 70.893 1 3304050 3304051 33200.0 33211.0 A B N
33 4 6 FO 167.44 870.05 1 6 167.4 773.4 251.2 821.7 251.2 918.4 167.4 966.7 83.7 918.4 83.7 821.7 167.4 773.4 1 0 0.707 2.0 0.273 1.0 0.26 1.0 13 0 False 3 3.6 0 79.107 0 3304060 3304060 33200.0 33210.0 A A N
33 4 7 FO 83.72 1015.06 5 6 83.7 918.4 167.4 966.7 167.4 1063.4 83.7 1111.7 0.0 1063.4 0.0 966.7 83.7 918.4 1 1 0.688 2.0 0.247 1.0 0.241 1.0 25 1 False 3 3.6 0 85.285 0 3304070 3304070 33300.0 33310.0 A A N
33 4 8 FO 0.0 1160.06 5 6 0.0 1063.4 83.7 1111.7 83.7 1208.4 0.0 1256.7 -83.7 1208.4 -83.7 1111.7 0.0 1063.4 1 1 0.67 2.0 0.237 1.0 0.233 1.0 25 1 False 3 3.6 0 90.0 0 3304080 3304080 33300.0 33310.0 A A N
33 4 9 FO -83.72 1305.07 5 6 -83.7 1208.4 0.0 1256.7 0.0 1353.4 -83.7 1401.7 -167.4 1353.4 -167.4 1256.7 -83.7 1208.4 1 1 0.664 2.0 0.228 1.0 0.226 1.0 25 1 False 3 3.6 0 93.67 0 3304090 3304090 33300.0 33310.0 A A E
33 4 10 FO -167.44 1450.08 5 6 -167.4 1353.4 -83.7 1401.7 -83.7 1498.4 -167.4 1546.8 -251.2 1498.4 -251.2 1401.7 -167.4 1353.4 1 1 0.658 2.0 0.226 1.0 0.224 1.0 25 0 True 3 3.6 0 96.587 0 3304100 3304100 33300.0 33310.0 A A W
33 4 11 FO -251.16 1595.09 5 6 -251.2 1498.4 -167.4 1546.8 -167.4 1643.4 -251.2 1691.8 -334.9 1643.4 -334.9 1546.8 -251.2 1498.4 1 1 0.657 2.0 0.223 1.0 0.222 1.0 25 0 False 3 3.6 0 98.948 0 3304110 3304110 33300.0 33310.0 A A N
33 4 12 FOe -334.88 1740.1 5 6 -334.9 1643.4 -251.2 1691.8 -251.2 1788.4 -334.9 1836.8 -418.6 1788.4 -418.6 1691.8 -334.9 1643.4 1 1 0.651 2.0 0.219 1.0 0.218 1.0 25 0 False 3 3.6 0 100.893 0 3304120 3304120 33300.0 33310.0 A A N
33 5 0 FO 837.2 0.0 0 6 837.2 -96.7 920.9 -48.3 920.9 48.3 837.2 96.7 753.5 48.3 753.5 -48.3 837.2 -96.7 0 0 0.742 2.0 0.343 1.0 0.313 1.0 8 0 False 3 3.6 0 0.0 0 3305000 3305000 33000.0 33010.0 A A N
33 5 1 FI 753.48 145.01 0 6 753.5 48.3 837.2 96.7 837.2 193.3 753.5 241.7 669.8 193.3 669.8 96.7 753.5 48.3 0 0 0.761 2.0 0.557 1.0 0.558 1.0 2 0 True 6 7.2 0 10.894 1 3305010 3305011 33000.0 33010.0 A A N
33 5 2 FI 669.76 290.02 0 6 669.8 193.3 753.5 241.7 753.5 338.4 669.8 386.7 586.0 338.4 586.0 241.7 669.8 193.3 0 0 0.757 2.0 0.577 1.0 0.578 1.0 2 0 False 6 7.2 0 23.414 1 3305020 3305021 33000.0 33010.0 A A N
33 5 3 FI 586.04 435.02 1 6 586.0 338.4 669.8 386.7 669.8 483.4 586.0 531.7 502.3 483.4 502.3 386.7 586.0 338.4 0 1 0.753 2.0 0.542 1.0 0.543 1.0 4 0 True 6 7.2 0 36.587 1 3305030 3305031 33100.0 33110.0 A A N
33 5 4 FI 502.32 580.03 1 6 502.3 483.4 586.0 531.7 586.0 628.4 502.3 676.7 418.6 628.4 418.6 531.7 502.3 483.4 0 1 0.745 2.0 0.488 1.0 0.487 1.0 6 0 True 6 7.2 0 49.107 1 3305040 3305041 33100.0 33110.0 A A N
33 5 5 FO 418.6 725.04 1 6 418.6 628.4 502.3 676.7 502.3 773.4 418.6 821.7 334.9 773.4 334.9 676.7 418.6 628.4 1 0 0.723 2.0 0.291 1.0 0.273 1.0 9 0 False 3 3.6 0 60.0 0 3305050 3305050 33200.0 33210.0 A A N
33 5 6 FO 334.88 870.05 1 6 334.9 773.4 418.6 821.7 418.6 918.4 334.9 966.7 251.2 918.4 251.2 821.7 334.9 773.4 1 0 0.694 2.0 0.264 1.0 0.254 1.0 11 0 False 3 3.6 0 68.948 0 3305060 3305060 33200.0 33210.0 A A N
33 5 7 FO 251.16 1015.06 1 6 251.2 918.4 334.9 966.7 334.9 1063.4 251.2 1111.7 167.4 1063.4 167.4 966.7 251.2 918.4 1 0 0.684 2.0 0.249 1.0 0.242 1.0 13 0 False 3 3.6 0 76.102 0 3305070 3305070 33200.0 33210.0 A A N
33 5 8 FO 167.44 1160.06 1 6 167.4 1063.4 251.2 1111.7 251.2 1208.4 167.4 1256.7 83.7 1208.4 83.7 1111.7 167.4 1063.4 1 0 0.671 2.0 0.237 1.0 0.233 1.0 19 0 False 3 3.6 0 81.787 0 3305080 3305080 33200.0 33210.0 A A N
33 5 9 FO 83.72 1305.07 5 6 83.7 1208.4 167.4 1256.7 167.4 1353.4 83.7 1401.7 0.0 1353.4 0.0 1256.7 83.7 1208.4 1 1 0.663 2.0 0.229 1.0 0.227 1.0 23 1 False 3 3.6 0 86.33 0 3305090 3305090 33300.0 33310.0 A A N
33 5 10 FO 0.0 1450.08 5 6 0.0 1353.4 83.7 1401.7 83.7 1498.4 0.0 1546.8 -83.7 1498.4 -83.7 1401.7 0.0 1353.4 1 1 0.658 2.0 0.223 1.0 0.222 1.0 23 1 False 3 3.6 0 90.0 0 3305100 3305100 33300.0 33310.0 A A E
33 5 11 FO -83.72 1595.09 5 6 -83.7 1498.4 0.0 1546.8 0.0 1643.4 -83.7 1691.8 -167.4 1643.4 -167.4 1546.8 -83.7 1498.4 1 1 0.658 2.0 0.222 1.0 0.221 1.0 23 0 True 3 3.6 0 93.004 0 3305110 3305110 33300.0 33310.0 A A W
33 5 12 FOe -167.44 1740.1 5 6 -167.4 1643.4 -83.7 1691.8 -83.7 1788.4 -167.4 1836.8 -251.2 1788.4 -251.2 1691.8 -167.4 1643.4 1 1 0.648 2.0 0.219 1.0 0.218 1.0 23 0 False 3 3.6 0 95.496 0 3305120 3305120 33300.0 33310.0 A A N
33 5 13 dOe -251.16 1885.1 1 5 -167.4 1836.8 -167.4 1885.1 -334.9 1885.1 -334.9 1836.8 -251.2 1788.4 -167.4 1836.8 0.0 0.0 1 1 0.646 1.0 0.144 1.0 0.144 1.0 23 0 False 2 2.4 0 97.589 0 3305130 3305130 33300.0 33310.0 A A N
33 6 0 FO 1004.64 0.0 0 6 1004.6 -96.7 1088.4 -48.3 1088.4 48.3 1004.6 96.7 920.9 48.3 920.9 -48.3 1004.6 -96.7 0 0 0.701 2.0 0.265 1.0 0.254 1.0 8 0 False 3 3.6 0 0.0 0 3306000 3306000 33000.0 33010.0 A A N
33 6 1 FO 920.92 145.01 0 6 920.9 48.3 1004.6 96.7 1004.6 193.3 920.9 241.7 837.2 193.3 837.2 96.7 920.9 48.3 0 0 0.703 2.0 0.286 1.0 0.269 1.0 10 0 False 3 3.6 0 8.948 0 3306010 3306010 33000.0 33010.0 A A N
33 6 2 FO 837.2 290.02 0 6 837.2 193.3 920.9 241.7 920.9 338.4 837.2 386.7 753.5 338.4 753.5 241.7 837.2 193.3 0 0 0.73 2.0 0.294 1.0 0.275 1.0 12 0 False 3 3.6 0 19.107 0 3306020 3306020 33000.0 33010.0 A A N
33 6 3 FO 753.48 435.02 4 6 753.5 338.4 837.2 386.7 837.2 483.4 753.5 531.7 669.8 483.4 669.8 386.7 753.5 338.4 0 1 0.723 2.0 0.293 1.0 0.274 1.0 28 1 False 3 3.6 0 30.0 0 3306030 3306030 33101.0 33111.0 B B E
33 6 4 FO 669.76 580.03 4 6 669.8 483.4 753.5 531.7 753.5 628.4 669.8 676.7 586.0 628.4 586.0 531.7 669.8 483.4 0 1 0.712 2.0 0.282 1.0 0.266 1.0 14 1 False 3 3.6 0 40.893 0 3306040 3306040 33100.0 33110.0 A A N
33 6 5 FO 586.04 725.04 4 6 586.0 628.4 669.8 676.7 669.8 773.4 586.0 821.7 502.3 773.4 502.3 676.7 586.0 628.4 0 1 0.698 2.0 0.266 1.0 0.254 1.0 16 1 False 3 3.6 0 51.052 0 3306050 3306050 33100.0 33110.0 A A N
33 6 6 FO 502.32 870.05 1 6 502.3 773.4 586.0 821.7 586.0 918.4 502.3 966.7 418.6 918.4 418.6 821.7 502.3 773.4 1 0 0.685 2.0 0.251 1.0 0.244 1.0 9 0 False 3 3.6 0 60.0 0 3306060 3306060 33200.0 33210.0 A A N
33 6 7 FO 418.6 1015.06 1 6 418.6 918.4 502.3 966.7 502.3 1063.4 418.6 1111.7 334.9 1063.4 334.9 966.7 418.6 918.4 1 0 0.687 2.0 0.243 1.0 0.238 1.0 11 0 False 3 3.6 0 67.589 0 3306070 3306070 33200.0 33210.0 A A N
33 6 8 FO 334.88 1160.06 1 6 334.9 1063.4 418.6 1111.7 418.6 1208.4 334.9 1256.7 251.2 1208.4 251.2 1111.7 334.9 1063.4 1 0 0.664 2.0 0.235 1.0 0.232 1.0 13 0 True 3 3.6 0 73.898 0 3306080 3306080 33200.0 33210.0 A A W
33 6 9 FO 251.16 1305.07 1 6 251.2 1208.4 334.9 1256.7 334.9 1353.4 251.2 1401.7 167.4 1353.4 167.4 1256.7 251.2 1208.4 1 0 0.665 2.0 0.227 1.0 0.225 1.0 19 0 True 3 3.6 0 79.107 0 3306090 3306090 33200.0 33210.0 A A W
33 6 10 FO 167.44 1450.08 1 6 167.4 1353.4 251.2 1401.7 251.2 1498.4 167.4 1546.8 83.7 1498.4 83.7 1401.7 167.4 1353.4 1 0 0.659 2.0 0.225 1.0 0.223 1.0 21 0 True 3 3.6 0 83.413 0 3306100 3306100 33201.0 33210.0 B A W
33 6 11 FO 83.72 1595.09 5 6 83.7 1498.4 167.4 1546.8 167.4 1643.4 83.7 1691.8 0.0 1643.4 0.0 1546.8 83.7 1498.4 1 0 0.656 2.0 0.221 1.0 0.22 1.0 21 0 False 3 3.6 0 86.996 0 3306110 3306110 33201.0 33210.0 B A N
33 6 12 bOe 0.0 1740.1 2 5 83.7 1788.4 -83.7 1788.4 -83.7 1691.8 -0.0 1643.4 83.7 1691.8 83.7 1788.4 0.0 0.0 1 0 0.644 1.0 0.192 1.0 0.192 1.0 21 0 False 3 3.6 0 90.0 0 3306120 3306120 33201.0 33210.0 B A N
33 7 0 FO 1172.09 0.0 0 6 1172.1 -96.7 1255.8 -48.3 1255.8 48.3 1172.1 96.7 1088.4 48.3 1088.4 -48.3 1172.1 -96.7 0 0 0.671 2.0 0.242 1.0 0.237 1.0 8 0 True 3 3.6 0 0.0 0 3307000 3307000 33000.0 33010.0 A A W
33 7 1 FO 1088.37 145.01 0 6 1088.4 48.3 1172.1 96.7 1172.1 193.3 1088.4 241.7 1004.6 193.3 1004.6 96.7 1088.4 48.3 0 0 0.676 2.0 0.249 1.0 0.243 1.0 10 0 False 3 3.6 0 7.589 0 3307010 3307010 33000.0 33010.0 A A N
33 7 2 FO 1004.64 290.02 0 6 1004.6 193.3 1088.4 241.7 1088.4 338.4 1004.6 386.7 920.9 338.4 920.9 241.7 1004.6 193.3 0 0 0.688 2.0 0.252 1.0 0.245 1.0 12 0 False 3 3.6 0 16.102 0 3307020 3307020 33000.0 33010.0 A A N
33 7 3 FO 920.92 435.02 4 6 920.9 338.4 1004.6 386.7 1004.6 483.4 920.9 531.7 837.2 483.4 837.2 386.7 920.9 338.4 0 1 0.693 2.0 0.259 1.0 0.25 1.0 24 1 False 3 3.6 0 25.285 0 3307030 3307030 33100.0 33110.0 A A N
33 7 4 FO 837.2 580.03 4 6 837.2 483.4 920.9 531.7 920.9 628.4 837.2 676.7 753.5 628.4 753.5 531.7 837.2 483.4 0 1 0.693 2.0 0.255 1.0 0.247 1.0 28 0 True 3 3.6 0 34.715 0 3307040 3307040 33101.0 33111.0 B B W
33 7 5 FO 753.48 725.04 4 6 753.5 628.4 837.2 676.7 837.2 773.4 753.5 821.7 669.8 773.4 669.8 676.7 753.5 628.4 0 1 0.681 2.0 0.25 1.0 0.243 1.0 14 1 False 3 3.6 0 43.898 0 3307050 3307050 33100.0 33110.0 A A N
33 7 6 FO 669.76 870.05 4 6 669.8 773.4 753.5 821.7 753.5 918.4 669.8 966.7 586.0 918.4 586.0 821.7 669.8 773.4 0 1 0.675 2.0 0.244 1.0 0.239 1.0 16 1 False 3 3.6 0 52.411 0 3307060 3307060 33100.0 33110.0 A A N
33 7 7 FO 586.04 1015.06 1 6 586.0 918.4 669.8 966.7 669.8 1063.4 586.0 1111.7 502.3 1063.4 502.3 966.7 586.0 918.4 1 0 0.667 2.0 0.236 1.0 0.233 1.0 9 0 True 3 3.6 0 60.0 0 3307070 3307070 33200.0 33210.0 A A W
33 7 8 FO 502.32 1160.06 1 6 502.3 1063.4 586.0 1111.7 586.0 1208.4 502.3 1256.7 418.6 1208.4 418.6 1111.7 502.3 1063.4 1 0 0.669 2.0 0.23 1.0 0.227 1.0 11 0 True 3 3.6 0 66.587 0 3307080 3307080 33200.0 33210.0 A A W
33 7 9 FO 418.6 1305.07 1 6 418.6 1208.4 502.3 1256.7 502.3 1353.4 418.6 1401.7 334.9 1353.4 334.9 1256.7 418.6 1208.4 1 0 0.661 2.0 0.229 1.0 0.227 1.0 13 1 False 3 3.6 0 72.216 0 3307090 3307090 33200.0 33210.0 A A E
33 7 10 FO 334.88 1450.08 1 6 334.9 1353.4 418.6 1401.7 418.6 1498.4 334.9 1546.8 251.2 1498.4 251.2 1401.7 334.9 1353.4 1 0 0.657 2.0 0.223 1.0 0.222 1.0 19 1 False 3 3.6 0 76.996 0 3307100 3307100 33200.0 33210.0 A A E
33 7 11 FO 251.16 1595.09 1 6 251.2 1498.4 334.9 1546.8 334.9 1643.4 251.2 1691.8 167.4 1643.4 167.4 1546.8 251.2 1498.4 1 0 0.658 2.0 0.225 1.0 0.223 1.0 21 1 False 3 3.6 0 81.052 0 3307110 3307110 33201.0 33210.0 B A E
33 7 12 FOe 167.44 1740.1 5 6 167.4 1643.4 251.2 1691.8 251.2 1788.4 167.4 1836.8 83.7 1788.4 83.7 1691.8 167.4 1643.4 1 0 0.648 2.0 0.219 1.0 0.218 1.0 21 1 False 3 3.6 0 84.504 0 3307120 3307120 33201.0 33210.0 B A N
33 8 0 FO 1339.53 0.0 0 6 1339.5 -96.7 1423.2 -48.3 1423.2 48.3 1339.5 96.7 1255.8 48.3 1255.8 -48.3 1339.5 -96.7 0 0 0.666 2.0 0.229 1.0 0.227 1.0 8 1 False 3 3.6 0 0.0 0 3308000 3308000 33000.0 33010.0 A A E
33 8 1 FO 1255.81 145.01 0 6 1255.8 48.3 1339.5 96.7 1339.5 193.3 1255.8 241.7 1172.1 193.3 1172.1 96.7 1255.8 48.3 0 0 0.67 2.0 0.234 1.0 0.231 1.0 10 0 True 3 3.6 0 6.587 0 3308010 3308010 33000.0 33010.0 A A W
33 8 2 FO 1172.09 290.02 0 6 1172.1 193.3 1255.8 241.7 1255.8 338.4 1172.1 386.7 1088.4 338.4 1088.4 241.7 1172.1 193.3 0 0 0.673 2.0 0.239 1.0 0.235 1.0 12 0 True 3 3.6 0 13.898 0 3308020 3308020 33000.0 33010.0 A A W
33 8 3 FO 1088.37 435.02 0 6 1088.4 338.4 1172.1 386.7 1172.1 483.4 1088.4 531.7 1004.6 483.4 1004.6 386.7 1088.4 338.4 0 0 0.674 2.0 0.24 1.0 0.235 1.0 18 0 False 3 3.6 0 21.787 0 3308030 3308030 33000.0 33010.0 A A N
33 8 4 FO 1004.64 580.03 4 6 1004.6 483.4 1088.4 531.7 1088.4 628.4 1004.6 676.7 920.9 628.4 920.9 531.7 1004.6 483.4 0 1 0.674 2.0 0.242 1.0 0.237 1.0 24 1 False 3 3.6 0 30.0 0 3308040 3308040 33100.0 33110.0 A A N
33 8 5 FO 920.92 725.04 4 6 920.9 628.4 1004.6 676.7 1004.6 773.4 920.9 821.7 837.2 773.4 837.2 676.7 920.9 628.4 0 1 0.673 2.0 0.238 1.0 0.234 1.0 28 0 False 3 3.6 0 38.213 0 3308050 3308050 33101.0 33111.0 B B N
33 8 6 FO 837.2 870.05 4 6 837.2 773.4 920.9 821.7 920.9 918.4 837.2 966.7 753.5 918.4 753.5 821.7 837.2 773.4 0 1 0.67 2.0 0.237 1.0 0.233 1.0 14 1 False 3 3.6 0 46.102 0 3308060 3308060 33100.0 33110.0 A A E
33 8 7 FO 753.48 1015.06 4 6 753.5 918.4 837.2 966.7 837.2 1063.4 753.5 1111.7 669.8 1063.4 669.8 966.7 753.5 918.4 0 1 0.666 2.0 0.23 1.0 0.228 1.0 16 1 False 3 3.6 0 53.413 0 3308070 3308070 33100.0 33110.0 A A E
33 8 8 FO 669.76 1160.06 1 6 669.8 1063.4 753.5 1111.7 753.5 1208.4 669.8 1256.7 586.0 1208.4 586.0 1111.7 669.8 1063.4 1 0 0.662 2.0 0.228 1.0 0.227 1.0 9 1 False 3 3.6 0 60.0 0 3308080 3308080 33200.0 33210.0 A A E
33 8 9 FO 586.04 1305.07 1 6 586.0 1208.4 669.8 1256.7 669.8 1353.4 586.0 1401.7 502.3 1353.4 502.3 1256.7 586.0 1208.4 1 0 0.655 2.0 0.225 1.0 0.224 1.0 11 1 False 3 3.6 0 65.818 0 3308090 3308090 33200.0 33210.0 A A E
33 8 10 FO 502.32 1450.08 1 6 502.3 1353.4 586.0 1401.7 586.0 1498.4 502.3 1546.8 418.6 1498.4 418.6 1401.7 502.3 1353.4 1 0 0.651 2.0 0.224 1.0 0.223 1.0 13 1 False 3 3.6 0 70.893 0 3308100 3308100 33200.0 33210.0 A A N
33 8 11 FO 418.6 1595.09 1 6 418.6 1498.4 502.3 1546.8 502.3 1643.4 418.6 1691.8 334.9 1643.4 334.9 1546.8 418.6 1498.4 1 0 0.655 2.0 0.223 1.0 0.222 1.0 19 1 False 3 3.6 0 75.295 0 3308110 3308110 33200.0 33210.0 A A N
33 8 12 FOe 334.88 1740.1 1 6 334.9 1643.4 418.6 1691.8 418.6 1788.4 334.9 1836.8 251.2 1788.4 251.2 1691.8 334.9 1643.4 1 0 0.654 2.0 0.219 1.0 0.219 1.0 21 1 False 3 3.6 0 79.107 0 3308120 3308120 33201.0 33210.0 B A N
33 8 13 dOe 251.16 1885.1 1 5 334.9 1836.8 334.9 1885.1 167.4 1885.1 167.4 1836.8 251.2 1788.4 334.9 1836.8 0.0 0.0 1 0 0.644 1.0 0.144 1.0 0.144 1.0 21 1 False 2 2.4 0 82.411 0 3308130 3308130 33201.0 33210.0 B A N
33 9 0 FO 1506.97 0.0 0 6 1507.0 -96.7 1590.7 -48.3 1590.7 48.3 1507.0 96.7 1423.2 48.3 1423.2 -48.3 1507.0 -96.7 0 0 0.656 2.0 0.225 1.0 0.224 1.0 8 1 False 3 3.6 0 0.0 0 3309000 3309000 33000.0 33010.0 A A N
33 9 1 FO 1423.25 145.01 0 6 1423.2 48.3 1507.0 96.7 1507.0 193.3 1423.2 241.7 1339.5 193.3 1339.5 96.7 1423.2 48.3 0 0 0.654 2.0 0.226 1.0 0.225 1.0 10 1 False 3 3.6 0 5.818 0 3309010 3309010 33000.0 33010.0 A A E
33 9 2 FO 1339.53 290.02 0 6 1339.5 193.3 1423.2 241.7 1423.2 338.4 1339.5 386.7 1255.8 338.4 1255.8 241.7 1339.5 193.3 0 0 0.661 2.0 0.23 1.0 0.228 1.0 12 1 False 3 3.6 0 12.216 0 3309020 3309020 33000.0 33010.0 A A E
33 9 3 FO 1255.81 435.02 0 6 1255.8 338.4 1339.5 386.7 1339.5 483.4 1255.8 531.7 1172.1 483.4 1172.1 386.7 1255.8 338.4 0 0 0.663 2.0 0.231 1.0 0.229 1.0 18 0 True 3 3.6 0 19.106 0 3309030 3309030 33000.0 33010.0 A A W
33 9 4 FO 1172.09 580.03 4 6 1172.1 483.4 1255.8 531.7 1255.8 628.4 1172.1 676.7 1088.4 628.4 1088.4 531.7 1172.1 483.4 0 1 0.669 2.0 0.231 1.0 0.228 1.0 22 1 False 3 3.6 0 26.329 0 3309040 3309040 33100.0 33110.0 A A N
33 9 5 FO 1088.37 725.04 4 6 1088.4 628.4 1172.1 676.7 1172.1 773.4 1088.4 821.7 1004.6 773.4 1004.6 676.7 1088.4 628.4 0 1 0.663 2.0 0.229 1.0 0.228 1.0 24 1 False 3 3.6 0 33.67 0 3309050 3309050 33100.0 33110.0 A A E
33 9 6 FO 1004.64 870.05 4 6 1004.6 773.4 1088.4 821.7 1088.4 918.4 1004.6 966.7 920.9 918.4 920.9 821.7 1004.6 773.4 0 1 0.66 2.0 0.229 1.0 0.227 1.0 29 1 False 3 3.6 0 40.894 0 3309060 3309060 33101.0 33110.0 B A N
33 9 7 FO 920.92 1015.06 4 6 920.9 918.4 1004.6 966.7 1004.6 1063.4 920.9 1111.7 837.2 1063.4 837.2 966.7 920.9 918.4 0 1 0.663 2.0 0.228 1.0 0.227 1.0 14 0 True 3 3.6 0 47.784 0 3309070 3309070 33100.0 33110.0 A A W
33 9 8 FO 837.2 1160.06 4 6 837.2 1063.4 920.9 1111.7 920.9 1208.4 837.2 1256.7 753.5 1208.4 753.5 1111.7 837.2 1063.4 0 1 0.66 2.0 0.224 1.0 0.223 1.0 16 0 True 3 3.6 0 54.183 0 3309080 3309080 33100.0 33110.0 A A W
33 9 9 FO 753.48 1305.07 1 6 753.5 1208.4 837.2 1256.7 837.2 1353.4 753.5 1401.7 669.8 1353.4 669.8 1256.7 753.5 1208.4 1 0 0.655 2.0 0.22 1.0 0.219 1.0 9 1 False 3 3.6 0 60.0 0 3309090 3309090 33200.0 33210.0 A A N
33 9 10 FO 669.76 1450.08 1 6 669.8 1353.4 753.5 1401.7 753.5 1498.4 669.8 1546.8 586.0 1498.4 586.0 1401.7 669.8 1353.4 1 0 0.655 2.0 0.223 1.0 0.222 1.0 11 1 False 3 3.6 0 65.209 0 3309100 3309100 33200.0 33210.0 A A N
33 9 11 FO 586.04 1595.09 1 6 586.0 1498.4 669.8 1546.8 669.8 1643.4 586.0 1691.8 502.3 1643.4 502.3 1546.8 586.0 1498.4 1 0 0.657 2.0 0.221 1.0 0.22 1.0 13 1 False 3 3.6 0 69.827 0 3309110 3309110 33200.0 33210.0 A A N
33 9 12 FOe 502.32 1740.1 1 6 502.3 1643.4 586.0 1691.8 586.0 1788.4 502.3 1836.8 418.6 1788.4 418.6 1691.8 502.3 1643.4 1 0 0.646 2.0 0.219 1.0 0.218 1.0 19 1 False 3 3.6 0 73.898 0 3309120 3309120 33200.0 33210.0 A A N
33 10 0 aOe 1674.41 0.0 5 4 1590.7 -48.3 1758.1 48.3 1674.4 96.7 1590.7 48.3 1590.7 -48.3 0.0 0.0 0.0 0.0 0 0 0.656 1.0 0.147 1.0 0.147 1.0 8 1 False 3 3.6 0 0.0 0 3310000 3310000 33000.0 33010.0 A A N
33 10 1 FO 1590.69 145.01 0 6 1590.7 48.3 1674.4 96.7 1674.4 193.3 1590.7 241.7 1507.0 193.3 1507.0 96.7 1590.7 48.3 0 0 0.658 2.0 0.224 1.0 0.223 1.0 10 1 False 3 3.6 0 5.209 0 3310010 3310010 33000.0 33010.0 A A N
33 10 2 FO 1506.97 290.02 0 6 1507.0 193.3 1590.7 241.7 1590.7 338.4 1507.0 386.7 1423.2 338.4 1423.2 241.7 1507.0 193.3 0 0 0.658 2.0 0.225 1.0 0.224 1.0 12 1 False 3 3.6 0 10.894 0 3310020 3310020 33000.0 33010.0 A A N
33 10 3 FO 1423.25 435.02 0 6 1423.2 338.4 1507.0 386.7 1507.0 483.4 1423.2 531.7 1339.5 483.4 1339.5 386.7 1423.2 338.4 0 0 0.657 2.0 0.225 1.0 0.224 1.0 18 1 False 3 3.6 0 16.996 0 3310030 3310030 33000.0 33010.0 A A E
33 10 4 FO 1339.53 580.03 0 6 1339.5 483.4 1423.2 531.7 1423.2 628.4 1339.5 676.7 1255.8 628.4 1255.8 531.7 1339.5 483.4 0 0 0.656 2.0 0.226 1.0 0.225 1.0 20 0 True 3 3.6 0 23.413 0 3310040 3310040 33001.0 33010.0 B A W
33 10 5 FO 1255.81 725.04 4 6 1255.8 628.4 1339.5 676.7 1339.5 773.4 1255.8 821.7 1172.1 773.4 1172.1 676.7 1255.8 628.4 0 1 0.661 2.0 0.227 1.0 0.226 1.0 22 1 False 3 3.6 0 30.0 0 3310050 3310050 33100.0 33110.0 A A E
33 10 6 FO 1172.09 870.05 4 6 1172.1 773.4 1255.8 821.7 1255.8 918.4 1172.1 966.7 1088.4 918.4 1088.4 821.7 1172.1 773.4 0 1 0.657 2.0 0.225 1.0 0.224 1.0 24 0 True 3 3.6 0 36.587 0 3310060 3310060 33100.0 33110.0 A A W
33 10 7 FO 1088.37 1015.06 4 6 1088.4 918.4 1172.1 966.7 1172.1 1063.4 1088.4 1111.7 1004.6 1063.4 1004.6 966.7 1088.4 918.4 0 1 0.654 2.0 0.223 1.0 0.222 1.0 29 1 False 3 3.6 0 43.004 0 3310070 3310070 33101.0 33110.0 B A E
33 10 8 FO 1004.64 1160.06 4 6 1004.6 1063.4 1088.4 1111.7 1088.4 1208.4 1004.6 1256.7 920.9 1208.4 920.9 1111.7 1004.6 1063.4 0 1 0.654 2.0 0.224 1.0 0.223 1.0 14 0 False 3 3.6 0 49.107 0 3310080 3310080 33100.0 33110.0 A A N
33 10 9 FOe 920.92 1305.07 4 6 920.9 1208.4 1004.6 1256.7 1004.6 1353.4 920.9 1401.7 837.2 1353.4 837.2 1256.7 920.9 1208.4 0 1 0.653 2.0 0.22 1.0 0.22 1.0 16 0 False 3 3.6 0 54.791 0 3310090 3310090 33100.0 33110.0 A A N
33 10 10 aOe 837.2 1450.08 0 4 837.2 1353.4 837.2 1546.8 753.5 1498.4 753.5 1401.7 837.2 1353.4 0.0 0.0 0.0 0.0 1 0 0.648 1.0 0.147 1.0 0.147 1.0 9 1 False 3 3.6 0 60.0 0 3310100 3310100 33200.0 33210.0 A A N
33 10 11 FOe 753.48 1595.09 1 6 753.5 1498.4 837.2 1546.8 837.2 1643.4 753.5 1691.8 669.8 1643.4 669.8 1546.8 753.5 1498.4 1 0 0.649 2.0 0.218 1.0 0.218 1.0 11 1 False 3 3.6 0 64.715 0 3310110 3310110 33200.0 33210.0 A A N
33 10 12 aOe 669.76 1740.1 1 4 753.5 1691.8 586.0 1788.4 586.0 1691.8 669.8 1643.4 753.5 1691.8 0.0 0.0 0.0 0.0 1 0 0.644 1.0 0.144 1.0 0.144 1.0 13 1 False 3 3.6 0 68.948 0 3310120 3310120 33200.0 33210.0 A A N
33 11 1 FOe 1758.13 145.01 0 6 1758.1 48.3 1841.8 96.7 1841.8 193.3 1758.1 241.7 1674.4 193.3 1674.4 96.7 1758.1 48.3 0 0 0.653 2.0 0.221 1.0 0.22 1.0 10 1 False 3 3.6 0 4.715 0 3311010 3311010 33000.0 33010.0 A A N
33 11 2 FO 1674.41 290.02 0 6 1674.4 193.3 1758.1 241.7 1758.1 338.4 1674.4 386.7 1590.7 338.4 1590.7 241.7 1674.4 193.3 0 0 0.656 2.0 0.224 1.0 0.223 1.0 12 1 False 3 3.6 0 9.827 0 3311020 3311020 33000.0 33010.0 A A N
33 11 3 FO 1590.69 435.02 0 6 1590.7 338.4 1674.4 386.7 1674.4 483.4 1590.7 531.7 1507.0 483.4 1507.0 386.7 1590.7 338.4 0 0 0.656 2.0 0.223 1.0 0.222 1.0 18 1 False 3 3.6 0 15.295 0 3311030 3311030 33000.0 33010.0 A A N
33 11 4 FO 1506.97 580.03 0 6 1507.0 483.4 1590.7 531.7 1590.7 628.4 1507.0 676.7 1423.2 628.4 1423.2 531.7 1507.0 483.4 0 0 0.657 2.0 0.224 1.0 0.223 1.0 20 1 False 3 3.6 0 21.052 0 3311040 3311040 33001.0 33010.0 B A E
33 11 5 FO 1423.25 725.04 4 6 1423.2 628.4 1507.0 676.7 1507.0 773.4 1423.2 821.7 1339.5 773.4 1339.5 676.7 1423.2 628.4 0 0 0.657 2.0 0.221 1.0 0.22 1.0 20 0 False 3 3.6 0 26.995 0 3311050 3311050 33001.0 33010.0 B A N
33 11 6 FO 1339.53 870.05 4 6 1339.5 773.4 1423.2 821.7 1423.2 918.4 1339.5 966.7 1255.8 918.4 1255.8 821.7 1339.5 773.4 0 1 0.655 2.0 0.223 1.0 0.222 1.0 22 0 True 3 3.6 0 33.004 0 3311060 3311060 33100.0 33110.0 A A W
33 11 7 FO 1255.81 1015.06 4 6 1255.8 918.4 1339.5 966.7 1339.5 1063.4 1255.8 1111.7 1172.1 1063.4 1172.1 966.7 1255.8 918.4 0 1 0.652 2.0 0.223 1.0 0.222 1.0 24 0 False 3 3.6 0 38.948 0 3311070 3311070 33100.0 33110.0 A A N
33 11 8 FO 1172.09 1160.06 4 6 1172.1 1063.4 1255.8 1111.7 1255.8 1208.4 1172.1 1256.7 1088.4 1208.4 1088.4 1111.7 1172.1 1063.4 0 1 0.656 2.0 0.222 1.0 0.221 1.0 29 0 True 3 3.6 0 44.704 0 3311080 3311080 33101.0 33110.0 B A W
33 11 9 FO 1088.37 1305.07 4 6 1088.4 1208.4 1172.1 1256.7 1172.1 1353.4 1088.4 1401.7 1004.6 1353.4 1004.6 1256.7 1088.4 1208.4 0 1 0.656 2.0 0.222 1.0 0.221 1.0 14 0 False 3 3.6 0 50.173 0 3311090 3311090 33100.0 33110.0 A A N
33 11 10 FOe 1004.64 1450.08 4 6 1004.6 1353.4 1088.4 1401.7 1088.4 1498.4 1004.6 1546.8 920.9 1498.4 920.9 1401.7 1004.6 1353.4 0 1 0.645 2.0 0.218 1.0 0.218 1.0 16 0 False 3 3.6 0 55.285 0 3311100 3311100 33100.0 33110.0 A A N
33 12 2 aOe 1841.85 290.02 0 4 1841.8 193.3 1841.8 386.7 1758.1 338.4 1758.1 241.7 1841.8 193.3 0.0 0.0 0.0 0.0 0 0 0.651 1.0 0.147 1.0 0.147 1.0 12 1 False 3 3.6 0 8.948 0 3312020 3312020 33000.0 33010.0 A A N
33 12 3 FOe 1758.13 435.02 0 6 1758.1 338.3 1841.9 386.7 1841.9 483.4 1758.1 531.7 1674.4 483.4 1674.4 386.7 1758.1 338.3 0 0 0.649 2.0 0.223 1.0 0.222 1.0 18 1 False 3 3.6 0 13.898 0 3312030 3312030 33000.0 33010.0 A A N
33 12 4 FOe 1674.41 580.03 0 6 1674.4 483.4 1758.1 531.7 1758.1 628.4 1674.4 676.7 1590.7 628.4 1590.7 531.7 1674.4 483.4 0 0 0.658 2.0 0.221 1.0 0.22 1.0 20 1 False 3 3.6 0 19.107 0 3312040 3312040 33001.0 33010.0 B A N
33 12 5 FOe 1590.69 725.04 4 6 1590.7 628.4 1674.4 676.7 1674.4 773.4 1590.7 821.7 1507.0 773.4 1507.0 676.7 1590.7 628.4 0 0 0.652 2.0 0.218 1.0 0.218 1.0 20 1 False 3 3.6 0 24.504 0 3312050 3312050 33001.0 33010.0 B A N
33 12 6 bOe 1506.97 870.05 1 5 1590.7 821.7 1507.0 966.7 1423.2 918.4 1423.2 821.7 1507.0 773.4 1590.7 821.7 0.0 0.0 0 0 0.649 1.0 0.194 1.0 0.194 1.0 20 0 False 3 3.6 0 30.0 0 3312060 3312060 33001.0 33010.0 B A N
33 12 7 FOe 1423.25 1015.06 4 6 1423.2 918.4 1507.0 966.7 1507.0 1063.4 1423.2 1111.7 1339.5 1063.4 1339.5 966.7 1423.2 918.4 0 1 0.659 2.0 0.221 1.0 0.221 1.0 22 0 False 3 3.6 0 35.496 0 3312070 3312070 33100.0 33110.0 A A N
33 12 8 FOe 1339.53 1160.06 4 6 1339.5 1063.4 1423.2 1111.7 1423.2 1208.4 1339.5 1256.7 1255.8 1208.4 1255.8 1111.7 1339.5 1063.4 0 1 0.654 2.0 0.222 1.0 0.221 1.0 24 0 False 3 3.6 0 40.893 0 3312080 3312080 33100.0 33110.0 A A N
33 12 9 FOe 1255.81 1305.07 4 6 1255.8 1208.4 1339.5 1256.7 1339.5 1353.4 1255.8 1401.7 1172.1 1353.4 1172.1 1256.7 1255.8 1208.4 0 1 0.65 2.0 0.219 1.0 0.218 1.0 29 0 False 3 3.6 0 46.102 0 3312090 3312090 33101.0 33110.0 B A N
33 12 10 aOe 1172.09 1450.08 1 4 1255.8 1401.7 1088.4 1498.4 1088.4 1401.7 1172.1 1353.4 1255.8 1401.7 0.0 0.0 0.0 0.0 0 1 0.646 1.0 0.144 1.0 0.144 1.0 14 0 False 3 3.6 0 51.052 0 3312100 3312100 33100.0 33110.0 A A N
33 13 5 dOe 1758.13 725.04 0 5 1758.1 628.4 1800.0 652.5 1716.3 797.5 1674.4 773.4 1674.4 676.7 1758.1 628.4 0.0 0.0 0 0 0.642 1.0 0.144 1.0 0.144 1.0 20 1 False 2 2.4 0 22.411 0 3313050 3313050 33001.0 33010.0 B A N
33 13 8 dOe 1506.97 1160.06 0 5 1507.0 1063.4 1548.8 1087.6 1465.1 1232.6 1423.2 1208.4 1423.2 1111.7 1507.0 1063.4 0.0 0.0 0 1 0.643 1.0 0.144 1.0 0.144 1.0 22 0 False 2 2.4 0 37.589 0 3313080 3313080 33100.0 33110.0 A A N
34 1 4 FMe -167.44 483.36 5 6 -83.7 435.0 -83.7 531.7 -167.4 580.0 -251.2 531.7 -251.2 435.0 -167.4 386.7 -83.7 435.0 1 1 0.895 2.0 0.693 1.0 0.616 1.0 1 1 False 3 3.6 0 109.107 0 3401040 3401040 34300.0 34310.0 A A N
34 1 5 FM -251.16 628.37 5 6 -167.4 580.0 -167.4 676.7 -251.2 725.0 -334.9 676.7 -334.9 580.0 -251.2 531.7 -167.4 580.0 1 1 0.76 2.0 0.461 1.0 0.418 1.0 1 1 False 3 3.6 0 111.787 0 3401050 3401050 34300.0 34310.0 A A N
34 1 6 FO -334.88 773.38 5 6 -251.2 725.0 -251.2 821.7 -334.9 870.0 -418.6 821.7 -418.6 725.0 -334.9 676.7 -251.2 725.0 1 1 0.726 2.0 0.305 1.0 0.293 1.0 1 1 False 3 3.6 0 113.413 0 3401060 3401060 34300.0 34310.0 A A E
34 1 7 FO -418.6 918.38 5 6 -334.9 870.0 -334.9 966.7 -418.6 1015.1 -502.3 966.7 -502.3 870.0 -418.6 821.7 -334.9 870.0 1 1 0.683 2.0 0.257 1.0 0.254 1.0 1 0 True 3 3.6 0 114.504 0 3401070 3401070 34300.0 34310.0 A A W
34 1 8 FO -502.32 1063.39 5 6 -418.6 1015.1 -418.6 1111.7 -502.3 1160.1 -586.0 1111.7 -586.0 1015.1 -502.3 966.7 -418.6 1015.1 1 1 0.67 2.0 0.239 1.0 0.237 1.0 1 0 False 3 3.6 0 115.285 0 3401080 3401080 34300.0 34310.0 A A N
34 1 9 FO -586.04 1208.4 5 6 -502.3 1160.1 -502.3 1256.7 -586.0 1305.1 -669.8 1256.7 -669.8 1160.1 -586.0 1111.7 -502.3 1160.1 1 1 0.658 2.0 0.227 1.0 0.227 1.0 1 0 False 3 3.6 0 115.872 0 3401090 3401090 34300.0 34310.0 A A N
34 1 10 aOe -669.76 1353.41 2 4 -586.0 1401.7 -753.5 1305.1 -669.8 1256.7 -586.0 1305.1 -586.0 1401.7 0.0 0.0 0.0 0.0 1 1 0.646 1.0 0.144 1.0 0.144 1.0 1 0 False 3 3.6 0 116.329 0 3401100 3401100 34300.0 34310.0 A A N
34 2 4 bMe 0.0 483.36 5 5 -83.7 435.0 83.7 435.0 83.7 531.7 0.0 580.0 -83.7 531.7 -83.7 435.0 0.0 0.0 1 0 0.854 1.0 0.458 1.0 0.458 1.0 6 0 False 3 3.6 0 90.0 0 3402040 3402040 34200.0 34210.0 A A N
34 2 5 FM -83.72 628.37 5 6 0.0 580.0 0.0 676.7 -83.7 725.0 -167.4 676.7 -167.4 580.0 -83.7 531.7 0.0 580.0 1 1 0.775 2.0 0.513 1.0 0.469 1.0 0 1 False 3 3.6 0 97.589 0 3402050 3402050 34300.0 34310.0 A A N
34 2 6 FO -167.44 773.38 5 6 -83.7 725.0 -83.7 821.7 -167.4 870.0 -251.2 821.7 -251.2 725.0 -167.4 676.7 -83.7 725.0 1 1 0.729 2.0 0.329 1.0 0.312 1.0 0 1 False 3 3.6 0 102.216 0 3402060 3402060 34300.0 34310.0 A A N
34 2 7 FO -251.16 918.38 5 6 -167.4 870.0 -167.4 966.7 -251.2 1015.1 -334.9 966.7 -334.9 870.0 -251.2 821.7 -167.4 870.0 1 1 0.706 2.0 0.267 1.0 0.263 1.0 0 1 False 3 3.6 0 105.295 0 3402070 3402070 34300.0 34310.0 A A E
34 2 8 FO -334.88 1063.39 5 6 -251.2 1015.1 -251.2 1111.7 -334.9 1160.1 -418.6 1111.7 -418.6 1015.1 -334.9 966.7 -251.2 1015.1 1 1 0.675 2.0 0.244 1.0 0.243 1.0 0 0 True 3 3.6 0 107.48 0 3402080 3402080 34300.0 34310.0 A A W
34 2 9 FO -418.6 1208.4 5 6 -334.9 1160.1 -334.9 1256.7 -418.6 1305.1 -502.3 1256.7 -502.3 1160.1 -418.6 1111.7 -334.9 1160.1 1 1 0.66 2.0 0.231 1.0 0.23 1.0 0 0 False 3 3.6 0 109.107 0 3402090 3402090 34300.0 34310.0 A A N
34 2 10 FOe -502.32 1353.41 5 6 -418.6 1305.1 -418.6 1401.7 -502.3 1450.1 -586.0 1401.7 -586.0 1305.1 -502.3 1256.7 -418.6 1305.1 1 1 0.655 2.0 0.225 1.0 0.225 1.0 0 0 False 3 3.6 0 110.362 0 3402100 3402100 34300.0 34310.0 A A N
34 3 1 aMe 418.6 48.34 3 4 418.6 145.0 418.6 -48.3 502.3 0.0 502.3 96.7 418.6 145.0 0.0 0.0 0.0 0.0 0 0 0.802 1.0 0.323 1.0 0.323 1.0 15 0 False 3 3.6 0 6.587 0 3403010 3403010 34000.0 34010.0 A A N
34 3 3 aMe 251.16 338.35 4 4 167.4 386.7 334.9 290.0 334.9 386.7 251.2 435.0 167.4 386.7 0.0 0.0 0.0 0.0 0 1 0.797 1.0 0.326 1.0 0.326 1.0 8 1 False 3 3.6 0 53.413 0 3403030 3403030 34100.0 34110.0 A A N
34 3 4 FMe 167.44 483.36 1 6 251.2 435.0 251.2 531.7 167.4 580.0 83.7 531.7 83.7 435.0 167.4 386.7 251.2 435.0 1 0 0.88 2.0 0.686 1.0 0.611 1.0 7 0 False 3 3.6 0 70.893 0 3403040 3403040 34200.0 34210.0 A A N
34 3 5 FM 83.72 628.37 1 6 167.4 580.0 167.4 676.7 83.7 725.0 0.0 676.7 0.0 580.0 83.7 531.7 167.4 580.0 1 0 0.783 2.0 0.514 1.0 0.471 1.0 6 0 False 3 3.6 0 82.411 0 3403050 3403050 34200.0 34210.0 A A N
34 3 6 FO 0.0 773.38 1 6 83.7 725.0 83.7 821.7 0.0 870.0 -83.7 821.7 -83.7 725.0 0.0 676.7 83.7 725.0 1 0 0.738 2.0 0.344 1.0 0.323 1.0 5 0 False 3 3.6 0 90.0 0 3403060 3403060 34200.0 34210.0 A A N
34 3 7 FO -83.72 918.38 5 6 0.0 870.0 0.0 966.7 -83.7 1015.1 -167.4 966.7 -167.4 870.0 -83.7 821.7 0.0 870.0 1 1 0.703 2.0 0.275 1.0 0.27 1.0 2 1 False 3 3.6 0 95.209 0 3403070 3403070 34300.0 34310.0 A A N
34 3 8 FO -167.44 1063.39 5 6 -83.7 1015.1 -83.7 1111.7 -167.4 1160.1 -251.2 1111.7 -251.2 1015.1 -167.4 966.7 -83.7 1015.1 1 1 0.675 2.0 0.249 1.0 0.247 1.0 2 1 False 3 3.6 0 98.948 0 3403080 3403080 34300.0 34310.0 A A E
34 3 9 FO -251.16 1208.4 5 6 -167.4 1160.1 -167.4 1256.7 -251.2 1305.1 -334.9 1256.7 -334.9 1160.1 -251.2 1111.7 -167.4 1160.1 1 1 0.667 2.0 0.234 1.0 0.233 1.0 2 0 True 3 3.6 0 101.741 0 3403090 3403090 34300.0 34310.0 A A W
34 3 10 FO -334.88 1353.41 5 6 -251.2 1305.1 -251.2 1401.7 -334.9 1450.1 -418.6 1401.7 -418.6 1305.1 -334.9 1256.7 -251.2 1305.1 1 1 0.658 2.0 0.25 1.0 0.25 1.0 2 0 False 3 3.6 0 103.898 0 3403100 3403100 34300.0 34310.0 A A N
34 3 11 cOe -418.6 1498.42 1 3 -334.9 1450.1 -502.3 1450.1 -418.6 1401.7 -334.9 1450.1 0.0 0.0 0.0 0.0 0.0 0.0 1 1 0.643 0.0 0.0 0.0 0.0 0.0 2 0 False 3 3.6 0 105.608 0 3403110 3403110 34300.0 34310.0 A A N
34 4 1 FM 586.04 48.34 0 6 669.8 -0.0 669.8 96.7 586.0 145.0 502.3 96.7 502.3 -0.0 586.0 -48.3 669.8 -0.0 0 0 0.795 2.0 0.565 1.0 0.522 1.0 15 0 False 3 3.6 0 4.715 0 3404010 3404010 34000.0 34010.0 A A N
34 4 2 FMe 502.32 193.34 0 6 586.0 145.0 586.0 241.7 502.3 290.0 418.6 241.7 418.6 145.0 502.3 96.7 586.0 145.0 0 0 0.845 2.0 0.636 1.0 0.573 1.0 14 0 False 3 3.6 0 21.051 0 3404020 3404020 34000.0 34010.0 A A N
34 4 3 FMe 418.6 338.35 4 6 502.3 290.0 502.3 386.7 418.6 435.0 334.9 386.7 334.9 290.0 418.6 241.7 502.3 290.0 0 1 0.85 2.0 0.634 1.0 0.573 1.0 9 1 False 3 3.6 0 38.948 0 3404030 3404030 34100.0 34110.0 A A N
34 4 4 FM 334.88 483.36 4 6 418.6 435.0 418.6 531.7 334.9 580.0 251.2 531.7 251.2 435.0 334.9 386.7 418.6 435.0 0 1 0.804 2.0 0.562 1.0 0.521 1.0 8 1 False 3 3.6 0 55.285 0 3404040 3404040 34100.0 34110.0 A A N
34 4 5 FM 251.16 628.37 1 6 334.9 580.0 334.9 676.7 251.2 725.0 167.4 676.7 167.4 580.0 251.2 531.7 334.9 580.0 1 0 0.764 2.0 0.458 1.0 0.417 1.0 7 0 False 3 3.6 0 68.213 0 3404050 3404050 34200.0 34210.0 A A N
34 4 6 FO 167.44 773.38 1 6 251.2 725.0 251.2 821.7 167.4 870.0 83.7 821.7 83.7 725.0 167.4 676.7 251.2 725.0 1 0 0.735 2.0 0.332 1.0 0.314 1.0 6 0 False 3 3.6 0 77.784 0 3404060 3404060 34200.0 34210.0 A A N
34 4 7 FO 83.72 918.38 1 6 167.4 870.0 167.4 966.7 83.7 1015.1 0.0 966.7 0.0 870.0 83.7 821.7 167.4 870.0 1 0 0.713 2.0 0.273 1.0 0.267 1.0 5 0 True 3 3.6 0 84.791 0 3404070 3404070 34200.0 34210.0 A A W
34 4 8 FO 0.0 1063.39 1 6 83.7 1015.1 83.7 1111.7 0.0 1160.1 -83.7 1111.7 -83.7 1015.1 0.0 966.7 83.7 1015.1 1 0 0.685 2.0 0.251 1.0 0.249 1.0 4 0 False 3 3.6 0 90.0 0 3404080 3404080 34200.0 34210.0 A A N
34 4 9 FO -83.72 1208.4 5 6 0.0 1160.1 0.0 1256.7 -83.7 1305.1 -167.4 1256.7 -167.4 1160.1 -83.7 1111.7 0.0 1160.1 1 1 0.672 2.0 0.237 1.0 0.236 1.0 3 1 False 3 3.6 0 93.963 0 3404090 3404090 34300.0 34310.0 A A E
34 4 10 FO -167.44 1353.41 5 6 -83.7 1305.1 -83.7 1401.7 -167.4 1450.1 -251.2 1401.7 -251.2 1305.1 -167.4 1256.7 -83.7 1305.1 1 1 0.666 2.0 0.228 1.0 0.228 1.0 3 0 True 3 3.6 0 97.053 0 3404100 3404100 34300.0 34310.0 A A W
34 4 11 dOe -251.16 1498.42 1 5 -167.4 1450.1 -167.4 1498.4 -334.9 1498.4 -334.9 1450.1 -251.2 1401.7 -167.4 1450.1 0.0 0.0 1 1 0.647 1.0 0.144 1.0 0.144 1.0 3 0 False 2 2.4 0 99.515 0 3404110 3404110 34300.0 34310.0 A A N
34 5 1 FM 753.48 48.34 0 6 837.2 -0.0 837.2 96.7 753.5 145.0 669.8 96.7 669.8 -0.0 753.5 -48.3 837.2 -0.0 0 0 0.74 2.0 0.374 1.0 0.346 1.0 15 0 False 3 3.6 0 3.671 0 3405010 3405010 34000.0 34010.0 A A N
34 5 2 FM 669.76 193.34 0 6 753.5 145.0 753.5 241.7 669.8 290.0 586.0 241.7 586.0 145.0 669.8 96.7 753.5 145.0 0 0 0.75 2.0 0.446 1.0 0.405 1.0 14 0 False 3 3.6 0 16.102 0 3405020 3405020 34000.0 34010.0 A A N
34 5 3 FM 586.04 338.35 0 6 669.8 290.0 669.8 386.7 586.0 435.0 502.3 386.7 502.3 290.0 586.0 241.7 669.8 290.0 0 0 0.766 2.0 0.464 1.0 0.423 1.0 13 0 False 3 3.6 0 30.0 0 3405030 3405030 34000.0 34010.0 A A N
34 5 4 FM 502.32 483.36 4 6 586.0 435.0 586.0 531.7 502.3 580.0 418.6 531.7 418.6 435.0 502.3 386.7 586.0 435.0 0 1 0.759 2.0 0.442 1.0 0.401 1.0 9 1 False 3 3.6 0 43.898 0 3405040 3405040 34100.0 34110.0 A A N
34 5 5 FM 418.6 628.37 4 6 502.3 580.0 502.3 676.7 418.6 725.0 334.9 676.7 334.9 580.0 418.6 531.7 502.3 580.0 0 1 0.742 2.0 0.37 1.0 0.342 1.0 8 1 False 3 3.6 0 56.33 0 3405050 3405050 34100.0 34110.0 A A N
34 5 6 FO 334.88 773.38 1 6 418.6 725.0 418.6 821.7 334.9 870.0 251.2 821.7 251.2 725.0 334.9 676.7 418.6 725.0 1 0 0.717 2.0 0.302 1.0 0.293 1.0 7 0 True 3 3.6 0 66.587 0 3405060 3405060 34200.0 34210.0 A A W
34 5 7 FO 251.16 918.38 1 6 334.9 870.0 334.9 966.7 251.2 1015.1 167.4 966.7 167.4 870.0 251.2 821.7 334.9 870.0 1 0 0.707 2.0 0.265 1.0 0.261 1.0 6 0 True 3 3.6 0 74.705 0 3405070 3405070 34200.0 34210.0 A A W
34 5 8 FO 167.44 1063.39 1 6 251.2 1015.1 251.2 1111.7 167.4 1160.1 83.7 1111.7 83.7 1015.1 167.4 966.7 251.2 1015.1 1 0 0.682 2.0 0.25 1.0 0.249 1.0 5 1 False 3 3.6 0 81.052 0 3405080 3405080 34200.0 34210.0 A A E
34 5 9 FO 83.72 1208.4 1 6 167.4 1160.1 167.4 1256.7 83.7 1305.1 0.0 1256.7 0.0 1160.1 83.7 1111.7 167.4 1160.1 1 0 0.674 2.0 0.235 1.0 0.234 1.0 4 0 True 3 3.6 0 86.037 0 3405090 3405090 34200.0 34210.0 A A W
34 5 10 FO 0.0 1353.41 5 6 83.7 1305.1 83.7 1401.7 0.0 1450.1 -83.7 1401.7 -83.7 1305.1 0.0 1256.7 83.7 1305.1 1 0 0.662 2.0 0.229 1.0 0.228 1.0 4 0 False 3 3.6 0 90.0 0 3405100 3405100 34200.0 34210.0 A A N
34 5 11 dOe -83.72 1498.42 1 5 0.0 1450.1 0.0 1498.4 -167.4 1498.4 -167.4 1450.1 -83.7 1401.7 0.0 1450.1 0.0 0.0 1 1 0.648 1.0 0.144 1.0 0.144 1.0 3 0 False 2 2.4 0 93.198 0 3405110 3405110 34300.0 34310.0 A A N
34 6 1 FO 920.92 48.34 0 6 1004.6 -0.0 1004.6 96.7 920.9 145.0 837.2 96.7 837.2 -0.0 920.9 -48.3 1004.6 -0.0 0 0 0.713 2.0 0.272 1.0 0.267 1.0 15 0 True 3 3.6 0 3.005 0 3406010 3406010 34000.0 34010.0 A A W
34 6 2 FO 837.2 193.34 0 6 920.9 145.0 920.9 241.7 837.2 290.0 753.5 241.7 753.5 145.0 837.2 96.7 920.9 145.0 0 0 0.714 2.0 0.3 1.0 0.289 1.0 14 0 True 3 3.6 0 13.004 0 3406020 3406020 34000.0 34010.0 A A W
34 6 3 FO 753.48 338.35 0 6 837.2 290.0 837.2 386.7 753.5 435.0 669.8 386.7 669.8 290.0 753.5 241.7 837.2 290.0 0 0 0.725 2.0 0.312 1.0 0.299 1.0 13 0 False 3 3.6 0 24.182 0 3406030 3406030 34000.0 34010.0 A A N
34 6 4 FO 669.76 483.36 4 6 753.5 435.0 753.5 531.7 669.8 580.0 586.0 531.7 586.0 435.0 669.8 386.7 753.5 435.0 0 1 0.718 2.0 0.313 1.0 0.3 1.0 10 1 False 3 3.6 0 35.818 0 3406040 3406040 34100.0 34110.0 A A N
34 6 5 FO 586.04 628.37 4 6 669.8 580.0 669.8 676.7 586.0 725.0 502.3 676.7 502.3 580.0 586.0 531.7 669.8 580.0 0 1 0.72 2.0 0.296 1.0 0.286 1.0 9 1 False 3 3.6 0 46.996 0 3406050 3406050 34100.0 34110.0 A A E
34 6 6 FO 502.32 773.38 4 6 586.0 725.0 586.0 821.7 502.3 870.0 418.6 821.7 418.6 725.0 502.3 676.7 586.0 725.0 0 1 0.694 2.0 0.273 1.0 0.268 1.0 8 1 False 3 3.6 0 56.996 0 3406060 3406060 34100.0 34110.0 A A E
34 6 7 FO 418.6 918.38 1 6 502.3 870.0 502.3 966.7 418.6 1015.1 334.9 966.7 334.9 870.0 418.6 821.7 502.3 870.0 1 0 0.683 2.0 0.253 1.0 0.251 1.0 7 1 False 3 3.6 0 65.496 0 3406070 3406070 34200.0 34210.0 A A E
34 6 8 FO 334.88 1063.39 1 6 418.6 1015.1 418.6 1111.7 334.9 1160.1 251.2 1111.7 251.2 1015.1 334.9 966.7 418.6 1015.1 1 0 0.674 2.0 0.241 1.0 0.239 1.0 6 1 False 3 3.6 0 72.52 0 3406080 3406080 34200.0 34210.0 A A E
34 6 9 FO 251.16 1208.4 1 6 334.9 1160.1 334.9 1256.7 251.2 1305.1 167.4 1256.7 167.4 1160.1 251.2 1111.7 334.9 1160.1 1 0 0.668 2.0 0.233 1.0 0.233 1.0 5 1 False 3 3.6 0 78.259 0 3406090 3406090 34200.0 34210.0 A A N
34 6 10 FO 167.44 1353.41 1 6 251.2 1305.1 251.2 1401.7 167.4 1450.1 83.7 1401.7 83.7 1305.1 167.4 1256.7 251.2 1305.1 1 0 0.659 2.0 0.228 1.0 0.228 1.0 4 1 False 3 3.6 0 82.947 0 3406100 3406100 34200.0 34210.0 A A E
34 6 11 dOe 83.72 1498.42 1 5 167.4 1450.1 167.4 1498.4 0.0 1498.4 0.0 1450.1 83.7 1401.7 167.4 1450.1 0.0 0.0 1 0 0.647 1.0 0.144 1.0 0.144 1.0 4 1 False 2 2.4 0 86.802 0 3406110 3406110 34200.0 34210.0 A A N
34 7 1 FO 1088.37 48.34 0 6 1172.1 -0.0 1172.1 96.7 1088.4 145.0 1004.6 96.7 1004.6 -0.0 1088.4 -48.3 1172.1 -0.0 0 0 0.678 2.0 0.247 1.0 0.245 1.0 15 1 False 3 3.6 0 2.543 0 3407010 3407010 34000.0 34010.0 A A E
34 7 2 FO 1004.64 193.34 0 6 1088.4 145.0 1088.4 241.7 1004.6 290.0 920.9 241.7 920.9 145.0 1004.6 96.7 1088.4 145.0 0 0 0.681 2.0 0.25 1.0 0.248 1.0 14 1 False 3 3.6 0 10.893 0 3407020 3407020 34000.0 34010.0 A A E
34 7 3 FO 920.92 338.35 0 6 1004.6 290.0 1004.6 386.7 920.9 435.0 837.2 386.7 837.2 290.0 920.9 241.7 1004.6 290.0 0 0 0.698 2.0 0.262 1.0 0.259 1.0 13 0 True 3 3.6 0 20.174 0 3407030 3407030 34000.0 34010.0 A A W
34 7 4 FO 837.2 483.36 0 6 920.9 435.0 920.9 531.7 837.2 580.0 753.5 531.7 753.5 435.0 837.2 386.7 920.9 435.0 0 0 0.708 2.0 0.262 1.0 0.259 1.0 12 0 False 3 3.6 0 30.0 0 3407040 3407040 34000.0 34010.0 A A N
34 7 5 FO 753.48 628.37 4 6 837.2 580.0 837.2 676.7 753.5 725.0 669.8 676.7 669.8 580.0 753.5 531.7 837.2 580.0 0 1 0.694 2.0 0.264 1.0 0.261 1.0 10 1 False 3 3.6 0 39.827 0 3407050 3407050 34100.0 34110.0 A A E
34 7 6 FO 669.76 773.38 4 6 753.5 725.0 753.5 821.7 669.8 870.0 586.0 821.7 586.0 725.0 669.8 676.7 753.5 725.0 0 1 0.684 2.0 0.252 1.0 0.25 1.0 9 0 True 3 3.6 0 49.107 0 3407060 3407060 34100.0 34110.0 A A W
34 7 7 FO 586.04 918.38 4 6 669.8 870.0 669.8 966.7 586.0 1015.1 502.3 966.7 502.3 870.0 586.0 821.7 669.8 870.0 0 1 0.678 2.0 0.248 1.0 0.246 1.0 8 0 True 3 3.6 0 57.457 0 3407070 3407070 34100.0 34110.0 A A W
34 7 8 FO 502.32 1063.39 1 6 586.0 1015.1 586.0 1111.7 502.3 1160.1 418.6 1111.7 418.6 1015.1 502.3 966.7 586.0 1015.1 1 0 0.67 2.0 0.237 1.0 0.237 1.0 7 1 False 3 3.6 0 64.715 0 3407080 3407080 34200.0 34210.0 A A N
34 7 9 FO 418.6 1208.4 1 6 502.3 1160.1 502.3 1256.7 418.6 1305.1 334.9 1256.7 334.9 1160.1 418.6 1111.7 502.3 1160.1 1 0 0.669 2.0 0.233 1.0 0.233 1.0 6 1 False 3 3.6 0 70.893 0 3407090 3407090 34200.0 34210.0 A A N
34 7 10 FO 334.88 1353.41 1 6 418.6 1305.1 418.6 1401.7 334.9 1450.1 251.2 1401.7 251.2 1305.1 334.9 1256.7 418.6 1305.1 1 0 0.662 2.0 0.226 1.0 0.226 1.0 5 1 False 3 3.6 0 76.102 0 3407100 3407100 34200.0 34210.0 A A N
34 7 11 dOe 251.16 1498.42 1 5 334.9 1450.1 334.9 1498.4 167.4 1498.4 167.4 1450.1 251.2 1401.7 334.9 1450.1 0.0 0.0 1 0 0.65 1.0 0.144 1.0 0.144 1.0 4 1 False 2 2.4 0 80.485 0 3407110 3407110 34200.0 34210.0 A A N
34 8 1 FO 1255.81 48.34 0 6 1339.5 -0.0 1339.5 96.7 1255.8 145.0 1172.1 96.7 1172.1 -0.0 1255.8 -48.3 1339.5 -0.0 0 0 0.663 2.0 0.232 1.0 0.231 1.0 15 1 False 3 3.6 0 2.204 0 3408010 3408010 34000.0 34010.0 A A N
34 8 2 FO 1172.09 193.34 0 6 1255.8 145.0 1255.8 241.7 1172.1 290.0 1088.4 241.7 1088.4 145.0 1172.1 96.7 1255.8 145.0 0 0 0.668 2.0 0.237 1.0 0.236 1.0 14 1 False 3 3.6 0 9.367 0 3408020 3408020 34000.0 34010.0 A A N
34 8 3 FO 1088.37 338.35 0 6 1172.1 290.0 1172.1 386.7 1088.4 435.0 1004.6 386.7 1004.6 290.0 1088.4 241.7 1172.1 290.0 0 0 0.673 2.0 0.243 1.0 0.243 1.0 13 1 False 3 3.6 0 17.269 0 3408030 3408030 34000.0 34010.0 A A E
34 8 4 FO 1004.64 483.36 0 6 1088.4 435.0 1088.4 531.7 1004.6 580.0 920.9 531.7 920.9 435.0 1004.6 386.7 1088.4 435.0 0 0 0.673 2.0 0.243 1.0 0.242 1.0 12 0 True 3 3.6 0 25.693 0 3408040 3408040 34000.0 34010.0 A A W
34 8 5 FO 920.92 628.37 4 6 1004.6 580.0 1004.6 676.7 920.9 725.0 837.2 676.7 837.2 580.0 920.9 531.7 1004.6 580.0 0 1 0.677 2.0 0.245 1.0 0.244 1.0 11 1 False 3 3.6 0 34.307 0 3408050 3408050 34100.0 34110.0 A A E
34 8 6 FO 837.2 773.38 4 6 920.9 725.0 920.9 821.7 837.2 870.0 753.5 821.7 753.5 725.0 837.2 676.7 920.9 725.0 0 1 0.675 2.0 0.238 1.0 0.237 1.0 10 0 True 3 3.6 0 42.731 0 3408060 3408060 34100.0 34110.0 A A W
34 8 7 FO 753.48 918.38 4 6 837.2 870.0 837.2 966.7 753.5 1015.1 669.8 966.7 669.8 870.0 753.5 821.7 837.2 870.0 0 1 0.671 2.0 0.238 1.0 0.237 1.0 9 0 False 3 3.6 0 50.633 0 3408070 3408070 34100.0 34110.0 A A N
34 8 8 FO 669.76 1063.39 4 6 753.5 1015.1 753.5 1111.7 669.8 1160.1 586.0 1111.7 586.0 1015.1 669.8 966.7 753.5 1015.1 0 1 0.664 2.0 0.234 1.0 0.233 1.0 8 0 False 3 3.6 0 57.796 0 3408080 3408080 34100.0 34110.0 A A N
34 8 9 FO 586.04 1208.4 1 6 669.8 1160.1 669.8 1256.7 586.0 1305.1 502.3 1256.7 502.3 1160.1 586.0 1111.7 669.8 1160.1 1 0 0.667 2.0 0.229 1.0 0.229 1.0 7 1 False 3 3.6 0 64.128 0 3408090 3408090 34200.0 34210.0 A A N
34 8 10 FOe 502.32 1353.41 1 6 586.0 1305.1 586.0 1401.7 502.3 1450.1 418.6 1401.7 418.6 1305.1 502.3 1256.7 586.0 1305.1 1 0 0.654 2.0 0.25 1.0 0.25 1.0 6 1 False 3 3.6 0 69.638 0 3408100 3408100 34200.0 34210.0 A A N
34 8 11 cOe 418.6 1498.42 1 3 502.3 1450.1 334.9 1450.1 418.6 1401.7 502.3 1450.1 0.0 0.0 0.0 0.0 0.0 0.0 1 0 0.642 0.0 0.0 0.0 0.0 0.0 5 1 False 3 3.6 0 74.392 0 3408110 3408110 34200.0 34210.0 A A N
34 9 1 FOe 1423.25 48.34 0 6 1507.0 -0.0 1507.0 96.7 1423.2 145.0 1339.5 96.7 1339.5 -0.0 1423.2 -48.3 1507.0 -0.0 0 0 0.654 2.0 0.226 1.0 0.226 1.0 15 1 False 3 3.6 0 1.945 0 3409010 3409010 34000.0 34010.0 A A N
34 9 2 FO 1339.53 193.34 0 6 1423.2 145.0 1423.2 241.7 1339.5 290.0 1255.8 241.7 1255.8 145.0 1339.5 96.7 1423.2 145.0 0 0 0.657 2.0 0.227 1.0 0.227 1.0 14 1 False 3 3.6 0 8.213 0 3409020 3409020 34000.0 34010.0 A A N
34 9 3 FO 1255.81 338.35 0 6 1339.5 290.0 1339.5 386.7 1255.8 435.0 1172.1 386.7 1172.1 290.0 1255.8 241.7 1339.5 290.0 0 0 0.663 2.0 0.23 1.0 0.23 1.0 13 1 False 3 3.6 0 15.079 0 3409030 3409030 34000.0 34010.0 A A N
34 9 4 FO 1172.09 483.36 0 6 1255.8 435.0 1255.8 531.7 1172.1 580.0 1088.4 531.7 1088.4 435.0 1172.1 386.7 1255.8 435.0 0 0 0.666 2.0 0.231 1.0 0.23 1.0 12 1 False 3 3.6 0 22.411 0 3409040 3409040 34000.0 34010.0 A A E
34 9 5 FO 1088.37 628.37 4 6 1172.1 580.0 1172.1 676.7 1088.4 725.0 1004.6 676.7 1004.6 580.0 1088.4 531.7 1172.1 580.0 0 0 0.665 2.0 0.232 1.0 0.231 1.0 12 0 False 3 3.6 0 30.0 0 3409050 3409050 34000.0 34010.0 A A N
34 9 6 FO 1004.64 773.38 4 6 1088.4 725.0 1088.4 821.7 1004.6 870.0 920.9 821.7 920.9 725.0 1004.6 676.7 1088.4 725.0 0 1 0.663 2.0 0.228 1.0 0.228 1.0 11 0 True 3 3.6 0 37.589 0 3409060 3409060 34100.0 34110.0 A A W
34 9 7 FO 920.92 918.38 4 6 1004.6 870.0 1004.6 966.7 920.9 1015.1 837.2 966.7 837.2 870.0 920.9 821.7 1004.6 870.0 0 1 0.662 2.0 0.23 1.0 0.23 1.0 10 0 False 3 3.6 0 44.921 0 3409070 3409070 34100.0 34110.0 A A N
34 9 8 FO 837.2 1063.39 4 6 920.9 1015.1 920.9 1111.7 837.2 1160.1 753.5 1111.7 753.5 1015.1 837.2 966.7 920.9 1015.1 0 1 0.66 2.0 0.228 1.0 0.228 1.0 9 0 False 3 3.6 0 51.787 0 3409080 3409080 34100.0 34110.0 A A N
34 9 9 FOe 753.48 1208.4 4 6 837.2 1160.1 837.2 1256.7 753.5 1305.1 669.8 1256.7 669.8 1160.1 753.5 1111.7 837.2 1160.1 0 1 0.657 2.0 0.225 1.0 0.225 1.0 8 0 False 3 3.6 0 58.055 0 3409090 3409090 34100.0 34110.0 A A N
34 9 10 aOe 669.76 1353.41 1 4 753.5 1305.1 586.0 1401.7 586.0 1305.1 669.8 1256.7 753.5 1305.1 0.0 0.0 0.0 0.0 1 0 0.651 1.0 0.144 1.0 0.144 1.0 7 1 False 3 3.6 0 63.671 0 3409100 3409100 34200.0 34210.0 A A N
34 10 2 aOe 1506.97 193.34 0 4 1507.0 96.7 1507.0 290.0 1423.2 241.7 1423.2 145.0 1507.0 96.7 0.0 0.0 0.0 0.0 0 0 0.647 1.0 0.144 1.0 0.144 1.0 14 1 False 3 3.6 0 7.311 0 3410020 3410020 34000.0 34010.0 A A N
34 10 3 bOe 1423.25 338.35 1 5 1507.0 290.0 1423.2 435.0 1339.5 386.7 1339.5 290.0 1423.2 241.7 1507.0 290.0 0.0 0.0 0 0 0.655 1.0 0.192 1.0 0.192 1.0 13 1 False 3 3.6 0 13.373 0 3410030 3410030 34000.0 34010.0 A A N
34 10 4 FOe 1339.53 483.36 0 6 1423.2 435.0 1423.2 531.7 1339.5 580.0 1255.8 531.7 1255.8 435.0 1339.5 386.7 1423.2 435.0 0 0 0.655 2.0 0.225 1.0 0.225 1.0 12 1 False 3 3.6 0 19.842 0 3410040 3410040 34000.0 34010.0 A A N
34 10 5 FO 1255.81 628.37 4 6 1339.5 580.0 1339.5 676.7 1255.8 725.0 1172.1 676.7 1172.1 580.0 1255.8 531.7 1339.5 580.0 0 0 0.653 2.0 0.25 1.0 0.25 1.0 12 1 False 3 3.6 0 26.582 0 3410050 3410050 34000.0 34010.0 A A N
34 10 6 FO 1172.09 773.38 0 6 1255.8 725.0 1255.8 821.7 1172.1 870.0 1088.4 821.7 1088.4 725.0 1172.1 676.7 1255.8 725.0 0 1 0.657 2.0 0.251 1.0 0.251 1.0 11 0 False 3 3.6 0 33.418 0 3410060 3410060 34100.0 34110.0 A A N
34 10 7 FOe 1088.37 918.38 4 6 1172.1 870.0 1172.1 966.7 1088.4 1015.1 1004.6 966.7 1004.6 870.0 1088.4 821.7 1172.1 870.0 0 1 0.656 2.0 0.25 1.0 0.25 1.0 11 0 False 3 3.6 0 40.158 0 3410070 3410070 34100.0 34110.0 A A N
34 10 8 bOe 1004.64 1063.39 1 5 1088.4 1015.1 1004.6 1160.1 920.9 1111.7 920.9 1015.1 1004.6 966.7 1088.4 1015.1 0.0 0.0 0 1 0.657 1.0 0.192 1.0 0.192 1.0 10 0 False 3 3.6 0 46.627 0 3410080 3410080 34100.0 34110.0 A A N
34 10 9 aOe 920.92 1208.4 1 4 1004.6 1160.1 837.2 1256.7 837.2 1160.1 920.9 1111.7 1004.6 1160.1 0.0 0.0 0.0 0.0 0 1 0.648 1.0 0.144 1.0 0.144 1.0 9 0 False 3 3.6 0 52.689 0 3410090 3410090 34100.0 34110.0 A A N
34 11 5 cOe 1423.25 628.37 0 3 1423.2 531.7 1339.5 676.7 1339.5 580.0 1423.2 531.7 0.0 0.0 0.0 0.0 0.0 0.0 0 0 0.642 0.0 0.0 0.0 0.0 0.0 12 1 False 3 3.6 0 23.822 0 3411050 3411050 34000.0 34010.0 A A N
34 11 6 cOe 1339.53 773.38 0 3 1339.5 676.7 1255.8 821.7 1255.8 725.0 1339.5 676.7 0.0 0.0 0.0 0.0 0.0 0.0 0 0 0.642 0.0 0.0 0.0 0.0 0.0 12 1 False 3 3.6 0 30.0 0 3411060 3411060 34000.0 34010.0 A A N
34 11 7 cOe 1255.81 918.38 0 3 1255.8 821.7 1172.1 966.7 1172.1 870.0 1255.8 821.7 0.0 0.0 0.0 0.0 0.0 0.0 0 1 0.643 0.0 0.0 0.0 0.0 0.0 11 0 False 3 3.6 0 36.178 0 3411070 3411070 34100.0 34110.0 A A N
35 0 2 aMe -167.44 386.69 5 4 -251.2 338.4 -83.7 435.0 -167.4 483.4 -251.2 435.0 -251.2 338.4 0.0 0.0 0.0 0.0 1 1 0.79 1.0 0.315 1.0 0.315 1.0 0 1 False 3 3.6 0 113.413 0 3500020 3500020 35300.0 35310.0 A A N
35 0 3 FM -251.16 531.7 5 6 -251.2 435.0 -167.4 483.4 -167.4 580.0 -251.2 628.4 -334.9 580.0 -334.9 483.4 -251.2 435.0 1 1 0.772 2.0 0.541 1.0 0.503 1.0 0 1 False 3 3.6 0 115.285 0 3500030 3500030 35300.0 35310.0 A A N
35 0 4 FO -334.88 676.7 5 6 -334.9 580.0 -251.2 628.4 -251.2 725.0 -334.9 773.4 -418.6 725.0 -418.6 628.4 -334.9 580.0 1 1 0.723 2.0 0.328 1.0 0.312 1.0 0 1 False 3 3.6 0 116.33 0 3500040 3500040 35300.0 35310.0 A A N
35 0 5 FO -418.6 821.71 5 6 -418.6 725.0 -334.9 773.4 -334.9 870.0 -418.6 918.4 -502.3 870.0 -502.3 773.4 -418.6 725.0 1 1 0.693 2.0 0.262 1.0 0.258 1.0 0 1 False 3 3.6 0 116.995 0 3500050 3500050 35300.0 35310.0 A A E
35 0 6 FO -502.32 966.72 5 6 -502.3 870.0 -418.6 918.4 -418.6 1015.1 -502.3 1063.4 -586.0 1015.1 -586.0 918.4 -502.3 870.0 1 1 0.669 2.0 0.243 1.0 0.242 1.0 0 0 True 3 3.6 0 117.457 0 3500060 3500060 35300.0 35310.0 A A W
35 0 7 FO -586.04 1111.73 5 6 -586.0 1015.1 -502.3 1063.4 -502.3 1160.1 -586.0 1208.4 -669.8 1160.1 -669.8 1063.4 -586.0 1015.1 1 1 0.662 2.0 0.23 1.0 0.229 1.0 0 0 False 3 3.6 0 117.796 0 3500070 3500070 35300.0 35310.0 A A N
35 0 8 FOe -669.76 1256.74 5 6 -669.8 1160.1 -586.0 1208.4 -586.0 1305.1 -669.8 1353.4 -753.5 1305.1 -753.5 1208.4 -669.8 1160.1 1 1 0.655 2.0 0.222 1.0 0.222 1.0 0 0 False 3 3.6 0 118.055 0 3500080 3500080 35300.0 35310.0 A A N
35 1 3 FMe -83.72 531.7 5 6 -83.7 435.0 0.0 483.4 0.0 580.0 -83.7 628.4 -167.4 580.0 -167.4 483.4 -83.7 435.0 1 1 0.815 2.0 0.597 1.0 0.553 1.0 1 1 False 3 3.6 0 98.948 0 3501030 3501030 35300.0 35310.0 A A N
35 1 4 FM -167.44 676.7 5 6 -167.4 580.0 -83.7 628.4 -83.7 725.0 -167.4 773.4 -251.2 725.0 -251.2 628.4 -167.4 580.0 1 1 0.746 2.0 0.405 1.0 0.374 1.0 1 1 False 3 3.6 0 103.898 0 3501040 3501040 35300.0 35310.0 A A N
35 1 5 FO -251.16 821.71 5 6 -251.2 725.0 -167.4 773.4 -167.4 870.0 -251.2 918.4 -334.9 870.0 -334.9 773.4 -251.2 725.0 1 1 0.712 2.0 0.277 1.0 0.272 1.0 1 1 False 3 3.6 0 106.996 0 3501050 3501050 35300.0 35310.0 A A E
35 1 6 FO -334.88 966.72 5 6 -334.9 870.0 -251.2 918.4 -251.2 1015.1 -334.9 1063.4 -418.6 1015.1 -418.6 918.4 -334.9 870.0 1 1 0.678 2.0 0.248 1.0 0.247 1.0 1 0 True 3 3.6 0 109.107 0 3501060 3501060 35300.0 35310.0 A A W
35 1 7 FO -418.6 1111.73 5 6 -418.6 1015.1 -334.9 1063.4 -334.9 1160.1 -418.6 1208.4 -502.3 1160.1 -502.3 1063.4 -418.6 1015.1 1 1 0.667 2.0 0.231 1.0 0.231 1.0 1 0 False 3 3.6 0 110.633 0 3501070 3501070 35300.0 35310.0 A A N
35 1 8 FO -502.32 1256.74 5 6 -502.3 1160.1 -418.6 1208.4 -418.6 1305.1 -502.3 1353.4 -586.0 1305.1 -586.0 1208.4 -502.3 1160.1 1 1 0.656 2.0 0.225 1.0 0.225 1.0 1 0 False 3 3.6 0 111.787 0 3501080 3501080 35300.0 35310.0 A A N
35 1 9 aOe -586.04 1401.74 2 4 -502.3 1450.1 -669.8 1353.4 -586.0 1305.1 -502.3 1353.4 -502.3 1450.1 0.0 0.0 0.0 0.0 1 1 0.647 1.0 0.144 1.0 0.144 1.0 1 0 False 3 3.6 0 112.689 0 3501090 3501090 35300.0 35310.0 A A N
35 2 2 aMe 167.44 386.69 4 4 83.7 435.0 251.2 338.4 251.2 435.0 167.4 483.4 83.7 435.0 0.0 0.0 0.0 0.0 1 0 0.784 1.0 0.316 1.0 0.316 1.0 7 0 False 3 3.6 0 66.587 0 3502020 3502020 35200.0 35210.0 A A N
35 2 3 FMe 83.72 531.7 1 6 83.7 435.0 167.4 483.4 167.4 580.0 83.7 628.4 0.0 580.0 0.0 483.4 83.7 435.0 1 0 0.806 2.0 0.592 1.0 0.55 1.0 6 0 False 3 3.6 0 81.052 0 3502030 3502030 35200.0 35210.0 A A N
35 2 4 FM 0.0 676.7 1 6 0.0 580.0 83.7 628.4 83.7 725.0 0.0 773.4 -83.7 725.0 -83.7 628.4 0.0 580.0 1 0 0.74 2.0 0.427 1.0 0.394 1.0 3 0 False 3 3.6 0 90.0 0 3502040 3502040 35200.0 35210.0 A A N
35 2 5 FO -83.72 821.71 5 6 -83.7 725.0 0.0 773.4 0.0 870.0 -83.7 918.4 -167.4 870.0 -167.4 773.4 -83.7 725.0 1 1 0.711 2.0 0.295 1.0 0.286 1.0 2 1 False 3 3.6 0 95.818 0 3502050 3502050 35300.0 35310.0 A A N
35 2 6 FO -167.44 966.72 5 6 -167.4 870.0 -83.7 918.4 -83.7 1015.1 -167.4 1063.4 -251.2 1015.1 -251.2 918.4 -167.4 870.0 1 1 0.682 2.0 0.25 1.0 0.249 1.0 2 1 False 3 3.6 0 99.826 0 3502060 3502060 35300.0 35310.0 A A E
35 2 7 FO -251.16 1111.73 5 6 -251.2 1015.1 -167.4 1063.4 -167.4 1160.1 -251.2 1208.4 -334.9 1160.1 -334.9 1063.4 -251.2 1015.1 1 1 0.666 2.0 0.236 1.0 0.235 1.0 2 0 True 3 3.6 0 102.73 0 3502070 3502070 35300.0 35310.0 A A W
35 2 8 FO -334.88 1256.74 5 6 -334.9 1160.1 -251.2 1208.4 -251.2 1305.1 -334.9 1353.4 -418.6 1305.1 -418.6 1208.4 -334.9 1160.1 1 1 0.657 2.0 0.227 1.0 0.227 1.0 2 0 False 3 3.6 0 104.921 0 3502080 3502080 35300.0 35310.0 A A N
35 2 9 bOe -418.6 1401.74 2 5 -334.9 1450.1 -502.3 1450.1 -502.3 1353.4 -418.6 1305.1 -334.9 1353.4 -334.9 1450.1 0.0 0.0 1 1 0.652 1.0 0.192 1.0 0.192 1.0 2 0 False 3 3.6 0 106.627 0 3502090 3502090 35300.0 35310.0 A A N
35 3 0 FMe 502.32 96.67 0 6 502.3 0.0 586.0 48.3 586.0 145.0 502.3 193.3 418.6 145.0 418.6 48.3 502.3 0.0 0 0 0.849 2.0 0.652 1.0 0.595 1.0 14 0 False 3 3.6 0 10.893 0 3503000 3503000 35000.0 35010.0 A A N
35 3 1 bMe 418.6 241.68 4 5 334.9 290.0 418.6 145.0 502.3 193.3 502.3 290.0 418.6 338.4 334.9 290.0 0.0 0.0 0 0 0.827 1.0 0.442 1.0 0.442 1.0 13 0 False 3 3.6 0 30.0 0 3503010 3503010 35000.0 35010.0 A A N
35 3 2 FMe 334.88 386.69 4 6 334.9 290.0 418.6 338.4 418.6 435.0 334.9 483.4 251.2 435.0 251.2 338.4 334.9 290.0 0 1 0.834 2.0 0.651 1.0 0.591 1.0 8 1 False 3 3.6 0 49.107 0 3503020 3503020 35100.0 35110.0 A A N
35 3 3 FM 251.16 531.7 1 6 251.2 435.0 334.9 483.4 334.9 580.0 251.2 628.4 167.4 580.0 167.4 483.4 251.2 435.0 1 0 0.774 2.0 0.533 1.0 0.497 1.0 7 0 False 3 3.6 0 64.715 0 3503030 3503030 35200.0 35210.0 A A N
35 3 4 FM 167.44 676.7 1 6 167.4 580.0 251.2 628.4 251.2 725.0 167.4 773.4 83.7 725.0 83.7 628.4 167.4 580.0 1 0 0.737 2.0 0.395 1.0 0.365 1.0 6 0 False 3 3.6 0 76.102 0 3503040 3503040 35200.0 35210.0 A A N
35 3 5 FO 83.72 821.71 1 6 83.7 725.0 167.4 773.4 167.4 870.0 83.7 918.4 0.0 870.0 0.0 773.4 83.7 725.0 1 0 0.704 2.0 0.288 1.0 0.28 1.0 3 0 False 3 3.6 0 84.182 0 3503050 3503050 35200.0 35210.0 A A N
35 3 6 FO 0.0 966.72 1 6 0.0 870.0 83.7 918.4 83.7 1015.1 0.0 1063.4 -83.7 1015.1 -83.7 918.4 0.0 870.0 1 0 0.678 2.0 0.255 1.0 0.252 1.0 4 0 False 3 3.6 0 90.0 0 3503060 3503060 35200.0 35210.0 A A N
35 3 7 FO -83.72 1111.73 5 6 -83.7 1015.1 0.0 1063.4 0.0 1160.1 -83.7 1208.4 -167.4 1160.1 -167.4 1063.4 -83.7 1015.1 1 1 0.661 2.0 0.239 1.0 0.239 1.0 5 1 False 3 3.6 0 94.307 0 3503070 3503070 35300.0 35310.0 A A E
35 3 8 FO -167.44 1256.74 5 6 -167.4 1160.1 -83.7 1208.4 -83.7 1305.1 -167.4 1353.4 -251.2 1305.1 -251.2 1208.4 -167.4 1160.1 1 1 0.659 2.0 0.231 1.0 0.23 1.0 5 0 True 3 3.6 0 97.589 0 3503080 3503080 35300.0 35310.0 A A W
35 3 9 FOe -251.16 1401.74 5 6 -251.2 1305.1 -167.4 1353.4 -167.4 1450.1 -251.2 1498.4 -334.9 1450.1 -334.9 1353.4 -251.2 1305.1 1 1 0.655 2.0 0.223 1.0 0.223 1.0 5 0 False 3 3.6 0 100.158 0 3503090 3503090 35300.0 35310.0 A A N
35 4 0 FM 669.76 96.67 0 6 669.8 0.0 753.5 48.3 753.5 145.0 669.8 193.3 586.0 145.0 586.0 48.3 669.8 0.0 0 0 0.738 2.0 0.43 1.0 0.396 1.0 14 0 False 3 3.6 0 8.213 0 3504000 3504000 35000.0 35010.0 A A N
35 4 1 FM 586.04 241.68 0 6 586.0 145.0 669.8 193.3 669.8 290.0 586.0 338.4 502.3 290.0 502.3 193.3 586.0 145.0 0 0 0.758 2.0 0.479 1.0 0.442 1.0 13 0 False 3 3.6 0 22.411 0 3504010 3504010 35000.0 35010.0 A A N
35 4 2 FM 502.32 386.69 4 6 502.3 290.0 586.0 338.4 586.0 435.0 502.3 483.4 418.6 435.0 418.6 338.4 502.3 290.0 0 1 0.76 2.0 0.474 1.0 0.436 1.0 15 1 False 3 3.6 0 37.589 0 3504020 3504020 35100.0 35110.0 A A N
35 4 3 FM 418.6 531.7 4 6 418.6 435.0 502.3 483.4 502.3 580.0 418.6 628.4 334.9 580.0 334.9 483.4 418.6 435.0 0 1 0.745 2.0 0.423 1.0 0.39 1.0 8 1 False 3 3.6 0 51.787 0 3504030 3504030 35100.0 35110.0 A A N
35 4 4 FO 334.88 676.7 1 6 334.9 580.0 418.6 628.4 418.6 725.0 334.9 773.4 251.2 725.0 251.2 628.4 334.9 580.0 1 0 0.723 2.0 0.326 1.0 0.31 1.0 7 0 False 3 3.6 0 63.67 0 3504040 3504040 35200.0 35210.0 A A N
35 4 5 FO 251.16 821.71 1 6 251.2 725.0 334.9 773.4 334.9 870.0 251.2 918.4 167.4 870.0 167.4 773.4 251.2 725.0 1 0 0.698 2.0 0.285 1.0 0.278 1.0 6 0 True 3 3.6 0 73.004 0 3504050 3504050 35200.0 35210.0 A A W
35 4 6 FO 167.44 966.72 1 6 167.4 870.0 251.2 918.4 251.2 1015.1 167.4 1063.4 83.7 1015.1 83.7 918.4 167.4 870.0 1 0 0.678 2.0 0.255 1.0 0.252 1.0 3 0 True 3 3.6 0 80.174 0 3504060 3504060 35200.0 35210.0 A A W
35 4 7 FO 83.72 1111.73 1 6 83.7 1015.1 167.4 1063.4 167.4 1160.1 83.7 1208.4 0.0 1160.1 0.0 1063.4 83.7 1015.1 1 0 0.669 2.0 0.239 1.0 0.238 1.0 4 0 True 3 3.6 0 85.693 0 3504070 3504070 35200.0 35210.0 A A W
35 4 8 FO 0.0 1256.74 5 6 0.0 1160.1 83.7 1208.4 83.7 1305.1 0.0 1353.4 -83.7 1305.1 -83.7 1208.4 0.0 1160.1 1 0 0.659 2.0 0.23 1.0 0.229 1.0 4 0 False 3 3.6 0 90.0 0 3504080 3504080 35200.0 35210.0 A A N
35 4 9 FO -83.72 1401.74 1 6 -83.7 1305.1 0.0 1353.4 0.0 1450.1 -83.7 1498.4 -167.4 1450.1 -167.4 1353.4 -83.7 1305.1 1 1 0.655 2.0 0.25 1.0 0.25 1.0 5 0 False 3 3.6 0 93.418 0 3504090 3504090 35300.0 35310.0 A A N
35 4 10 cOe -167.44 1546.75 1 3 -83.7 1498.4 -251.2 1498.4 -167.4 1450.1 -83.7 1498.4 0.0 0.0 0.0 0.0 0.0 0.0 1 1 0.642 0.0 0.0 0.0 0.0 0.0 5 0 False 3 3.6 0 96.178 0 3504100 3504100 35300.0 35310.0 A A N
35 5 0 FO 837.2 96.67 0 6 837.2 0.0 920.9 48.3 920.9 145.0 837.2 193.3 753.5 145.0 753.5 48.3 837.2 0.0 0 0 0.706 2.0 0.286 1.0 0.279 1.0 14 0 True 3 3.6 0 6.587 0 3505000 3505000 35000.0 35010.0 A A W
35 5 1 FO 753.48 241.68 0 6 753.5 145.0 837.2 193.3 837.2 290.0 753.5 338.4 669.8 290.0 669.8 193.3 753.5 145.0 0 0 0.709 2.0 0.308 1.0 0.296 1.0 13 0 False 3 3.6 0 17.784 0 3505010 3505010 35000.0 35010.0 A A N
35 5 2 FO 669.76 386.69 0 6 669.8 290.0 753.5 338.4 753.5 435.0 669.8 483.4 586.0 435.0 586.0 338.4 669.8 290.0 0 0 0.718 2.0 0.318 1.0 0.303 1.0 12 0 False 3 3.6 0 30.0 0 3505020 3505020 35000.0 35010.0 A A N
35 5 3 FO 586.04 531.7 4 6 586.0 435.0 669.8 483.4 669.8 580.0 586.0 628.4 502.3 580.0 502.3 483.4 586.0 435.0 0 1 0.716 2.0 0.315 1.0 0.302 1.0 15 1 False 3 3.6 0 42.217 0 3505030 3505030 35100.0 35110.0 A A N
35 5 4 FO 502.32 676.7 4 6 502.3 580.0 586.0 628.4 586.0 725.0 502.3 773.4 418.6 725.0 418.6 628.4 502.3 580.0 0 1 0.702 2.0 0.283 1.0 0.276 1.0 8 1 False 3 3.6 0 53.413 0 3505040 3505040 35100.0 35110.0 A A E
35 5 5 FO 418.6 821.71 1 6 418.6 725.0 502.3 773.4 502.3 870.0 418.6 918.4 334.9 870.0 334.9 773.4 418.6 725.0 1 0 0.687 2.0 0.263 1.0 0.259 1.0 7 0 True 3 3.6 0 63.005 0 3505050 3505050 35200.0 35210.0 A A W
35 5 6 FO 334.88 966.72 1 6 334.9 870.0 418.6 918.4 418.6 1015.1 334.9 1063.4 251.2 1015.1 251.2 918.4 334.9 870.0 1 0 0.666 2.0 0.246 1.0 0.244 1.0 6 1 False 3 3.6 0 70.893 0 3505060 3505060 35200.0 35210.0 A A E
35 5 7 FO 251.16 1111.73 1 6 251.2 1015.1 334.9 1063.4 334.9 1160.1 251.2 1208.4 167.4 1160.1 167.4 1063.4 251.2 1015.1 1 0 0.665 2.0 0.238 1.0 0.237 1.0 3 1 False 3 3.6 0 77.27 0 3505070 3505070 35200.0 35210.0 A A E
35 5 8 FO 167.44 1256.74 1 6 167.4 1160.1 251.2 1208.4 251.2 1305.1 167.4 1353.4 83.7 1305.1 83.7 1208.4 167.4 1160.1 1 0 0.657 2.0 0.227 1.0 0.227 1.0 4 1 False 3 3.6 0 82.411 0 3505080 3505080 35200.0 35210.0 A A E
35 5 9 FO 83.72 1401.74 5 6 83.7 1305.1 167.4 1353.4 167.4 1450.1 83.7 1498.4 0.0 1450.1 0.0 1353.4 83.7 1305.1 1 0 0.653 2.0 0.249 1.0 0.249 1.0 4 1 False 3 3.6 0 86.582 0 3505090 3505090 35200.0 35210.0 A A N
35 5 10 cOe 0.0 1546.75 1 3 83.7 1498.4 -83.7 1498.4 -0.0 1450.1 83.7 1498.4 0.0 0.0 0.0 0.0 0.0 0.0 1 0 0.641 0.0 0.0 0.0 0.0 0.0 4 1 False 3 3.6 0 90.0 0 3505100 3505100 35200.0 35210.0 A A N
35 6 0 FO 1004.64 96.67 0 6 1004.6 0.0 1088.4 48.3 1088.4 145.0 1004.6 193.3 920.9 145.0 920.9 48.3 1004.6 0.0 0 0 0.679 2.0 0.251 1.0 0.249 1.0 14 1 False 3 3.6 0 5.496 0 3506000 3506000 35000.0 35010.0 A A E
35 6 1 FO 920.92 241.68 0 6 920.9 145.0 1004.6 193.3 1004.6 290.0 920.9 338.4 837.2 290.0 837.2 193.3 920.9 145.0 0 0 0.69 2.0 0.256 1.0 0.253 1.0 13 0 True 3 3.6 0 14.705 0 3506010 3506010 35000.0 35010.0 A A W
35 6 2 FO 837.2 386.69 0 6 837.2 290.0 920.9 338.4 920.9 435.0 837.2 483.4 753.5 435.0 753.5 338.4 837.2 290.0 0 0 0.697 2.0 0.266 1.0 0.262 1.0 12 0 True 3 3.6 0 24.791 0 3506020 3506020 35000.0 35010.0 A A W
35 6 3 FO 753.48 531.7 4 6 753.5 435.0 837.2 483.4 837.2 580.0 753.5 628.4 669.8 580.0 669.8 483.4 753.5 435.0 0 1 0.695 2.0 0.263 1.0 0.26 1.0 9 0 False 3 3.6 0 35.209 0 3506030 3506030 35100.0 35110.0 A A N
35 6 4 FO 669.76 676.7 4 6 669.8 580.0 753.5 628.4 753.5 725.0 669.8 773.4 586.0 725.0 586.0 628.4 669.8 580.0 0 1 0.688 2.0 0.257 1.0 0.254 1.0 15 1 False 3 3.6 0 45.295 0 3506040 3506040 35100.0 35110.0 A A E
35 6 5 FO 586.04 821.71 4 6 586.0 725.0 669.8 773.4 669.8 870.0 586.0 918.4 502.3 870.0 502.3 773.4 586.0 725.0 0 1 0.675 2.0 0.25 1.0 0.248 1.0 8 0 True 3 3.6 0 54.504 0 3506050 3506050 35100.0 35110.0 A A W
35 6 6 FO 502.32 966.72 1 6 502.3 870.0 586.0 918.4 586.0 1015.1 502.3 1063.4 418.6 1015.1 418.6 918.4 502.3 870.0 1 0 0.666 2.0 0.241 1.0 0.24 1.0 7 1 False 3 3.6 0 62.543 0 3506060 3506060 35200.0 35210.0 A A E
35 6 7 FO 418.6 1111.73 1 6 418.6 1015.1 502.3 1063.4 502.3 1160.1 418.6 1208.4 334.9 1160.1 334.9 1063.4 418.6 1015.1 1 0 0.667 2.0 0.232 1.0 0.231 1.0 6 1 False 3 3.6 0 69.367 0 3506070 3506070 35200.0 35210.0 A A N
35 6 8 FO 334.88 1256.74 1 6 334.9 1160.1 418.6 1208.4 418.6 1305.1 334.9 1353.4 251.2 1305.1 251.2 1208.4 334.9 1160.1 1 0 0.659 2.0 0.228 1.0 0.228 1.0 3 1 False 3 3.6 0 75.079 0 3506080 3506080 35200.0 35210.0 A A N
35 6 9 FOe 251.16 1401.74 1 6 251.2 1305.1 334.9 1353.4 334.9 1450.1 251.2 1498.4 167.4 1450.1 167.4 1353.4 251.2 1305.1 1 0 0.653 2.0 0.248 1.0 0.248 1.0 4 1 False 3 3.6 0 79.842 0 3506090 3506090 35200.0 35210.0 A A N
35 6 10 cOe 167.44 1546.75 1 3 251.2 1498.4 83.7 1498.4 167.4 1450.1 251.2 1498.4 0.0 0.0 0.0 0.0 0.0 0.0 1 0 0.642 0.0 0.0 0.0 0.0 0.0 4 1 False 3 3.6 0 83.822 0 3506100 3506100 35200.0 35210.0 A A N
35 7 0 FO 1172.09 96.67 0 6 1172.1 0.0 1255.8 48.3 1255.8 145.0 1172.1 193.3 1088.4 145.0 1088.4 48.3 1172.1 0.0 0 0 0.664 2.0 0.234 1.0 0.234 1.0 14 1 False 3 3.6 0 4.715 0 3507000 3507000 35000.0 35010.0 A A N
35 7 1 FO 1088.37 241.68 0 6 1088.4 145.0 1172.1 193.3 1172.1 290.0 1088.4 338.4 1004.6 290.0 1004.6 193.3 1088.4 145.0 0 0 0.666 2.0 0.238 1.0 0.237 1.0 13 1 False 3 3.6 0 12.52 0 3507010 3507010 35000.0 35010.0 A A E
35 7 2 FO 1004.64 386.69 0 6 1004.6 290.0 1088.4 338.4 1088.4 435.0 1004.6 483.4 920.9 435.0 920.9 338.4 1004.6 290.0 0 0 0.677 2.0 0.243 1.0 0.242 1.0 12 1 False 3 3.6 0 21.052 0 3507020 3507020 35000.0 35010.0 A A E
35 7 3 FO 920.92 531.7 0 6 920.9 435.0 1004.6 483.4 1004.6 580.0 920.9 628.4 837.2 580.0 837.2 483.4 920.9 435.0 0 0 0.667 2.0 0.244 1.0 0.243 1.0 11 0 False 3 3.6 0 30.0 0 3507030 3507030 35000.0 35010.0 A A N
35 7 4 FO 837.2 676.7 4 6 837.2 580.0 920.9 628.4 920.9 725.0 837.2 773.4 753.5 725.0 753.5 628.4 837.2 580.0 0 1 0.67 2.0 0.241 1.0 0.24 1.0 9 0 False 3 3.6 0 38.948 0 3507040 3507040 35100.0 35110.0 A A E
35 7 5 FO 753.48 821.71 4 6 753.5 725.0 837.2 773.4 837.2 870.0 753.5 918.4 669.8 870.0 669.8 773.4 753.5 725.0 0 1 0.665 2.0 0.236 1.0 0.236 1.0 15 0 True 3 3.6 0 47.48 0 3507050 3507050 35100.0 35110.0 A A W
35 7 6 FO 669.76 966.72 4 6 669.8 870.0 753.5 918.4 753.5 1015.1 669.8 1063.4 586.0 1015.1 586.0 918.4 669.8 870.0 0 1 0.665 2.0 0.236 1.0 0.234 1.0 8 0 False 3 3.6 0 55.285 0 3507060 3507060 35100.0 35110.0 A A N
35 7 7 FO 586.04 1111.73 1 6 586.0 1015.1 669.8 1063.4 669.8 1160.1 586.0 1208.4 502.3 1160.1 502.3 1063.4 586.0 1015.1 1 0 0.661 2.0 0.23 1.0 0.23 1.0 7 1 False 3 3.6 0 62.204 0 3507070 3507070 35200.0 35210.0 A A N
35 7 8 FO 502.32 1256.74 1 6 502.3 1160.1 586.0 1208.4 586.0 1305.1 502.3 1353.4 418.6 1305.1 418.6 1208.4 502.3 1160.1 1 0 0.653 2.0 0.225 1.0 0.224 1.0 6 1 False 3 3.6 0 68.213 0 3507080 3507080 35200.0 35210.0 A A N
35 7 9 bOe 418.6 1401.74 2 5 502.3 1450.1 334.9 1450.1 334.9 1353.4 418.6 1305.1 502.3 1353.4 502.3 1450.1 0.0 0.0 1 0 0.651 1.0 0.192 1.0 0.192 1.0 3 1 False 3 3.6 0 73.373 0 3507090 3507090 35200.0 35210.0 A A N
35 8 0 FO 1339.53 96.67 0 6 1339.5 0.0 1423.2 48.3 1423.2 145.0 1339.5 193.3 1255.8 145.0 1255.8 48.3 1339.5 0.0 0 0 0.653 2.0 0.226 1.0 0.226 1.0 14 1 False 3 3.6 0 4.128 0 3508000 3508000 35000.0 35010.0 A A N
35 8 1 FO 1255.81 241.68 0 6 1255.8 145.0 1339.5 193.3 1339.5 290.0 1255.8 338.4 1172.1 290.0 1172.1 193.3 1255.8 145.0 0 0 0.656 2.0 0.23 1.0 0.23 1.0 13 1 False 3 3.6 0 10.893 0 3508010 3508010 35000.0 35010.0 A A N
35 8 2 FO 1172.09 386.69 0 6 1172.1 290.0 1255.8 338.4 1255.8 435.0 1172.1 483.4 1088.4 435.0 1088.4 338.4 1172.1 290.0 0 0 0.667 2.0 0.231 1.0 0.23 1.0 12 1 False 3 3.6 0 18.258 0 3508020 3508020 35000.0 35010.0 A A N
35 8 3 FO 1088.37 531.7 0 6 1088.4 435.0 1172.1 483.4 1172.1 580.0 1088.4 628.4 1004.6 580.0 1004.6 483.4 1088.4 435.0 0 0 0.662 2.0 0.232 1.0 0.232 1.0 11 0 True 3 3.6 0 26.037 0 3508030 3508030 35000.0 35010.0 A A W
35 8 4 FO 1004.64 676.7 4 6 1004.6 580.0 1088.4 628.4 1088.4 725.0 1004.6 773.4 920.9 725.0 920.9 628.4 1004.6 580.0 0 1 0.66 2.0 0.23 1.0 0.229 1.0 10 1 False 3 3.6 0 33.963 0 3508040 3508040 35100.0 35110.0 A A E
35 8 5 FO 920.92 821.71 4 6 920.9 725.0 1004.6 773.4 1004.6 870.0 920.9 918.4 837.2 870.0 837.2 773.4 920.9 725.0 0 1 0.657 2.0 0.229 1.0 0.228 1.0 9 1 True 3 3.6 0 41.742 0 3508050 3508050 35100.0 35110.0 A A W
35 8 6 FO 837.2 966.72 4 6 837.2 870.0 920.9 918.4 920.9 1015.1 837.2 1063.4 753.5 1015.1 753.5 918.4 837.2 870.0 0 1 0.661 2.0 0.228 1.0 0.228 1.0 15 0 False 3 3.6 0 49.107 0 3508060 3508060 35100.0 35110.0 A A N
35 8 7 FO 753.48 1111.73 4 6 753.5 1015.1 837.2 1063.4 837.2 1160.1 753.5 1208.4 669.8 1160.1 669.8 1063.4 753.5 1015.1 0 1 0.654 2.0 0.226 1.0 0.226 1.0 8 0 False 3 3.6 0 55.872 0 3508070 3508070 35100.0 35110.0 A A N
35 8 8 FOe 669.76 1256.74 1 6 669.8 1160.1 753.5 1208.4 753.5 1305.1 669.8 1353.4 586.0 1305.1 586.0 1208.4 669.8 1160.1 1 0 0.651 2.0 0.224 1.0 0.224 1.0 7 1 False 3 3.6 0 61.945 0 3508080 3508080 35200.0 35210.0 A A N
35 8 9 aOe 586.04 1401.74 1 4 669.8 1353.4 502.3 1450.1 502.3 1353.4 586.0 1305.1 669.8 1353.4 0.0 0.0 0.0 0.0 1 0 0.645 1.0 0.144 1.0 0.144 1.0 6 1 False 3 3.6 0 67.311 0 3508090 3508090 35200.0 35210.0 A A N
35 9 0 aOe 1506.97 96.67 0 4 1507.0 0.0 1507.0 193.3 1423.2 145.0 1423.2 48.3 1507.0 0.0 0.0 0.0 0.0 0.0 0 0 0.644 1.0 0.144 1.0 0.144 1.0 14 1 False 3 3.6 0 3.67 0 3509000 3509000 35000.0 35010.0 A A N
35 9 1 FOe 1423.25 241.68 0 6 1423.2 145.0 1507.0 193.3 1507.0 290.0 1423.2 338.4 1339.5 290.0 1339.5 193.3 1423.2 145.0 0 0 0.654 2.0 0.224 1.0 0.224 1.0 13 1 False 3 3.6 0 9.637 0 3509010 3509010 35000.0 35010.0 A A N
35 9 2 FO 1339.53 386.69 0 6 1339.5 290.0 1423.2 338.4 1423.2 435.0 1339.5 483.4 1255.8 435.0 1255.8 338.4 1339.5 290.0 0 0 0.655 2.0 0.249 1.0 0.249 1.0 12 1 False 3 3.6 0 16.102 0 3509020 3509020 35000.0 35010.0 A A N
35 9 3 FO 1255.81 531.7 0 6 1255.8 435.0 1339.5 483.4 1339.5 580.0 1255.8 628.4 1172.1 580.0 1172.1 483.4 1255.8 435.0 0 0 0.656 2.0 0.226 1.0 0.225 1.0 11 1 False 3 3.6 0 22.947 0 3509030 3509030 35000.0 35010.0 A A E
35 9 4 FO 1172.09 676.7 4 6 1172.1 580.0 1255.8 628.4 1255.8 725.0 1172.1 773.4 1088.4 725.0 1088.4 628.4 1172.1 580.0 0 0 0.655 2.0 0.226 1.0 0.226 1.0 11 0 False 3 3.6 0 30.0 0 3509040 3509040 35000.0 35010.0 A A N
35 9 5 FO 1088.37 821.71 4 6 1088.4 725.0 1172.1 773.4 1172.1 870.0 1088.4 918.4 1004.6 870.0 1004.6 773.4 1088.4 725.0 0 1 0.653 2.0 0.227 1.0 0.227 1.0 10 0 True 3 3.6 0 37.052 0 3509050 3509050 35100.0 35110.0 A A W
35 9 6 FO 1004.64 966.72 4 6 1004.6 870.0 1088.4 918.4 1088.4 1015.1 1004.6 1063.4 920.9 1015.1 920.9 918.4 1004.6 870.0 0 1 0.653 2.0 0.225 1.0 0.225 1.0 9 1 False 3 3.6 0 43.898 0 3509060 3509060 35100.0 35110.0 A A N
35 9 7 FOe 920.92 1111.73 4 6 920.9 1015.1 1004.6 1063.4 1004.6 1160.1 920.9 1208.4 837.2 1160.1 837.2 1063.4 920.9 1015.1 0 1 0.654 2.0 0.249 1.0 0.249 1.0 15 0 False 3 3.6 0 50.363 0 3509070 3509070 35100.0 35110.0 A A N
35 9 8 aOe 837.2 1256.74 1 4 920.9 1208.4 753.5 1305.1 753.5 1208.4 837.2 1160.1 920.9 1208.4 0.0 0.0 0.0 0.0 0 1 0.645 1.0 0.144 1.0 0.144 1.0 8 0 False 3 3.6 0 56.33 0 3509080 3509080 35100.0 35110.0 A A N
35 10 2 cOe 1506.97 386.69 0 3 1507.0 290.0 1423.2 435.0 1423.2 338.4 1507.0 290.0 0.0 0.0 0.0 0.0 0.0 0.0 0 0 0.643 0.0 0.0 0.0 0.0 0.0 12 1 False 3 3.6 0 14.392 0 3510020 3510020 35000.0 35010.0 A A N
35 10 3 dOe 1423.25 531.7 0 5 1423.2 435.0 1465.1 459.2 1381.4 604.2 1339.5 580.0 1339.5 483.4 1423.2 435.0 0.0 0.0 0 0 0.645 1.0 0.144 1.0 0.144 1.0 11 1 False 2 2.4 0 20.485 0 3510030 3510030 35000.0 35010.0 A A N
35 10 4 dOe 1339.53 676.7 0 5 1339.5 580.0 1381.4 604.2 1297.7 749.2 1255.8 725.0 1255.8 628.4 1339.5 580.0 0.0 0.0 0 0 0.645 1.0 0.144 1.0 0.144 1.0 11 1 False 2 2.4 0 26.802 0 3510040 3510040 35000.0 35010.0 A A N
35 10 5 dOe 1255.81 821.71 0 5 1255.8 725.0 1297.7 749.2 1213.9 894.2 1172.1 870.0 1172.1 773.4 1255.8 725.0 0.0 0.0 0 1 0.645 1.0 0.144 1.0 0.144 1.0 10 0 False 2 2.4 0 33.198 0 3510050 3510050 35100.0 35110.0 A A N
35 10 6 dOe 1172.09 966.72 0 5 1172.1 870.0 1213.9 894.2 1130.2 1039.2 1088.4 1015.1 1088.4 918.4 1172.1 870.0 0.0 0.0 0 1 0.644 1.0 0.144 1.0 0.144 1.0 10 0 False 2 2.4 0 39.515 0 3510060 3510060 35100.0 35110.0 A A N
35 10 7 cOe 1088.37 1111.73 0 3 1088.4 1015.1 1004.6 1160.1 1004.6 1063.4 1088.4 1015.1 0.0 0.0 0.0 0.0 0.0 0.0 0 1 0.641 0.0 0.0 0.0 0.0 0.0 9 1 False 3 3.6 0 45.608 0 3510070 3510070 35100.0 35110.0 A A N
36 1 4 FMe -167.44 483.36 5 6 -83.7 435.0 -83.7 531.7 -167.4 580.0 -251.2 531.7 -251.2 435.0 -167.4 386.7 -83.7 435.0 1 1 0.833 2.0 0.615 1.0 0.566 1.0 1 1 False 3 3.6 0 109.107 0 3601040 3601040 36300.0 36310.0 A A N
36 1 5 FM -251.16 628.37 5 6 -167.4 580.0 -167.4 676.7 -251.2 725.0 -334.9 676.7 -334.9 580.0 -251.2 531.7 -167.4 580.0 1 1 0.729 2.0 0.391 1.0 0.358 1.0 1 1 False 3 3.6 0 111.787 0 3601050 3601050 36300.0 36310.0 A A N
36 1 6 FO -334.88 773.38 5 6 -251.2 725.0 -251.2 821.7 -334.9 870.0 -418.6 821.7 -418.6 725.0 -334.9 676.7 -251.2 725.0 1 1 0.693 2.0 0.276 1.0 0.271 1.0 1 1 False 3 3.6 0 113.413 0 3601060 3601060 36300.0 36310.0 A A E
36 1 7 FO -418.6 918.38 5 6 -334.9 870.0 -334.9 966.7 -418.6 1015.1 -502.3 966.7 -502.3 870.0 -418.6 821.7 -334.9 870.0 1 1 0.662 2.0 0.242 1.0 0.241 1.0 1 0 True 3 3.6 0 114.504 0 3601070 3601070 36300.0 36310.0 A A W
36 1 8 FO -502.32 1063.39 5 6 -418.6 1015.1 -418.6 1111.7 -502.3 1160.1 -586.0 1111.7 -586.0 1015.1 -502.3 966.7 -418.6 1015.1 1 1 0.661 2.0 0.232 1.0 0.231 1.0 1 0 False 3 3.6 0 115.285 0 3601080 3601080 36300.0 36310.0 A A N
36 1 9 FO -586.04 1208.4 5 6 -502.3 1160.1 -502.3 1256.7 -586.0 1305.1 -669.8 1256.7 -669.8 1160.1 -586.0 1111.7 -502.3 1160.1 1 1 0.653 2.0 0.222 1.0 0.222 1.0 1 0 False 3 3.6 0 115.872 0 3601090 3601090 36300.0 36310.0 A A N
36 1 10 aOe -669.76 1353.41 2 4 -586.0 1401.7 -753.5 1305.1 -669.8 1256.7 -586.0 1305.1 -586.0 1401.7 0.0 0.0 0.0 0.0 1 1 0.643 1.0 0.144 1.0 0.144 1.0 1 0 False 3 3.6 0 116.329 0 3601100 3601100 36300.0 36310.0 A A N
36 2 4 bMe 0.0 483.36 5 5 -83.7 435.0 83.7 435.0 83.7 531.7 0.0 580.0 -83.7 531.7 -83.7 435.0 0.0 0.0 1 0 0.798 1.0 0.422 1.0 0.422 1.0 6 0 False 3 3.6 0 90.0 0 3602040 3602040 36200.0 36210.0 A A N
36 2 5 FM -83.72 628.37 5 6 0.0 580.0 0.0 676.7 -83.7 725.0 -167.4 676.7 -167.4 580.0 -83.7 531.7 0.0 580.0 1 1 0.727 2.0 0.443 1.0 0.403 1.0 0 1 False 3 3.6 0 97.589 0 3602050 3602050 36300.0 36310.0 A A N
36 2 6 FO -167.44 773.38 5 6 -83.7 725.0 -83.7 821.7 -167.4 870.0 -251.2 821.7 -251.2 725.0 -167.4 676.7 -83.7 725.0 1 1 0.699 2.0 0.29 1.0 0.281 1.0 0 1 False 3 3.6 0 102.216 0 3602060 3602060 36300.0 36310.0 A A N
36 2 7 FO -251.16 918.38 5 6 -167.4 870.0 -167.4 966.7 -251.2 1015.1 -334.9 966.7 -334.9 870.0 -251.2 821.7 -167.4 870.0 1 1 0.678 2.0 0.251 1.0 0.249 1.0 0 1 False 3 3.6 0 105.295 0 3602070 3602070 36300.0 36310.0 A A E
36 2 8 FO -334.88 1063.39 5 6 -251.2 1015.1 -251.2 1111.7 -334.9 1160.1 -418.6 1111.7 -418.6 1015.1 -334.9 966.7 -251.2 1015.1 1 1 0.658 2.0 0.233 1.0 0.233 1.0 0 0 True 3 3.6 0 107.48 0 3602080 3602080 36300.0 36310.0 A A W
36 2 9 FO -418.6 1208.4 5 6 -334.9 1160.1 -334.9 1256.7 -418.6 1305.1 -502.3 1256.7 -502.3 1160.1 -418.6 1111.7 -334.9 1160.1 1 1 0.657 2.0 0.225 1.0 0.225 1.0 0 0 False 3 3.6 0 109.107 0 3602090 3602090 36300.0 36310.0 A A N
36 2 10 FOe -502.32 1353.41 5 6 -418.6 1305.1 -418.6 1401.7 -502.3 1450.1 -586.0 1401.7 -586.0 1305.1 -502.3 1256.7 -418.6 1305.1 1 1 0.649 2.0 0.222 1.0 0.222 1.0 0 0 False 3 3.6 0 110.362 0 3602100 3602100 36300.0 36310.0 A A N
36 3 1 aMe 418.6 48.34 3 4 418.6 145.0 418.6 -48.3 502.3 -0.0 502.3 96.7 418.6 145.0 0.0 0.0 0.0 0.0 0 0 0.77 1.0 0.3 1.0 0.3 1.0 14 0 False 3 3.6 0 6.587 0 3603010 3603010 36000.0 36010.0 A A N
36 3 3 aMe 251.16 338.35 4 4 167.4 386.7 334.9 290.0 334.9 386.7 251.2 435.0 167.4 386.7 0.0 0.0 0.0 0.0 0 1 0.775 1.0 0.3 1.0 0.3 1.0 8 1 False 3 3.6 0 53.413 0 3603030 3603030 36100.0 36110.0 A A N
36 3 4 FMe 167.44 483.36 1 6 251.2 435.0 251.2 531.7 167.4 580.0 83.7 531.7 83.7 435.0 167.4 386.7 251.2 435.0 1 0 0.834 2.0 0.617 1.0 0.566 1.0 7 0 False 3 3.6 0 70.893 0 3603040 3603040 36200.0 36210.0 A A N
36 3 5 FM 83.72 628.37 1 6 167.4 580.0 167.4 676.7 83.7 725.0 0.0 676.7 0.0 580.0 83.7 531.7 167.4 580.0 1 0 0.749 2.0 0.445 1.0 0.404 1.0 6 0 False 3 3.6 0 82.411 0 3603050 3603050 36200.0 36210.0 A A N
36 3 6 FO 0.0 773.38 1 6 83.7 725.0 83.7 821.7 0.0 870.0 -83.7 821.7 -83.7 725.0 0.0 676.7 83.7 725.0 1 0 0.714 2.0 0.301 1.0 0.29 1.0 5 0 False 3 3.6 0 90.0 0 3603060 3603060 36200.0 36210.0 A A N
36 3 7 FO -83.72 918.38 5 6 0.0 870.0 0.0 966.7 -83.7 1015.1 -167.4 966.7 -167.4 870.0 -83.7 821.7 0.0 870.0 1 1 0.677 2.0 0.256 1.0 0.255 1.0 2 0 False 3 3.6 0 95.209 0 3603070 3603070 36300.0 36310.0 A A N
36 3 8 FO -167.44 1063.39 5 6 -83.7 1015.1 -83.7 1111.7 -167.4 1160.1 -251.2 1111.7 -251.2 1015.1 -167.4 966.7 -83.7 1015.1 1 1 0.667 2.0 0.237 1.0 0.237 1.0 2 0 False 3 3.6 0 98.948 0 3603080 3603080 36300.0 36310.0 A A E
36 3 9 FO -251.16 1208.4 5 6 -167.4 1160.1 -167.4 1256.7 -251.2 1305.1 -334.9 1256.7 -334.9 1160.1 -251.2 1111.7 -167.4 1160.1 1 1 0.655 2.0 0.228 1.0 0.228 1.0 2 1 True 3 3.6 0 101.741 0 3603090 3603090 36300.0 36310.0 A A W
36 3 10 FO -334.88 1353.41 5 6 -251.2 1305.1 -251.2 1401.7 -334.9 1450.1 -418.6 1401.7 -418.6 1305.1 -334.9 1256.7 -251.2 1305.1 1 1 0.653 2.0 0.247 1.0 0.247 1.0 2 1 False 3 3.6 0 103.898 0 3603100 3603100 36300.0 36310.0 A A N
36 3 11 cOe -418.6 1498.42 1 3 -334.9 1450.1 -502.3 1450.1 -418.6 1401.7 -334.9 1450.1 0.0 0.0 0.0 0.0 0.0 0.0 1 1 0.641 0.0 0.0 0.0 0.0 0.0 2 1 False 3 3.6 0 105.608 0 3603110 3603110 36300.0 36310.0 A A N
36 4 1 FM 586.04 48.34 0 6 669.8 -0.0 669.8 96.7 586.0 145.0 502.3 96.7 502.3 -0.0 586.0 -48.3 669.8 -0.0 0 0 0.761 2.0 0.511 1.0 0.467 1.0 14 0 False 3 3.6 0 4.715 0 3604010 3604010 36000.0 36010.0 A A N
36 4 2 FMe 502.32 193.34 0 6 586.0 145.0 586.0 241.7 502.3 290.0 418.6 241.7 418.6 145.0 502.3 96.7 586.0 145.0 0 0 0.794 2.0 0.572 1.0 0.529 1.0 15 0 False 3 3.6 0 21.051 0 3604020 3604020 36000.0 36010.0 A A N
36 4 3 FMe 418.6 338.35 4 6 502.3 290.0 502.3 386.7 418.6 435.0 334.9 386.7 334.9 290.0 418.6 241.7 502.3 290.0 0 1 0.783 2.0 0.575 1.0 0.535 1.0 9 1 False 3 3.6 0 38.948 0 3604030 3604030 36100.0 36110.0 A A N
36 4 4 FM 334.88 483.36 4 6 418.6 435.0 418.6 531.7 334.9 580.0 251.2 531.7 251.2 435.0 334.9 386.7 418.6 435.0 0 1 0.757 2.0 0.502 1.0 0.459 1.0 8 1 False 3 3.6 0 55.285 0 3604040 3604040 36100.0 36110.0 A A N
36 4 5 FM 251.16 628.37 1 6 334.9 580.0 334.9 676.7 251.2 725.0 167.4 676.7 167.4 580.0 251.2 531.7 334.9 580.0 1 0 0.726 2.0 0.377 1.0 0.349 1.0 7 0 False 3 3.6 0 68.213 0 3604050 3604050 36200.0 36210.0 A A N
36 4 6 FO 167.44 773.38 1 6 251.2 725.0 251.2 821.7 167.4 870.0 83.7 821.7 83.7 725.0 167.4 676.7 251.2 725.0 1 0 0.701 2.0 0.293 1.0 0.284 1.0 6 0 False 3 3.6 0 77.784 0 3604060 3604060 36200.0 36210.0 A A N
36 4 7 FO 83.72 918.38 1 6 167.4 870.0 167.4 966.7 83.7 1015.1 0.0 966.7 0.0 870.0 83.7 821.7 167.4 870.0 1 0 0.678 2.0 0.253 1.0 0.251 1.0 5 0 True 3 3.6 0 84.791 0 3604070 3604070 36200.0 36210.0 A A W
36 4 8 FO 0.0 1063.39 1 6 83.7 1015.1 83.7 1111.7 0.0 1160.1 -83.7 1111.7 -83.7 1015.1 0.0 966.7 83.7 1015.1 1 0 0.666 2.0 0.24 1.0 0.239 1.0 4 0 False 3 3.6 0 90.0 0 3604080 3604080 36200.0 36210.0 A A N
36 4 9 FO -83.72 1208.4 5 6 0.0 1160.1 0.0 1256.7 -83.7 1305.1 -167.4 1256.7 -167.4 1160.1 -83.7 1111.7 0.0 1160.1 1 1 0.657 2.0 0.23 1.0 0.23 1.0 3 1 False 3 3.6 0 93.963 0 3604090 3604090 36300.0 36310.0 A A E
36 4 10 FO -167.44 1353.41 5 6 -83.7 1305.1 -83.7 1401.7 -167.4 1450.1 -251.2 1401.7 -251.2 1305.1 -167.4 1256.7 -83.7 1305.1 1 1 0.651 2.0 0.224 1.0 0.224 1.0 3 0 True 3 3.6 0 97.053 0 3604100 3604100 36300.0 36310.0 A A W
36 4 11 dOe -251.16 1498.42 1 5 -167.4 1450.1 -167.4 1498.4 -334.9 1498.4 -334.9 1450.1 -251.2 1401.7 -167.4 1450.1 0.0 0.0 1 1 0.645 1.0 0.144 1.0 0.144 1.0 3 0 False 2 2.4 0 99.515 0 3604110 3604110 36300.0 36310.0 A A N
36 5 1 FO 753.48 48.34 0 6 837.2 -0.0 837.2 96.7 753.5 145.0 669.8 96.7 669.8 -0.0 753.5 -48.3 837.2 -0.0 0 0 0.705 2.0 0.306 1.0 0.295 1.0 14 0 False 3 3.6 0 3.671 0 3605010 3605010 36000.0 36010.0 A A N
36 5 2 FM 669.76 193.34 0 6 753.5 145.0 753.5 241.7 669.8 290.0 586.0 241.7 586.0 145.0 669.8 96.7 753.5 145.0 0 0 0.719 2.0 0.364 1.0 0.338 1.0 15 0 False 3 3.6 0 16.102 0 3605020 3605020 36000.0 36010.0 A A N
36 5 3 FM 586.04 338.35 0 6 669.8 290.0 669.8 386.7 586.0 435.0 502.3 386.7 502.3 290.0 586.0 241.7 669.8 290.0 0 0 0.731 2.0 0.386 1.0 0.355 1.0 11 0 False 3 3.6 0 30.0 0 3605030 3605030 36000.0 36010.0 A A N
36 5 4 FM 502.32 483.36 4 6 586.0 435.0 586.0 531.7 502.3 580.0 418.6 531.7 418.6 435.0 502.3 386.7 586.0 435.0 0 1 0.729 2.0 0.363 1.0 0.337 1.0 9 1 False 3 3.6 0 43.898 0 3605040 3605040 36100.0 36110.0 A A N
36 5 5 FO 418.6 628.37 4 6 502.3 580.0 502.3 676.7 418.6 725.0 334.9 676.7 334.9 580.0 418.6 531.7 502.3 580.0 0 1 0.702 2.0 0.31 1.0 0.296 1.0 8 1 False 3 3.6 0 56.33 0 3605050 3605050 36100.0 36110.0 A A N
36 5 6 FO 334.88 773.38 1 6 418.6 725.0 418.6 821.7 334.9 870.0 251.2 821.7 251.2 725.0 334.9 676.7 418.6 725.0 1 0 0.689 2.0 0.272 1.0 0.267 1.0 7 0 True 3 3.6 0 66.587 0 3605060 3605060 36200.0 36210.0 A A W
36 5 7 FO 251.16 918.38 1 6 334.9 870.0 334.9 966.7 251.2 1015.1 167.4 966.7 167.4 870.0 251.2 821.7 334.9 870.0 1 0 0.674 2.0 0.248 1.0 0.247 1.0 6 0 True 3 3.6 0 74.705 0 3605070 3605070 36200.0 36210.0 A A W
36 5 8 FO 167.44 1063.39 1 6 251.2 1015.1 251.2 1111.7 167.4 1160.1 83.7 1111.7 83.7 1015.1 167.4 966.7 251.2 1015.1 1 0 0.667 2.0 0.237 1.0 0.237 1.0 5 1 False 3 3.6 0 81.052 0 3605080 3605080 36200.0 36210.0 A A E
36 5 9 FO 83.72 1208.4 1 6 167.4 1160.1 167.4 1256.7 83.7 1305.1 0.0 1256.7 0.0 1160.1 83.7 1111.7 167.4 1160.1 1 0 0.654 2.0 0.229 1.0 0.229 1.0 4 0 True 3 3.6 0 86.037 0 3605090 3605090 36200.0 36210.0 A A W
36 5 10 FO 0.0 1353.41 5 6 83.7 1305.1 83.7 1401.7 0.0 1450.1 -83.7 1401.7 -83.7 1305.1 0.0 1256.7 83.7 1305.1 1 0 0.656 2.0 0.225 1.0 0.225 1.0 4 0 False 3 3.6 0 90.0 0 3605100 3605100 36200.0 36210.0 A A N
36 5 11 dOe -83.72 1498.42 1 5 0.0 1450.1 0.0 1498.4 -167.4 1498.4 -167.4 1450.1 -83.7 1401.7 0.0 1450.1 0.0 0.0 1 1 0.643 1.0 0.144 1.0 0.144 1.0 3 0 False 2 2.4 0 93.198 0 3605110 3605110 36300.0 36310.0 A A N
36 6 1 FO 920.92 48.34 0 6 1004.6 -0.0 1004.6 96.7 920.9 145.0 837.2 96.7 837.2 -0.0 920.9 -48.3 1004.6 -0.0 0 0 0.684 2.0 0.252 1.0 0.25 1.0 14 0 True 3 3.6 0 3.005 0 3606010 3606010 36000.0 36010.0 A A W
36 6 2 FO 837.2 193.34 0 6 920.9 145.0 920.9 241.7 837.2 290.0 753.5 241.7 753.5 145.0 837.2 96.7 920.9 145.0 0 0 0.691 2.0 0.27 1.0 0.265 1.0 15 0 True 3 3.6 0 13.004 0 3606020 3606020 36000.0 36010.0 A A W
36 6 3 FO 753.48 338.35 0 6 837.2 290.0 837.2 386.7 753.5 435.0 669.8 386.7 669.8 290.0 753.5 241.7 837.2 290.0 0 0 0.698 2.0 0.279 1.0 0.272 1.0 11 0 False 3 3.6 0 24.182 0 3606030 3606030 36000.0 36010.0 A A N
36 6 4 FO 669.76 483.36 4 6 753.5 435.0 753.5 531.7 669.8 580.0 586.0 531.7 586.0 435.0 669.8 386.7 753.5 435.0 0 1 0.694 2.0 0.275 1.0 0.27 1.0 10 1 False 3 3.6 0 35.818 0 3606040 3606040 36100.0 36110.0 A A N
36 6 5 FO 586.04 628.37 4 6 669.8 580.0 669.8 676.7 586.0 725.0 502.3 676.7 502.3 580.0 586.0 531.7 669.8 580.0 0 1 0.686 2.0 0.268 1.0 0.264 1.0 9 1 False 3 3.6 0 46.996 0 3606050 3606050 36100.0 36110.0 A A E
36 6 6 FO 502.32 773.38 4 6 586.0 725.0 586.0 821.7 502.3 870.0 418.6 821.7 418.6 725.0 502.3 676.7 586.0 725.0 0 1 0.676 2.0 0.254 1.0 0.252 1.0 8 1 False 3 3.6 0 56.996 0 3606060 3606060 36100.0 36110.0 A A E
36 6 7 FO 418.6 918.38 1 6 502.3 870.0 502.3 966.7 418.6 1015.1 334.9 966.7 334.9 870.0 418.6 821.7 502.3 870.0 1 0 0.664 2.0 0.243 1.0 0.242 1.0 7 1 False 3 3.6 0 65.496 0 3606070 3606070 36200.0 36210.0 A A E
36 6 8 FO 334.88 1063.39 1 6 418.6 1015.1 418.6 1111.7 334.9 1160.1 251.2 1111.7 251.2 1015.1 334.9 966.7 418.6 1015.1 1 0 0.662 2.0 0.235 1.0 0.234 1.0 6 1 False 3 3.6 0 72.52 0 3606080 3606080 36200.0 36210.0 A A E
36 6 9 FO 251.16 1208.4 1 6 334.9 1160.1 334.9 1256.7 251.2 1305.1 167.4 1256.7 167.4 1160.1 251.2 1111.7 334.9 1160.1 1 0 0.655 2.0 0.228 1.0 0.228 1.0 5 1 False 3 3.6 0 78.259 0 3606090 3606090 36200.0 36210.0 A A N
36 6 10 FO 167.44 1353.41 1 6 251.2 1305.1 251.2 1401.7 167.4 1450.1 83.7 1401.7 83.7 1305.1 167.4 1256.7 251.2 1305.1 1 0 0.651 2.0 0.224 1.0 0.223 1.0 4 1 False 3 3.6 0 82.947 0 3606100 3606100 36200.0 36210.0 A A E
36 6 11 dOe 83.72 1498.42 1 5 167.4 1450.1 167.4 1498.4 0.0 1498.4 0.0 1450.1 83.7 1401.7 167.4 1450.1 0.0 0.0 1 0 0.645 1.0 0.144 1.0 0.144 1.0 4 1 False 2 2.4 0 86.802 0 3606110 3606110 36200.0 36210.0 A A N
36 7 1 FO 1088.37 48.34 0 6 1172.1 -0.0 1172.1 96.7 1088.4 145.0 1004.6 96.7 1004.6 -0.0 1088.4 -48.3 1172.1 -0.0 0 0 0.664 2.0 0.239 1.0 0.238 1.0 14 1 False 3 3.6 0 2.543 0 3607010 3607010 36000.0 36010.0 A A E
36 7 2 FO 1004.64 193.34 0 6 1088.4 145.0 1088.4 241.7 1004.6 290.0 920.9 241.7 920.9 145.0 1004.6 96.7 1088.4 145.0 0 0 0.671 2.0 0.243 1.0 0.242 1.0 15 1 False 3 3.6 0 10.893 0 3607020 3607020 36000.0 36010.0 A A E
36 7 3 FO 920.92 338.35 0 6 1004.6 290.0 1004.6 386.7 920.9 435.0 837.2 386.7 837.2 290.0 920.9 241.7 1004.6 290.0 0 0 0.672 2.0 0.25 1.0 0.248 1.0 11 0 True 3 3.6 0 20.174 0 3607030 3607030 36000.0 36010.0 A A W
36 7 4 FO 837.2 483.36 0 6 920.9 435.0 920.9 531.7 837.2 580.0 753.5 531.7 753.5 435.0 837.2 386.7 920.9 435.0 0 0 0.673 2.0 0.249 1.0 0.247 1.0 12 0 False 3 3.6 0 30.0 0 3607040 3607040 36000.0 36010.0 A A N
36 7 5 FO 753.48 628.37 4 6 837.2 580.0 837.2 676.7 753.5 725.0 669.8 676.7 669.8 580.0 753.5 531.7 837.2 580.0 0 1 0.669 2.0 0.247 1.0 0.246 1.0 10 1 False 3 3.6 0 39.827 0 3607050 3607050 36100.0 36110.0 A A E
36 7 6 FO 669.76 773.38 4 6 753.5 725.0 753.5 821.7 669.8 870.0 586.0 821.7 586.0 725.0 669.8 676.7 753.5 725.0 0 1 0.663 2.0 0.242 1.0 0.241 1.0 9 0 True 3 3.6 0 49.107 0 3607060 3607060 36100.0 36110.0 A A W
36 7 7 FO 586.04 918.38 4 6 669.8 870.0 669.8 966.7 586.0 1015.1 502.3 966.7 502.3 870.0 586.0 821.7 669.8 870.0 0 1 0.663 2.0 0.238 1.0 0.237 1.0 8 0 True 3 3.6 0 57.457 0 3607070 3607070 36100.0 36110.0 A A W
36 7 8 FO 502.32 1063.39 1 6 586.0 1015.1 586.0 1111.7 502.3 1160.1 418.6 1111.7 418.6 1015.1 502.3 966.7 586.0 1015.1 1 0 0.658 2.0 0.23 1.0 0.229 1.0 7 1 False 3 3.6 0 64.715 0 3607080 3607080 36200.0 36210.0 A A N
36 7 9 FO 418.6 1208.4 1 6 502.3 1160.1 502.3 1256.7 418.6 1305.1 334.9 1256.7 334.9 1160.1 418.6 1111.7 502.3 1160.1 1 0 0.652 2.0 0.227 1.0 0.227 1.0 6 1 False 3 3.6 0 70.893 0 3607090 3607090 36200.0 36210.0 A A N
36 7 10 FO 334.88 1353.41 1 6 418.6 1305.1 418.6 1401.7 334.9 1450.1 251.2 1401.7 251.2 1305.1 334.9 1256.7 418.6 1305.1 1 0 0.651 2.0 0.224 1.0 0.223 1.0 5 1 False 3 3.6 0 76.102 0 3607100 3607100 36200.0 36210.0 A A N
36 7 11 dOe 251.16 1498.42 1 5 334.9 1450.1 334.9 1498.4 167.4 1498.4 167.4 1450.1 251.2 1401.7 334.9 1450.1 0.0 0.0 1 0 0.643 1.0 0.144 1.0 0.144 1.0 4 1 False 2 2.4 0 80.485 0 3607110 3607110 36200.0 36210.0 A A N
36 8 1 FO 1255.81 48.34 0 6 1339.5 -0.0 1339.5 96.7 1255.8 145.0 1172.1 96.7 1172.1 -0.0 1255.8 -48.3 1339.5 -0.0 0 0 0.654 2.0 0.228 1.0 0.228 1.0 14 1 False 3 3.6 0 2.204 0 3608010 3608010 36000.0 36010.0 A A N
36 8 2 FO 1172.09 193.34 0 6 1255.8 145.0 1255.8 241.7 1172.1 290.0 1088.4 241.7 1088.4 145.0 1172.1 96.7 1255.8 145.0 0 0 0.657 2.0 0.229 1.0 0.229 1.0 15 1 False 3 3.6 0 9.367 0 3608020 3608020 36000.0 36010.0 A A N
36 8 3 FO 1088.37 338.35 0 6 1172.1 290.0 1172.1 386.7 1088.4 435.0 1004.6 386.7 1004.6 290.0 1088.4 241.7 1172.1 290.0 0 0 0.661 2.0 0.236 1.0 0.235 1.0 11 1 False 3 3.6 0 17.269 0 3608030 3608030 36000.0 36010.0 A A E
36 8 4 FO 1004.64 483.36 0 6 1088.4 435.0 1088.4 531.7 1004.6 580.0 920.9 531.7 920.9 435.0 1004.6 386.7 1088.4 435.0 0 0 0.665 2.0 0.233 1.0 0.232 1.0 12 0 True 3 3.6 0 25.693 0 3608040 3608040 36000.0 36010.0 A A W
36 8 5 FO 920.92 628.37 4 6 1004.6 580.0 1004.6 676.7 920.9 725.0 837.2 676.7 837.2 580.0 920.9 531.7 1004.6 580.0 0 1 0.664 2.0 0.235 1.0 0.234 1.0 13 1 False 3 3.6 0 34.307 0 3608050 3608050 36100.0 36110.0 A A E
36 8 6 FO 837.2 773.38 4 6 920.9 725.0 920.9 821.7 837.2 870.0 753.5 821.7 753.5 725.0 837.2 676.7 920.9 725.0 0 1 0.658 2.0 0.232 1.0 0.232 1.0 10 0 True 3 3.6 0 42.731 0 3608060 3608060 36100.0 36110.0 A A W
36 8 7 FO 753.48 918.38 4 6 837.2 870.0 837.2 966.7 753.5 1015.1 669.8 966.7 669.8 870.0 753.5 821.7 837.2 870.0 0 1 0.658 2.0 0.231 1.0 0.23 1.0 9 0 False 3 3.6 0 50.633 0 3608070 3608070 36100.0 36110.0 A A N
36 8 8 FO 669.76 1063.39 4 6 753.5 1015.1 753.5 1111.7 669.8 1160.1 586.0 1111.7 586.0 1015.1 669.8 966.7 753.5 1015.1 0 1 0.654 2.0 0.227 1.0 0.227 1.0 8 0 False 3 3.6 0 57.796 0 3608080 3608080 36100.0 36110.0 A A N
36 8 9 FO 586.04 1208.4 1 6 669.8 1160.1 669.8 1256.7 586.0 1305.1 502.3 1256.7 502.3 1160.1 586.0 1111.7 669.8 1160.1 1 0 0.654 2.0 0.225 1.0 0.225 1.0 7 1 False 3 3.6 0 64.128 0 3608090 3608090 36200.0 36210.0 A A N
36 8 10 FOe 502.32 1353.41 1 6 586.0 1305.1 586.0 1401.7 502.3 1450.1 418.6 1401.7 418.6 1305.1 502.3 1256.7 586.0 1305.1 1 0 0.647 2.0 0.247 1.0 0.247 1.0 6 1 False 3 3.6 0 69.638 0 3608100 3608100 36200.0 36210.0 A A N
36 8 11 cOe 418.6 1498.42 1 3 502.3 1450.1 334.9 1450.1 418.6 1401.7 502.3 1450.1 0.0 0.0 0.0 0.0 0.0 0.0 1 0 0.642 0.0 0.0 0.0 0.0 0.0 5 1 False 3 3.6 0 74.392 0 3608110 3608110 36200.0 36210.0 A A N
36 9 1 FOe 1423.25 48.34 0 6 1507.0 -0.0 1507.0 96.7 1423.2 145.0 1339.5 96.7 1339.5 -0.0 1423.2 -48.3 1507.0 -0.0 0 0 0.648 2.0 0.222 1.0 0.221 1.0 14 1 False 3 3.6 0 1.945 0 3609010 3609010 36000.0 36010.0 A A N
36 9 2 FO 1339.53 193.34 0 6 1423.2 145.0 1423.2 241.7 1339.5 290.0 1255.8 241.7 1255.8 145.0 1339.5 96.7 1423.2 145.0 0 0 0.655 2.0 0.225 1.0 0.224 1.0 15 1 False 3 3.6 0 8.213 0 3609020 3609020 36000.0 36010.0 A A N
36 9 3 FO 1255.81 338.35 0 6 1339.5 290.0 1339.5 386.7 1255.8 435.0 1172.1 386.7 1172.1 290.0 1255.8 241.7 1339.5 290.0 0 0 0.657 2.0 0.224 1.0 0.224 1.0 11 1 False 3 3.6 0 15.079 0 3609030 3609030 36000.0 36010.0 A A N
36 9 4 FO 1172.09 483.36 0 6 1255.8 435.0 1255.8 531.7 1172.1 580.0 1088.4 531.7 1088.4 435.0 1172.1 386.7 1255.8 435.0 0 0 0.659 2.0 0.225 1.0 0.225 1.0 12 1 False 3 3.6 0 22.411 0 3609040 3609040 36000.0 36010.0 A A E
36 9 5 FO 1088.37 628.37 4 6 1172.1 580.0 1172.1 676.7 1088.4 725.0 1004.6 676.7 1004.6 580.0 1088.4 531.7 1172.1 580.0 0 0 0.657 2.0 0.229 1.0 0.228 1.0 12 0 False 3 3.6 0 30.0 0 3609050 3609050 36000.0 36010.0 A A N
36 9 6 FO 1004.64 773.38 4 6 1088.4 725.0 1088.4 821.7 1004.6 870.0 920.9 821.7 920.9 725.0 1004.6 676.7 1088.4 725.0 0 1 0.655 2.0 0.227 1.0 0.226 1.0 13 0 True 3 3.6 0 37.589 0 3609060 3609060 36100.0 36110.0 A A W
36 9 7 FO 920.92 918.38 4 6 1004.6 870.0 1004.6 966.7 920.9 1015.1 837.2 966.7 837.2 870.0 920.9 821.7 1004.6 870.0 0 1 0.652 2.0 0.226 1.0 0.226 1.0 10 0 False 3 3.6 0 44.921 0 3609070 3609070 36100.0 36110.0 A A N
36 9 8 FO 837.2 1063.39 4 6 920.9 1015.1 920.9 1111.7 837.2 1160.1 753.5 1111.7 753.5 1015.1 837.2 966.7 920.9 1015.1 0 1 0.649 2.0 0.226 1.0 0.226 1.0 9 0 False 3 3.6 0 51.787 0 3609080 3609080 36100.0 36110.0 A A N
36 9 9 FOe 753.48 1208.4 4 6 837.2 1160.1 837.2 1256.7 753.5 1305.1 669.8 1256.7 669.8 1160.1 753.5 1111.7 837.2 1160.1 0 1 0.649 2.0 0.223 1.0 0.223 1.0 8 0 False 3 3.6 0 58.055 0 3609090 3609090 36100.0 36110.0 A A N
36 9 10 aOe 669.76 1353.41 1 4 753.5 1305.1 586.0 1401.7 586.0 1305.1 669.8 1256.7 753.5 1305.1 0.0 0.0 0.0 0.0 1 0 0.644 1.0 0.144 1.0 0.144 1.0 7 1 False 3 3.6 0 63.671 0 3609100 3609100 36200.0 36210.0 A A N
36 10 2 aOe 1506.97 193.34 0 4 1507.0 96.7 1507.0 290.0 1423.2 241.7 1423.2 145.0 1507.0 96.7 0.0 0.0 0.0 0.0 0 0 0.644 1.0 0.144 1.0 0.144 1.0 15 1 False 3 3.6 0 7.311 0 3610020 3610020 36000.0 36010.0 A A N
36 10 3 bOe 1423.25 338.35 1 5 1507.0 290.0 1423.2 435.0 1339.5 386.7 1339.5 290.0 1423.2 241.7 1507.0 290.0 0.0 0.0 0 0 0.649 1.0 0.192 1.0 0.192 1.0 11 1 False 3 3.6 0 13.373 0 3610030 3610030 36000.0 36010.0 A A N
36 10 4 FOe 1339.53 483.36 0 6 1423.2 435.0 1423.2 531.7 1339.5 580.0 1255.8 531.7 1255.8 435.0 1339.5 386.7 1423.2 435.0 0 0 0.651 2.0 0.223 1.0 0.222 1.0 12 1 False 3 3.6 0 19.842 0 3610040 3610040 36000.0 36010.0 A A N
36 10 5 FO 1255.81 628.37 4 6 1339.5 580.0 1339.5 676.7 1255.8 725.0 1172.1 676.7 1172.1 580.0 1255.8 531.7 1339.5 580.0 0 0 0.649 2.0 0.248 1.0 0.248 1.0 12 1 False 3 3.6 0 26.582 0 3610050 3610050 36000.0 36010.0 A A N
36 10 6 FO 1172.09 773.38 0 6 1255.8 725.0 1255.8 821.7 1172.1 870.0 1088.4 821.7 1088.4 725.0 1172.1 676.7 1255.8 725.0 0 1 0.652 2.0 0.248 1.0 0.248 1.0 13 0 False 3 3.6 0 33.418 0 3610060 3610060 36100.0 36110.0 A A N
36 10 7 FOe 1088.37 918.38 4 6 1172.1 870.0 1172.1 966.7 1088.4 1015.1 1004.6 966.7 1004.6 870.0 1088.4 821.7 1172.1 870.0 0 1 0.647 2.0 0.246 1.0 0.246 1.0 13 0 False 3 3.6 0 40.158 0 3610070 3610070 36100.0 36110.0 A A N
36 10 8 bOe 1004.64 1063.39 1 5 1088.4 1015.1 1004.6 1160.1 920.9 1111.7 920.9 1015.1 1004.6 966.7 1088.4 1015.1 0.0 0.0 0 1 0.651 1.0 0.192 1.0 0.192 1.0 10 0 False 3 3.6 0 46.627 0 3610080 3610080 36100.0 36110.0 A A N
36 10 9 aOe 920.92 1208.4 1 4 1004.6 1160.1 837.2 1256.7 837.2 1160.1 920.9 1111.7 1004.6 1160.1 0.0 0.0 0.0 0.0 0 1 0.646 1.0 0.144 1.0 0.144 1.0 9 0 False 3 3.6 0 52.689 0 3610090 3610090 36100.0 36110.0 A A N
36 11 5 cOe 1423.25 628.37 0 3 1423.2 531.7 1339.5 676.7 1339.5 580.0 1423.2 531.7 0.0 0.0 0.0 0.0 0.0 0.0 0 0 0.642 0.0 0.0 0.0 0.0 0.0 12 1 False 3 3.6 0 23.822 0 3611050 3611050 36000.0 36010.0 A A N
36 11 6 cOe 1339.53 773.38 0 3 1339.5 676.7 1255.8 821.7 1255.8 725.0 1339.5 676.7 0.0 0.0 0.0 0.0 0.0 0.0 0 0 0.641 0.0 0.0 0.0 0.0 0.0 12 1 False 3 3.6 0 30.0 0 3611060 3611060 36000.0 36010.0 A A N
36 11 7 cOe 1255.81 918.38 0 3 1255.8 821.7 1172.1 966.7 1172.1 870.0 1255.8 821.7 0.0 0.0 0.0 0.0 0.0 0.0 0 1 0.642 0.0 0.0 0.0 0.0 0.0 13 0 False 3 3.6 0 36.178 0 3611070 3611070 36100.0 36110.0 A A N
37 0 2 aMe -167.44 386.69 5 4 -251.2 338.4 -83.7 435.0 -167.4 483.4 -251.2 435.0 -251.2 338.4 0.0 0.0 0.0 0.0 1 1 0.763 1.0 0.282 1.0 0.282 1.0 0 1 False 3 3.6 0 113.413 0 3700020 3700020 37300.0 37310.0 A A N
37 0 3 FM -251.16 531.7 5 6 -251.2 435.0 -167.4 483.4 -167.4 580.0 -251.2 628.4 -334.9 580.0 -334.9 483.4 -251.2 435.0 1 1 0.738 2.0 0.47 1.0 0.427 1.0 0 1 False 3 3.6 0 115.285 0 3700030 3700030 37300.0 37310.0 A A N
37 0 4 FO -334.88 676.7 5 6 -334.9 580.0 -251.2 628.4 -251.2 725.0 -334.9 773.4 -418.6 725.0 -418.6 628.4 -334.9 580.0 1 1 0.69 2.0 0.291 1.0 0.282 1.0 0 1 False 3 3.6 0 116.33 0 3700040 3700040 37300.0 37310.0 A A N
37 0 5 FO -418.6 821.71 5 6 -418.6 725.0 -334.9 773.4 -334.9 870.0 -418.6 918.4 -502.3 870.0 -502.3 773.4 -418.6 725.0 1 1 0.669 2.0 0.248 1.0 0.247 1.0 0 1 False 3 3.6 0 116.995 0 3700050 3700050 37300.0 37310.0 A A E
37 0 6 FO -502.32 966.72 5 6 -502.3 870.0 -418.6 918.4 -418.6 1015.1 -502.3 1063.4 -586.0 1015.1 -586.0 918.4 -502.3 870.0 1 1 0.657 2.0 0.235 1.0 0.234 1.0 0 0 True 3 3.6 0 117.457 0 3700060 3700060 37300.0 37310.0 A A W
37 0 7 FO -586.04 1111.73 5 6 -586.0 1015.1 -502.3 1063.4 -502.3 1160.1 -586.0 1208.4 -669.8 1160.1 -669.8 1063.4 -586.0 1015.1 1 1 0.652 2.0 0.227 1.0 0.227 1.0 0 0 False 3 3.6 0 117.796 0 3700070 3700070 37300.0 37310.0 A A N
37 0 8 FOe -669.76 1256.74 5 6 -669.8 1160.1 -586.0 1208.4 -586.0 1305.1 -669.8 1353.4 -753.5 1305.1 -753.5 1208.4 -669.8 1160.1 1 1 0.649 2.0 0.221 1.0 0.221 1.0 0 0 False 3 3.6 0 118.055 0 3700080 3700080 37300.0 37310.0 A A N
37 1 3 FMe -83.72 531.7 5 6 -83.7 435.0 0.0 483.4 0.0 580.0 -83.7 628.4 -167.4 580.0 -167.4 483.4 -83.7 435.0 1 1 0.78 2.0 0.556 1.0 0.513 1.0 1 1 False 3 3.6 0 98.948 0 3701030 3701030 37300.0 37310.0 A A N
37 1 4 FM -167.44 676.7 5 6 -167.4 580.0 -83.7 628.4 -83.7 725.0 -167.4 773.4 -251.2 725.0 -251.2 628.4 -167.4 580.0 1 1 0.697 2.0 0.341 1.0 0.32 1.0 1 1 False 3 3.6 0 103.898 0 3701040 3701040 37300.0 37310.0 A A N
37 1 5 FO -251.16 821.71 5 6 -251.2 725.0 -167.4 773.4 -167.4 870.0 -251.2 918.4 -334.9 870.0 -334.9 773.4 -251.2 725.0 1 1 0.681 2.0 0.26 1.0 0.256 1.0 1 1 False 3 3.6 0 106.996 0 3701050 3701050 37300.0 37310.0 A A E
37 1 6 FO -334.88 966.72 5 6 -334.9 870.0 -251.2 918.4 -251.2 1015.1 -334.9 1063.4 -418.6 1015.1 -418.6 918.4 -334.9 870.0 1 1 0.662 2.0 0.237 1.0 0.237 1.0 1 0 True 3 3.6 0 109.107 0 3701060 3701060 37300.0 37310.0 A A W
37 1 7 FO -418.6 1111.73 5 6 -418.6 1015.1 -334.9 1063.4 -334.9 1160.1 -418.6 1208.4 -502.3 1160.1 -502.3 1063.4 -418.6 1015.1 1 1 0.651 2.0 0.227 1.0 0.227 1.0 1 0 False 3 3.6 0 110.633 0 3701070 3701070 37300.0 37310.0 A A N
37 1 8 FO -502.32 1256.74 5 6 -502.3 1160.1 -418.6 1208.4 -418.6 1305.1 -502.3 1353.4 -586.0 1305.1 -586.0 1208.4 -502.3 1160.1 1 1 0.649 2.0 0.222 1.0 0.222 1.0 1 0 False 3 3.6 0 111.787 0 3701080 3701080 37300.0 37310.0 A A N
37 1 9 aOe -586.04 1401.74 2 4 -502.3 1450.1 -669.8 1353.4 -586.0 1305.1 -502.3 1353.4 -502.3 1450.1 0.0 0.0 0.0 0.0 1 1 0.642 1.0 0.144 1.0 0.144 1.0 1 0 False 3 3.6 0 112.689 0 3701090 3701090 37300.0 37310.0 A A N
37 2 2 aMe 167.44 386.69 4 4 83.7 435.0 251.2 338.4 251.2 435.0 167.4 483.4 83.7 435.0 0.0 0.0 0.0 0.0 1 0 0.75 1.0 0.28 1.0 0.28 1.0 7 0 False 3 3.6 0 66.587 0 3702020 3702020 37200.0 37210.0 A A N
37 2 3 FMe 83.72 531.7 1 6 83.7 435.0 167.4 483.4 167.4 580.0 83.7 628.4 0.0 580.0 0.0 483.4 83.7 435.0 1 0 0.767 2.0 0.55 1.0 0.508 1.0 6 0 False 3 3.6 0 81.052 0 3702030 3702030 37200.0 37210.0 A A N
37 2 4 FM 0.0 676.7 1 6 0.0 580.0 83.7 628.4 83.7 725.0 0.0 773.4 -83.7 725.0 -83.7 628.4 0.0 580.0 1 0 0.71 2.0 0.363 1.0 0.337 1.0 3 0 False 3 3.6 0 90.0 0 3702040 3702040 37200.0 37210.0 A A N
37 2 5 FO -83.72 821.71 5 6 -83.7 725.0 0.0 773.4 0.0 870.0 -83.7 918.4 -167.4 870.0 -167.4 773.4 -83.7 725.0 1 1 0.688 2.0 0.267 1.0 0.263 1.0 2 1 False 3 3.6 0 95.818 0 3702050 3702050 37300.0 37310.0 A A N
37 2 6 FO -167.44 966.72 5 6 -167.4 870.0 -83.7 918.4 -83.7 1015.1 -167.4 1063.4 -251.2 1015.1 -251.2 918.4 -167.4 870.0 1 1 0.668 2.0 0.24 1.0 0.239 1.0 2 1 False 3 3.6 0 99.826 0 3702060 3702060 37300.0 37310.0 A A E
37 2 7 FO -251.16 1111.73 5 6 -251.2 1015.1 -167.4 1063.4 -167.4 1160.1 -251.2 1208.4 -334.9 1160.1 -334.9 1063.4 -251.2 1015.1 1 1 0.66 2.0 0.23 1.0 0.229 1.0 2 0 True 3 3.6 0 102.73 0 3702070 3702070 37300.0 37310.0 A A W
37 2 8 FO -334.88 1256.74 5 6 -334.9 1160.1 -251.2 1208.4 -251.2 1305.1 -334.9 1353.4 -418.6 1305.1 -418.6 1208.4 -334.9 1160.1 1 1 0.653 2.0 0.223 1.0 0.223 1.0 2 0 False 3 3.6 0 104.921 0 3702080 3702080 37300.0 37310.0 A A N
37 2 9 bOe -418.6 1401.74 2 5 -334.9 1450.1 -502.3 1450.1 -502.3 1353.4 -418.6 1305.1 -334.9 1353.4 -334.9 1450.1 0.0 0.0 1 1 0.646 1.0 0.192 1.0 0.192 1.0 2 0 False 3 3.6 0 106.627 0 3702090 3702090 37300.0 37310.0 A A N
37 3 0 FMe 502.32 96.67 0 6 502.3 0.0 586.0 48.3 586.0 145.0 502.3 193.3 418.6 145.0 418.6 48.3 502.3 0.0 0 0 0.802 2.0 0.598 1.0 0.553 1.0 15 0 False 3 3.6 0 10.893 0 3703000 3703000 37000.0 37010.0 A A N
37 3 1 bMe 418.6 241.68 4 5 334.9 290.0 418.6 145.0 502.3 193.3 502.3 290.0 418.6 338.4 334.9 290.0 0.0 0.0 0 0 0.778 1.0 0.395 1.0 0.395 1.0 14 0 False 3 3.6 0 30.0 0 3703010 3703010 37000.0 37010.0 A A N
37 3 2 FMe 334.88 386.69 4 6 334.9 290.0 418.6 338.4 418.6 435.0 334.9 483.4 251.2 435.0 251.2 338.4 334.9 290.0 0 1 0.801 2.0 0.593 1.0 0.548 1.0 9 1 False 3 3.6 0 49.107 0 3703020 3703020 37100.0 37110.0 A A N
37 3 3 FM 251.16 531.7 1 6 251.2 435.0 334.9 483.4 334.9 580.0 251.2 628.4 167.4 580.0 167.4 483.4 251.2 435.0 1 0 0.735 2.0 0.468 1.0 0.425 1.0 7 0 False 3 3.6 0 64.715 0 3703030 3703030 37200.0 37210.0 A A N
37 3 4 FM 167.44 676.7 1 6 167.4 580.0 251.2 628.4 251.2 725.0 167.4 773.4 83.7 725.0 83.7 628.4 167.4 580.0 1 0 0.703 2.0 0.343 1.0 0.322 1.0 6 0 False 3 3.6 0 76.102 0 3703040 3703040 37200.0 37210.0 A A N
37 3 5 FO 83.72 821.71 1 6 83.7 725.0 167.4 773.4 167.4 870.0 83.7 918.4 0.0 870.0 0.0 773.4 83.7 725.0 1 0 0.681 2.0 0.264 1.0 0.26 1.0 3 0 False 3 3.6 0 84.182 0 3703050 3703050 37200.0 37210.0 A A N
37 3 6 FO 0.0 966.72 1 6 0.0 870.0 83.7 918.4 83.7 1015.1 0.0 1063.4 -83.7 1015.1 -83.7 918.4 0.0 870.0 1 0 0.672 2.0 0.245 1.0 0.244 1.0 4 0 False 3 3.6 0 90.0 0 3703060 3703060 37200.0 37210.0 A A N
37 3 7 FO -83.72 1111.73 5 6 -83.7 1015.1 0.0 1063.4 0.0 1160.1 -83.7 1208.4 -167.4 1160.1 -167.4 1063.4 -83.7 1015.1 1 1 0.659 2.0 0.231 1.0 0.231 1.0 5 1 False 3 3.6 0 94.307 0 3703070 3703070 37300.0 37310.0 A A E
37 3 8 FO -167.44 1256.74 5 6 -167.4 1160.1 -83.7 1208.4 -83.7 1305.1 -167.4 1353.4 -251.2 1305.1 -251.2 1208.4 -167.4 1160.1 1 1 0.659 2.0 0.224 1.0 0.224 1.0 5 0 True 3 3.6 0 97.589 0 3703080 3703080 37300.0 37310.0 A A W
37 3 9 FOe -251.16 1401.74 5 6 -251.2 1305.1 -167.4 1353.4 -167.4 1450.1 -251.2 1498.4 -334.9 1450.1 -334.9 1353.4 -251.2 1305.1 1 1 0.65 2.0 0.222 1.0 0.221 1.0 5 0 False 3 3.6 0 100.158 0 3703090 3703090 37300.0 37310.0 A A N
37 4 0 FM 669.76 96.67 0 6 669.8 0.0 753.5 48.3 753.5 145.0 669.8 193.3 586.0 145.0 586.0 48.3 669.8 0.0 0 0 0.708 2.0 0.362 1.0 0.336 1.0 15 0 False 3 3.6 0 8.213 0 3704000 3704000 37000.0 37010.0 A A N
37 4 1 FM 586.04 241.68 0 6 586.0 145.0 669.8 193.3 669.8 290.0 586.0 338.4 502.3 290.0 502.3 193.3 586.0 145.0 0 0 0.721 2.0 0.414 1.0 0.379 1.0 14 0 False 3 3.6 0 22.411 0 3704010 3704010 37000.0 37010.0 A A N
37 4 2 FM 502.32 386.69 4 6 502.3 290.0 586.0 338.4 586.0 435.0 502.3 483.4 418.6 435.0 418.6 338.4 502.3 290.0 0 1 0.723 2.0 0.415 1.0 0.379 1.0 8 1 False 3 3.6 0 37.589 0 3704020 3704020 37100.0 37110.0 A A N
37 4 3 FM 418.6 531.7 4 6 418.6 435.0 502.3 483.4 502.3 580.0 418.6 628.4 334.9 580.0 334.9 483.4 418.6 435.0 0 1 0.709 2.0 0.363 1.0 0.336 1.0 9 1 False 3 3.6 0 51.787 0 3704030 3704030 37100.0 37110.0 A A N
37 4 4 FO 334.88 676.7 1 6 334.9 580.0 418.6 628.4 418.6 725.0 334.9 773.4 251.2 725.0 251.2 628.4 334.9 580.0 1 0 0.703 2.0 0.293 1.0 0.284 1.0 7 0 False 3 3.6 0 63.67 0 3704040 3704040 37200.0 37210.0 A A N
37 4 5 FO 251.16 821.71 1 6 251.2 725.0 334.9 773.4 334.9 870.0 251.2 918.4 167.4 870.0 167.4 773.4 251.2 725.0 1 0 0.689 2.0 0.259 1.0 0.256 1.0 6 0 True 3 3.6 0 73.004 0 3704050 3704050 37200.0 37210.0 A A W
37 4 6 FO 167.44 966.72 1 6 167.4 870.0 251.2 918.4 251.2 1015.1 167.4 1063.4 83.7 1015.1 83.7 918.4 167.4 870.0 1 0 0.661 2.0 0.241 1.0 0.24 1.0 3 0 True 3 3.6 0 80.174 0 3704060 3704060 37200.0 37210.0 A A W
37 4 7 FO 83.72 1111.73 1 6 83.7 1015.1 167.4 1063.4 167.4 1160.1 83.7 1208.4 0.0 1160.1 0.0 1063.4 83.7 1015.1 1 0 0.657 2.0 0.23 1.0 0.229 1.0 4 0 True 3 3.6 0 85.693 0 3704070 3704070 37200.0 37210.0 A A W
37 4 8 FO 0.0 1256.74 5 6 0.0 1160.1 83.7 1208.4 83.7 1305.1 0.0 1353.4 -83.7 1305.1 -83.7 1208.4 0.0 1160.1 1 0 0.652 2.0 0.225 1.0 0.225 1.0 4 0 False 3 3.6 0 90.0 0 3704080 3704080 37200.0 37210.0 A A N
37 4 9 FO -83.72 1401.74 1 6 -83.7 1305.1 0.0 1353.4 0.0 1450.1 -83.7 1498.4 -167.4 1450.1 -167.4 1353.4 -83.7 1305.1 1 1 0.651 2.0 0.247 1.0 0.247 1.0 5 0 False 3 3.6 0 93.418 0 3704090 3704090 37300.0 37310.0 A A N
37 4 10 cOe -167.44 1546.75 1 3 -83.7 1498.4 -251.2 1498.4 -167.4 1450.1 -83.7 1498.4 0.0 0.0 0.0 0.0 0.0 0.0 1 1 0.641 0.0 0.0 0.0 0.0 0.0 5 0 False 3 3.6 0 96.178 0 3704100 3704100 37300.0 37310.0 A A N
37 5 0 FO 837.2 96.67 0 6 837.2 0.0 920.9 48.3 920.9 145.0 837.2 193.3 753.5 145.0 753.5 48.3 837.2 0.0 0 0 0.681 2.0 0.264 1.0 0.26 1.0 15 0 True 3 3.6 0 6.587 0 3705000 3705000 37000.0 37010.0 A A W
37 5 1 FO 753.48 241.68 0 6 753.5 145.0 837.2 193.3 837.2 290.0 753.5 338.4 669.8 290.0 669.8 193.3 753.5 145.0 0 0 0.692 2.0 0.283 1.0 0.276 1.0 14 0 False 3 3.6 0 17.784 0 3705010 3705010 37000.0 37010.0 A A N
37 5 2 FO 669.76 386.69 0 6 669.8 290.0 753.5 338.4 753.5 435.0 669.8 483.4 586.0 435.0 586.0 338.4 669.8 290.0 0 0 0.698 2.0 0.284 1.0 0.276 1.0 13 0 False 3 3.6 0 30.0 0 3705020 3705020 37000.0 37010.0 A A N
37 5 3 FO 586.04 531.7 4 6 586.0 435.0 669.8 483.4 669.8 580.0 586.0 628.4 502.3 580.0 502.3 483.4 586.0 435.0 0 1 0.688 2.0 0.279 1.0 0.273 1.0 8 1 False 3 3.6 0 42.217 0 3705030 3705030 37100.0 37110.0 A A N
37 5 4 FO 502.32 676.7 4 6 502.3 580.0 586.0 628.4 586.0 725.0 502.3 773.4 418.6 725.0 418.6 628.4 502.3 580.0 0 1 0.687 2.0 0.259 1.0 0.256 1.0 9 1 False 3 3.6 0 53.413 0 3705040 3705040 37100.0 37110.0 A A E
37 5 5 FO 418.6 821.71 1 6 418.6 725.0 502.3 773.4 502.3 870.0 418.6 918.4 334.9 870.0 334.9 773.4 418.6 725.0 1 0 0.668 2.0 0.248 1.0 0.247 1.0 7 0 True 3 3.6 0 63.005 0 3705050 3705050 37200.0 37210.0 A A W
37 5 6 FO 334.88 966.72 1 6 334.9 870.0 418.6 918.4 418.6 1015.1 334.9 1063.4 251.2 1015.1 251.2 918.4 334.9 870.0 1 0 0.66 2.0 0.237 1.0 0.236 1.0 6 1 False 3 3.6 0 70.893 0 3705060 3705060 37200.0 37210.0 A A E
37 5 7 FO 251.16 1111.73 1 6 251.2 1015.1 334.9 1063.4 334.9 1160.1 251.2 1208.4 167.4 1160.1 167.4 1063.4 251.2 1015.1 1 0 0.653 2.0 0.232 1.0 0.231 1.0 3 1 False 3 3.6 0 77.27 0 3705070 3705070 37200.0 37210.0 A A E
37 5 8 FO 167.44 1256.74 1 6 167.4 1160.1 251.2 1208.4 251.2 1305.1 167.4 1353.4 83.7 1305.1 83.7 1208.4 167.4 1160.1 1 0 0.65 2.0 0.224 1.0 0.223 1.0 4 1 False 3 3.6 0 82.411 0 3705080 3705080 37200.0 37210.0 A A E
37 5 9 FO 83.72 1401.74 5 6 83.7 1305.1 167.4 1353.4 167.4 1450.1 83.7 1498.4 0.0 1450.1 0.0 1353.4 83.7 1305.1 1 0 0.649 2.0 0.247 1.0 0.247 1.0 4 1 False 3 3.6 0 86.582 0 3705090 3705090 37200.0 37210.0 A A N
37 5 10 cOe 0.0 1546.75 1 3 83.7 1498.4 -83.7 1498.4 -0.0 1450.1 83.7 1498.4 0.0 0.0 0.0 0.0 0.0 0.0 1 0 0.641 0.0 0.0 0.0 0.0 0.0 4 1 False 3 3.6 0 90.0 0 3705100 3705100 37200.0 37210.0 A A N
37 6 0 FO 1004.64 96.67 0 6 1004.6 0.0 1088.4 48.3 1088.4 145.0 1004.6 193.3 920.9 145.0 920.9 48.3 1004.6 0.0 0 0 0.668 2.0 0.239 1.0 0.237 1.0 15 1 False 3 3.6 0 5.496 0 3706000 3706000 37000.0 37010.0 A A E
37 6 1 FO 920.92 241.68 0 6 920.9 145.0 1004.6 193.3 1004.6 290.0 920.9 338.4 837.2 290.0 837.2 193.3 920.9 145.0 0 0 0.672 2.0 0.247 1.0 0.246 1.0 14 0 True 3 3.6 0 14.705 0 3706010 3706010 37000.0 37010.0 A A W
37 6 2 FO 837.2 386.69 0 6 837.2 290.0 920.9 338.4 920.9 435.0 837.2 483.4 753.5 435.0 753.5 338.4 837.2 290.0 0 0 0.668 2.0 0.25 1.0 0.248 1.0 13 0 True 3 3.6 0 24.791 0 3706020 3706020 37000.0 37010.0 A A W
37 6 3 FO 753.48 531.7 4 6 753.5 435.0 837.2 483.4 837.2 580.0 753.5 628.4 669.8 580.0 669.8 483.4 753.5 435.0 0 1 0.669 2.0 0.248 1.0 0.247 1.0 10 0 False 3 3.6 0 35.209 0 3706030 3706030 37100.0 37110.0 A A N
37 6 4 FO 669.76 676.7 4 6 669.8 580.0 753.5 628.4 753.5 725.0 669.8 773.4 586.0 725.0 586.0 628.4 669.8 580.0 0 1 0.667 2.0 0.244 1.0 0.243 1.0 8 1 False 3 3.6 0 45.295 0 3706040 3706040 37100.0 37110.0 A A E
37 6 5 FO 586.04 821.71 4 6 586.0 725.0 669.8 773.4 669.8 870.0 586.0 918.4 502.3 870.0 502.3 773.4 586.0 725.0 0 1 0.663 2.0 0.239 1.0 0.238 1.0 9 0 True 3 3.6 0 54.504 0 3706050 3706050 37100.0 37110.0 A A W
37 6 6 FO 502.32 966.72 1 6 502.3 870.0 586.0 918.4 586.0 1015.1 502.3 1063.4 418.6 1015.1 418.6 918.4 502.3 870.0 1 0 0.656 2.0 0.231 1.0 0.231 1.0 7 1 False 3 3.6 0 62.543 0 3706060 3706060 37200.0 37210.0 A A E
37 6 7 FO 418.6 1111.73 1 6 418.6 1015.1 502.3 1063.4 502.3 1160.1 418.6 1208.4 334.9 1160.1 334.9 1063.4 418.6 1015.1 1 0 0.654 2.0 0.228 1.0 0.227 1.0 6 1 False 3 3.6 0 69.367 0 3706070 3706070 37200.0 37210.0 A A N
37 6 8 FO 334.88 1256.74 1 6 334.9 1160.1 418.6 1208.4 418.6 1305.1 334.9 1353.4 251.2 1305.1 251.2 1208.4 334.9 1160.1 1 0 0.651 2.0 0.224 1.0 0.223 1.0 3 1 False 3 3.6 0 75.079 0 3706080 3706080 37200.0 37210.0 A A N
37 6 9 FOe 251.16 1401.74 1 6 251.2 1305.1 334.9 1353.4 334.9 1450.1 251.2 1498.4 167.4 1450.1 167.4 1353.4 251.2 1305.1 1 0 0.648 2.0 0.245 1.0 0.245 1.0 4 1 False 3 3.6 0 79.842 0 3706090 3706090 37200.0 37210.0 A A N
37 6 10 cOe 167.44 1546.75 1 3 251.2 1498.4 83.7 1498.4 167.4 1450.1 251.2 1498.4 0.0 0.0 0.0 0.0 0.0 0.0 1 0 0.641 0.0 0.0 0.0 0.0 0.0 4 1 False 3 3.6 0 83.822 0 3706100 3706100 37200.0 37210.0 A A N
37 7 0 FO 1172.09 96.67 0 6 1172.1 0.0 1255.8 48.3 1255.8 145.0 1172.1 193.3 1088.4 145.0 1088.4 48.3 1172.1 0.0 0 0 0.658 2.0 0.229 1.0 0.228 1.0 15 1 False 3 3.6 0 4.715 0 3707000 3707000 37000.0 37010.0 A A N
37 7 1 FO 1088.37 241.68 0 6 1088.4 145.0 1172.1 193.3 1172.1 290.0 1088.4 338.4 1004.6 290.0 1004.6 193.3 1088.4 145.0 0 0 0.66 2.0 0.23 1.0 0.23 1.0 14 1 False 3 3.6 0 12.52 0 3707010 3707010 37000.0 37010.0 A A E
37 7 2 FO 1004.64 386.69 0 6 1004.6 290.0 1088.4 338.4 1088.4 435.0 1004.6 483.4 920.9 435.0 920.9 338.4 1004.6 290.0 0 0 0.659 2.0 0.236 1.0 0.235 1.0 13 1 False 3 3.6 0 21.052 0 3707020 3707020 37000.0 37010.0 A A E
37 7 3 FO 920.92 531.7 0 6 920.9 435.0 1004.6 483.4 1004.6 580.0 920.9 628.4 837.2 580.0 837.2 483.4 920.9 435.0 0 0 0.659 2.0 0.236 1.0 0.235 1.0 12 0 False 3 3.6 0 30.0 0 3707030 3707030 37000.0 37010.0 A A N
37 7 4 FO 837.2 676.7 4 6 837.2 580.0 920.9 628.4 920.9 725.0 837.2 773.4 753.5 725.0 753.5 628.4 837.2 580.0 0 1 0.654 2.0 0.234 1.0 0.233 1.0 10 0 False 3 3.6 0 38.948 0 3707040 3707040 37100.0 37110.0 A A E
37 7 5 FO 753.48 821.71 4 6 753.5 725.0 837.2 773.4 837.2 870.0 753.5 918.4 669.8 870.0 669.8 773.4 753.5 725.0 0 1 0.658 2.0 0.23 1.0 0.23 1.0 8 0 True 3 3.6 0 47.48 0 3707050 3707050 37100.0 37110.0 A A W
37 7 6 FO 669.76 966.72 4 6 669.8 870.0 753.5 918.4 753.5 1015.1 669.8 1063.4 586.0 1015.1 586.0 918.4 669.8 870.0 0 1 0.654 2.0 0.229 1.0 0.228 1.0 9 0 False 3 3.6 0 55.285 0 3707060 3707060 37100.0 37110.0 A A N
37 7 7 FO 586.04 1111.73 1 6 586.0 1015.1 669.8 1063.4 669.8 1160.1 586.0 1208.4 502.3 1160.1 502.3 1063.4 586.0 1015.1 1 0 0.653 2.0 0.225 1.0 0.225 1.0 7 1 False 3 3.6 0 62.204 0 3707070 3707070 37200.0 37210.0 A A N
37 7 8 FO 502.32 1256.74 1 6 502.3 1160.1 586.0 1208.4 586.0 1305.1 502.3 1353.4 418.6 1305.1 418.6 1208.4 502.3 1160.1 1 0 0.651 2.0 0.223 1.0 0.223 1.0 6 1 False 3 3.6 0 68.213 0 3707080 3707080 37200.0 37210.0 A A N
37 7 9 bOe 418.6 1401.74 2 5 502.3 1450.1 334.9 1450.1 334.9 1353.4 418.6 1305.1 502.3 1353.4 502.3 1450.1 0.0 0.0 1 0 0.647 1.0 0.192 1.0 0.192 1.0 3 1 False 3 3.6 0 73.373 0 3707090 3707090 37200.0 37210.0 A A N
37 8 0 FO 1339.53 96.67 0 6 1339.5 0.0 1423.2 48.3 1423.2 145.0 1339.5 193.3 1255.8 145.0 1255.8 48.3 1339.5 0.0 0 0 0.65 2.0 0.224 1.0 0.224 1.0 15 1 False 3 3.6 0 4.128 0 3708000 3708000 37000.0 37010.0 A A N
37 8 1 FO 1255.81 241.68 0 6 1255.8 145.0 1339.5 193.3 1339.5 290.0 1255.8 338.4 1172.1 290.0 1172.1 193.3 1255.8 145.0 0 0 0.657 2.0 0.226 1.0 0.226 1.0 14 1 False 3 3.6 0 10.893 0 3708010 3708010 37000.0 37010.0 A A N
37 8 2 FO 1172.09 386.69 0 6 1172.1 290.0 1255.8 338.4 1255.8 435.0 1172.1 483.4 1088.4 435.0 1088.4 338.4 1172.1 290.0 0 0 0.654 2.0 0.226 1.0 0.226 1.0 13 1 False 3 3.6 0 18.258 0 3708020 3708020 37000.0 37010.0 A A N
37 8 3 FO 1088.37 531.7 0 6 1088.4 435.0 1172.1 483.4 1172.1 580.0 1088.4 628.4 1004.6 580.0 1004.6 483.4 1088.4 435.0 0 0 0.657 2.0 0.229 1.0 0.228 1.0 12 0 True 3 3.6 0 26.037 0 3708030 3708030 37000.0 37010.0 A A W
37 8 4 FO 1004.64 676.7 4 6 1004.6 580.0 1088.4 628.4 1088.4 725.0 1004.6 773.4 920.9 725.0 920.9 628.4 1004.6 580.0 0 1 0.655 2.0 0.226 1.0 0.226 1.0 11 1 False 3 3.6 0 33.963 0 3708040 3708040 37100.0 37110.0 A A E
37 8 5 FO 920.92 821.71 4 6 920.9 725.0 1004.6 773.4 1004.6 870.0 920.9 918.4 837.2 870.0 837.2 773.4 920.9 725.0 0 1 0.655 2.0 0.224 1.0 0.224 1.0 10 1 True 3 3.6 0 41.742 0 3708050 3708050 37100.0 37110.0 A A W
37 8 6 FO 837.2 966.72 4 6 837.2 870.0 920.9 918.4 920.9 1015.1 837.2 1063.4 753.5 1015.1 753.5 918.4 837.2 870.0 0 1 0.652 2.0 0.225 1.0 0.225 1.0 8 0 False 3 3.6 0 49.107 0 3708060 3708060 37100.0 37110.0 A A N
37 8 7 FO 753.48 1111.73 4 6 753.5 1015.1 837.2 1063.4 837.2 1160.1 753.5 1208.4 669.8 1160.1 669.8 1063.4 753.5 1015.1 0 1 0.649 2.0 0.224 1.0 0.224 1.0 9 0 False 3 3.6 0 55.872 0 3708070 3708070 37100.0 37110.0 A A N
37 8 8 FOe 669.76 1256.74 1 6 669.8 1160.1 753.5 1208.4 753.5 1305.1 669.8 1353.4 586.0 1305.1 586.0 1208.4 669.8 1160.1 1 0 0.646 2.0 0.221 1.0 0.221 1.0 7 1 False 3 3.6 0 61.945 0 3708080 3708080 37200.0 37210.0 A A N
37 8 9 aOe 586.04 1401.74 1 4 669.8 1353.4 502.3 1450.1 502.3 1353.4 586.0 1305.1 669.8 1353.4 0.0 0.0 0.0 0.0 1 0 0.644 1.0 0.144 1.0 0.144 1.0 6 1 False 3 3.6 0 67.311 0 3708090 3708090 37200.0 37210.0 A A N
37 9 0 aOe 1506.97 96.67 0 4 1507.0 0.0 1507.0 193.3 1423.2 145.0 1423.2 48.3 1507.0 0.0 0.0 0.0 0.0 0.0 0 0 0.644 1.0 0.144 1.0 0.144 1.0 15 1 False 3 3.6 0 3.67 0 3709000 3709000 37000.0 37010.0 A A N
37 9 1 FOe 1423.25 241.68 0 6 1423.2 145.0 1507.0 193.3 1507.0 290.0 1423.2 338.4 1339.5 290.0 1339.5 193.3 1423.2 145.0 0 0 0.649 2.0 0.221 1.0 0.22 1.0 14 1 False 3 3.6 0 9.637 0 3709010 3709010 37000.0 37010.0 A A N
37 9 2 FO 1339.53 386.69 0 6 1339.5 290.0 1423.2 338.4 1423.2 435.0 1339.5 483.4 1255.8 435.0 1255.8 338.4 1339.5 290.0 0 0 0.647 2.0 0.246 1.0 0.246 1.0 13 1 False 3 3.6 0 16.102 0 3709020 3709020 37000.0 37010.0 A A N
37 9 3 FO 1255.81 531.7 0 6 1255.8 435.0 1339.5 483.4 1339.5 580.0 1255.8 628.4 1172.1 580.0 1172.1 483.4 1255.8 435.0 0 0 0.65 2.0 0.222 1.0 0.222 1.0 12 1 False 3 3.6 0 22.947 0 3709030 3709030 37000.0 37010.0 A A E
37 9 4 FO 1172.09 676.7 4 6 1172.1 580.0 1255.8 628.4 1255.8 725.0 1172.1 773.4 1088.4 725.0 1088.4 628.4 1172.1 580.0 0 0 0.648 2.0 0.223 1.0 0.222 1.0 12 0 False 3 3.6 0 30.0 0 3709040 3709040 37000.0 37010.0 A A N
37 9 5 FO 1088.37 821.71 4 6 1088.4 725.0 1172.1 773.4 1172.1 870.0 1088.4 918.4 1004.6 870.0 1004.6 773.4 1088.4 725.0 0 1 0.648 2.0 0.222 1.0 0.222 1.0 11 0 True 3 3.6 0 37.052 0 3709050 3709050 37100.0 37110.0 A A W
37 9 6 FO 1004.64 966.72 4 6 1004.6 870.0 1088.4 918.4 1088.4 1015.1 1004.6 1063.4 920.9 1015.1 920.9 918.4 1004.6 870.0 0 1 0.649 2.0 0.222 1.0 0.222 1.0 10 1 False 3 3.6 0 43.898 0 3709060 3709060 37100.0 37110.0 A A N
37 9 7 FOe 920.92 1111.73 4 6 920.9 1015.1 1004.6 1063.4 1004.6 1160.1 920.9 1208.4 837.2 1160.1 837.2 1063.4 920.9 1015.1 0 1 0.646 2.0 0.245 1.0 0.245 1.0 8 0 False 3 3.6 0 50.363 0 3709070 3709070 37100.0 37110.0 A A N
37 9 8 aOe 837.2 1256.74 1 4 920.9 1208.4 753.5 1305.1 753.5 1208.4 837.2 1160.1 920.9 1208.4 0.0 0.0 0.0 0.0 0 1 0.643 1.0 0.144 1.0 0.144 1.0 9 0 False 3 3.6 0 56.33 0 3709080 3709080 37100.0 37110.0 A A N
37 10 2 cOe 1506.97 386.69 0 3 1507.0 290.0 1423.2 435.0 1423.2 338.4 1507.0 290.0 0.0 0.0 0.0 0.0 0.0 0.0 0 0 0.641 0.0 0.0 0.0 0.0 0.0 13 1 False 3 3.6 0 14.392 0 3710020 3710020 37000.0 37010.0 A A N
37 10 3 dOe 1423.25 531.7 0 5 1423.2 435.0 1465.1 459.2 1381.4 604.2 1339.5 580.0 1339.5 483.4 1423.2 435.0 0.0 0.0 0 0 0.643 1.0 0.144 1.0 0.144 1.0 12 1 False 2 2.4 0 20.485 0 3710030 3710030 37000.0 37010.0 A A N
37 10 4 dOe 1339.53 676.7 0 5 1339.5 580.0 1381.4 604.2 1297.7 749.2 1255.8 725.0 1255.8 628.4 1339.5 580.0 0.0 0.0 0 0 0.641 1.0 0.144 1.0 0.144 1.0 12 1 False 2 2.4 0 26.802 0 3710040 3710040 37000.0 37010.0 A A N
37 10 5 dOe 1255.81 821.71 0 5 1255.8 725.0 1297.7 749.2 1213.9 894.2 1172.1 870.0 1172.1 773.4 1255.8 725.0 0.0 0.0 0 1 0.646 1.0 0.144 1.0 0.144 1.0 11 0 False 2 2.4 0 33.198 0 3710050 3710050 37100.0 37110.0 A A N
37 10 6 dOe 1172.09 966.72 0 5 1172.1 870.0 1213.9 894.2 1130.2 1039.2 1088.4 1015.1 1088.4 918.4 1172.1 870.0 0.0 0.0 0 1 0.642 1.0 0.144 1.0 0.144 1.0 11 0 False 2 2.4 0 39.515 0 3710060 3710060 37100.0 37110.0 A A N
37 10 7 cOe 1088.37 1111.73 0 3 1088.4 1015.1 1004.6 1160.1 1004.6 1063.4 1088.4 1015.1 0.0 0.0 0.0 0.0 0.0 0.0 0 1 0.641 0.0 0.0 0.0 0.0 0.0 10 1 False 3 3.6 0 45.608 0 3710070 3710070 37100.0 37110.0 A A N
38 1 4 aMe -167.44 483.36 5 4 -251.2 435.0 -83.7 531.7 -167.4 580.0 -251.2 531.7 -251.2 435.0 0.0 0.0 0.0 0.0 1 1 0.689 1.0 0.203 1.0 0.203 1.0 0 1 False 3 3.6 0 109.107 0 3801040 3801040 38300.0 38310.0 C C N
38 1 5 FO -251.16 628.37 5 6 -167.4 580.0 -167.4 676.7 -251.2 725.0 -334.9 676.7 -334.9 580.0 -251.2 531.7 -167.4 580.0 1 1 0.71 2.0 0.32 1.0 0.305 1.0 0 1 False 3 3.6 0 111.787 0 3801050 3801050 38300.0 38310.0 C C N
38 1 6 FO -334.88 773.38 5 6 -251.2 725.0 -251.2 821.7 -334.9 870.0 -418.6 821.7 -418.6 725.0 -334.9 676.7 -251.2 725.0 1 1 0.667 2.0 0.253 1.0 0.251 1.0 0 1 False 3 3.6 0 113.413 0 3801060 3801060 38300.0 38310.0 C C E
38 1 7 FO -418.6 918.38 5 6 -334.9 870.0 -334.9 966.7 -418.6 1015.1 -502.3 966.7 -502.3 870.0 -418.6 821.7 -334.9 870.0 1 1 0.662 2.0 0.232 1.0 0.231 1.0 0 0 True 3 3.6 0 114.504 0 3801070 3801070 38300.0 38310.0 C C W
38 1 8 FO -502.32 1063.39 5 6 -418.6 1015.1 -418.6 1111.7 -502.3 1160.1 -586.0 1111.7 -586.0 1015.1 -502.3 966.7 -418.6 1015.1 1 1 0.651 2.0 0.225 1.0 0.225 1.0 0 0 False 3 3.6 0 115.285 0 3801080 3801080 38300.0 38310.0 C C N
38 1 9 aOe -586.04 1208.4 2 4 -502.3 1256.7 -669.8 1160.1 -586.0 1111.7 -502.3 1160.1 -502.3 1256.7 0.0 0.0 0.0 0.0 1 1 0.645 1.0 0.144 1.0 0.144 1.0 0 0 False 3 3.6 0 115.872 0 3801090 3801090 38300.0 38310.0 C C N
38 2 5 FMe -83.72 628.37 5 6 0.0 580.0 0.0 676.7 -83.7 725.0 -167.4 676.7 -167.4 580.0 -83.7 531.7 0.0 580.0 1 1 0.717 2.0 0.367 1.0 0.341 1.0 1 1 False 3 3.6 0 97.589 0 3802050 3802050 38300.0 38310.0 C C N
38 2 6 FO -167.44 773.38 5 6 -83.7 725.0 -83.7 821.7 -167.4 870.0 -251.2 821.7 -251.2 725.0 -167.4 676.7 -83.7 725.0 1 1 0.677 2.0 0.266 1.0 0.263 1.0 1 1 False 3 3.6 0 102.216 0 3802060 3802060 38300.0 38310.0 C C E
38 2 7 FO -251.16 918.38 5 6 -167.4 870.0 -167.4 966.7 -251.2 1015.1 -334.9 966.7 -334.9 870.0 -251.2 821.7 -167.4 870.0 1 1 0.662 2.0 0.239 1.0 0.239 1.0 1 0 True 3 3.6 0 105.295 0 3802070 3802070 38300.0 38310.0 C C W
38 2 8 FO -334.88 1063.39 5 6 -251.2 1015.1 -251.2 1111.7 -334.9 1160.1 -418.6 1111.7 -418.6 1015.1 -334.9 966.7 -251.2 1015.1 1 1 0.654 2.0 0.227 1.0 0.227 1.0 1 0 False 3 3.6 0 107.48 0 3802080 3802080 38300.0 38310.0 C C N
38 2 9 FOe -418.6 1208.4 5 6 -334.9 1160.1 -334.9 1256.7 -418.6 1305.1 -502.3 1256.7 -502.3 1160.1 -418.6 1111.7 -334.9 1160.1 1 1 0.647 2.0 0.222 1.0 0.222 1.0 1 0 False 3 3.6 0 109.107 0 3802090 3802090 38300.0 38310.0 C C N
38 3 4 aMe 167.44 483.36 4 4 83.7 531.7 251.2 435.0 251.2 531.7 167.4 580.0 83.7 531.7 0.0 0.0 0.0 0.0 1 0 0.691 1.0 0.203 1.0 0.203 1.0 6 0 False 3 3.6 0 70.893 0 3803040 3803040 38200.0 38210.0 A A N
38 3 5 FMe 83.72 628.37 1 6 167.4 580.0 167.4 676.7 83.7 725.0 0.0 676.7 0.0 580.0 83.7 531.7 167.4 580.0 1 0 0.711 2.0 0.369 1.0 0.345 1.0 5 0 False 3 3.6 0 82.411 0 3803050 3803050 38200.0 38210.0 A A N
38 3 6 FO 0.0 773.38 1 6 83.7 725.0 83.7 821.7 0.0 870.0 -83.7 821.7 -83.7 725.0 0.0 676.7 83.7 725.0 1 0 0.681 2.0 0.271 1.0 0.267 1.0 4 0 False 3 3.6 0 90.0 0 3803060 3803060 38200.0 38210.0 A A N
38 3 7 FO -83.72 918.38 5 6 0.0 870.0 0.0 966.7 -83.7 1015.1 -167.4 966.7 -167.4 870.0 -83.7 821.7 0.0 870.0 1 1 0.663 2.0 0.24 1.0 0.239 1.0 2 1 False 3 3.6 0 95.209 0 3803070 3803070 38300.0 38310.0 C C N
38 3 8 FO -167.44 1063.39 5 6 -83.7 1015.1 -83.7 1111.7 -167.4 1160.1 -251.2 1111.7 -251.2 1015.1 -167.4 966.7 -83.7 1015.1 1 1 0.657 2.0 0.229 1.0 0.229 1.0 2 1 False 3 3.6 0 98.948 0 3803080 3803080 38300.0 38310.0 C C E
38 3 9 FO -251.16 1208.4 5 6 -167.4 1160.1 -167.4 1256.7 -251.2 1305.1 -334.9 1256.7 -334.9 1160.1 -251.2 1111.7 -167.4 1160.1 1 1 0.652 2.0 0.247 1.0 0.247 1.0 2 0 True 3 3.6 0 101.741 0 3803090 3803090 38300.0 38310.0 C C W
38 3 10 cOe -334.88 1353.41 1 3 -251.2 1305.1 -418.6 1305.1 -334.9 1256.7 -251.2 1305.1 0.0 0.0 0.0 0.0 0.0 0.0 1 1 0.642 0.0 0.0 0.0 0.0 0.0 1 0 False 3 3.6 0 103.898 0 3803100 3803100 38300.0 38310.0 C C N
38 4 1 FMe 586.04 48.34 0 6 669.8 -0.0 669.8 96.7 586.0 145.0 502.3 96.7 502.3 -0.0 586.0 -48.3 669.8 -0.0 0 0 0.727 2.0 0.44 1.0 0.404 1.0 13 0 False 3 3.6 0 4.715 0 3804010 3804010 38000.0 38010.0 A A N
38 4 2 bMe 502.32 193.34 4 5 418.6 241.7 502.3 96.7 586.0 145.0 586.0 241.7 502.3 290.0 418.6 241.7 0.0 0.0 0 0 0.727 1.0 0.283 1.0 0.283 1.0 12 0 False 3 3.6 0 21.051 0 3804020 3804020 38000.0 38010.0 A A N
38 4 3 bMe 418.6 338.35 4 5 334.9 386.7 418.6 241.7 502.3 290.0 502.3 386.7 418.6 435.0 334.9 386.7 0.0 0.0 0 1 0.722 1.0 0.287 1.0 0.287 1.0 8 1 False 3 3.6 0 38.948 0 3804030 3804030 38100.0 38110.0 C C N
38 4 4 FMe 334.88 483.36 4 6 418.6 435.0 418.6 531.7 334.9 580.0 251.2 531.7 251.2 435.0 334.9 386.7 418.6 435.0 0 1 0.721 2.0 0.437 1.0 0.402 1.0 7 1 False 3 3.6 0 55.285 0 3804040 3804040 38100.0 38110.0 C C N
38 4 5 FO 251.16 628.37 1 6 334.9 580.0 334.9 676.7 251.2 725.0 167.4 676.7 167.4 580.0 251.2 531.7 334.9 580.0 1 0 0.705 2.0 0.312 1.0 0.299 1.0 6 0 False 3 3.6 0 68.213 0 3804050 3804050 38200.0 38210.0 A A N
38 4 6 FO 167.44 773.38 1 6 251.2 725.0 251.2 821.7 167.4 870.0 83.7 821.7 83.7 725.0 167.4 676.7 251.2 725.0 1 0 0.682 2.0 0.264 1.0 0.26 1.0 5 0 True 3 3.6 0 77.784 0 3804060 3804060 38200.0 38210.0 A A W
38 4 7 FO 83.72 918.38 1 6 167.4 870.0 167.4 966.7 83.7 1015.1 0.0 966.7 0.0 870.0 83.7 821.7 167.4 870.0 1 0 0.662 2.0 0.242 1.0 0.241 1.0 4 0 True 3 3.6 0 84.791 0 3804070 3804070 38200.0 38210.0 A A W
38 4 8 FO 0.0 1063.39 1 6 83.7 1015.1 83.7 1111.7 0.0 1160.1 -83.7 1111.7 -83.7 1015.1 0.0 966.7 83.7 1015.1 1 0 0.655 2.0 0.23 1.0 0.229 1.0 3 0 True 3 3.6 0 90.0 0 3804080 3804080 38200.0 38210.0 A A W
38 4 9 FO -83.72 1208.4 1 6 0.0 1160.1 0.0 1256.7 -83.7 1305.1 -167.4 1256.7 -167.4 1160.1 -83.7 1111.7 0.0 1160.1 1 1 0.65 2.0 0.225 1.0 0.225 1.0 2 1 False 3 3.6 0 93.963 0 3804090 3804090 38300.0 38310.0 C C N
38 4 10 dOe -167.44 1353.41 1 5 -83.7 1305.1 -83.7 1353.4 -251.2 1353.4 -251.2 1305.1 -167.4 1256.7 -83.7 1305.1 0.0 0.0 1 1 0.647 1.0 0.144 1.0 0.144 1.0 2 0 False 2 2.4 0 97.053 0 3804100 3804100 38300.0 38310.0 C C N
38 5 1 FO 753.48 48.34 0 6 837.2 -0.0 837.2 96.7 753.5 145.0 669.8 96.7 669.8 -0.0 753.5 -48.3 837.2 -0.0 0 0 0.689 2.0 0.272 1.0 0.267 1.0 13 0 True 3 3.6 0 3.671 0 3805010 3805010 38000.0 38010.0 A A W
38 5 2 FO 669.76 193.34 0 6 753.5 145.0 753.5 241.7 669.8 290.0 586.0 241.7 586.0 145.0 669.8 96.7 753.5 145.0 0 0 0.691 2.0 0.307 1.0 0.297 1.0 12 0 False 3 3.6 0 16.102 0 3805020 3805020 38000.0 38010.0 A A N
38 5 3 FO 586.04 338.35 0 6 669.8 290.0 669.8 386.7 586.0 435.0 502.3 386.7 502.3 290.0 586.0 241.7 669.8 290.0 0 0 0.703 2.0 0.318 1.0 0.304 1.0 11 0 False 3 3.6 0 30.0 0 3805030 3805030 38000.0 38010.0 A A N
38 5 4 FO 502.32 483.36 4 6 586.0 435.0 586.0 531.7 502.3 580.0 418.6 531.7 418.6 435.0 502.3 386.7 586.0 435.0 0 1 0.697 2.0 0.305 1.0 0.294 1.0 8 1 False 3 3.6 0 43.898 0 3805040 3805040 38100.0 38110.0 C C N
38 5 5 FO 418.6 628.37 4 6 502.3 580.0 502.3 676.7 418.6 725.0 334.9 676.7 334.9 580.0 418.6 531.7 502.3 580.0 0 1 0.682 2.0 0.275 1.0 0.269 1.0 7 1 False 3 3.6 0 56.33 0 3805050 3805050 38100.0 38110.0 C C E
38 5 6 FO 334.88 773.38 1 6 418.6 725.0 418.6 821.7 334.9 870.0 251.2 821.7 251.2 725.0 334.9 676.7 418.6 725.0 1 0 0.672 2.0 0.25 1.0 0.248 1.0 6 0 True 3 3.6 0 66.587 0 3805060 3805060 38200.0 38210.0 A A W
38 5 7 FO 251.16 918.38 1 6 334.9 870.0 334.9 966.7 251.2 1015.1 167.4 966.7 167.4 870.0 251.2 821.7 334.9 870.0 1 0 0.663 2.0 0.237 1.0 0.236 1.0 5 1 False 3 3.6 0 74.705 0 3805070 3805070 38200.0 38210.0 A A E
38 5 8 FO 167.44 1063.39 1 6 251.2 1015.1 251.2 1111.7 167.4 1160.1 83.7 1111.7 83.7 1015.1 167.4 966.7 251.2 1015.1 1 0 0.655 2.0 0.23 1.0 0.23 1.0 4 1 False 3 3.6 0 81.052 0 3805080 3805080 38200.0 38210.0 A A E
38 5 9 FO 83.72 1208.4 1 6 167.4 1160.1 167.4 1256.7 83.7 1305.1 0.0 1256.7 0.0 1160.1 83.7 1111.7 167.4 1160.1 1 0 0.651 2.0 0.223 1.0 0.223 1.0 3 1 False 3 3.6 0 86.037 0 3805090 3805090 38200.0 38210.0 A A E
38 5 10 dOe 0.0 1353.41 1 5 83.7 1305.1 83.7 1353.4 -83.7 1353.4 -83.7 1305.1 0.0 1256.7 83.7 1305.1 0.0 0.0 1 0 0.645 1.0 0.144 1.0 0.144 1.0 3 1 False 2 2.4 0 90.0 0 3805100 3805100 38200.0 38210.0 A A N
38 6 1 FO 920.92 48.34 0 6 1004.6 -0.0 1004.6 96.7 920.9 145.0 837.2 96.7 837.2 -0.0 920.9 -48.3 1004.6 -0.0 0 0 0.661 2.0 0.24 1.0 0.239 1.0 13 1 False 3 3.6 0 3.005 0 3806010 3806010 38000.0 38010.0 A A E
38 6 2 FO 837.2 193.34 0 6 920.9 145.0 920.9 241.7 837.2 290.0 753.5 241.7 753.5 145.0 837.2 96.7 920.9 145.0 0 0 0.669 2.0 0.25 1.0 0.248 1.0 12 0 True 3 3.6 0 13.004 0 3806020 3806020 38000.0 38010.0 A A W
38 6 3 FO 753.48 338.35 0 6 837.2 290.0 837.2 386.7 753.5 435.0 669.8 386.7 669.8 290.0 753.5 241.7 837.2 290.0 0 0 0.675 2.0 0.255 1.0 0.253 1.0 11 0 True 3 3.6 0 24.182 0 3806030 3806030 38000.0 38010.0 A A W
38 6 4 FO 669.76 483.36 4 6 753.5 435.0 753.5 531.7 669.8 580.0 586.0 531.7 586.0 435.0 669.8 386.7 753.5 435.0 0 1 0.675 2.0 0.254 1.0 0.252 1.0 9 1 False 3 3.6 0 35.818 0 3806040 3806040 38100.0 38110.0 C C N
38 6 5 FO 586.04 628.37 4 6 669.8 580.0 669.8 676.7 586.0 725.0 502.3 676.7 502.3 580.0 586.0 531.7 669.8 580.0 0 1 0.672 2.0 0.251 1.0 0.249 1.0 8 1 False 3 3.6 0 46.996 0 3806050 3806050 38100.0 38110.0 C C E
38 6 6 FO 502.32 773.38 4 6 586.0 725.0 586.0 821.7 502.3 870.0 418.6 821.7 418.6 725.0 502.3 676.7 586.0 725.0 0 1 0.66 2.0 0.241 1.0 0.24 1.0 7 0 True 3 3.6 0 56.996 0 3806060 3806060 38100.0 38110.0 C C W
38 6 7 FO 418.6 918.38 1 6 502.3 870.0 502.3 966.7 418.6 1015.1 334.9 966.7 334.9 870.0 418.6 821.7 502.3 870.0 1 0 0.656 2.0 0.233 1.0 0.233 1.0 6 1 False 3 3.6 0 65.496 0 3806070 3806070 38200.0 38210.0 A A E
38 6 8 FO 334.88 1063.39 1 6 418.6 1015.1 418.6 1111.7 334.9 1160.1 251.2 1111.7 251.2 1015.1 334.9 966.7 418.6 1015.1 1 0 0.658 2.0 0.228 1.0 0.228 1.0 5 1 False 3 3.6 0 72.52 0 3806080 3806080 38200.0 38210.0 A A N
38 6 9 FO 251.16 1208.4 1 6 334.9 1160.1 334.9 1256.7 251.2 1305.1 167.4 1256.7 167.4 1160.1 251.2 1111.7 334.9 1160.1 1 0 0.651 2.0 0.223 1.0 0.223 1.0 4 1 False 3 3.6 0 78.259 0 3806090 3806090 38200.0 38210.0 A A N
38 6 10 dOe 167.44 1353.41 1 5 251.2 1305.1 251.2 1353.4 83.7 1353.4 83.7 1305.1 167.4 1256.7 251.2 1305.1 0.0 0.0 1 0 0.642 1.0 0.144 1.0 0.144 1.0 3 1 False 2 2.4 0 82.947 0 3806100 3806100 38200.0 38210.0 A A N
38 7 1 FO 1088.37 48.34 0 6 1172.1 -0.0 1172.1 96.7 1088.4 145.0 1004.6 96.7 1004.6 -0.0 1088.4 -48.3 1172.1 -0.0 0 0 0.656 2.0 0.229 1.0 0.229 1.0 13 1 False 3 3.6 0 2.543 0 3807010 3807010 38000.0 38010.0 A A N
38 7 2 FO 1004.64 193.34 0 6 1088.4 145.0 1088.4 241.7 1004.6 290.0 920.9 241.7 920.9 145.0 1004.6 96.7 1088.4 145.0 0 0 0.662 2.0 0.232 1.0 0.232 1.0 12 1 False 3 3.6 0 10.893 0 3807020 3807020 38000.0 38010.0 A A E
38 7 3 FO 920.92 338.35 0 6 1004.6 290.0 1004.6 386.7 920.9 435.0 837.2 386.7 837.2 290.0 920.9 241.7 1004.6 290.0 0 0 0.662 2.0 0.239 1.0 0.238 1.0 11 1 False 3 3.6 0 20.174 0 3807030 3807030 38000.0 38010.0 A A E
38 7 4 FO 837.2 483.36 0 6 920.9 435.0 920.9 531.7 837.2 580.0 753.5 531.7 753.5 435.0 837.2 386.7 920.9 435.0 0 0 0.659 2.0 0.238 1.0 0.237 1.0 10 0 True 3 3.6 0 30.0 0 3807040 3807040 38000.0 38010.0 A A W
38 7 5 FO 753.48 628.37 4 6 837.2 580.0 837.2 676.7 753.5 725.0 669.8 676.7 669.8 580.0 753.5 531.7 837.2 580.0 0 1 0.659 2.0 0.239 1.0 0.238 1.0 9 1 False 3 3.6 0 39.827 0 3807050 3807050 38100.0 38110.0 C C E
38 7 6 FO 669.76 773.38 4 6 753.5 725.0 753.5 821.7 669.8 870.0 586.0 821.7 586.0 725.0 669.8 676.7 753.5 725.0 0 1 0.654 2.0 0.232 1.0 0.232 1.0 8 0 True 3 3.6 0 49.107 0 3807060 3807060 38100.0 38110.0 C C W
38 7 7 FO 586.04 918.38 4 6 669.8 870.0 669.8 966.7 586.0 1015.1 502.3 966.7 502.3 870.0 586.0 821.7 669.8 870.0 0 1 0.648 2.0 0.23 1.0 0.23 1.0 7 0 False 3 3.6 0 57.457 0 3807070 3807070 38100.0 38110.0 C C N
38 7 8 FO 502.32 1063.39 1 6 586.0 1015.1 586.0 1111.7 502.3 1160.1 418.6 1111.7 418.6 1015.1 502.3 966.7 586.0 1015.1 1 0 0.654 2.0 0.225 1.0 0.225 1.0 6 1 False 3 3.6 0 64.715 0 3807080 3807080 38200.0 38210.0 A A N
38 7 9 FOe 418.6 1208.4 1 6 502.3 1160.1 502.3 1256.7 418.6 1305.1 334.9 1256.7 334.9 1160.1 418.6 1111.7 502.3 1160.1 1 0 0.647 2.0 0.246 1.0 0.246 1.0 5 1 False 3 3.6 0 70.893 0 3807090 3807090 38200.0 38210.0 A A N
38 7 10 cOe 334.88 1353.41 1 3 418.6 1305.1 251.2 1305.1 334.9 1256.7 418.6 1305.1 0.0 0.0 0.0 0.0 0.0 0.0 1 0 0.641 0.0 0.0 0.0 0.0 0.0 4 1 False 3 3.6 0 76.102 0 3807100 3807100 38200.0 38210.0 A A N
38 8 1 FOe 1255.81 48.34 0 6 1339.5 -0.0 1339.5 96.7 1255.8 145.0 1172.1 96.7 1172.1 -0.0 1255.8 -48.3 1339.5 -0.0 0 0 0.647 2.0 0.223 1.0 0.223 1.0 13 1 False 3 3.6 0 2.204 0 3808010 3808010 38000.0 38010.0 A A N
38 8 2 FO 1172.09 193.34 0 6 1255.8 145.0 1255.8 241.7 1172.1 290.0 1088.4 241.7 1088.4 145.0 1172.1 96.7 1255.8 145.0 0 0 0.647 2.0 0.224 1.0 0.224 1.0 12 1 False 3 3.6 0 9.367 0 3808020 3808020 38000.0 38010.0 A A N
38 8 3 FO 1088.37 338.35 0 6 1172.1 290.0 1172.1 386.7 1088.4 435.0 1004.6 386.7 1004.6 290.0 1088.4 241.7 1172.1 290.0 0 0 0.653 2.0 0.226 1.0 0.226 1.0 11 1 False 3 3.6 0 17.269 0 3808030 3808030 38000.0 38010.0 A A N
38 8 4 FO 1004.64 483.36 0 6 1088.4 435.0 1088.4 531.7 1004.6 580.0 920.9 531.7 920.9 435.0 1004.6 386.7 1088.4 435.0 0 0 0.656 2.0 0.23 1.0 0.23 1.0 10 1 False 3 3.6 0 25.693 0 3808040 3808040 38000.0 38010.0 A A E
38 8 5 FO 920.92 628.37 0 6 1004.6 580.0 1004.6 676.7 920.9 725.0 837.2 676.7 837.2 580.0 920.9 531.7 1004.6 580.0 0 1 0.655 2.0 0.229 1.0 0.228 1.0 9 1 False 3 3.6 0 34.307 0 3808050 3808050 38100.0 38110.0 C C N
38 8 6 FO 837.2 773.38 4 6 920.9 725.0 920.9 821.7 837.2 870.0 753.5 821.7 753.5 725.0 837.2 676.7 920.9 725.0 0 1 0.654 2.0 0.226 1.0 0.226 1.0 9 0 True 3 3.6 0 42.731 0 3808060 3808060 38100.0 38110.0 C C W
38 8 7 FO 753.48 918.38 4 6 837.2 870.0 837.2 966.7 753.5 1015.1 669.8 966.7 669.8 870.0 753.5 821.7 837.2 870.0 0 1 0.649 2.0 0.224 1.0 0.224 1.0 8 0 False 3 3.6 0 50.633 0 3808070 3808070 38100.0 38110.0 C C N
38 8 8 FOe 669.76 1063.39 4 6 753.5 1015.1 753.5 1111.7 669.8 1160.1 586.0 1111.7 586.0 1015.1 669.8 966.7 753.5 1015.1 0 1 0.652 2.0 0.226 1.0 0.225 1.0 7 0 False 3 3.6 0 57.796 0 3808080 3808080 38100.0 38110.0 C C N
38 8 9 aOe 586.04 1208.4 1 4 669.8 1160.1 502.3 1256.7 502.3 1160.1 586.0 1111.7 669.8 1160.1 0.0 0.0 0.0 0.0 1 0 0.644 1.0 0.144 1.0 0.144 1.0 6 1 False 3 3.6 0 64.128 0 3808090 3808090 38200.0 38210.0 A A N
38 9 2 aOe 1339.53 193.34 0 4 1339.5 96.7 1339.5 290.0 1255.8 241.7 1255.8 145.0 1339.5 96.7 0.0 0.0 0.0 0.0 0 0 0.645 1.0 0.144 1.0 0.144 1.0 12 1 False 3 3.6 0 8.213 0 3809020 3809020 38000.0 38010.0 A A N
38 9 3 bOe 1255.81 338.35 1 5 1339.5 290.0 1255.8 435.0 1172.1 386.7 1172.1 290.0 1255.8 241.7 1339.5 290.0 0.0 0.0 0 0 0.648 1.0 0.192 1.0 0.192 1.0 11 1 False 3 3.6 0 15.079 0 3809030 3809030 38000.0 38010.0 A A N
38 9 4 FOe 1172.09 483.36 0 6 1255.8 435.0 1255.8 531.7 1172.1 580.0 1088.4 531.7 1088.4 435.0 1172.1 386.7 1255.8 435.0 0 0 0.65 2.0 0.224 1.0 0.224 1.0 10 1 False 3 3.6 0 22.411 0 3809040 3809040 38000.0 38010.0 A A N
38 9 5 FO 1088.37 628.37 4 6 1172.1 580.0 1172.1 676.7 1088.4 725.0 1004.6 676.7 1004.6 580.0 1088.4 531.7 1172.1 580.0 0 0 0.65 2.0 0.248 1.0 0.248 1.0 10 1 False 3 3.6 0 30.0 0 3809050 3809050 38000.0 38010.0 A A N
38 9 6 FOe 1004.64 773.38 0 6 1088.4 725.0 1088.4 821.7 1004.6 870.0 920.9 821.7 920.9 725.0 1004.6 676.7 1088.4 725.0 0 1 0.65 2.0 0.247 1.0 0.247 1.0 9 0 False 3 3.6 0 37.589 0 3809060 3809060 38100.0 38110.0 C C N
38 9 7 bOe 920.92 918.38 1 5 1004.6 870.0 920.9 1015.1 837.2 966.7 837.2 870.0 920.9 821.7 1004.6 870.0 0.0 0.0 0 1 0.647 1.0 0.192 1.0 0.192 1.0 9 0 False 3 3.6 0 44.921 0 3809070 3809070 38100.0 38110.0 C C N
38 9 8 aOe 837.2 1063.39 1 4 920.9 1015.1 753.5 1111.7 753.5 1015.1 837.2 966.7 920.9 1015.1 0.0 0.0 0.0 0.0 0 1 0.643 1.0 0.144 1.0 0.144 1.0 8 0 False 3 3.6 0 51.787 0 3809080 3809080 38100.0 38110.0 C C N
38 10 5 cOe 1255.81 628.37 0 3 1255.8 531.7 1172.1 676.7 1172.1 580.0 1255.8 531.7 0.0 0.0 0.0 0.0 0.0 0.0 0 0 0.641 0.0 0.0 0.0 0.0 0.0 10 1 False 3 3.6 0 26.582 0 3810050 3810050 38000.0 38010.0 A A N
38 10 6 cOe 1172.09 773.38 0 3 1172.1 676.7 1088.4 821.7 1088.4 725.0 1172.1 676.7 0.0 0.0 0.0 0.0 0.0 0.0 0 1 0.641 0.0 0.0 0.0 0.0 0.0 9 0 False 3 3.6 0 33.418 0 3810060 3810060 38100.0 38110.0 C C N
39 0 3 FMe -251.16 531.7 5 6 -251.2 435.0 -167.4 483.4 -167.4 580.0 -251.2 628.4 -334.9 580.0 -334.9 483.4 -251.2 435.0 1 1 0.721 2.0 0.409 1.0 0.38 1.0 0 1 False 3 3.6 0 115.285 0 3900030 3900030 39300.0 39310.0 C C N
39 0 4 FO -334.88 676.7 5 6 -334.9 580.0 -251.2 628.4 -251.2 725.0 -334.9 773.4 -418.6 725.0 -418.6 628.4 -334.9 580.0 1 1 0.677 2.0 0.26 1.0 0.257 1.0 0 1 False 3 3.6 0 116.33 0 3900040 3900040 39300.0 39310.0 C C E
39 0 5 FO -418.6 821.71 5 6 -418.6 725.0 -334.9 773.4 -334.9 870.0 -418.6 918.4 -502.3 870.0 -502.3 773.4 -418.6 725.0 1 1 0.657 2.0 0.236 1.0 0.235 1.0 0 0 True 3 3.6 0 116.995 0 3900050 3900050 39300.0 39310.0 C C W
39 0 6 FO -502.32 966.72 5 6 -502.3 870.0 -418.6 918.4 -418.6 1015.1 -502.3 1063.4 -586.0 1015.1 -586.0 918.4 -502.3 870.0 1 1 0.646 2.0 0.227 1.0 0.227 1.0 0 0 False 3 3.6 0 117.457 0 3900060 3900060 39300.0 39310.0 C C N
39 0 7 FOe -586.04 1111.73 5 6 -586.0 1015.1 -502.3 1063.4 -502.3 1160.1 -586.0 1208.4 -669.8 1160.1 -669.8 1063.4 -586.0 1015.1 1 1 0.648 2.0 0.223 1.0 0.223 1.0 0 0 False 3 3.6 0 117.796 0 3900070 3900070 39300.0 39310.0 C C N
39 1 3 bMe -83.72 531.7 5 5 -167.4 483.4 0.0 483.4 0.0 580.0 -83.7 628.4 -167.4 580.0 -167.4 483.4 0.0 0.0 1 1 0.72 1.0 0.271 1.0 0.271 1.0 1 1 False 3 3.6 0 98.948 0 3901030 3901030 39300.0 39310.0 C C N
39 1 4 FO -167.44 676.7 5 6 -167.4 580.0 -83.7 628.4 -83.7 725.0 -167.4 773.4 -251.2 725.0 -251.2 628.4 -167.4 580.0 1 1 0.682 2.0 0.283 1.0 0.276 1.0 1 1 False 3 3.6 0 103.898 0 3901040 3901040 39300.0 39310.0 C C N
39 1 5 FO -251.16 821.71 5 6 -251.2 725.0 -167.4 773.4 -167.4 870.0 -251.2 918.4 -334.9 870.0 -334.9 773.4 -251.2 725.0 1 1 0.663 2.0 0.24 1.0 0.24 1.0 1 1 False 3 3.6 0 106.996 0 3901050 3901050 39300.0 39310.0 C C E
39 1 6 FO -334.88 966.72 5 6 -334.9 870.0 -251.2 918.4 -251.2 1015.1 -334.9 1063.4 -418.6 1015.1 -418.6 918.4 -334.9 870.0 1 1 0.653 2.0 0.229 1.0 0.229 1.0 1 0 True 3 3.6 0 109.107 0 3901060 3901060 39300.0 39310.0 C C W
39 1 7 FO -418.6 1111.73 5 6 -418.6 1015.1 -334.9 1063.4 -334.9 1160.1 -418.6 1208.4 -502.3 1160.1 -502.3 1063.4 -418.6 1015.1 1 1 0.647 2.0 0.223 1.0 0.223 1.0 1 0 False 3 3.6 0 110.633 0 3901070 3901070 39300.0 39310.0 C C N
39 1 8 aOe -502.32 1256.74 2 4 -418.6 1305.1 -586.0 1208.4 -502.3 1160.1 -418.6 1208.4 -418.6 1305.1 0.0 0.0 0.0 0.0 1 1 0.644 1.0 0.144 1.0 0.144 1.0 1 0 False 3 3.6 0 111.787 0 3901080 3901080 39300.0 39310.0 C C N
39 2 3 bMe 83.72 531.7 5 5 -0.0 483.4 167.4 483.4 167.4 580.0 83.7 628.4 -0.0 580.0 -0.0 483.4 0.0 0.0 1 0 0.72 1.0 0.273 1.0 0.273 1.0 5 0 False 3 3.6 0 81.052 0 3902030 3902030 39200.0 39210.0 A A N
39 2 4 FO 0.0 676.7 1 6 0.0 580.0 83.7 628.4 83.7 725.0 0.0 773.4 -83.7 725.0 -83.7 628.4 0.0 580.0 1 0 0.688 2.0 0.294 1.0 0.286 1.0 4 0 False 3 3.6 0 90.0 0 3902040 3902040 39200.0 39210.0 A A N
39 2 5 FO -83.72 821.71 5 6 -83.7 725.0 0.0 773.4 0.0 870.0 -83.7 918.4 -167.4 870.0 -167.4 773.4 -83.7 725.0 1 1 0.668 2.0 0.247 1.0 0.246 1.0 2 1 False 3 3.6 0 95.818 0 3902050 3902050 39300.0 39310.0 C C N
39 2 6 FO -167.44 966.72 5 6 -167.4 870.0 -83.7 918.4 -83.7 1015.1 -167.4 1063.4 -251.2 1015.1 -251.2 918.4 -167.4 870.0 1 1 0.655 2.0 0.232 1.0 0.232 1.0 2 1 False 3 3.6 0 99.826 0 3902060 3902060 39300.0 39310.0 C C E
39 2 7 FO -251.16 1111.73 5 6 -251.2 1015.1 -167.4 1063.4 -167.4 1160.1 -251.2 1208.4 -334.9 1160.1 -334.9 1063.4 -251.2 1015.1 1 1 0.648 2.0 0.224 1.0 0.224 1.0 2 0 True 3 3.6 0 102.73 0 3902070 3902070 39300.0 39310.0 C C W
39 2 8 bOe -334.88 1256.74 2 5 -251.2 1305.1 -418.6 1305.1 -418.6 1208.4 -334.9 1160.1 -251.2 1208.4 -251.2 1305.1 0.0 0.0 1 1 0.646 1.0 0.192 1.0 0.192 1.0 2 0 False 3 3.6 0 104.921 0 3902080 3902080 39300.0 39310.0 C C N
39 3 0 aMe 502.32 96.67 3 4 502.3 193.3 502.3 0.0 586.0 48.3 586.0 145.0 502.3 193.3 0.0 0.0 0.0 0.0 0 0 0.685 1.0 0.194 1.0 0.194 1.0 13 0 False 3 3.6 0 10.893 0 3903000 3903000 39000.0 39010.0 A A N
39 3 2 aMe 334.88 386.69 4 4 251.2 435.0 418.6 338.4 418.6 435.0 334.9 483.4 251.2 435.0 0.0 0.0 0.0 0.0 0 1 0.687 1.0 0.194 1.0 0.194 1.0 7 1 False 3 3.6 0 49.107 0 3903020 3903020 39100.0 39110.0 C C N
39 3 3 FMe 251.16 531.7 1 6 251.2 435.0 334.9 483.4 334.9 580.0 251.2 628.4 167.4 580.0 167.4 483.4 251.2 435.0 1 0 0.722 2.0 0.409 1.0 0.38 1.0 6 0 False 3 3.6 0 64.715 0 3903030 3903030 39200.0 39210.0 A A N
39 3 4 FO 167.44 676.7 1 6 167.4 580.0 251.2 628.4 251.2 725.0 167.4 773.4 83.7 725.0 83.7 628.4 167.4 580.0 1 0 0.686 2.0 0.286 1.0 0.279 1.0 5 0 False 3 3.6 0 76.102 0 3903040 3903040 39200.0 39210.0 A A N
39 3 5 FO 83.72 821.71 1 6 83.7 725.0 167.4 773.4 167.4 870.0 83.7 918.4 0.0 870.0 0.0 773.4 83.7 725.0 1 0 0.666 2.0 0.245 1.0 0.244 1.0 4 0 True 3 3.6 0 84.182 0 3903050 3903050 39200.0 39210.0 A A W
39 3 6 FO 0.0 966.72 1 6 0.0 870.0 83.7 918.4 83.7 1015.1 0.0 1063.4 -83.7 1015.1 -83.7 918.4 0.0 870.0 1 0 0.654 2.0 0.233 1.0 0.233 1.0 3 0 True 3 3.6 0 90.0 0 3903060 3903060 39200.0 39210.0 A A W
39 3 7 FO -83.72 1111.73 1 6 -83.7 1015.1 0.0 1063.4 0.0 1160.1 -83.7 1208.4 -167.4 1160.1 -167.4 1063.4 -83.7 1015.1 1 1 0.65 2.0 0.226 1.0 0.225 1.0 2 1 False 3 3.6 0 94.307 0 3903070 3903070 39300.0 39310.0 C C N
39 3 8 FOe -167.44 1256.74 1 6 -167.4 1160.1 -83.7 1208.4 -83.7 1305.1 -167.4 1353.4 -251.2 1305.1 -251.2 1208.4 -167.4 1160.1 1 1 0.645 2.0 0.222 1.0 0.222 1.0 2 0 False 3 3.6 0 97.589 0 3903080 3903080 39300.0 39310.0 C C N
39 4 0 FO 669.76 96.67 0 6 669.8 0.0 753.5 48.3 753.5 145.0 669.8 193.3 586.0 145.0 586.0 48.3 669.8 0.0 0 0 0.691 2.0 0.295 1.0 0.287 1.0 13 0 False 3 3.6 0 8.213 0 3904000 3904000 39000.0 39010.0 A A N
39 4 1 FMe 586.04 241.68 0 6 586.0 145.0 669.8 193.3 669.8 290.0 586.0 338.4 502.3 290.0 502.3 193.3 586.0 145.0 0 0 0.695 2.0 0.344 1.0 0.323 1.0 12 0 False 3 3.6 0 22.411 0 3904010 3904010 39000.0 39010.0 A A N
39 4 2 FMe 502.32 386.69 4 6 502.3 290.0 586.0 338.4 586.0 435.0 502.3 483.4 418.6 435.0 418.6 338.4 502.3 290.0 0 1 0.694 2.0 0.352 1.0 0.33 1.0 8 1 False 3 3.6 0 37.589 0 3904020 3904020 39100.0 39110.0 C C N
39 4 3 FO 418.6 531.7 4 6 418.6 435.0 502.3 483.4 502.3 580.0 418.6 628.4 334.9 580.0 334.9 483.4 418.6 435.0 0 1 0.691 2.0 0.3 1.0 0.291 1.0 7 1 False 3 3.6 0 51.787 0 3904030 3904030 39100.0 39110.0 C C N
39 4 4 FO 334.88 676.7 1 6 334.9 580.0 418.6 628.4 418.6 725.0 334.9 773.4 251.2 725.0 251.2 628.4 334.9 580.0 1 0 0.679 2.0 0.259 1.0 0.256 1.0 6 0 True 3 3.6 0 63.67 0 3904040 3904040 39200.0 39210.0 A A W
39 4 5 FO 251.16 821.71 1 6 251.2 725.0 334.9 773.4 334.9 870.0 251.2 918.4 167.4 870.0 167.4 773.4 251.2 725.0 1 0 0.667 2.0 0.244 1.0 0.243 1.0 5 0 True 3 3.6 0 73.004 0 3904050 3904050 39200.0 39210.0 A A W
39 4 6 FO 167.44 966.72 1 6 167.4 870.0 251.2 918.4 251.2 1015.1 167.4 1063.4 83.7 1015.1 83.7 918.4 167.4 870.0 1 0 0.653 2.0 0.231 1.0 0.23 1.0 4 1 False 3 3.6 0 80.174 0 3904060 3904060 39200.0 39210.0 A A E
39 4 7 FO 83.72 1111.73 1 6 83.7 1015.1 167.4 1063.4 167.4 1160.1 83.7 1208.4 0.0 1160.1 0.0 1063.4 83.7 1015.1 1 0 0.649 2.0 0.226 1.0 0.226 1.0 3 1 False 3 3.6 0 85.693 0 3904070 3904070 39200.0 39210.0 A A E
39 4 8 FO 0.0 1256.74 5 6 0.0 1160.1 83.7 1208.4 83.7 1305.1 0.0 1353.4 -83.7 1305.1 -83.7 1208.4 0.0 1160.1 1 0 0.649 2.0 0.246 1.0 0.246 1.0 3 1 False 3 3.6 0 90.0 0 3904080 3904080 39200.0 39210.0 A A N
39 4 9 cOe -83.72 1401.74 1 3 0.0 1353.4 -167.4 1353.4 -83.7 1305.1 0.0 1353.4 0.0 0.0 0.0 0.0 0.0 0.0 1 1 0.641 0.0 0.0 0.0 0.0 0.0 2 0 False 3 3.6 0 93.418 0 3904090 3904090 39300.0 39310.0 C C N
39 5 0 FO 837.2 96.67 0 6 837.2 0.0 920.9 48.3 920.9 145.0 837.2 193.3 753.5 145.0 753.5 48.3 837.2 0.0 0 0 0.665 2.0 0.246 1.0 0.245 1.0 13 0 True 3 3.6 0 6.587 0 3905000 3905000 39000.0 39010.0 A A W
39 5 1 FO 753.48 241.68 0 6 753.5 145.0 837.2 193.3 837.2 290.0 753.5 338.4 669.8 290.0 669.8 193.3 753.5 145.0 0 0 0.675 2.0 0.256 1.0 0.254 1.0 12 0 True 3 3.6 0 17.784 0 3905010 3905010 39000.0 39010.0 A A W
39 5 2 FO 669.76 386.69 0 6 669.8 290.0 753.5 338.4 753.5 435.0 669.8 483.4 586.0 435.0 586.0 338.4 669.8 290.0 0 0 0.682 2.0 0.255 1.0 0.253 1.0 11 0 False 3 3.6 0 30.0 0 3905020 3905020 39000.0 39010.0 A A N
39 5 3 FO 586.04 531.7 4 6 586.0 435.0 669.8 483.4 669.8 580.0 586.0 628.4 502.3 580.0 502.3 483.4 586.0 435.0 0 1 0.671 2.0 0.256 1.0 0.254 1.0 8 1 False 3 3.6 0 42.217 0 3905030 3905030 39100.0 39110.0 C C E
39 5 4 FO 502.32 676.7 4 6 502.3 580.0 586.0 628.4 586.0 725.0 502.3 773.4 418.6 725.0 418.6 628.4 502.3 580.0 0 1 0.665 2.0 0.242 1.0 0.241 1.0 7 1 False 3 3.6 0 53.413 0 3905040 3905040 39100.0 39110.0 C C E
39 5 5 FO 418.6 821.71 1 6 418.6 725.0 502.3 773.4 502.3 870.0 418.6 918.4 334.9 870.0 334.9 773.4 418.6 725.0 1 0 0.657 2.0 0.235 1.0 0.235 1.0 6 1 False 3 3.6 0 63.005 0 3905050 3905050 39200.0 39210.0 A A E
39 5 6 FO 334.88 966.72 1 6 334.9 870.0 418.6 918.4 418.6 1015.1 334.9 1063.4 251.2 1015.1 251.2 918.4 334.9 870.0 1 0 0.652 2.0 0.23 1.0 0.229 1.0 5 1 False 3 3.6 0 70.893 0 3905060 3905060 39200.0 39210.0 A A E
39 5 7 FO 251.16 1111.73 1 6 251.2 1015.1 334.9 1063.4 334.9 1160.1 251.2 1208.4 167.4 1160.1 167.4 1063.4 251.2 1015.1 1 0 0.647 2.0 0.224 1.0 0.224 1.0 4 1 False 3 3.6 0 77.27 0 3905070 3905070 39200.0 39210.0 A A N
39 5 8 FOe 167.44 1256.74 1 6 167.4 1160.1 251.2 1208.4 251.2 1305.1 167.4 1353.4 83.7 1305.1 83.7 1208.4 167.4 1160.1 1 0 0.646 2.0 0.245 1.0 0.245 1.0 3 1 False 3 3.6 0 82.411 0 3905080 3905080 39200.0 39210.0 A A N
39 5 9 cOe 83.72 1401.74 1 3 167.4 1353.4 0.0 1353.4 83.7 1305.1 167.4 1353.4 0.0 0.0 0.0 0.0 0.0 0.0 1 0 0.641 0.0 0.0 0.0 0.0 0.0 3 1 False 3 3.6 0 86.582 0 3905090 3905090 39200.0 39210.0 A A N
39 6 0 FO 1004.64 96.67 0 6 1004.6 0.0 1088.4 48.3 1088.4 145.0 1004.6 193.3 920.9 145.0 920.9 48.3 1004.6 0.0 0 0 0.655 2.0 0.23 1.0 0.23 1.0 13 1 False 3 3.6 0 5.496 0 3906000 3906000 39000.0 39010.0 A A E
39 6 1 FO 920.92 241.68 0 6 920.9 145.0 1004.6 193.3 1004.6 290.0 920.9 338.4 837.2 290.0 837.2 193.3 920.9 145.0 0 0 0.657 2.0 0.235 1.0 0.235 1.0 12 1 False 3 3.6 0 14.705 0 3906010 3906010 39000.0 39010.0 A A E
39 6 2 FO 837.2 386.69 0 6 837.2 290.0 920.9 338.4 920.9 435.0 837.2 483.4 753.5 435.0 753.5 338.4 837.2 290.0 0 0 0.659 2.0 0.236 1.0 0.236 1.0 11 0 True 3 3.6 0 24.791 0 3906020 3906020 39000.0 39010.0 A A W
39 6 3 FO 753.48 531.7 4 6 753.5 435.0 837.2 483.4 837.2 580.0 753.5 628.4 669.8 580.0 669.8 483.4 753.5 435.0 0 1 0.657 2.0 0.239 1.0 0.238 1.0 9 1 False 3 3.6 0 35.209 0 3906030 3906030 39100.0 39110.0 C C N
39 6 4 FO 669.76 676.7 4 6 669.8 580.0 753.5 628.4 753.5 725.0 669.8 773.4 586.0 725.0 586.0 628.4 669.8 580.0 0 1 0.658 2.0 0.233 1.0 0.233 1.0 8 0 True 3 3.6 0 45.295 0 3906040 3906040 39100.0 39110.0 C C W
39 6 5 FO 586.04 821.71 4 6 586.0 725.0 669.8 773.4 669.8 870.0 586.0 918.4 502.3 870.0 502.3 773.4 586.0 725.0 0 1 0.655 2.0 0.229 1.0 0.229 1.0 7 0 True 3 3.6 0 54.504 0 3906050 3906050 39100.0 39110.0 C C W
39 6 6 FO 502.32 966.72 1 6 502.3 870.0 586.0 918.4 586.0 1015.1 502.3 1063.4 418.6 1015.1 418.6 918.4 502.3 870.0 1 0 0.655 2.0 0.226 1.0 0.226 1.0 6 1 False 3 3.6 0 62.543 0 3906060 3906060 39200.0 39210.0 A A N
39 6 7 FO 418.6 1111.73 1 6 418.6 1015.1 502.3 1063.4 502.3 1160.1 418.6 1208.4 334.9 1160.1 334.9 1063.4 418.6 1015.1 1 0 0.648 2.0 0.223 1.0 0.223 1.0 5 1 False 3 3.6 0 69.367 0 3906070 3906070 39200.0 39210.0 A A N
39 6 8 bOe 334.88 1256.74 2 5 418.6 1305.1 251.2 1305.1 251.2 1208.4 334.9 1160.1 418.6 1208.4 418.6 1305.1 0.0 0.0 1 0 0.646 1.0 0.192 1.0 0.192 1.0 4 1 False 3 3.6 0 75.079 0 3906080 3906080 39200.0 39210.0 A A N
39 7 0 FO 1172.09 96.67 0 6 1172.1 0.0 1255.8 48.3 1255.8 145.0 1172.1 193.3 1088.4 145.0 1088.4 48.3 1172.1 0.0 0 0 0.65 2.0 0.224 1.0 0.224 1.0 13 1 False 3 3.6 0 4.715 0 3907000 3907000 39000.0 39010.0 A A N
39 7 1 FO 1088.37 241.68 0 6 1088.4 145.0 1172.1 193.3 1172.1 290.0 1088.4 338.4 1004.6 290.0 1004.6 193.3 1088.4 145.0 0 0 0.649 2.0 0.226 1.0 0.226 1.0 12 1 False 3 3.6 0 12.52 0 3907010 3907010 39000.0 39010.0 A A N
39 7 2 FO 1004.64 386.69 0 6 1004.6 290.0 1088.4 338.4 1088.4 435.0 1004.6 483.4 920.9 435.0 920.9 338.4 1004.6 290.0 0 0 0.655 2.0 0.228 1.0 0.228 1.0 11 1 False 3 3.6 0 21.052 0 3907020 3907020 39000.0 39010.0 A A E
39 7 3 FO 920.92 531.7 0 6 920.9 435.0 1004.6 483.4 1004.6 580.0 920.9 628.4 837.2 580.0 837.2 483.4 920.9 435.0 0 0 0.652 2.0 0.227 1.0 0.226 1.0 10 0 True 3 3.6 0 30.0 0 3907030 3907030 39000.0 39010.0 A A W
39 7 4 FO 837.2 676.7 4 6 837.2 580.0 920.9 628.4 920.9 725.0 837.2 773.4 753.5 725.0 753.5 628.4 837.2 580.0 0 1 0.65 2.0 0.229 1.0 0.228 1.0 9 1 False 3 3.6 0 38.948 0 3907040 3907040 39100.0 39110.0 C C E
39 7 5 FO 753.48 821.71 4 6 753.5 725.0 837.2 773.4 837.2 870.0 753.5 918.4 669.8 870.0 669.8 773.4 753.5 725.0 0 1 0.647 2.0 0.225 1.0 0.225 1.0 8 0 False 3 3.6 0 47.48 0 3907050 3907050 39100.0 39110.0 C C N
39 7 6 FO 669.76 966.72 4 6 669.8 870.0 753.5 918.4 753.5 1015.1 669.8 1063.4 586.0 1015.1 586.0 918.4 669.8 870.0 0 1 0.65 2.0 0.223 1.0 0.223 1.0 7 0 False 3 3.6 0 55.285 0 3907060 3907060 39100.0 39110.0 C C N
39 7 7 FOe 586.04 1111.73 1 6 586.0 1015.1 669.8 1063.4 669.8 1160.1 586.0 1208.4 502.3 1160.1 502.3 1063.4 586.0 1015.1 1 0 0.649 2.0 0.221 1.0 0.221 1.0 6 1 False 3 3.6 0 62.204 0 3907070 3907070 39200.0 39210.0 A A N
39 7 8 aOe 502.32 1256.74 1 4 586.0 1208.4 418.6 1305.1 418.6 1208.4 502.3 1160.1 586.0 1208.4 0.0 0.0 0.0 0.0 1 0 0.643 1.0 0.144 1.0 0.144 1.0 5 1 False 3 3.6 0 68.213 0 3907080 3907080 39200.0 39210.0 A A N
39 8 0 aOe 1339.53 96.67 0 4 1339.5 0.0 1339.5 193.3 1255.8 145.0 1255.8 48.3 1339.5 0.0 0.0 0.0 0.0 0.0 0 0 0.643 1.0 0.144 1.0 0.144 1.0 13 1 False 3 3.6 0 4.128 0 3908000 3908000 39000.0 39010.0 A A N
39 8 1 FOe 1255.81 241.68 0 6 1255.8 145.0 1339.5 193.3 1339.5 290.0 1255.8 338.4 1172.1 290.0 1172.1 193.3 1255.8 145.0 0 0 0.646 2.0 0.222 1.0 0.222 1.0 12 1 False 3 3.6 0 10.893 0 3908010 3908010 39000.0 39010.0 A A N
39 8 2 FO 1172.09 386.69 0 6 1172.1 290.0 1255.8 338.4 1255.8 435.0 1172.1 483.4 1088.4 435.0 1088.4 338.4 1172.1 290.0 0 0 0.646 2.0 0.246 1.0 0.246 1.0 11 1 False 3 3.6 0 18.258 0 3908020 3908020 39000.0 39010.0 A A N
39 8 3 FO 1088.37 531.7 0 6 1088.4 435.0 1172.1 483.4 1172.1 580.0 1088.4 628.4 1004.6 580.0 1004.6 483.4 1088.4 435.0 0 0 0.649 2.0 0.223 1.0 0.223 1.0 10 1 False 3 3.6 0 26.037 0 3908030 3908030 39000.0 39010.0 A A E
39 8 4 FO 1004.64 676.7 0 6 1004.6 580.0 1088.4 628.4 1088.4 725.0 1004.6 773.4 920.9 725.0 920.9 628.4 1004.6 580.0 0 1 0.649 2.0 0.223 1.0 0.222 1.0 9 1 False 3 3.6 0 33.963 0 3908040 3908040 39100.0 39110.0 C C N
39 8 5 FO 920.92 821.71 4 6 920.9 725.0 1004.6 773.4 1004.6 870.0 920.9 918.4 837.2 870.0 837.2 773.4 920.9 725.0 0 1 0.65 2.0 0.222 1.0 0.222 1.0 9 0 True 3 3.6 0 41.742 0 3908050 3908050 39100.0 39110.0 C C W
39 8 6 FOe 837.2 966.72 4 6 837.2 870.0 920.9 918.4 920.9 1015.1 837.2 1063.4 753.5 1015.1 753.5 918.4 837.2 870.0 0 1 0.647 2.0 0.245 1.0 0.245 1.0 8 0 False 3 3.6 0 49.107 0 3908060 3908060 39100.0 39110.0 C C N
39 8 7 aOe 753.48 1111.73 1 4 837.2 1063.4 669.8 1160.1 669.8 1063.4 753.5 1015.1 837.2 1063.4 0.0 0.0 0.0 0.0 0 1 0.643 1.0 0.144 1.0 0.144 1.0 7 0 False 3 3.6 0 55.872 0 3908070 3908070 39100.0 39110.0 C C N
39 9 2 cOe 1339.53 386.69 0 3 1339.5 290.0 1255.8 435.0 1255.8 338.4 1339.5 290.0 0.0 0.0 0.0 0.0 0.0 0.0 0 0 0.642 0.0 0.0 0.0 0.0 0.0 11 1 False 3 3.6 0 16.102 0 3909020 3909020 39000.0 39010.0 A A N
39 9 3 dOe 1255.81 531.7 0 5 1255.8 435.0 1297.7 459.2 1213.9 604.2 1172.1 580.0 1172.1 483.4 1255.8 435.0 0.0 0.0 0 0 0.642 1.0 0.144 1.0 0.144 1.0 10 1 False 2 2.4 0 22.947 0 3909030 3909030 39000.0 39010.0 A A N
39 9 4 dOe 1172.09 676.7 0 5 1172.1 580.0 1213.9 604.2 1130.2 749.2 1088.4 725.0 1088.4 628.4 1172.1 580.0 0.0 0.0 0 0 0.644 1.0 0.144 1.0 0.144 1.0 10 1 False 2 2.4 0 30.0 0 3909040 3909040 39000.0 39010.0 A A N
39 9 5 dOe 1088.37 821.71 0 5 1088.4 725.0 1130.2 749.2 1046.5 894.2 1004.6 870.0 1004.6 773.4 1088.4 725.0 0.0 0.0 0 1 0.642 1.0 0.144 1.0 0.144 1.0 9 0 False 2 2.4 0 37.052 0 3909050 3909050 39100.0 39110.0 C C N
39 9 6 cOe 1004.64 966.72 0 3 1004.6 870.0 920.9 1015.1 920.9 918.4 1004.6 870.0 0.0 0.0 0.0 0.0 0.0 0.0 0 1 0.64 0.0 0.0 0.0 0.0 0.0 9 0 False 3 3.6 0 43.898 0 3909060 3909060 39100.0 39110.0 C C N
40 1 4 aMe -167.44 483.36 5 4 -251.2 435.0 -83.7 531.7 -167.4 580.0 -251.2 531.7 -251.2 435.0 0.0 0.0 0.0 0.0 1 1 0.686 1.0 0.191 1.0 0.191 1.0 0 1 False 3 3.6 0 109.107 0 4001040 4001040 40300.0 40310.0 B B N
40 1 5 FO -251.16 628.37 5 6 -167.4 580.0 -167.4 676.7 -251.2 725.0 -334.9 676.7 -334.9 580.0 -251.2 531.7 -167.4 580.0 1 1 0.686 2.0 0.285 1.0 0.283 1.0 0 1 False 3 3.6 0 111.787 0 4001050 4001050 40300.0 40310.0 B B E
40 1 6 FO -334.88 773.38 5 6 -251.2 725.0 -251.2 821.7 -334.9 870.0 -418.6 821.7 -418.6 725.0 -334.9 676.7 -251.2 725.0 1 1 0.655 2.0 0.24 1.0 0.24 1.0 0 0 True 3 3.6 0 113.413 0 4001060 4001060 40300.0 40310.0 B B W
40 1 7 FO -418.6 918.38 5 6 -334.9 870.0 -334.9 966.7 -418.6 1015.1 -502.3 966.7 -502.3 870.0 -418.6 821.7 -334.9 870.0 1 1 0.654 2.0 0.227 1.0 0.227 1.0 0 0 False 3 3.6 0 114.504 0 4001070 4001070 40300.0 40310.0 B B N
40 1 8 aOe -502.32 1063.39 2 4 -418.6 1111.7 -586.0 1015.1 -502.3 966.7 -418.6 1015.1 -418.6 1111.7 0.0 0.0 0.0 0.0 1 1 0.643 1.0 0.144 1.0 0.144 1.0 0 0 False 3 3.6 0 115.285 0 4001080 4001080 40300.0 40310.0 B B N
40 2 5 FOe -83.72 628.37 5 6 0.0 580.0 0.0 676.7 -83.7 725.0 -167.4 676.7 -167.4 580.0 -83.7 531.7 0.0 580.0 1 1 0.691 2.0 0.313 1.0 0.308 1.0 1 1 False 3 3.6 0 97.589 0 4002050 4002050 40300.0 40310.0 B B N
40 2 6 FO -167.44 773.38 5 6 -83.7 725.0 -83.7 821.7 -167.4 870.0 -251.2 821.7 -251.2 725.0 -167.4 676.7 -83.7 725.0 1 1 0.672 2.0 0.247 1.0 0.248 1.0 1 1 False 3 3.6 0 102.216 0 4002060 4002060 40300.0 40310.0 B B E
40 2 7 FO -251.16 918.38 5 6 -167.4 870.0 -167.4 966.7 -251.2 1015.1 -334.9 966.7 -334.9 870.0 -251.2 821.7 -167.4 870.0 1 1 0.65 2.0 0.23 1.0 0.231 1.0 1 0 True 3 3.6 0 105.295 0 4002070 4002070 40300.0 40310.0 B B W
40 2 8 FOe -334.88 1063.39 5 6 -251.2 1015.1 -251.2 1111.7 -334.9 1160.1 -418.6 1111.7 -418.6 1015.1 -334.9 966.7 -251.2 1015.1 1 1 0.648 2.0 0.223 1.0 0.223 1.0 1 0 False 3 3.6 0 107.48 0 4002080 4002080 40300.0 40310.0 B B N
40 3 4 aMe 167.44 483.36 4 4 83.7 531.7 251.2 435.0 251.2 531.7 167.4 580.0 83.7 531.7 0.0 0.0 0.0 0.0 1 0 0.682 1.0 0.19 1.0 0.19 1.0 4 0 False 3 3.6 0 70.893 0 4003040 4003040 40200.0 40210.0 C C N
40 3 5 FOe 83.72 628.37 1 6 167.4 580.0 167.4 676.7 83.7 725.0 0.0 676.7 0.0 580.0 83.7 531.7 167.4 580.0 1 0 0.699 2.0 0.315 1.0 0.31 1.0 3 0 False 3 3.6 0 82.411 0 4003050 4003050 40200.0 40210.0 C C N
40 3 6 FO 0.0 773.38 1 6 83.7 725.0 83.7 821.7 0.0 870.0 -83.7 821.7 -83.7 725.0 0.0 676.7 83.7 725.0 1 0 0.663 2.0 0.25 1.0 0.25 1.0 2 0 True 3 3.6 0 90.0 0 4003060 4003060 40200.0 40210.0 C C W
40 3 7 FO -83.72 918.38 1 6 0.0 870.0 0.0 966.7 -83.7 1015.1 -167.4 966.7 -167.4 870.0 -83.7 821.7 0.0 870.0 1 1 0.655 2.0 0.233 1.0 0.233 1.0 1 1 False 3 3.6 0 95.209 0 4003070 4003070 40300.0 40310.0 B B N
40 3 8 FO -167.44 1063.39 1 6 -83.7 1015.1 -83.7 1111.7 -167.4 1160.1 -251.2 1111.7 -251.2 1015.1 -167.4 966.7 -83.7 1015.1 1 1 0.648 2.0 0.248 1.0 0.248 1.0 1 0 False 3 3.6 0 98.948 0 4003080 4003080 40300.0 40310.0 B B N
40 3 9 cOe -251.16 1208.4 1 3 -167.4 1160.1 -334.9 1160.1 -251.2 1111.7 -167.4 1160.1 0.0 0.0 0.0 0.0 0.0 0.0 1 1 0.642 0.0 0.0 0.0 0.0 0.0 1 0 False 3 3.6 0 101.741 0 4003090 4003090 40300.0 40310.0 B B N
40 4 1 FMe 586.04 48.34 0 6 669.8 -0.0 669.8 96.7 586.0 145.0 502.3 96.7 502.3 -0.0 586.0 -48.3 669.8 -0.0 0 0 0.711 2.0 0.402 1.0 0.382 1.0 10 0 False 3 3.6 0 4.715 0 4004010 4004010 40000.0 40010.0 C C N
40 4 2 bMe 502.32 193.34 4 5 418.6 241.7 502.3 96.7 586.0 145.0 586.0 241.7 502.3 290.0 418.6 241.7 0.0 0.0 0 0 0.699 1.0 0.26 1.0 0.26 1.0 9 0 False 3 3.6 0 21.051 0 4004020 4004020 40000.0 40010.0 C C N
40 4 3 bMe 418.6 338.35 4 5 334.9 386.7 418.6 241.7 502.3 290.0 502.3 386.7 418.6 435.0 334.9 386.7 0.0 0.0 0 1 0.718 1.0 0.26 1.0 0.26 1.0 6 1 False 3 3.6 0 38.948 0 4004030 4004030 40100.0 40110.0 C C E
40 4 4 FMe 334.88 483.36 4 6 418.6 435.0 418.6 531.7 334.9 580.0 251.2 531.7 251.2 435.0 334.9 386.7 418.6 435.0 0 1 0.71 2.0 0.393 1.0 0.374 1.0 5 1 False 3 3.6 0 55.285 0 4004040 4004040 40100.0 40110.0 C C N
40 4 5 FO 251.16 628.37 1 6 334.9 580.0 334.9 676.7 251.2 725.0 167.4 676.7 167.4 580.0 251.2 531.7 334.9 580.0 1 0 0.685 2.0 0.284 1.0 0.283 1.0 4 0 True 3 3.6 0 68.213 0 4004050 4004050 40200.0 40210.0 C C W
40 4 6 FO 167.44 773.38 1 6 251.2 725.0 251.2 821.7 167.4 870.0 83.7 821.7 83.7 725.0 167.4 676.7 251.2 725.0 1 0 0.662 2.0 0.247 1.0 0.248 1.0 3 0 True 3 3.6 0 77.784 0 4004060 4004060 40200.0 40210.0 C C W
40 4 7 FO 83.72 918.38 1 6 167.4 870.0 167.4 966.7 83.7 1015.1 0.0 966.7 0.0 870.0 83.7 821.7 167.4 870.0 1 0 0.655 2.0 0.232 1.0 0.233 1.0 2 1 False 3 3.6 0 84.791 0 4004070 4004070 40200.0 40210.0 C C E
40 4 8 FO 0.0 1063.39 5 6 83.7 1015.1 83.7 1111.7 0.0 1160.1 -83.7 1111.7 -83.7 1015.1 0.0 966.7 83.7 1015.1 1 0 0.65 2.0 0.251 1.0 0.251 1.0 2 1 False 3 3.6 0 90.0 0 4004080 4004080 40200.0 40210.0 C C N
40 4 9 cOe -83.72 1208.4 1 3 0.0 1160.1 -167.4 1160.1 -83.7 1111.7 0.0 1160.1 0.0 0.0 0.0 0.0 0.0 0.0 1 1 0.642 0.0 0.0 0.0 0.0 0.0 1 0 False 3 3.6 0 93.963 0 4004090 4004090 40300.0 40310.0 B B N
40 5 1 FO 753.48 48.34 0 6 837.2 -0.0 837.2 96.7 753.5 145.0 669.8 96.7 669.8 -0.0 753.5 -48.3 837.2 -0.0 0 0 0.661 2.0 0.255 1.0 0.254 1.0 10 0 True 3 3.6 0 3.671 0 4005010 4005010 40000.0 40010.0 C C W
40 5 2 FO 669.76 193.34 0 6 753.5 145.0 753.5 241.7 669.8 290.0 586.0 241.7 586.0 145.0 669.8 96.7 753.5 145.0 0 0 0.676 2.0 0.272 1.0 0.272 1.0 9 0 True 3 3.6 0 16.102 0 4005020 4005020 40000.0 40010.0 C C W
40 5 3 FO 586.04 338.35 0 6 669.8 290.0 669.8 386.7 586.0 435.0 502.3 386.7 502.3 290.0 586.0 241.7 669.8 290.0 0 0 0.682 2.0 0.287 1.0 0.286 1.0 8 0 False 3 3.6 0 30.0 0 4005030 4005030 40000.0 40010.0 C C N
40 5 4 FO 502.32 483.36 4 6 586.0 435.0 586.0 531.7 502.3 580.0 418.6 531.7 418.6 435.0 502.3 386.7 586.0 435.0 0 1 0.682 2.0 0.276 1.0 0.275 1.0 6 1 False 3 3.6 0 43.898 0 4005040 4005040 40100.0 40110.0 C C N
40 5 5 FO 418.6 628.37 4 6 502.3 580.0 502.3 676.7 418.6 725.0 334.9 676.7 334.9 580.0 418.6 531.7 502.3 580.0 0 1 0.667 2.0 0.255 1.0 0.255 1.0 5 1 False 3 3.6 0 56.33 0 4005050 4005050 40100.0 40110.0 C C E
40 5 6 FO 334.88 773.38 1 6 418.6 725.0 418.6 821.7 334.9 870.0 251.2 821.7 251.2 725.0 334.9 676.7 418.6 725.0 1 0 0.659 2.0 0.237 1.0 0.237 1.0 4 1 False 3 3.6 0 66.587 0 4005060 4005060 40200.0 40210.0 C C E
40 5 7 FO 251.16 918.38 1 6 334.9 870.0 334.9 966.7 251.2 1015.1 167.4 966.7 167.4 870.0 251.2 821.7 334.9 870.0 1 0 0.654 2.0 0.231 1.0 0.231 1.0 3 1 False 3 3.6 0 74.705 0 4005070 4005070 40200.0 40210.0 C C E
40 5 8 FO 167.44 1063.39 1 6 251.2 1015.1 251.2 1111.7 167.4 1160.1 83.7 1111.7 83.7 1015.1 167.4 966.7 251.2 1015.1 1 0 0.647 2.0 0.25 1.0 0.25 1.0 2 1 False 3 3.6 0 81.052 0 4005080 4005080 40200.0 40210.0 C C N
40 5 9 cOe 83.72 1208.4 1 3 167.4 1160.1 0.0 1160.1 83.7 1111.7 167.4 1160.1 0.0 0.0 0.0 0.0 0.0 0.0 1 0 0.642 0.0 0.0 0.0 0.0 0.0 2 1 False 3 3.6 0 86.037 0 4005090 4005090 40200.0 40210.0 C C N
40 6 1 FO 920.92 48.34 0 6 1004.6 -0.0 1004.6 96.7 920.9 145.0 837.2 96.7 837.2 -0.0 920.9 -48.3 1004.6 -0.0 0 0 0.653 2.0 0.232 1.0 0.233 1.0 10 1 False 3 3.6 0 3.005 0 4006010 4006010 40000.0 40010.0 C C E
40 6 2 FO 837.2 193.34 0 6 920.9 145.0 920.9 241.7 837.2 290.0 753.5 241.7 753.5 145.0 837.2 96.7 920.9 145.0 0 0 0.654 2.0 0.239 1.0 0.239 1.0 9 1 False 3 3.6 0 13.004 0 4006020 4006020 40000.0 40010.0 C C E
40 6 3 FO 753.48 338.35 0 6 837.2 290.0 837.2 386.7 753.5 435.0 669.8 386.7 669.8 290.0 753.5 241.7 837.2 290.0 0 0 0.66 2.0 0.239 1.0 0.239 1.0 8 0 True 3 3.6 0 24.182 0 4006030 4006030 40000.0 40010.0 C C W
40 6 4 FO 669.76 483.36 4 6 753.5 435.0 753.5 531.7 669.8 580.0 586.0 531.7 586.0 435.0 669.8 386.7 753.5 435.0 0 1 0.657 2.0 0.239 1.0 0.24 1.0 7 1 False 3 3.6 0 35.818 0 4006040 4006040 40100.0 40110.0 C C E
40 6 5 FO 586.04 628.37 4 6 669.8 580.0 669.8 676.7 586.0 725.0 502.3 676.7 502.3 580.0 586.0 531.7 669.8 580.0 0 1 0.658 2.0 0.239 1.0 0.239 1.0 6 0 True 3 3.6 0 46.996 0 4006050 4006050 40100.0 40110.0 C C W
40 6 6 FO 502.32 773.38 4 6 586.0 725.0 586.0 821.7 502.3 870.0 418.6 821.7 418.6 725.0 502.3 676.7 586.0 725.0 0 1 0.655 2.0 0.231 1.0 0.231 1.0 5 0 True 3 3.6 0 56.996 0 4006060 4006060 40100.0 40110.0 C C W
40 6 7 FO 418.6 918.38 1 6 502.3 870.0 502.3 966.7 418.6 1015.1 334.9 966.7 334.9 870.0 418.6 821.7 502.3 870.0 1 0 0.65 2.0 0.227 1.0 0.227 1.0 4 1 False 3 3.6 0 65.496 0 4006070 4006070 40200.0 40210.0 C C N
40 6 8 FOe 334.88 1063.39 1 6 418.6 1015.1 418.6 1111.7 334.9 1160.1 251.2 1111.7 251.2 1015.1 334.9 966.7 418.6 1015.1 1 0 0.65 2.0 0.248 1.0 0.248 1.0 3 1 False 3 3.6 0 72.52 0 4006080 4006080 40200.0 40210.0 C C N
40 6 9 cOe 251.16 1208.4 1 3 334.9 1160.1 167.4 1160.1 251.2 1111.7 334.9 1160.1 0.0 0.0 0.0 0.0 0.0 0.0 1 0 0.64 0.0 0.0 0.0 0.0 0.0 3 1 False 3 3.6 0 78.259 0 4006090 4006090 40200.0 40210.0 C C N
40 7 1 FOe 1088.37 48.34 0 6 1172.1 -0.0 1172.1 96.7 1088.4 145.0 1004.6 96.7 1004.6 -0.0 1088.4 -48.3 1172.1 -0.0 0 0 0.645 2.0 0.224 1.0 0.224 1.0 10 1 False 3 3.6 0 2.543 0 4007010 4007010 40000.0 40010.0 C C N
40 7 2 FO 1004.64 193.34 0 6 1088.4 145.0 1088.4 241.7 1004.6 290.0 920.9 241.7 920.9 145.0 1004.6 96.7 1088.4 145.0 0 0 0.649 2.0 0.225 1.0 0.225 1.0 9 1 False 3 3.6 0 10.893 0 4007020 4007020 40000.0 40010.0 C C N
40 7 3 FO 920.92 338.35 0 6 1004.6 290.0 1004.6 386.7 920.9 435.0 837.2 386.7 837.2 290.0 920.9 241.7 1004.6 290.0 0 0 0.652 2.0 0.232 1.0 0.232 1.0 8 1 False 3 3.6 0 20.174 0 4007030 4007030 40000.0 40010.0 C C E
40 7 4 FO 837.2 483.36 4 6 920.9 435.0 920.9 531.7 837.2 580.0 753.5 531.7 753.5 435.0 837.2 386.7 920.9 435.0 0 0 0.654 2.0 0.229 1.0 0.229 1.0 8 0 False 3 3.6 0 30.0 0 4007040 4007040 40000.0 40010.0 C C N
40 7 5 FO 753.48 628.37 4 6 837.2 580.0 837.2 676.7 753.5 725.0 669.8 676.7 669.8 580.0 753.5 531.7 837.2 580.0 0 1 0.652 2.0 0.229 1.0 0.23 1.0 7 0 True 3 3.6 0 39.827 0 4007050 4007050 40100.0 40110.0 C C W
40 7 6 FO 669.76 773.38 4 6 753.5 725.0 753.5 821.7 669.8 870.0 586.0 821.7 586.0 725.0 669.8 676.7 753.5 725.0 0 1 0.653 2.0 0.227 1.0 0.227 1.0 6 0 False 3 3.6 0 49.107 0 4007060 4007060 40100.0 40110.0 C C N
40 7 7 FOe 586.04 918.38 4 6 669.8 870.0 669.8 966.7 586.0 1015.1 502.3 966.7 502.3 870.0 586.0 821.7 669.8 870.0 0 1 0.649 2.0 0.225 1.0 0.225 1.0 5 0 False 3 3.6 0 57.457 0 4007070 4007070 40100.0 40110.0 C C N
40 7 8 aOe 502.32 1063.39 1 4 586.0 1015.1 418.6 1111.7 418.6 1015.1 502.3 966.7 586.0 1015.1 0.0 0.0 0.0 0.0 1 0 0.642 1.0 0.144 1.0 0.144 1.0 4 1 False 3 3.6 0 64.715 0 4007080 4007080 40200.0 40210.0 C C N
40 8 2 aOe 1172.09 193.34 0 4 1172.1 96.7 1172.1 290.0 1088.4 241.7 1088.4 145.0 1172.1 96.7 0.0 0.0 0.0 0.0 0 0 0.642 1.0 0.144 1.0 0.144 1.0 9 1 False 3 3.6 0 9.367 0 4008020 4008020 40000.0 40010.0 C C N
40 8 3 bOe 1088.37 338.35 1 5 1172.1 290.0 1088.4 435.0 1004.6 386.7 1004.6 290.0 1088.4 241.7 1172.1 290.0 0.0 0.0 0 0 0.646 1.0 0.192 1.0 0.192 1.0 8 1 False 3 3.6 0 17.269 0 4008030 4008030 40000.0 40010.0 C C N
40 8 4 bOe 1004.64 483.36 1 5 1088.4 435.0 1004.6 580.0 920.9 531.7 920.9 435.0 1004.6 386.7 1088.4 435.0 0.0 0.0 0 0 0.645 1.0 0.192 1.0 0.192 1.0 8 1 False 3 3.6 0 25.693 0 4008040 4008040 40000.0 40010.0 C C N
40 8 5 bOe 920.92 628.37 1 5 1004.6 580.0 920.9 725.0 837.2 676.7 837.2 580.0 920.9 531.7 1004.6 580.0 0.0 0.0 0 1 0.646 1.0 0.192 1.0 0.192 1.0 7 0 False 3 3.6 0 34.307 0 4008050 4008050 40100.0 40110.0 C C N
40 8 6 bOe 837.2 773.38 1 5 920.9 725.0 837.2 870.0 753.5 821.7 753.5 725.0 837.2 676.7 920.9 725.0 0.0 0.0 0 1 0.647 1.0 0.192 1.0 0.192 1.0 7 0 False 3 3.6 0 42.731 0 4008060 4008060 40100.0 40110.0 C C N
40 8 7 aOe 753.48 918.38 1 4 837.2 870.0 669.8 966.7 669.8 870.0 753.5 821.7 837.2 870.0 0.0 0.0 0.0 0.0 0 1 0.643 1.0 0.144 1.0 0.144 1.0 6 0 False 3 3.6 0 50.633 0 4008070 4008070 40100.0 40110.0 C C N
41 0 3 FMe -251.16 531.7 5 6 -251.2 435.0 -167.4 483.4 -167.4 580.0 -251.2 628.4 -334.9 580.0 -334.9 483.4 -251.2 435.0 1 1 0.705 2.0 0.383 1.0 0.388 1.0 0 1 False 3 3.6 0 115.285 0 4100030 4100030 41300.0 41310.0 C C N
41 0 4 FO -334.88 676.7 5 6 -334.9 580.0 -251.2 628.4 -251.2 725.0 -334.9 773.4 -418.6 725.0 -418.6 628.4 -334.9 580.0 1 1 0.659 2.0 0.248 1.0 0.25 1.0 0 1 False 3 3.6 0 116.33 0 4100040 4100040 41300.0 41310.0 C C E
41 0 5 FO -418.6 821.71 5 6 -418.6 725.0 -334.9 773.4 -334.9 870.0 -418.6 918.4 -502.3 870.0 -502.3 773.4 -418.6 725.0 1 1 0.651 2.0 0.23 1.0 0.23 1.0 0 0 True 3 3.6 0 116.995 0 4100050 4100050 41300.0 41310.0 C C W
41 0 6 FOe -502.32 966.72 5 6 -502.3 870.0 -418.6 918.4 -418.6 1015.1 -502.3 1063.4 -586.0 1015.1 -586.0 918.4 -502.3 870.0 1 1 0.647 2.0 0.223 1.0 0.223 1.0 0 0 False 3 3.6 0 117.457 0 4100060 4100060 41300.0 41310.0 C C N
41 1 3 bMe -83.72 531.7 5 5 -167.4 483.4 0.0 483.4 0.0 580.0 -83.7 628.4 -167.4 580.0 -167.4 483.4 0.0 0.0 1 1 0.719 1.0 0.257 1.0 0.257 1.0 1 1 False 3 3.6 0 98.948 0 4101030 4101030 41300.0 41310.0 C C E
41 1 4 FO -167.44 676.7 5 6 -167.4 580.0 -83.7 628.4 -83.7 725.0 -167.4 773.4 -251.2 725.0 -251.2 628.4 -167.4 580.0 1 1 0.68 2.0 0.266 1.0 0.268 1.0 1 1 False 3 3.6 0 103.898 0 4101040 4101040 41300.0 41310.0 C C N
41 1 5 FO -251.16 821.71 5 6 -251.2 725.0 -167.4 773.4 -167.4 870.0 -251.2 918.4 -334.9 870.0 -334.9 773.4 -251.2 725.0 1 1 0.658 2.0 0.235 1.0 0.235 1.0 1 0 True 3 3.6 0 106.996 0 4101050 4101050 41300.0 41310.0 C C W
41 1 6 FO -334.88 966.72 5 6 -334.9 870.0 -251.2 918.4 -251.2 1015.1 -334.9 1063.4 -418.6 1015.1 -418.6 918.4 -334.9 870.0 1 1 0.655 2.0 0.224 1.0 0.224 1.0 1 0 False 3 3.6 0 109.107 0 4101060 4101060 41300.0 41310.0 C C N
41 1 7 aOe -418.6 1111.73 2 4 -334.9 1160.1 -502.3 1063.4 -418.6 1015.1 -334.9 1063.4 -334.9 1160.1 0.0 0.0 0.0 0.0 1 1 0.643 1.0 0.144 1.0 0.144 1.0 1 0 False 3 3.6 0 110.633 0 4101070 4101070 41300.0 41310.0 C C N
41 2 3 bMe 83.72 531.7 5 5 -0.0 483.4 167.4 483.4 167.4 580.0 83.7 628.4 -0.0 580.0 -0.0 483.4 0.0 0.0 1 0 0.709 1.0 0.254 1.0 0.254 1.0 4 0 False 3 3.6 0 81.052 0 4102030 4102030 41200.0 41210.0 C C N
41 2 4 FO 0.0 676.7 1 6 0.0 580.0 83.7 628.4 83.7 725.0 0.0 773.4 -83.7 725.0 -83.7 628.4 0.0 580.0 1 0 0.679 2.0 0.274 1.0 0.277 1.0 3 0 False 3 3.6 0 90.0 0 4102040 4102040 41200.0 41210.0 C C N
41 2 5 FO -83.72 821.71 5 6 -83.7 725.0 0.0 773.4 0.0 870.0 -83.7 918.4 -167.4 870.0 -167.4 773.4 -83.7 725.0 1 1 0.658 2.0 0.238 1.0 0.239 1.0 2 1 False 3 3.6 0 95.818 0 4102050 4102050 41300.0 41310.0 C C E
41 2 6 FO -167.44 966.72 5 6 -167.4 870.0 -83.7 918.4 -83.7 1015.1 -167.4 1063.4 -251.2 1015.1 -251.2 918.4 -167.4 870.0 1 1 0.65 2.0 0.227 1.0 0.228 1.0 2 0 True 3 3.6 0 99.826 0 4102060 4102060 41300.0 41310.0 C C W
41 2 7 bOe -251.16 1111.73 2 5 -167.4 1160.1 -334.9 1160.1 -334.9 1063.4 -251.2 1015.1 -167.4 1063.4 -167.4 1160.1 0.0 0.0 1 1 0.644 1.0 0.192 1.0 0.192 1.0 2 0 False 3 3.6 0 102.73 0 4102070 4102070 41300.0 41310.0 C C N
41 3 0 aMe 502.32 96.67 3 4 502.3 193.3 502.3 0.0 586.0 48.3 586.0 145.0 502.3 193.3 0.0 0.0 0.0 0.0 0 0 0.68 1.0 0.188 1.0 0.188 1.0 10 0 False 3 3.6 0 10.893 0 4103000 4103000 41000.0 41010.0 C C N
41 3 2 aMe 334.88 386.69 4 4 251.2 435.0 418.6 338.4 418.6 435.0 334.9 483.4 251.2 435.0 0.0 0.0 0.0 0.0 0 1 0.684 1.0 0.187 1.0 0.187 1.0 6 1 False 3 3.6 0 49.107 0 4103020 4103020 41100.0 41110.0 B B N
41 3 3 FMe 251.16 531.7 1 6 251.2 435.0 334.9 483.4 334.9 580.0 251.2 628.4 167.4 580.0 167.4 483.4 251.2 435.0 1 0 0.703 2.0 0.388 1.0 0.394 1.0 5 0 False 3 3.6 0 64.715 0 4103030 4103030 41200.0 41210.0 C C N
41 3 4 FO 167.44 676.7 1 6 167.4 580.0 251.2 628.4 251.2 725.0 167.4 773.4 83.7 725.0 83.7 628.4 167.4 580.0 1 0 0.672 2.0 0.266 1.0 0.268 1.0 4 0 True 3 3.6 0 76.102 0 4103040 4103040 41200.0 41210.0 C C W
41 3 5 FO 83.72 821.71 1 6 83.7 725.0 167.4 773.4 167.4 870.0 83.7 918.4 0.0 870.0 0.0 773.4 83.7 725.0 1 0 0.656 2.0 0.238 1.0 0.239 1.0 3 0 True 3 3.6 0 84.182 0 4103050 4103050 41200.0 41210.0 C C W
41 3 6 FO 0.0 966.72 5 6 0.0 870.0 83.7 918.4 83.7 1015.1 0.0 1063.4 -83.7 1015.1 -83.7 918.4 0.0 870.0 1 0 0.65 2.0 0.227 1.0 0.228 1.0 3 0 False 3 3.6 0 90.0 0 4103060 4103060 41200.0 41210.0 C C N
41 3 7 bOe -83.72 1111.73 2 5 0.0 1160.1 -167.4 1160.1 -167.4 1063.4 -83.7 1015.1 -0.0 1063.4 0.0 1160.1 0.0 0.0 1 1 0.645 1.0 0.192 1.0 0.192 1.0 2 0 False 3 3.6 0 94.307 0 4103070 4103070 41300.0 41310.0 C C N
41 4 0 FO 669.76 96.67 0 6 669.8 0.0 753.5 48.3 753.5 145.0 669.8 193.3 586.0 145.0 586.0 48.3 669.8 0.0 0 0 0.677 2.0 0.276 1.0 0.279 1.0 10 0 True 3 3.6 0 8.213 0 4104000 4104000 41000.0 41010.0 C C W
41 4 1 FOe 586.04 241.68 0 6 586.0 145.0 669.8 193.3 669.8 290.0 586.0 338.4 502.3 290.0 502.3 193.3 586.0 145.0 0 0 0.685 2.0 0.305 1.0 0.31 1.0 9 0 False 3 3.6 0 22.411 0 4104010 4104010 41000.0 41010.0 C C N
41 4 2 FOe 502.32 386.69 4 6 502.3 290.0 586.0 338.4 586.0 435.0 502.3 483.4 418.6 435.0 418.6 338.4 502.3 290.0 0 1 0.695 2.0 0.306 1.0 0.311 1.0 7 1 False 3 3.6 0 37.589 0 4104020 4104020 41100.0 41110.0 B B N
41 4 3 FO 418.6 531.7 4 6 418.6 435.0 502.3 483.4 502.3 580.0 418.6 628.4 334.9 580.0 334.9 483.4 418.6 435.0 0 1 0.672 2.0 0.276 1.0 0.279 1.0 6 1 False 3 3.6 0 51.787 0 4104030 4104030 41100.0 41110.0 B B E
41 4 4 FO 334.88 676.7 1 6 334.9 580.0 418.6 628.4 418.6 725.0 334.9 773.4 251.2 725.0 251.2 628.4 334.9 580.0 1 0 0.666 2.0 0.25 1.0 0.251 1.0 5 0 True 3 3.6 0 63.67 0 4104040 4104040 41200.0 41210.0 C C W
41 4 5 FO 251.16 821.71 1 6 251.2 725.0 334.9 773.4 334.9 870.0 251.2 918.4 167.4 870.0 167.4 773.4 251.2 725.0 1 0 0.654 2.0 0.235 1.0 0.236 1.0 4 1 False 3 3.6 0 73.004 0 4104050 4104050 41200.0 41210.0 C C E
41 4 6 FO 167.44 966.72 1 6 167.4 870.0 251.2 918.4 251.2 1015.1 167.4 1063.4 83.7 1015.1 83.7 918.4 167.4 870.0 1 0 0.645 2.0 0.225 1.0 0.225 1.0 3 1 False 3 3.6 0 80.174 0 4104060 4104060 41200.0 41210.0 C C E
41 4 7 bOe 83.72 1111.73 2 5 167.4 1160.1 0.0 1160.1 -0.0 1063.4 83.7 1015.1 167.4 1063.4 167.4 1160.1 0.0 0.0 1 0 0.647 1.0 0.192 1.0 0.192 1.0 3 1 False 3 3.6 0 85.693 0 4104070 4104070 41200.0 41210.0 C C N
41 5 0 FO 837.2 96.67 0 6 837.2 0.0 920.9 48.3 920.9 145.0 837.2 193.3 753.5 145.0 753.5 48.3 837.2 0.0 0 0 0.658 2.0 0.236 1.0 0.237 1.0 10 1 False 3 3.6 0 6.587 0 4105000 4105000 41000.0 41010.0 C C E
41 5 1 FO 753.48 241.68 0 6 753.5 145.0 837.2 193.3 837.2 290.0 753.5 338.4 669.8 290.0 669.8 193.3 753.5 145.0 0 0 0.658 2.0 0.242 1.0 0.244 1.0 9 0 True 3 3.6 0 17.784 0 4105010 4105010 41000.0 41010.0 C C W
41 5 2 FO 669.76 386.69 0 6 669.8 290.0 753.5 338.4 753.5 435.0 669.8 483.4 586.0 435.0 586.0 338.4 669.8 290.0 0 0 0.661 2.0 0.243 1.0 0.244 1.0 8 0 True 3 3.6 0 30.0 0 4105020 4105020 41000.0 41010.0 C C W
41 5 3 FO 586.04 531.7 4 6 586.0 435.0 669.8 483.4 669.8 580.0 586.0 628.4 502.3 580.0 502.3 483.4 586.0 435.0 0 1 0.662 2.0 0.244 1.0 0.245 1.0 7 1 False 3 3.6 0 42.217 0 4105030 4105030 41100.0 41110.0 B B E
41 5 4 FO 502.32 676.7 4 6 502.3 580.0 586.0 628.4 586.0 725.0 502.3 773.4 418.6 725.0 418.6 628.4 502.3 580.0 0 1 0.655 2.0 0.235 1.0 0.236 1.0 6 0 True 3 3.6 0 53.413 0 4105040 4105040 41100.0 41110.0 B B W
41 5 5 FO 418.6 821.71 1 6 418.6 725.0 502.3 773.4 502.3 870.0 418.6 918.4 334.9 870.0 334.9 773.4 418.6 725.0 1 0 0.646 2.0 0.23 1.0 0.23 1.0 5 1 False 3 3.6 0 63.005 0 4105050 4105050 41200.0 41210.0 C C E
41 5 6 FO 334.88 966.72 1 6 334.9 870.0 418.6 918.4 418.6 1015.1 334.9 1063.4 251.2 1015.1 251.2 918.4 334.9 870.0 1 0 0.648 2.0 0.225 1.0 0.225 1.0 4 1 False 3 3.6 0 70.893 0 4105060 4105060 41200.0 41210.0 C C N
41 5 7 bOe 251.16 1111.73 2 5 334.9 1160.1 167.4 1160.1 167.4 1063.4 251.2 1015.1 334.9 1063.4 334.9 1160.1 0.0 0.0 1 0 0.644 1.0 0.192 1.0 0.192 1.0 3 1 False 3 3.6 0 77.27 0 4105070 4105070 41200.0 41210.0 C C N
41 6 0 FO 1004.64 96.67 0 6 1004.6 0.0 1088.4 48.3 1088.4 145.0 1004.6 193.3 920.9 145.0 920.9 48.3 1004.6 0.0 0 0 0.65 2.0 0.226 1.0 0.226 1.0 10 1 False 3 3.6 0 5.496 0 4106000 4106000 41000.0 41010.0 C C N
41 6 1 FO 920.92 241.68 0 6 920.9 145.0 1004.6 193.3 1004.6 290.0 920.9 338.4 837.2 290.0 837.2 193.3 920.9 145.0 0 0 0.65 2.0 0.229 1.0 0.229 1.0 9 1 False 3 3.6 0 14.705 0 4106010 4106010 41000.0 41010.0 C C E
41 6 2 FO 837.2 386.69 0 6 837.2 290.0 920.9 338.4 920.9 435.0 837.2 483.4 753.5 435.0 753.5 338.4 837.2 290.0 0 0 0.653 2.0 0.23 1.0 0.23 1.0 8 1 False 3 3.6 0 24.791 0 4106020 4106020 41000.0 41010.0 C C E
41 6 3 FO 753.48 531.7 0 6 753.5 435.0 837.2 483.4 837.2 580.0 753.5 628.4 669.8 580.0 669.8 483.4 753.5 435.0 0 1 0.647 2.0 0.229 1.0 0.23 1.0 7 1 False 3 3.6 0 35.209 0 4106030 4106030 41100.0 41110.0 B B N
41 6 4 FO 669.76 676.7 4 6 669.8 580.0 753.5 628.4 753.5 725.0 669.8 773.4 586.0 725.0 586.0 628.4 669.8 580.0 0 1 0.652 2.0 0.228 1.0 0.228 1.0 7 0 True 3 3.6 0 45.295 0 4106040 4106040 41100.0 41110.0 B B W
41 6 5 FO 586.04 821.71 4 6 586.0 725.0 669.8 773.4 669.8 870.0 586.0 918.4 502.3 870.0 502.3 773.4 586.0 725.0 0 1 0.646 2.0 0.226 1.0 0.226 1.0 6 0 False 3 3.6 0 54.504 0 4106050 4106050 41100.0 41110.0 B B N
41 6 6 FOe 502.32 966.72 1 6 502.3 870.0 586.0 918.4 586.0 1015.1 502.3 1063.4 418.6 1015.1 418.6 918.4 502.3 870.0 1 0 0.646 2.0 0.223 1.0 0.223 1.0 5 1 False 3 3.6 0 62.543 0 4106060 4106060 41200.0 41210.0 C C N
41 6 7 aOe 418.6 1111.73 1 4 502.3 1063.4 334.9 1160.1 334.9 1063.4 418.6 1015.1 502.3 1063.4 0.0 0.0 0.0 0.0 1 0 0.642 1.0 0.144 1.0 0.144 1.0 4 1 False 3 3.6 0 69.367 0 4106070 4106070 41200.0 41210.0 C C N
41 7 0 aOe 1172.09 96.67 0 4 1172.1 0.0 1172.1 193.3 1088.4 145.0 1088.4 48.3 1172.1 0.0 0.0 0.0 0.0 0.0 0 0 0.642 1.0 0.144 1.0 0.144 1.0 10 1 False 3 3.6 0 4.715 0 4107000 4107000 41000.0 41010.0 C C N
41 7 1 FOe 1088.37 241.68 0 6 1088.4 145.0 1172.1 193.3 1172.1 290.0 1088.4 338.4 1004.6 290.0 1004.6 193.3 1088.4 145.0 0 0 0.644 2.0 0.222 1.0 0.222 1.0 9 1 False 3 3.6 0 12.52 0 4107010 4107010 41000.0 41010.0 C C N
41 7 2 FO 1004.64 386.69 0 6 1004.6 290.0 1088.4 338.4 1088.4 435.0 1004.6 483.4 920.9 435.0 920.9 338.4 1004.6 290.0 0 0 0.646 2.0 0.248 1.0 0.248 1.0 8 1 False 3 3.6 0 21.052 0 4107020 4107020 41000.0 41010.0 C C N
41 7 3 FO 920.92 531.7 4 6 920.9 435.0 1004.6 483.4 1004.6 580.0 920.9 628.4 837.2 580.0 837.2 483.4 920.9 435.0 0 0 0.647 2.0 0.25 1.0 0.25 1.0 8 1 False 3 3.6 0 30.0 0 4107030 4107030 41000.0 41010.0 C C N
41 7 4 FO 837.2 676.7 0 6 837.2 580.0 920.9 628.4 920.9 725.0 837.2 773.4 753.5 725.0 753.5 628.4 837.2 580.0 0 1 0.648 2.0 0.248 1.0 0.248 1.0 7 0 False 3 3.6 0 38.948 0 4107040 4107040 41100.0 41110.0 B B N
41 7 5 FOe 753.48 821.71 4 6 753.5 725.0 837.2 773.4 837.2 870.0 753.5 918.4 669.8 870.0 669.8 773.4 753.5 725.0 0 1 0.646 2.0 0.248 1.0 0.248 1.0 7 0 False 3 3.6 0 47.48 0 4107050 4107050 41100.0 41110.0 B B N
41 7 6 aOe 669.76 966.72 1 4 753.5 918.4 586.0 1015.1 586.0 918.4 669.8 870.0 753.5 918.4 0.0 0.0 0.0 0.0 0 1 0.643 1.0 0.144 1.0 0.144 1.0 6 0 False 3 3.6 0 55.285 0 4107060 4107060 41100.0 41110.0 B B N
41 8 2 cOe 1172.09 386.69 0 3 1172.1 290.0 1088.4 435.0 1088.4 338.4 1172.1 290.0 0.0 0.0 0.0 0.0 0.0 0.0 0 0 0.641 0.0 0.0 0.0 0.0 0.0 9 1 False 3 3.6 0 18.258 0 4108020 4108020 41000.0 41010.0 C C N
41 8 3 cOe 1088.37 531.7 0 3 1088.4 435.0 1004.6 580.0 1004.6 483.4 1088.4 435.0 0.0 0.0 0.0 0.0 0.0 0.0 0 0 0.641 0.0 0.0 0.0 0.0 0.0 8 1 False 3 3.6 0 26.037 0 4108030 4108030 41000.0 41010.0 C C N
41 8 4 cOe 1004.64 676.7 0 3 1004.6 580.0 920.9 725.0 920.9 628.4 1004.6 580.0 0.0 0.0 0.0 0.0 0.0 0.0 0 1 0.64 0.0 0.0 0.0 0.0 0.0 7 0 False 3 3.6 0 33.963 0 4108040 4108040 41100.0 41110.0 B B N
41 8 5 cOe 920.92 821.71 0 3 920.9 725.0 837.2 870.0 837.2 773.4 920.9 725.0 0.0 0.0 0.0 0.0 0.0 0.0 0 1 0.641 0.0 0.0 0.0 0.0 0.0 7 0 False 3 3.6 0 41.742 0 4108050 4108050 41100.0 41110.0 B B N
42 1 4 aOe -167.44 483.36 5 4 -251.2 435.0 -83.7 531.7 -167.4 580.0 -251.2 531.7 -251.2 435.0 0.0 0.0 0.0 0.0 1 1 0.688 1.0 0.171 1.0 0.171 1.0 0 1 False 3 3.6 0 109.107 0 4201040 4201040 42300.0 42310.0 B B N
42 1 5 FO -251.16 628.37 5 6 -167.4 580.0 -167.4 676.7 -251.2 725.0 -334.9 676.7 -334.9 580.0 -251.2 531.7 -167.4 580.0 1 1 0.672 2.0 0.27 1.0 0.273 1.0 0 1 False 3 3.6 0 111.787 0 4201050 4201050 42300.0 42310.0 B B E
42 1 6 FO -334.88 773.38 5 6 -251.2 725.0 -251.2 821.7 -334.9 870.0 -418.6 821.7 -418.6 725.0 -334.9 676.7 -251.2 725.0 1 1 0.658 2.0 0.233 1.0 0.233 1.0 0 0 True 3 3.6 0 113.413 0 4201060 4201060 42300.0 42310.0 B B W
42 1 7 FO -418.6 918.38 5 6 -334.9 870.0 -334.9 966.7 -418.6 1015.1 -502.3 966.7 -502.3 870.0 -418.6 821.7 -334.9 870.0 1 1 0.647 2.0 0.222 1.0 0.222 1.0 0 0 False 3 3.6 0 114.504 0 4201070 4201070 42300.0 42310.0 B B N
42 1 8 aOe -502.32 1063.39 2 4 -418.6 1111.7 -586.0 1015.1 -502.3 966.7 -418.6 1015.1 -418.6 1111.7 0.0 0.0 0.0 0.0 1 1 0.642 1.0 0.144 1.0 0.144 1.0 0 0 False 3 3.6 0 115.285 0 4201080 4201080 42300.0 42310.0 B B N
42 2 5 FOe -83.72 628.37 5 6 0.0 580.0 0.0 676.7 -83.7 725.0 -167.4 676.7 -167.4 580.0 -83.7 531.7 0.0 580.0 1 1 0.693 2.0 0.301 1.0 0.306 1.0 1 1 False 3 3.6 0 97.589 0 4202050 4202050 42300.0 42310.0 B B N
42 2 6 FO -167.44 773.38 5 6 -83.7 725.0 -83.7 821.7 -167.4 870.0 -251.2 821.7 -251.2 725.0 -167.4 676.7 -83.7 725.0 1 1 0.658 2.0 0.236 1.0 0.237 1.0 1 1 False 3 3.6 0 102.216 0 4202060 4202060 42300.0 42310.0 B B E
42 2 7 FO -251.16 918.38 5 6 -167.4 870.0 -167.4 966.7 -251.2 1015.1 -334.9 966.7 -334.9 870.0 -251.2 821.7 -167.4 870.0 1 1 0.649 2.0 0.225 1.0 0.226 1.0 1 0 True 3 3.6 0 105.295 0 4202070 4202070 42300.0 42310.0 B B W
42 2 8 FOe -334.88 1063.39 5 6 -251.2 1015.1 -251.2 1111.7 -334.9 1160.1 -418.6 1111.7 -418.6 1015.1 -334.9 966.7 -251.2 1015.1 1 1 0.647 2.0 0.221 1.0 0.221 1.0 1 0 False 3 3.6 0 107.48 0 4202080 4202080 42300.0 42310.0 B B N
42 3 4 aOe 167.44 483.36 4 4 83.7 531.7 251.2 435.0 251.2 531.7 167.4 580.0 83.7 531.7 0.0 0.0 0.0 0.0 1 0 0.689 1.0 0.17 1.0 0.17 1.0 4 0 False 3 3.6 0 70.893 0 4203040 4203040 42200.0 42210.0 C C N
42 3 5 FOe 83.72 628.37 1 6 167.4 580.0 167.4 676.7 83.7 725.0 0.0 676.7 0.0 580.0 83.7 531.7 167.4 580.0 1 0 0.684 2.0 0.297 1.0 0.301 1.0 3 0 False 3 3.6 0 82.411 0 4203050 4203050 42200.0 42210.0 C C N
42 3 6 FO 0.0 773.38 1 6 83.7 725.0 83.7 821.7 0.0 870.0 -83.7 821.7 -83.7 725.0 0.0 676.7 83.7 725.0 1 0 0.653 2.0 0.241 1.0 0.242 1.0 2 0 True 3 3.6 0 90.0 0 4203060 4203060 42200.0 42210.0 C C W
42 3 7 FO -83.72 918.38 1 6 0.0 870.0 0.0 966.7 -83.7 1015.1 -167.4 966.7 -167.4 870.0 -83.7 821.7 0.0 870.0 1 1 0.647 2.0 0.227 1.0 0.228 1.0 1 1 False 3 3.6 0 95.209 0 4203070 4203070 42300.0 42310.0 B B N
42 3 8 FO -167.44 1063.39 1 6 -83.7 1015.1 -83.7 1111.7 -167.4 1160.1 -251.2 1111.7 -251.2 1015.1 -167.4 966.7 -83.7 1015.1 1 1 0.649 2.0 0.245 1.0 0.245 1.0 1 0 False 3 3.6 0 98.948 0 4203080 4203080 42300.0 42310.0 B B N
42 3 9 cOe -251.16 1208.4 1 3 -167.4 1160.1 -334.9 1160.1 -251.2 1111.7 -167.4 1160.1 0.0 0.0 0.0 0.0 0.0 0.0 1 1 0.64 0.0 0.0 0.0 0.0 0.0 1 0 False 3 3.6 0 101.741 0 4203090 4203090 42300.0 42310.0 B B N
42 4 1 FOe 586.04 48.34 0 6 669.8 -0.0 669.8 96.7 586.0 145.0 502.3 96.7 502.3 -0.0 586.0 -48.3 669.8 -0.0 0 0 0.711 2.0 0.367 1.0 0.375 1.0 10 0 False 3 3.6 0 4.715 0 4204010 4204010 42000.0 42010.0 C C N
42 4 2 bMe 502.32 193.34 4 5 418.6 241.7 502.3 96.7 586.0 145.0 586.0 241.7 502.3 290.0 418.6 241.7 0.0 0.0 0 0 0.712 1.0 0.25 1.0 0.25 1.0 9 0 False 3 3.6 0 21.051 0 4204020 4204020 42000.0 42010.0 C C N
42 4 3 bMe 418.6 338.35 4 5 334.9 386.7 418.6 241.7 502.3 290.0 502.3 386.7 418.6 435.0 334.9 386.7 0.0 0.0 0 1 0.698 1.0 0.248 1.0 0.248 1.0 6 1 False 3 3.6 0 38.948 0 4204030 4204030 42100.0 42110.0 C C E
42 4 4 FOe 334.88 483.36 4 6 418.6 435.0 418.6 531.7 334.9 580.0 251.2 531.7 251.2 435.0 334.9 386.7 418.6 435.0 0 1 0.705 2.0 0.371 1.0 0.379 1.0 5 1 False 3 3.6 0 55.285 0 4204040 4204040 42100.0 42110.0 C C N
42 4 5 FO 251.16 628.37 1 6 334.9 580.0 334.9 676.7 251.2 725.0 167.4 676.7 167.4 580.0 251.2 531.7 334.9 580.0 1 0 0.673 2.0 0.27 1.0 0.272 1.0 4 0 True 3 3.6 0 68.213 0 4204050 4204050 42200.0 42210.0 C C W
42 4 6 FO 167.44 773.38 1 6 251.2 725.0 251.2 821.7 167.4 870.0 83.7 821.7 83.7 725.0 167.4 676.7 251.2 725.0 1 0 0.653 2.0 0.238 1.0 0.238 1.0 3 0 True 3 3.6 0 77.784 0 4204060 4204060 42200.0 42210.0 C C W
42 4 7 FO 83.72 918.38 1 6 167.4 870.0 167.4 966.7 83.7 1015.1 0.0 966.7 0.0 870.0 83.7 821.7 167.4 870.0 1 0 0.651 2.0 0.228 1.0 0.228 1.0 2 1 False 3 3.6 0 84.791 0 4204070 4204070 42200.0 42210.0 C C E
42 4 8 FO 0.0 1063.39 5 6 83.7 1015.1 83.7 1111.7 0.0 1160.1 -83.7 1111.7 -83.7 1015.1 0.0 966.7 83.7 1015.1 1 0 0.646 2.0 0.247 1.0 0.247 1.0 2 1 False 3 3.6 0 90.0 0 4204080 4204080 42200.0 42210.0 C C N
42 4 9 cOe -83.72 1208.4 1 3 0.0 1160.1 -167.4 1160.1 -83.7 1111.7 0.0 1160.1 0.0 0.0 0.0 0.0 0.0 0.0 1 1 0.641 0.0 0.0 0.0 0.0 0.0 1 0 False 3 3.6 0 93.963 0 4204090 4204090 42300.0 42310.0 B B N
42 5 1 FO 753.48 48.34 0 6 837.2 -0.0 837.2 96.7 753.5 145.0 669.8 96.7 669.8 -0.0 753.5 -48.3 837.2 -0.0 0 0 0.655 2.0 0.246 1.0 0.247 1.0 10 0 True 3 3.6 0 3.671 0 4205010 4205010 42000.0 42010.0 C C W
42 5 2 FO 669.76 193.34 0 6 753.5 145.0 753.5 241.7 669.8 290.0 586.0 241.7 586.0 145.0 669.8 96.7 753.5 145.0 0 0 0.669 2.0 0.261 1.0 0.262 1.0 9 0 True 3 3.6 0 16.102 0 4205020 4205020 42000.0 42010.0 C C W
42 5 3 FO 586.04 338.35 0 6 669.8 290.0 669.8 386.7 586.0 435.0 502.3 386.7 502.3 290.0 586.0 241.7 669.8 290.0 0 0 0.674 2.0 0.268 1.0 0.271 1.0 8 0 False 3 3.6 0 30.0 0 4205030 4205030 42000.0 42010.0 C C N
42 5 4 FO 502.32 483.36 4 6 586.0 435.0 586.0 531.7 502.3 580.0 418.6 531.7 418.6 435.0 502.3 386.7 586.0 435.0 0 1 0.667 2.0 0.258 1.0 0.26 1.0 6 1 False 3 3.6 0 43.898 0 4205040 4205040 42100.0 42110.0 C C N
42 5 5 FO 418.6 628.37 4 6 502.3 580.0 502.3 676.7 418.6 725.0 334.9 676.7 334.9 580.0 418.6 531.7 502.3 580.0 0 1 0.661 2.0 0.243 1.0 0.243 1.0 5 1 False 3 3.6 0 56.33 0 4205050 4205050 42100.0 42110.0 C C E
42 5 6 FO 334.88 773.38 1 6 418.6 725.0 418.6 821.7 334.9 870.0 251.2 821.7 251.2 725.0 334.9 676.7 418.6 725.0 1 0 0.649 2.0 0.234 1.0 0.234 1.0 4 1 False 3 3.6 0 66.587 0 4205060 4205060 42200.0 42210.0 C C E
42 5 7 FO 251.16 918.38 1 6 334.9 870.0 334.9 966.7 251.2 1015.1 167.4 966.7 167.4 870.0 251.2 821.7 334.9 870.0 1 0 0.649 2.0 0.226 1.0 0.226 1.0 3 1 False 3 3.6 0 74.705 0 4205070 4205070 42200.0 42210.0 C C E
42 5 8 FO 167.44 1063.39 1 6 251.2 1015.1 251.2 1111.7 167.4 1160.1 83.7 1111.7 83.7 1015.1 167.4 966.7 251.2 1015.1 1 0 0.643 2.0 0.246 1.0 0.246 1.0 2 1 False 3 3.6 0 81.052 0 4205080 4205080 42200.0 42210.0 C C N
42 5 9 cOe 83.72 1208.4 1 3 167.4 1160.1 0.0 1160.1 83.7 1111.7 167.4 1160.1 0.0 0.0 0.0 0.0 0.0 0.0 1 0 0.641 0.0 0.0 0.0 0.0 0.0 2 1 False 3 3.6 0 86.037 0 4205090 4205090 42200.0 42210.0 C C N
42 6 1 FO 920.92 48.34 0 6 1004.6 -0.0 1004.6 96.7 920.9 145.0 837.2 96.7 837.2 -0.0 920.9 -48.3 1004.6 -0.0 0 0 0.651 2.0 0.228 1.0 0.228 1.0 10 1 False 3 3.6 0 3.005 0 4206010 4206010 42000.0 42010.0 C C E
42 6 2 FO 837.2 193.34 0 6 920.9 145.0 920.9 241.7 837.2 290.0 753.5 241.7 753.5 145.0 837.2 96.7 920.9 145.0 0 0 0.652 2.0 0.231 1.0 0.231 1.0 9 1 False 3 3.6 0 13.004 0 4206020 4206020 42000.0 42010.0 C C E
42 6 3 FO 753.48 338.35 0 6 837.2 290.0 837.2 386.7 753.5 435.0 669.8 386.7 669.8 290.0 753.5 241.7 837.2 290.0 0 0 0.654 2.0 0.233 1.0 0.233 1.0 8 0 True 3 3.6 0 24.182 0 4206030 4206030 42000.0 42010.0 C C W
42 6 4 FO 669.76 483.36 4 6 753.5 435.0 753.5 531.7 669.8 580.0 586.0 531.7 586.0 435.0 669.8 386.7 753.5 435.0 0 1 0.65 2.0 0.232 1.0 0.232 1.0 7 1 False 3 3.6 0 35.818 0 4206040 4206040 42100.0 42110.0 C C E
42 6 5 FO 586.04 628.37 4 6 669.8 580.0 669.8 676.7 586.0 725.0 502.3 676.7 502.3 580.0 586.0 531.7 669.8 580.0 0 1 0.648 2.0 0.231 1.0 0.231 1.0 6 0 True 3 3.6 0 46.996 0 4206050 4206050 42100.0 42110.0 C C W
42 6 6 FO 502.32 773.38 4 6 586.0 725.0 586.0 821.7 502.3 870.0 418.6 821.7 418.6 725.0 502.3 676.7 586.0 725.0 0 1 0.646 2.0 0.227 1.0 0.228 1.0 5 0 True 3 3.6 0 56.996 0 4206060 4206060 42100.0 42110.0 C C W
42 6 7 FO 418.6 918.38 1 6 502.3 870.0 502.3 966.7 418.6 1015.1 334.9 966.7 334.9 870.0 418.6 821.7 502.3 870.0 1 0 0.646 2.0 0.223 1.0 0.223 1.0 4 1 False 3 3.6 0 65.496 0 4206070 4206070 42200.0 42210.0 C C N
42 6 8 FOe 334.88 1063.39 1 6 418.6 1015.1 418.6 1111.7 334.9 1160.1 251.2 1111.7 251.2 1015.1 334.9 966.7 418.6 1015.1 1 0 0.645 2.0 0.244 1.0 0.244 1.0 3 1 False 3 3.6 0 72.52 0 4206080 4206080 42200.0 42210.0 C C N
42 6 9 cOe 251.16 1208.4 1 3 334.9 1160.1 167.4 1160.1 251.2 1111.7 334.9 1160.1 0.0 0.0 0.0 0.0 0.0 0.0 1 0 0.641 0.0 0.0 0.0 0.0 0.0 3 1 False 3 3.6 0 78.259 0 4206090 4206090 42200.0 42210.0 C C N
42 7 1 FOe 1088.37 48.34 0 6 1172.1 -0.0 1172.1 96.7 1088.4 145.0 1004.6 96.7 1004.6 -0.0 1088.4 -48.3 1172.1 -0.0 0 0 0.644 2.0 0.222 1.0 0.222 1.0 10 1 False 3 3.6 0 2.543 0 4207010 4207010 42000.0 42010.0 C C N
42 7 2 FO 1004.64 193.34 0 6 1088.4 145.0 1088.4 241.7 1004.6 290.0 920.9 241.7 920.9 145.0 1004.6 96.7 1088.4 145.0 0 0 0.647 2.0 0.223 1.0 0.224 1.0 9 1 False 3 3.6 0 10.893 0 4207020 4207020 42000.0 42010.0 C C N
42 7 3 FO 920.92 338.35 0 6 1004.6 290.0 1004.6 386.7 920.9 435.0 837.2 386.7 837.2 290.0 920.9 241.7 1004.6 290.0 0 0 0.646 2.0 0.225 1.0 0.225 1.0 8 1 False 3 3.6 0 20.174 0 4207030 4207030 42000.0 42010.0 C C E
42 7 4 FO 837.2 483.36 4 6 920.9 435.0 920.9 531.7 837.2 580.0 753.5 531.7 753.5 435.0 837.2 386.7 920.9 435.0 0 0 0.647 2.0 0.227 1.0 0.227 1.0 8 0 False 3 3.6 0 30.0 0 4207040 4207040 42000.0 42010.0 C C N
42 7 5 FO 753.48 628.37 4 6 837.2 580.0 837.2 676.7 753.5 725.0 669.8 676.7 669.8 580.0 753.5 531.7 837.2 580.0 0 1 0.647 2.0 0.225 1.0 0.225 1.0 7 0 True 3 3.6 0 39.827 0 4207050 4207050 42100.0 42110.0 C C W
42 7 6 FO 669.76 773.38 4 6 753.5 725.0 753.5 821.7 669.8 870.0 586.0 821.7 586.0 725.0 669.8 676.7 753.5 725.0 0 1 0.646 2.0 0.225 1.0 0.225 1.0 6 0 False 3 3.6 0 49.107 0 4207060 4207060 42100.0 42110.0 C C N
42 7 7 FOe 586.04 918.38 4 6 669.8 870.0 669.8 966.7 586.0 1015.1 502.3 966.7 502.3 870.0 586.0 821.7 669.8 870.0 0 1 0.643 2.0 0.221 1.0 0.221 1.0 5 0 False 3 3.6 0 57.457 0 4207070 4207070 42100.0 42110.0 C C N
42 7 8 aOe 502.32 1063.39 1 4 586.0 1015.1 418.6 1111.7 418.6 1015.1 502.3 966.7 586.0 1015.1 0.0 0.0 0.0 0.0 1 0 0.641 1.0 0.144 1.0 0.144 1.0 4 1 False 3 3.6 0 64.715 0 4207080 4207080 42200.0 42210.0 C C N
42 8 2 aOe 1172.09 193.34 0 4 1172.1 96.7 1172.1 290.0 1088.4 241.7 1088.4 145.0 1172.1 96.7 0.0 0.0 0.0 0.0 0 0 0.641 1.0 0.144 1.0 0.144 1.0 9 1 False 3 3.6 0 9.367 0 4208020 4208020 42000.0 42010.0 C C N
42 8 3 bOe 1088.37 338.35 1 5 1172.1 290.0 1088.4 435.0 1004.6 386.7 1004.6 290.0 1088.4 241.7 1172.1 290.0 0.0 0.0 0 0 0.642 1.0 0.192 1.0 0.192 1.0 8 1 False 3 3.6 0 17.269 0 4208030 4208030 42000.0 42010.0 C C N
42 8 4 bOe 1004.64 483.36 1 5 1088.4 435.0 1004.6 580.0 920.9 531.7 920.9 435.0 1004.6 386.7 1088.4 435.0 0.0 0.0 0 0 0.645 1.0 0.192 1.0 0.192 1.0 8 1 False 3 3.6 0 25.693 0 4208040 4208040 42000.0 42010.0 C C N
42 8 5 bOe 920.92 628.37 1 5 1004.6 580.0 920.9 725.0 837.2 676.7 837.2 580.0 920.9 531.7 1004.6 580.0 0.0 0.0 0 1 0.642 1.0 0.192 1.0 0.192 1.0 7 0 False 3 3.6 0 34.307 0 4208050 4208050 42100.0 42110.0 C C N
42 8 6 bOe 837.2 773.38 1 5 920.9 725.0 837.2 870.0 753.5 821.7 753.5 725.0 837.2 676.7 920.9 725.0 0.0 0.0 0 1 0.644 1.0 0.192 1.0 0.192 1.0 7 0 False 3 3.6 0 42.731 0 4208060 4208060 42100.0 42110.0 C C N
42 8 7 aOe 753.48 918.38 1 4 837.2 870.0 669.8 966.7 669.8 870.0 753.5 821.7 837.2 870.0 0.0 0.0 0.0 0.0 0 1 0.642 1.0 0.144 1.0 0.144 1.0 6 0 False 3 3.6 0 50.633 0 4208070 4208070 42100.0 42110.0 C C N
43 0 3 FOe -251.16 531.7 5 6 -251.2 435.0 -167.4 483.4 -167.4 580.0 -251.2 628.4 -334.9 580.0 -334.9 483.4 -251.2 435.0 1 1 0.699 2.0 0.36 1.0 0.367 1.0 0 1 False 3 3.6 0 115.285 0 4300030 4300030 43300.0 43310.0 C C N
43 0 4 FO -334.88 676.7 5 6 -334.9 580.0 -251.2 628.4 -251.2 725.0 -334.9 773.4 -418.6 725.0 -418.6 628.4 -334.9 580.0 1 1 0.655 2.0 0.239 1.0 0.24 1.0 0 1 False 3 3.6 0 116.33 0 4300040 4300040 43300.0 43310.0 C C E
43 0 5 FO -418.6 821.71 5 6 -418.6 725.0 -334.9 773.4 -334.9 870.0 -418.6 918.4 -502.3 870.0 -502.3 773.4 -418.6 725.0 1 1 0.648 2.0 0.226 1.0 0.226 1.0 0 0 True 3 3.6 0 116.995 0 4300050 4300050 43300.0 43310.0 C C W
43 0 6 FOe -502.32 966.72 5 6 -502.3 870.0 -418.6 918.4 -418.6 1015.1 -502.3 1063.4 -586.0 1015.1 -586.0 918.4 -502.3 870.0 1 1 0.643 2.0 0.22 1.0 0.22 1.0 0 0 False 3 3.6 0 117.457 0 4300060 4300060 43300.0 43310.0 C C N
43 1 3 bMe -83.72 531.7 5 5 -167.4 483.4 0.0 483.4 0.0 580.0 -83.7 628.4 -167.4 580.0 -167.4 483.4 0.0 0.0 1 1 0.701 1.0 0.24 1.0 0.24 1.0 1 1 False 3 3.6 0 98.948 0 4301030 4301030 43300.0 43310.0 C C E
43 1 4 FO -167.44 676.7 5 6 -167.4 580.0 -83.7 628.4 -83.7 725.0 -167.4 773.4 -251.2 725.0 -251.2 628.4 -167.4 580.0 1 1 0.667 2.0 0.255 1.0 0.257 1.0 1 1 False 3 3.6 0 103.898 0 4301040 4301040 43300.0 43310.0 C C N
43 1 5 FO -251.16 821.71 5 6 -251.2 725.0 -167.4 773.4 -167.4 870.0 -251.2 918.4 -334.9 870.0 -334.9 773.4 -251.2 725.0 1 1 0.652 2.0 0.229 1.0 0.229 1.0 1 0 True 3 3.6 0 106.996 0 4301050 4301050 43300.0 43310.0 C C W
43 1 6 FO -334.88 966.72 5 6 -334.9 870.0 -251.2 918.4 -251.2 1015.1 -334.9 1063.4 -418.6 1015.1 -418.6 918.4 -334.9 870.0 1 1 0.645 2.0 0.222 1.0 0.222 1.0 1 0 False 3 3.6 0 109.107 0 4301060 4301060 43300.0 43310.0 C C N
43 1 7 aOe -418.6 1111.73 2 4 -334.9 1160.1 -502.3 1063.4 -418.6 1015.1 -334.9 1063.4 -334.9 1160.1 0.0 0.0 0.0 0.0 1 1 0.641 1.0 0.144 1.0 0.144 1.0 1 0 False 3 3.6 0 110.633 0 4301070 4301070 43300.0 43310.0 C C N
43 2 3 bMe 83.72 531.7 5 5 -0.0 483.4 167.4 483.4 167.4 580.0 83.7 628.4 -0.0 580.0 -0.0 483.4 0.0 0.0 1 0 0.713 1.0 0.24 1.0 0.24 1.0 4 0 False 3 3.6 0 81.052 0 4302030 4302030 43200.0 43210.0 C C N
43 2 4 FO 0.0 676.7 1 6 0.0 580.0 83.7 628.4 83.7 725.0 0.0 773.4 -83.7 725.0 -83.7 628.4 0.0 580.0 1 0 0.671 2.0 0.265 1.0 0.267 1.0 3 0 False 3 3.6 0 90.0 0 4302040 4302040 43200.0 43210.0 C C N
43 2 5 FO -83.72 821.71 5 6 -83.7 725.0 0.0 773.4 0.0 870.0 -83.7 918.4 -167.4 870.0 -167.4 773.4 -83.7 725.0 1 1 0.653 2.0 0.232 1.0 0.232 1.0 2 1 False 3 3.6 0 95.818 0 4302050 4302050 43300.0 43310.0 C C E
43 2 6 FO -167.44 966.72 5 6 -167.4 870.0 -83.7 918.4 -83.7 1015.1 -167.4 1063.4 -251.2 1015.1 -251.2 918.4 -167.4 870.0 1 1 0.645 2.0 0.223 1.0 0.223 1.0 2 0 True 3 3.6 0 99.826 0 4302060 4302060 43300.0 43310.0 C C W
43 2 7 bOe -251.16 1111.73 2 5 -167.4 1160.1 -334.9 1160.1 -334.9 1063.4 -251.2 1015.1 -167.4 1063.4 -167.4 1160.1 0.0 0.0 1 1 0.643 1.0 0.192 1.0 0.192 1.0 2 0 False 3 3.6 0 102.73 0 4302070 4302070 43300.0 43310.0 C C N
43 3 0 aOe 502.32 96.67 3 4 502.3 193.3 502.3 0.0 586.0 48.3 586.0 145.0 502.3 193.3 0.0 0.0 0.0 0.0 0 0 0.675 1.0 0.168 1.0 0.168 1.0 10 0 False 3 3.6 0 10.893 0 4303000 4303000 43000.0 43010.0 C C N
43 3 2 aOe 334.88 386.69 4 4 251.2 435.0 418.6 338.4 418.6 435.0 334.9 483.4 251.2 435.0 0.0 0.0 0.0 0.0 0 1 0.68 1.0 0.167 1.0 0.167 1.0 6 1 False 3 3.6 0 49.107 0 4303020 4303020 43100.0 43110.0 B B N
43 3 3 FOe 251.16 531.7 1 6 251.2 435.0 334.9 483.4 334.9 580.0 251.2 628.4 167.4 580.0 167.4 483.4 251.2 435.0 1 0 0.707 2.0 0.364 1.0 0.371 1.0 5 0 False 3 3.6 0 64.715 0 4303030 4303030 43200.0 43210.0 C C N
43 3 4 FO 167.44 676.7 1 6 167.4 580.0 251.2 628.4 251.2 725.0 167.4 773.4 83.7 725.0 83.7 628.4 167.4 580.0 1 0 0.667 2.0 0.257 1.0 0.259 1.0 4 0 True 3 3.6 0 76.102 0 4303040 4303040 43200.0 43210.0 C C W
43 3 5 FO 83.72 821.71 1 6 83.7 725.0 167.4 773.4 167.4 870.0 83.7 918.4 0.0 870.0 0.0 773.4 83.7 725.0 1 0 0.652 2.0 0.231 1.0 0.232 1.0 3 0 True 3 3.6 0 84.182 0 4303050 4303050 43200.0 43210.0 C C W
43 3 6 FO 0.0 966.72 5 6 0.0 870.0 83.7 918.4 83.7 1015.1 0.0 1063.4 -83.7 1015.1 -83.7 918.4 0.0 870.0 1 0 0.647 2.0 0.224 1.0 0.224 1.0 3 0 False 3 3.6 0 90.0 0 4303060 4303060 43200.0 43210.0 C C N
43 3 7 bOe -83.72 1111.73 2 5 0.0 1160.1 -167.4 1160.1 -167.4 1063.4 -83.7 1015.1 -0.0 1063.4 0.0 1160.1 0.0 0.0 1 1 0.645 1.0 0.192 1.0 0.192 1.0 2 0 False 3 3.6 0 94.307 0 4303070 4303070 43300.0 43310.0 C C N
43 4 0 FO 669.76 96.67 0 6 669.8 0.0 753.5 48.3 753.5 145.0 669.8 193.3 586.0 145.0 586.0 48.3 669.8 0.0 0 0 0.676 2.0 0.265 1.0 0.267 1.0 10 0 True 3 3.6 0 8.213 0 4304000 4304000 43000.0 43010.0 C C W
43 4 1 FOe 586.04 241.68 0 6 586.0 145.0 669.8 193.3 669.8 290.0 586.0 338.4 502.3 290.0 502.3 193.3 586.0 145.0 0 0 0.692 2.0 0.296 1.0 0.3 1.0 9 0 False 3 3.6 0 22.411 0 4304010 4304010 43000.0 43010.0 C C N
43 4 2 FOe 502.32 386.69 4 6 502.3 290.0 586.0 338.4 586.0 435.0 502.3 483.4 418.6 435.0 418.6 338.4 502.3 290.0 0 1 0.684 2.0 0.297 1.0 0.302 1.0 7 1 False 3 3.6 0 37.589 0 4304020 4304020 43100.0 43110.0 B B N
43 4 3 FO 418.6 531.7 4 6 418.6 435.0 502.3 483.4 502.3 580.0 418.6 628.4 334.9 580.0 334.9 483.4 418.6 435.0 0 1 0.671 2.0 0.264 1.0 0.266 1.0 6 1 False 3 3.6 0 51.787 0 4304030 4304030 43100.0 43110.0 B B E
43 4 4 FO 334.88 676.7 1 6 334.9 580.0 418.6 628.4 418.6 725.0 334.9 773.4 251.2 725.0 251.2 628.4 334.9 580.0 1 0 0.66 2.0 0.239 1.0 0.24 1.0 5 0 True 3 3.6 0 63.67 0 4304040 4304040 43200.0 43210.0 C C W
43 4 5 FO 251.16 821.71 1 6 251.2 725.0 334.9 773.4 334.9 870.0 251.2 918.4 167.4 870.0 167.4 773.4 251.2 725.0 1 0 0.647 2.0 0.229 1.0 0.229 1.0 4 1 False 3 3.6 0 73.004 0 4304050 4304050 43200.0 43210.0 C C E
43 4 6 FO 167.44 966.72 1 6 167.4 870.0 251.2 918.4 251.2 1015.1 167.4 1063.4 83.7 1015.1 83.7 918.4 167.4 870.0 1 0 0.646 2.0 0.223 1.0 0.223 1.0 3 1 False 3 3.6 0 80.174 0 4304060 4304060 43200.0 43210.0 C C E
43 4 7 bOe 83.72 1111.73 2 5 167.4 1160.1 0.0 1160.1 -0.0 1063.4 83.7 1015.1 167.4 1063.4 167.4 1160.1 0.0 0.0 1 0 0.644 1.0 0.192 1.0 0.192 1.0 3 1 False 3 3.6 0 85.693 0 4304070 4304070 43200.0 43210.0 C C N
43 5 0 FO 837.2 96.67 0 6 837.2 0.0 920.9 48.3 920.9 145.0 837.2 193.3 753.5 145.0 753.5 48.3 837.2 0.0 0 0 0.651 2.0 0.229 1.0 0.23 1.0 10 1 False 3 3.6 0 6.587 0 4305000 4305000 43000.0 43010.0 C C E
43 5 1 FO 753.48 241.68 0 6 753.5 145.0 837.2 193.3 837.2 290.0 753.5 338.4 669.8 290.0 669.8 193.3 753.5 145.0 0 0 0.66 2.0 0.235 1.0 0.236 1.0 9 0 True 3 3.6 0 17.784 0 4305010 4305010 43000.0 43010.0 C C W
43 5 2 FO 669.76 386.69 0 6 669.8 290.0 753.5 338.4 753.5 435.0 669.8 483.4 586.0 435.0 586.0 338.4 669.8 290.0 0 0 0.655 2.0 0.238 1.0 0.238 1.0 8 0 True 3 3.6 0 30.0 0 4305020 4305020 43000.0 43010.0 C C W
43 5 3 FO 586.04 531.7 4 6 586.0 435.0 669.8 483.4 669.8 580.0 586.0 628.4 502.3 580.0 502.3 483.4 586.0 435.0 0 1 0.654 2.0 0.235 1.0 0.236 1.0 7 1 False 3 3.6 0 42.217 0 4305030 4305030 43100.0 43110.0 B B E
43 5 4 FO 502.32 676.7 4 6 502.3 580.0 586.0 628.4 586.0 725.0 502.3 773.4 418.6 725.0 418.6 628.4 502.3 580.0 0 1 0.649 2.0 0.231 1.0 0.231 1.0 6 0 True 3 3.6 0 53.413 0 4305040 4305040 43100.0 43110.0 B B W
43 5 5 FO 418.6 821.71 1 6 418.6 725.0 502.3 773.4 502.3 870.0 418.6 918.4 334.9 870.0 334.9 773.4 418.6 725.0 1 0 0.645 2.0 0.226 1.0 0.226 1.0 5 1 False 3 3.6 0 63.005 0 4305050 4305050 43200.0 43210.0 C C E
43 5 6 FO 334.88 966.72 1 6 334.9 870.0 418.6 918.4 418.6 1015.1 334.9 1063.4 251.2 1015.1 251.2 918.4 334.9 870.0 1 0 0.643 2.0 0.221 1.0 0.221 1.0 4 1 False 3 3.6 0 70.893 0 4305060 4305060 43200.0 43210.0 C C N
43 5 7 bOe 251.16 1111.73 2 5 334.9 1160.1 167.4 1160.1 167.4 1063.4 251.2 1015.1 334.9 1063.4 334.9 1160.1 0.0 0.0 1 0 0.643 1.0 0.192 1.0 0.192 1.0 3 1 False 3 3.6 0 77.27 0 4305070 4305070 43200.0 43210.0 C C N
43 6 0 FO 1004.64 96.67 0 6 1004.6 0.0 1088.4 48.3 1088.4 145.0 1004.6 193.3 920.9 145.0 920.9 48.3 1004.6 0.0 0 0 0.646 2.0 0.223 1.0 0.223 1.0 10 1 False 3 3.6 0 5.496 0 4306000 4306000 43000.0 43010.0 C C N
43 6 1 FO 920.92 241.68 0 6 920.9 145.0 1004.6 193.3 1004.6 290.0 920.9 338.4 837.2 290.0 837.2 193.3 920.9 145.0 0 0 0.648 2.0 0.225 1.0 0.225 1.0 9 1 False 3 3.6 0 14.705 0 4306010 4306010 43000.0 43010.0 C C E
43 6 2 FO 837.2 386.69 0 6 837.2 290.0 920.9 338.4 920.9 435.0 837.2 483.4 753.5 435.0 753.5 338.4 837.2 290.0 0 0 0.647 2.0 0.224 1.0 0.224 1.0 8 1 False 3 3.6 0 24.791 0 4306020 4306020 43000.0 43010.0 C C E
43 6 3 FO 753.48 531.7 0 6 753.5 435.0 837.2 483.4 837.2 580.0 753.5 628.4 669.8 580.0 669.8 483.4 753.5 435.0 0 1 0.646 2.0 0.225 1.0 0.225 1.0 7 1 False 3 3.6 0 35.209 0 4306030 4306030 43100.0 43110.0 B B N
43 6 4 FO 669.76 676.7 4 6 669.8 580.0 753.5 628.4 753.5 725.0 669.8 773.4 586.0 725.0 586.0 628.4 669.8 580.0 0 1 0.646 2.0 0.224 1.0 0.224 1.0 7 0 True 3 3.6 0 45.295 0 4306040 4306040 43100.0 43110.0 B B W
43 6 5 FO 586.04 821.71 4 6 586.0 725.0 669.8 773.4 669.8 870.0 586.0 918.4 502.3 870.0 502.3 773.4 586.0 725.0 0 1 0.645 2.0 0.224 1.0 0.224 1.0 6 0 False 3 3.6 0 54.504 0 4306050 4306050 43100.0 43110.0 B B N
43 6 6 FOe 502.32 966.72 1 6 502.3 870.0 586.0 918.4 586.0 1015.1 502.3 1063.4 418.6 1015.1 418.6 918.4 502.3 870.0 1 0 0.644 2.0 0.221 1.0 0.221 1.0 5 1 False 3 3.6 0 62.543 0 4306060 4306060 43200.0 43210.0 C C N
43 6 7 aOe 418.6 1111.73 1 4 502.3 1063.4 334.9 1160.1 334.9 1063.4 418.6 1015.1 502.3 1063.4 0.0 0.0 0.0 0.0 1 0 0.641 1.0 0.144 1.0 0.144 1.0 4 1 False 3 3.6 0 69.367 0 4306070 4306070 43200.0 43210.0 C C N
43 7 0 aOe 1172.09 96.67 0 4 1172.1 0.0 1172.1 193.3 1088.4 145.0 1088.4 48.3 1172.1 0.0 0.0 0.0 0.0 0.0 0 0 0.643 1.0 0.144 1.0 0.144 1.0 10 1 False 3 3.6 0 4.715 0 4307000 4307000 43000.0 43010.0 C C N
43 7 1 FOe 1088.37 241.68 0 6 1088.4 145.0 1172.1 193.3 1172.1 290.0 1088.4 338.4 1004.6 290.0 1004.6 193.3 1088.4 145.0 0 0 0.645 2.0 0.22 1.0 0.22 1.0 9 1 False 3 3.6 0 12.52 0 4307010 4307010 43000.0 43010.0 C C N
43 7 2 FO 1004.64 386.69 0 6 1004.6 290.0 1088.4 338.4 1088.4 435.0 1004.6 483.4 920.9 435.0 920.9 338.4 1004.6 290.0 0 0 0.643 2.0 0.245 1.0 0.245 1.0 8 1 False 3 3.6 0 21.052 0 4307020 4307020 43000.0 43010.0 C C N
43 7 3 FO 920.92 531.7 4 6 920.9 435.0 1004.6 483.4 1004.6 580.0 920.9 628.4 837.2 580.0 837.2 483.4 920.9 435.0 0 0 0.645 2.0 0.245 1.0 0.245 1.0 8 1 False 3 3.6 0 30.0 0 4307030 4307030 43000.0 43010.0 C C N
43 7 4 FO 837.2 676.7 0 6 837.2 580.0 920.9 628.4 920.9 725.0 837.2 773.4 753.5 725.0 753.5 628.4 837.2 580.0 0 1 0.645 2.0 0.246 1.0 0.246 1.0 7 0 False 3 3.6 0 38.948 0 4307040 4307040 43100.0 43110.0 B B N
43 7 5 FOe 753.48 821.71 4 6 753.5 725.0 837.2 773.4 837.2 870.0 753.5 918.4 669.8 870.0 669.8 773.4 753.5 725.0 0 1 0.642 2.0 0.245 1.0 0.245 1.0 7 0 False 3 3.6 0 47.48 0 4307050 4307050 43100.0 43110.0 B B N
43 7 6 aOe 669.76 966.72 1 4 753.5 918.4 586.0 1015.1 586.0 918.4 669.8 870.0 753.5 918.4 0.0 0.0 0.0 0.0 0 1 0.643 1.0 0.144 1.0 0.144 1.0 6 0 False 3 3.6 0 55.285 0 4307060 4307060 43100.0 43110.0 B B N
43 8 2 cOe 1172.09 386.69 0 3 1172.1 290.0 1088.4 435.0 1088.4 338.4 1172.1 290.0 0.0 0.0 0.0 0.0 0.0 0.0 0 0 0.641 0.0 0.0 0.0 0.0 0.0 9 1 False 3 3.6 0 18.258 0 4308020 4308020 43000.0 43010.0 C C N
43 8 3 cOe 1088.37 531.7 0 3 1088.4 435.0 1004.6 580.0 1004.6 483.4 1088.4 435.0 0.0 0.0 0.0 0.0 0.0 0.0 0 0 0.64 0.0 0.0 0.0 0.0 0.0 8 1 False 3 3.6 0 26.037 0 4308030 4308030 43000.0 43010.0 C C N
43 8 4 cOe 1004.64 676.7 0 3 1004.6 580.0 920.9 725.0 920.9 628.4 1004.6 580.0 0.0 0.0 0.0 0.0 0.0 0.0 0 1 0.641 0.0 0.0 0.0 0.0 0.0 7 0 False 3 3.6 0 33.963 0 4308040 4308040 43100.0 43110.0 B B N
43 8 5 cOe 920.92 821.71 0 3 920.9 725.0 837.2 870.0 837.2 773.4 920.9 725.0 0.0 0.0 0.0 0.0 0.0 0.0 0 1 0.64 0.0 0.0 0.0 0.0 0.0 7 0 False 3 3.6 0 41.742 0 4308050 4308050 43100.0 43110.0 B B N
44 1 4 aOe -167.44 483.36 5 4 -251.2 435.0 -83.7 531.7 -167.4 580.0 -251.2 531.7 -251.2 435.0 0.0 0.0 0.0 0.0 1 1 0.681 1.0 0.165 1.0 0.165 1.0 0 1 False 3 3.6 0 109.107 0 4401040 4401040 44300.0 44310.0 B B N
44 1 5 FO -251.16 628.37 5 6 -167.4 580.0 -167.4 676.7 -251.2 725.0 -334.9 676.7 -334.9 580.0 -251.2 531.7 -167.4 580.0 1 1 0.664 2.0 0.26 1.0 0.262 1.0 0 1 False 3 3.6 0 111.787 0 4401050 4401050 44300.0 44310.0 B B E
44 1 6 FO -334.88 773.38 5 6 -251.2 725.0 -251.2 821.7 -334.9 870.0 -418.6 821.7 -418.6 725.0 -334.9 676.7 -251.2 725.0 1 1 0.649 2.0 0.229 1.0 0.229 1.0 0 0 True 3 3.6 0 113.413 0 4401060 4401060 44300.0 44310.0 B B W
44 1 7 aOe -418.6 918.38 2 4 -334.9 966.7 -502.3 870.0 -418.6 821.7 -334.9 870.0 -334.9 966.7 0.0 0.0 0.0 0.0 1 1 0.643 1.0 0.144 1.0 0.144 1.0 0 0 False 3 3.6 0 114.504 0 4401070 4401070 44300.0 44310.0 B B N
44 2 5 FOe -83.72 628.37 5 6 0.0 580.0 0.0 676.7 -83.7 725.0 -167.4 676.7 -167.4 580.0 -83.7 531.7 0.0 580.0 1 1 0.674 2.0 0.291 1.0 0.296 1.0 1 1 False 3 3.6 0 97.589 0 4402050 4402050 44300.0 44310.0 B B E
44 2 6 FO -167.44 773.38 5 6 -83.7 725.0 -83.7 821.7 -167.4 870.0 -251.2 821.7 -251.2 725.0 -167.4 676.7 -83.7 725.0 1 1 0.651 2.0 0.234 1.0 0.234 1.0 1 0 True 3 3.6 0 102.216 0 4402060 4402060 44300.0 44310.0 B B W
44 2 7 FOe -251.16 918.38 5 6 -167.4 870.0 -167.4 966.7 -251.2 1015.1 -334.9 966.7 -334.9 870.0 -251.2 821.7 -167.4 870.0 1 1 0.645 2.0 0.222 1.0 0.222 1.0 1 0 False 3 3.6 0 105.295 0 4402070 4402070 44300.0 44310.0 B B N
44 3 4 aOe 167.44 483.36 4 4 83.7 531.7 251.2 435.0 251.2 531.7 167.4 580.0 83.7 531.7 0.0 0.0 0.0 0.0 1 0 0.675 1.0 0.165 1.0 0.165 1.0 3 0 False 3 3.6 0 70.893 0 4403040 4403040 44200.0 44210.0 B B N
44 3 5 FOe 83.72 628.37 1 6 167.4 580.0 167.4 676.7 83.7 725.0 0.0 676.7 0.0 580.0 83.7 531.7 167.4 580.0 1 0 0.685 2.0 0.292 1.0 0.296 1.0 2 0 True 3 3.6 0 82.411 0 4403050 4403050 44200.0 44210.0 B B W
44 3 6 FO 0.0 773.38 1 6 83.7 725.0 83.7 821.7 0.0 870.0 -83.7 821.7 -83.7 725.0 0.0 676.7 83.7 725.0 1 1 0.652 2.0 0.238 1.0 0.239 1.0 1 1 False 3 3.6 0 90.0 0 4403060 4403060 44300.0 44310.0 B B N
44 3 7 FO -83.72 918.38 1 6 0.0 870.0 0.0 966.7 -83.7 1015.1 -167.4 966.7 -167.4 870.0 -83.7 821.7 0.0 870.0 1 1 0.646 2.0 0.248 1.0 0.248 1.0 1 0 False 3 3.6 0 95.209 0 4403070 4403070 44300.0 44310.0 B B N
44 3 8 cOe -167.44 1063.39 1 3 -83.7 1015.1 -251.2 1015.1 -167.4 966.7 -83.7 1015.1 0.0 0.0 0.0 0.0 0.0 0.0 1 1 0.641 0.0 0.0 0.0 0.0 0.0 1 0 False 3 3.6 0 98.948 0 4403080 4403080 44300.0 44310.0 B B N
44 4 1 FOe 586.04 48.34 0 6 669.8 -0.0 669.8 96.7 586.0 145.0 502.3 96.7 502.3 -0.0 586.0 -48.3 669.8 -0.0 0 0 0.696 2.0 0.355 1.0 0.362 1.0 7 0 True 3 3.6 0 4.715 0 4404010 4404010 44000.0 44010.0 B B W
44 4 2 bMe 502.32 193.34 4 5 418.6 241.7 502.3 96.7 586.0 145.0 586.0 241.7 502.3 290.0 418.6 241.7 0.0 0.0 0 0 0.698 1.0 0.235 1.0 0.235 1.0 6 0 False 3 3.6 0 21.051 0 4404020 4404020 44000.0 44010.0 B B N
44 4 3 bMe 418.6 338.35 4 5 334.9 386.7 418.6 241.7 502.3 290.0 502.3 386.7 418.6 435.0 334.9 386.7 0.0 0.0 0 1 0.697 1.0 0.23 1.0 0.23 1.0 4 1 False 3 3.6 0 38.948 0 4404030 4404030 44100.0 44110.0 B B N
44 4 4 FOe 334.88 483.36 4 6 418.6 435.0 418.6 531.7 334.9 580.0 251.2 531.7 251.2 435.0 334.9 386.7 418.6 435.0 0 1 0.695 2.0 0.359 1.0 0.367 1.0 4 1 False 3 3.6 0 55.285 0 4404040 4404040 44100.0 44110.0 B B E
44 4 5 FO 251.16 628.37 1 6 334.9 580.0 334.9 676.7 251.2 725.0 167.4 676.7 167.4 580.0 251.2 531.7 334.9 580.0 1 0 0.673 2.0 0.263 1.0 0.266 1.0 3 0 True 3 3.6 0 68.213 0 4404050 4404050 44200.0 44210.0 B B W
44 4 6 FO 167.44 773.38 1 6 251.2 725.0 251.2 821.7 167.4 870.0 83.7 821.7 83.7 725.0 167.4 676.7 251.2 725.0 1 0 0.657 2.0 0.234 1.0 0.234 1.0 2 1 False 3 3.6 0 77.784 0 4404060 4404060 44200.0 44210.0 B B E
44 4 7 FO 83.72 918.38 5 6 167.4 870.0 167.4 966.7 83.7 1015.1 0.0 966.7 0.0 870.0 83.7 821.7 167.4 870.0 1 0 0.648 2.0 0.249 1.0 0.249 1.0 2 1 False 3 3.6 0 84.791 0 4404070 4404070 44200.0 44210.0 B B N
44 4 8 cOe 0.0 1063.39 1 3 83.7 1015.1 -83.7 1015.1 0.0 966.7 83.7 1015.1 0.0 0.0 0.0 0.0 0.0 0.0 1 0 0.641 0.0 0.0 0.0 0.0 0.0 2 1 False 3 3.6 0 90.0 0 4404080 4404080 44200.0 44210.0 B B N
44 5 1 FO 753.48 48.34 0 6 837.2 -0.0 837.2 96.7 753.5 145.0 669.8 96.7 669.8 -0.0 753.5 -48.3 837.2 -0.0 0 0 0.656 2.0 0.24 1.0 0.24 1.0 7 1 False 3 3.6 0 3.671 0 4405010 4405010 44000.0 44010.0 B B E
44 5 2 FO 669.76 193.34 0 6 753.5 145.0 753.5 241.7 669.8 290.0 586.0 241.7 586.0 145.0 669.8 96.7 753.5 145.0 0 0 0.664 2.0 0.253 1.0 0.254 1.0 6 0 True 3 3.6 0 16.102 0 4405020 4405020 44000.0 44010.0 B B W
44 5 3 FO 586.04 338.35 4 6 669.8 290.0 669.8 386.7 586.0 435.0 502.3 386.7 502.3 290.0 586.0 241.7 669.8 290.0 0 1 0.67 2.0 0.261 1.0 0.263 1.0 5 1 False 3 3.6 0 30.0 0 4405030 4405030 44100.0 44110.0 B B E
44 5 4 FO 502.32 483.36 0 6 586.0 435.0 586.0 531.7 502.3 580.0 418.6 531.7 418.6 435.0 502.3 386.7 586.0 435.0 0 1 0.666 2.0 0.251 1.0 0.253 1.0 4 1 False 3 3.6 0 43.898 0 4405040 4405040 44100.0 44110.0 B B N
44 5 5 FO 418.6 628.37 4 6 502.3 580.0 502.3 676.7 418.6 725.0 334.9 676.7 334.9 580.0 418.6 531.7 502.3 580.0 0 1 0.656 2.0 0.239 1.0 0.24 1.0 4 0 True 3 3.6 0 56.33 0 4405050 4405050 44100.0 44110.0 B B W
44 5 6 FO 334.88 773.38 1 6 418.6 725.0 418.6 821.7 334.9 870.0 251.2 821.7 251.2 725.0 334.9 676.7 418.6 725.0 1 0 0.647 2.0 0.23 1.0 0.23 1.0 3 1 False 3 3.6 0 66.587 0 4405060 4405060 44200.0 44210.0 B B E
44 5 7 FOe 251.16 918.38 1 6 334.9 870.0 334.9 966.7 251.2 1015.1 167.4 966.7 167.4 870.0 251.2 821.7 334.9 870.0 1 0 0.643 2.0 0.247 1.0 0.247 1.0 2 1 False 3 3.6 0 74.705 0 4405070 4405070 44200.0 44210.0 B B N
44 5 8 cOe 167.44 1063.39 1 3 251.2 1015.1 83.7 1015.1 167.4 966.7 251.2 1015.1 0.0 0.0 0.0 0.0 0.0 0.0 1 0 0.641 0.0 0.0 0.0 0.0 0.0 2 1 False 3 3.6 0 81.052 0 4405080 4405080 44200.0 44210.0 B B N
44 6 1 FOe 920.92 48.34 0 6 1004.6 -0.0 1004.6 96.7 920.9 145.0 837.2 96.7 837.2 -0.0 920.9 -48.3 1004.6 -0.0 0 0 0.645 2.0 0.226 1.0 0.226 1.0 7 1 False 3 3.6 0 3.005 0 4406010 4406010 44000.0 44010.0 B B N
44 6 2 FO 837.2 193.34 0 6 920.9 145.0 920.9 241.7 837.2 290.0 753.5 241.7 753.5 145.0 837.2 96.7 920.9 145.0 0 0 0.65 2.0 0.228 1.0 0.228 1.0 6 1 False 3 3.6 0 13.004 0 4406020 4406020 44000.0 44010.0 B B E
44 6 3 FO 753.48 338.35 4 6 837.2 290.0 837.2 386.7 753.5 435.0 669.8 386.7 669.8 290.0 753.5 241.7 837.2 290.0 0 0 0.649 2.0 0.23 1.0 0.231 1.0 6 0 False 3 3.6 0 24.182 0 4406030 4406030 44000.0 44010.0 B B N
44 6 4 FO 669.76 483.36 4 6 753.5 435.0 753.5 531.7 669.8 580.0 586.0 531.7 586.0 435.0 669.8 386.7 753.5 435.0 0 1 0.65 2.0 0.23 1.0 0.23 1.0 5 0 True 3 3.6 0 35.818 0 4406040 4406040 44100.0 44110.0 B B W
44 6 5 FO 586.04 628.37 0 6 669.8 580.0 669.8 676.7 586.0 725.0 502.3 676.7 502.3 580.0 586.0 531.7 669.8 580.0 0 1 0.648 2.0 0.226 1.0 0.226 1.0 4 0 False 3 3.6 0 46.996 0 4406050 4406050 44100.0 44110.0 B B N
44 6 6 FOe 502.32 773.38 4 6 586.0 725.0 586.0 821.7 502.3 870.0 418.6 821.7 418.6 725.0 502.3 676.7 586.0 725.0 0 1 0.651 2.0 0.223 1.0 0.223 1.0 4 0 False 3 3.6 0 56.996 0 4406060 4406060 44100.0 44110.0 B B N
44 6 7 aOe 418.6 918.38 1 4 502.3 870.0 334.9 966.7 334.9 870.0 418.6 821.7 502.3 870.0 0.0 0.0 0.0 0.0 1 0 0.644 1.0 0.144 1.0 0.144 1.0 3 1 False 3 3.6 0 65.496 0 4406070 4406070 44200.0 44210.0 B B N
44 7 2 aOe 1004.64 193.34 0 4 1004.6 96.7 1004.6 290.0 920.9 241.7 920.9 145.0 1004.6 96.7 0.0 0.0 0.0 0.0 0 0 0.642 1.0 0.144 1.0 0.144 1.0 6 1 False 3 3.6 0 10.893 0 4407020 4407020 44000.0 44010.0 B B N
44 7 3 bOe 920.92 338.35 1 5 1004.6 290.0 920.9 435.0 837.2 386.7 837.2 290.0 920.9 241.7 1004.6 290.0 0.0 0.0 0 0 0.643 1.0 0.192 1.0 0.192 1.0 6 1 False 3 3.6 0 20.174 0 4407030 4407030 44000.0 44010.0 B B N
44 7 4 bOe 837.2 483.36 1 5 920.9 435.0 837.2 580.0 753.5 531.7 753.5 435.0 837.2 386.7 920.9 435.0 0.0 0.0 0 1 0.643 1.0 0.192 1.0 0.192 1.0 5 0 False 3 3.6 0 30.0 0 4407040 4407040 44100.0 44110.0 B B N
44 7 5 bOe 753.48 628.37 1 5 837.2 580.0 753.5 725.0 669.8 676.7 669.8 580.0 753.5 531.7 837.2 580.0 0.0 0.0 0 1 0.643 1.0 0.192 1.0 0.192 1.0 5 0 False 3 3.6 0 39.827 0 4407050 4407050 44100.0 44110.0 B B N
44 7 6 aOe 669.76 773.38 1 4 753.5 725.0 586.0 821.7 586.0 725.0 669.8 676.7 753.5 725.0 0.0 0.0 0.0 0.0 0 1 0.643 1.0 0.144 1.0 0.144 1.0 4 0 False 3 3.6 0 49.107 0 4407060 4407060 44100.0 44110.0 B B N
45 0 3 FOe -251.16 531.7 5 6 -251.2 435.0 -167.4 483.4 -167.4 580.0 -251.2 628.4 -334.9 580.0 -334.9 483.4 -251.2 435.0 1 1 0.694 2.0 0.347 1.0 0.354 1.0 0 1 False 3 3.6 0 115.285 0 4500030 4500030 45300.0 45310.0 B B E
45 0 4 FO -334.88 676.7 5 6 -334.9 580.0 -251.2 628.4 -251.2 725.0 -334.9 773.4 -418.6 725.0 -418.6 628.4 -334.9 580.0 1 1 0.651 2.0 0.237 1.0 0.238 1.0 0 0 True 3 3.6 0 116.33 0 4500040 4500040 45300.0 45310.0 B B W
45 0 5 FOe -418.6 821.71 5 6 -418.6 725.0 -334.9 773.4 -334.9 870.0 -418.6 918.4 -502.3 870.0 -502.3 773.4 -418.6 725.0 1 1 0.645 2.0 0.223 1.0 0.223 1.0 0 0 False 3 3.6 0 116.995 0 4500050 4500050 45300.0 45310.0 B B N
45 1 3 bMe -83.72 531.7 5 5 -167.4 483.4 0.0 483.4 0.0 580.0 -83.7 628.4 -167.4 580.0 -167.4 483.4 0.0 0.0 1 1 0.701 1.0 0.225 1.0 0.225 1.0 0 1 False 3 3.6 0 98.948 0 4501030 4501030 45300.0 45310.0 B B N
45 1 4 FO -167.44 676.7 1 6 -167.4 580.0 -83.7 628.4 -83.7 725.0 -167.4 773.4 -251.2 725.0 -251.2 628.4 -167.4 580.0 1 1 0.661 2.0 0.25 1.0 0.251 1.0 0 1 False 3 3.6 0 103.898 0 4501040 4501040 45300.0 45310.0 B B N
45 1 5 FO -251.16 821.71 1 6 -251.2 725.0 -167.4 773.4 -167.4 870.0 -251.2 918.4 -334.9 870.0 -334.9 773.4 -251.2 725.0 1 1 0.646 2.0 0.227 1.0 0.228 1.0 0 0 False 3 3.6 0 106.996 0 4501050 4501050 45300.0 45310.0 B B N
45 1 6 aOe -334.88 966.72 2 4 -251.2 1015.1 -418.6 918.4 -334.9 870.0 -251.2 918.4 -251.2 1015.1 0.0 0.0 0.0 0.0 1 1 0.642 1.0 0.144 1.0 0.144 1.0 0 0 False 3 3.6 0 109.107 0 4501060 4501060 45300.0 45310.0 B B N
45 2 3 bMe 83.72 531.7 5 5 -0.0 483.4 167.4 483.4 167.4 580.0 83.7 628.4 -0.0 580.0 -0.0 483.4 0.0 0.0 1 0 0.692 1.0 0.224 1.0 0.224 1.0 2 0 False 3 3.6 0 81.052 0 4502030 4502030 45200.0 45210.0 B B N
45 2 4 FO 0.0 676.7 5 6 0.0 580.0 83.7 628.4 83.7 725.0 0.0 773.4 -83.7 725.0 -83.7 628.4 0.0 580.0 1 1 0.662 2.0 0.258 1.0 0.26 1.0 1 1 False 3 3.6 0 90.0 0 4502040 4502040 45300.0 45310.0 B B E
45 2 5 FO -83.72 821.71 5 6 -83.7 725.0 0.0 773.4 0.0 870.0 -83.7 918.4 -167.4 870.0 -167.4 773.4 -83.7 725.0 1 1 0.647 2.0 0.229 1.0 0.229 1.0 1 0 True 3 3.6 0 95.818 0 4502050 4502050 45300.0 45310.0 B B W
45 2 6 bOe -167.44 966.72 2 5 -83.7 1015.1 -251.2 1015.1 -251.2 918.4 -167.4 870.0 -83.7 918.4 -83.7 1015.1 0.0 0.0 1 1 0.647 1.0 0.192 1.0 0.192 1.0 1 0 False 3 3.6 0 99.826 0 4502060 4502060 45300.0 45310.0 B B N
45 3 0 aOe 502.32 96.67 3 4 502.3 193.3 502.3 0.0 586.0 48.3 586.0 145.0 502.3 193.3 0.0 0.0 0.0 0.0 0 0 0.68 1.0 0.161 1.0 0.161 1.0 7 0 False 3 3.6 0 10.893 0 4503000 4503000 45000.0 45010.0 B B N
45 3 2 aOe 334.88 386.69 4 4 251.2 435.0 418.6 338.4 418.6 435.0 334.9 483.4 251.2 435.0 0.0 0.0 0.0 0.0 0 1 0.674 1.0 0.162 1.0 0.162 1.0 4 1 False 3 3.6 0 49.107 0 4503020 4503020 45100.0 45110.0 B B N
45 3 3 FOe 251.16 531.7 1 6 251.2 435.0 334.9 483.4 334.9 580.0 251.2 628.4 167.4 580.0 167.4 483.4 251.2 435.0 1 0 0.692 2.0 0.35 1.0 0.358 1.0 3 0 True 3 3.6 0 64.715 0 4503030 4503030 45200.0 45210.0 B B W
45 3 4 FO 167.44 676.7 1 6 167.4 580.0 251.2 628.4 251.2 725.0 167.4 773.4 83.7 725.0 83.7 628.4 167.4 580.0 1 0 0.662 2.0 0.254 1.0 0.255 1.0 2 0 True 3 3.6 0 76.102 0 4503040 4503040 45200.0 45210.0 B B W
45 3 5 FO 83.72 821.71 5 6 83.7 725.0 167.4 773.4 167.4 870.0 83.7 918.4 0.0 870.0 0.0 773.4 83.7 725.0 1 0 0.651 2.0 0.228 1.0 0.228 1.0 2 0 False 3 3.6 0 84.182 0 4503050 4503050 45200.0 45210.0 B B N
45 3 6 bOe 0.0 966.72 2 5 83.7 1015.1 -83.7 1015.1 -83.7 918.4 -0.0 870.0 83.7 918.4 83.7 1015.1 0.0 0.0 1 1 0.643 1.0 0.192 1.0 0.192 1.0 1 0 False 3 3.6 0 90.0 0 4503060 4503060 45300.0 45310.0 B B N
45 4 0 FO 669.76 96.67 0 6 669.8 0.0 753.5 48.3 753.5 145.0 669.8 193.3 586.0 145.0 586.0 48.3 669.8 0.0 0 0 0.662 2.0 0.26 1.0 0.261 1.0 7 0 True 3 3.6 0 8.213 0 4504000 4504000 45000.0 45010.0 B B W
45 4 1 FOe 586.04 241.68 0 6 586.0 145.0 669.8 193.3 669.8 290.0 586.0 338.4 502.3 290.0 502.3 193.3 586.0 145.0 0 0 0.677 2.0 0.289 1.0 0.292 1.0 6 0 True 3 3.6 0 22.411 0 4504010 4504010 45000.0 45010.0 B B W
45 4 2 FOe 502.32 386.69 4 6 502.3 290.0 586.0 338.4 586.0 435.0 502.3 483.4 418.6 435.0 418.6 338.4 502.3 290.0 0 1 0.681 2.0 0.287 1.0 0.29 1.0 5 1 False 3 3.6 0 37.589 0 4504020 4504020 45100.0 45110.0 B B E
45 4 3 FO 418.6 531.7 4 6 418.6 435.0 502.3 483.4 502.3 580.0 418.6 628.4 334.9 580.0 334.9 483.4 418.6 435.0 0 1 0.661 2.0 0.258 1.0 0.26 1.0 4 1 False 3 3.6 0 51.787 0 4504030 4504030 45100.0 45110.0 B B E
45 4 4 FO 334.88 676.7 1 6 334.9 580.0 418.6 628.4 418.6 725.0 334.9 773.4 251.2 725.0 251.2 628.4 334.9 580.0 1 0 0.654 2.0 0.24 1.0 0.241 1.0 3 1 False 3 3.6 0 63.67 0 4504040 4504040 45200.0 45210.0 B B E
45 4 5 FO 251.16 821.71 1 6 251.2 725.0 334.9 773.4 334.9 870.0 251.2 918.4 167.4 870.0 167.4 773.4 251.2 725.0 1 0 0.646 2.0 0.228 1.0 0.228 1.0 2 1 False 3 3.6 0 73.004 0 4504050 4504050 45200.0 45210.0 B B E
45 4 6 bOe 167.44 966.72 2 5 251.2 1015.1 83.7 1015.1 83.7 918.4 167.4 870.0 251.2 918.4 251.2 1015.1 0.0 0.0 1 0 0.642 1.0 0.192 1.0 0.192 1.0 2 1 False 3 3.6 0 80.174 0 4504060 4504060 45200.0 45210.0 B B N
45 5 0 FO 837.2 96.67 0 6 837.2 0.0 920.9 48.3 920.9 145.0 837.2 193.3 753.5 145.0 753.5 48.3 837.2 0.0 0 0 0.647 2.0 0.228 1.0 0.228 1.0 7 1 False 3 3.6 0 6.587 0 4505000 4505000 45000.0 45010.0 B B E
45 5 1 FO 753.48 241.68 0 6 753.5 145.0 837.2 193.3 837.2 290.0 753.5 338.4 669.8 290.0 669.8 193.3 753.5 145.0 0 0 0.65 2.0 0.233 1.0 0.234 1.0 6 1 False 3 3.6 0 17.784 0 4505010 4505010 45000.0 45010.0 B B E
45 5 2 FO 669.76 386.69 0 6 669.8 290.0 753.5 338.4 753.5 435.0 669.8 483.4 586.0 435.0 586.0 338.4 669.8 290.0 0 1 0.652 2.0 0.235 1.0 0.236 1.0 5 1 False 3 3.6 0 30.0 0 4505020 4505020 45100.0 45110.0 B B N
45 5 3 FO 586.04 531.7 4 6 586.0 435.0 669.8 483.4 669.8 580.0 586.0 628.4 502.3 580.0 502.3 483.4 586.0 435.0 0 1 0.653 2.0 0.233 1.0 0.233 1.0 5 0 True 3 3.6 0 42.217 0 4505030 4505030 45100.0 45110.0 B B W
45 5 4 FO 502.32 676.7 4 6 502.3 580.0 586.0 628.4 586.0 725.0 502.3 773.4 418.6 725.0 418.6 628.4 502.3 580.0 0 1 0.649 2.0 0.228 1.0 0.229 1.0 4 0 True 3 3.6 0 53.413 0 4505040 4505040 45100.0 45110.0 B B W
45 5 5 FOe 418.6 821.71 1 6 418.6 725.0 502.3 773.4 502.3 870.0 418.6 918.4 334.9 870.0 334.9 773.4 418.6 725.0 1 0 0.644 2.0 0.225 1.0 0.225 1.0 3 1 False 3 3.6 0 63.005 0 4505050 4505050 45200.0 45210.0 B B N
45 5 6 aOe 334.88 966.72 1 4 418.6 918.4 251.2 1015.1 251.2 918.4 334.9 870.0 418.6 918.4 0.0 0.0 0.0 0.0 1 0 0.642 1.0 0.144 1.0 0.144 1.0 2 1 False 3 3.6 0 70.893 0 4505060 4505060 45200.0 45210.0 B B N
45 6 0 aOe 1004.64 96.67 0 4 1004.6 0.0 1004.6 193.3 920.9 145.0 920.9 48.3 1004.6 0.0 0.0 0.0 0.0 0.0 0 0 0.644 1.0 0.144 1.0 0.144 1.0 7 1 False 3 3.6 0 5.496 0 4506000 4506000 45000.0 45010.0 B B N
45 6 1 FOe 920.92 241.68 0 6 920.9 145.0 1004.6 193.3 1004.6 290.0 920.9 338.4 837.2 290.0 837.2 193.3 920.9 145.0 0 0 0.646 2.0 0.222 1.0 0.222 1.0 6 1 False 3 3.6 0 14.705 0 4506010 4506010 45000.0 45010.0 B B N
45 6 2 FO 837.2 386.69 4 6 837.2 290.0 920.9 338.4 920.9 435.0 837.2 483.4 753.5 435.0 753.5 338.4 837.2 290.0 0 0 0.645 2.0 0.247 1.0 0.247 1.0 6 1 False 3 3.6 0 24.791 0 4506020 4506020 45000.0 45010.0 B B N
45 6 3 FO 753.48 531.7 0 6 753.5 435.0 837.2 483.4 837.2 580.0 753.5 628.4 669.8 580.0 669.8 483.4 753.5 435.0 0 1 0.645 2.0 0.248 1.0 0.248 1.0 5 0 False 3 3.6 0 35.209 0 4506030 4506030 45100.0 45110.0 B B N
45 6 4 FOe 669.76 676.7 4 6 669.8 580.0 753.5 628.4 753.5 725.0 669.8 773.4 586.0 725.0 586.0 628.4 669.8 580.0 0 1 0.645 2.0 0.248 1.0 0.248 1.0 5 0 False 3 3.6 0 45.295 0 4506040 4506040 45100.0 45110.0 B B N
45 6 5 aOe 586.04 821.71 1 4 669.8 773.4 502.3 870.0 502.3 773.4 586.0 725.0 669.8 773.4 0.0 0.0 0.0 0.0 0 1 0.643 1.0 0.144 1.0 0.144 1.0 4 0 False 3 3.6 0 54.504 0 4506050 4506050 45100.0 45110.0 B B N
45 7 2 cOe 1004.64 386.69 0 3 1004.6 290.0 920.9 435.0 920.9 338.4 1004.6 290.0 0.0 0.0 0.0 0.0 0.0 0.0 0 0 0.0 0.0 0.0 0.0 0.0 0.0 6 1 False 3 3.6 0 21.052 0 4507020 4507020 45000.0 45010.0 B B N
45 7 3 cOe 920.92 531.7 0 3 920.9 435.0 837.2 580.0 837.2 483.4 920.9 435.0 0.0 0.0 0.0 0.0 0.0 0.0 0 0 0.641 0.0 0.0 0.0 0.0 0.0 6 1 False 3 3.6 0 30.0 0 4507030 4507030 45000.0 45010.0 B B N
45 7 4 cOe 837.2 676.7 0 3 837.2 580.0 753.5 725.0 753.5 628.4 837.2 580.0 0.0 0.0 0.0 0.0 0.0 0.0 0 1 0.0 0.0 0.0 0.0 0.0 0.0 5 0 False 3 3.6 0 38.948 0 4507040 4507040 45100.0 45110.0 B B N
46 1 4 aOe -167.44 483.36 5 4 -251.2 435.0 -83.7 531.7 -167.4 580.0 -251.2 531.7 -251.2 435.0 0.0 0.0 0.0 0.0 1 1 0.67 1.0 0.158 1.0 0.158 1.0 0 1 False 3 3.6 0 109.107 0 4601040 4601040 46300.0 46310.0 B B N
46 1 5 FO -251.16 628.37 5 6 -167.4 580.0 -167.4 676.7 -251.2 725.0 -334.9 676.7 -334.9 580.0 -251.2 531.7 -167.4 580.0 1 1 0.663 2.0 0.256 1.0 0.257 1.0 0 1 False 3 3.6 0 111.787 0 4601050 4601050 46300.0 46310.0 B B E
46 1 6 FO -334.88 773.38 5 6 -251.2 725.0 -251.2 821.7 -334.9 870.0 -418.6 821.7 -418.6 725.0 -334.9 676.7 -251.2 725.0 1 1 0.652 2.0 0.226 1.0 0.226 1.0 0 0 True 3 3.6 0 113.413 0 4601060 4601060 46300.0 46310.0 B B W
46 1 7 aOe -418.6 918.38 2 4 -334.9 966.7 -502.3 870.0 -418.6 821.7 -334.9 870.0 -334.9 966.7 0.0 0.0 0.0 0.0 1 1 0.642 1.0 0.144 1.0 0.144 1.0 0 0 False 3 3.6 0 114.504 0 4601070 4601070 46300.0 46310.0 B B N
46 2 5 FOe -83.72 628.37 5 6 0.0 580.0 0.0 676.7 -83.7 725.0 -167.4 676.7 -167.4 580.0 -83.7 531.7 0.0 580.0 1 1 0.678 2.0 0.285 1.0 0.288 1.0 1 1 False 3 3.6 0 97.589 0 4602050 4602050 46300.0 46310.0 B B E
46 2 6 FO -167.44 773.38 5 6 -83.7 725.0 -83.7 821.7 -167.4 870.0 -251.2 821.7 -251.2 725.0 -167.4 676.7 -83.7 725.0 1 1 0.647 2.0 0.23 1.0 0.23 1.0 1 0 True 3 3.6 0 102.216 0 4602060 4602060 46300.0 46310.0 B B W
46 2 7 FOe -251.16 918.38 5 6 -167.4 870.0 -167.4 966.7 -251.2 1015.1 -334.9 966.7 -334.9 870.0 -251.2 821.7 -167.4 870.0 1 1 0.643 2.0 0.221 1.0 0.222 1.0 1 0 False 3 3.6 0 105.295 0 4602070 4602070 46300.0 46310.0 B B N
46 3 4 aOe 167.44 483.36 4 4 83.7 531.7 251.2 435.0 251.2 531.7 167.4 580.0 83.7 531.7 0.0 0.0 0.0 0.0 1 0 0.671 1.0 0.158 1.0 0.158 1.0 3 0 False 3 3.6 0 70.893 0 4603040 4603040 46200.0 46210.0 B B N
46 3 5 FOe 83.72 628.37 1 6 167.4 580.0 167.4 676.7 83.7 725.0 0.0 676.7 0.0 580.0 83.7 531.7 167.4 580.0 1 0 0.671 2.0 0.284 1.0 0.288 1.0 2 0 True 3 3.6 0 82.411 0 4603050 4603050 46200.0 46210.0 B B W
46 3 6 FO 0.0 773.38 1 6 83.7 725.0 83.7 821.7 0.0 870.0 -83.7 821.7 -83.7 725.0 0.0 676.7 83.7 725.0 1 1 0.654 2.0 0.234 1.0 0.235 1.0 1 1 False 3 3.6 0 90.0 0 4603060 4603060 46300.0 46310.0 B B N
46 3 7 FO -83.72 918.38 1 6 0.0 870.0 0.0 966.7 -83.7 1015.1 -167.4 966.7 -167.4 870.0 -83.7 821.7 0.0 870.0 1 1 0.644 2.0 0.246 1.0 0.246 1.0 1 0 False 3 3.6 0 95.209 0 4603070 4603070 46300.0 46310.0 B B N
46 3 8 cOe -167.44 1063.39 1 3 -83.7 1015.1 -251.2 1015.1 -167.4 966.7 -83.7 1015.1 0.0 0.0 0.0 0.0 0.0 0.0 1 1 0.64 0.0 0.0 0.0 0.0 0.0 1 0 False 3 3.6 0 98.948 0 4603080 4603080 46300.0 46310.0 B B N
46 4 1 FOe 586.04 48.34 0 6 669.8 -0.0 669.8 96.7 586.0 145.0 502.3 96.7 502.3 -0.0 586.0 -48.3 669.8 -0.0 0 0 0.693 2.0 0.343 1.0 0.35 1.0 7 0 True 3 3.6 0 4.715 0 4604010 4604010 46000.0 46010.0 B B W
46 4 2 bOe 502.32 193.34 4 5 418.6 241.7 502.3 96.7 586.0 145.0 586.0 241.7 502.3 290.0 418.6 241.7 0.0 0.0 0 0 0.7 1.0 0.208 1.0 0.208 1.0 6 0 False 3 3.6 0 21.051 0 4604020 4604020 46000.0 46010.0 B B N
46 4 3 bOe 418.6 338.35 4 5 334.9 386.7 418.6 241.7 502.3 290.0 502.3 386.7 418.6 435.0 334.9 386.7 0.0 0.0 0 1 0.703 1.0 0.209 1.0 0.209 1.0 4 1 False 3 3.6 0 38.948 0 4604030 4604030 46100.0 46110.0 B B N
46 4 4 FOe 334.88 483.36 4 6 418.6 435.0 418.6 531.7 334.9 580.0 251.2 531.7 251.2 435.0 334.9 386.7 418.6 435.0 0 1 0.687 2.0 0.347 1.0 0.355 1.0 4 1 False 3 3.6 0 55.285 0 4604040 4604040 46100.0 46110.0 B B E
46 4 5 FO 251.16 628.37 1 6 334.9 580.0 334.9 676.7 251.2 725.0 167.4 676.7 167.4 580.0 251.2 531.7 334.9 580.0 1 0 0.661 2.0 0.258 1.0 0.26 1.0 3 0 True 3 3.6 0 68.213 0 4604050 4604050 46200.0 46210.0 B B W
46 4 6 FO 167.44 773.38 1 6 251.2 725.0 251.2 821.7 167.4 870.0 83.7 821.7 83.7 725.0 167.4 676.7 251.2 725.0 1 0 0.651 2.0 0.232 1.0 0.232 1.0 2 1 False 3 3.6 0 77.784 0 4604060 4604060 46200.0 46210.0 B B E
46 4 7 FO 83.72 918.38 5 6 167.4 870.0 167.4 966.7 83.7 1015.1 0.0 966.7 0.0 870.0 83.7 821.7 167.4 870.0 1 0 0.647 2.0 0.247 1.0 0.247 1.0 2 1 False 3 3.6 0 84.791 0 4604070 4604070 46200.0 46210.0 B B N
46 4 8 cOe 0.0 1063.39 1 3 83.7 1015.1 -83.7 1015.1 0.0 966.7 83.7 1015.1 0.0 0.0 0.0 0.0 0.0 0.0 1 0 0.641 0.0 0.0 0.0 0.0 0.0 2 1 False 3 3.6 0 90.0 0 4604080 4604080 46200.0 46210.0 B B N
46 5 1 FO 753.48 48.34 0 6 837.2 -0.0 837.2 96.7 753.5 145.0 669.8 96.7 669.8 -0.0 753.5 -48.3 837.2 -0.0 0 0 0.651 2.0 0.235 1.0 0.236 1.0 7 1 False 3 3.6 0 3.671 0 4605010 4605010 46000.0 46010.0 B B E
46 5 2 FO 669.76 193.34 0 6 753.5 145.0 753.5 241.7 669.8 290.0 586.0 241.7 586.0 145.0 669.8 96.7 753.5 145.0 0 0 0.662 2.0 0.248 1.0 0.249 1.0 6 0 True 3 3.6 0 16.102 0 4605020 4605020 46000.0 46010.0 B B W
46 5 3 FO 586.04 338.35 4 6 669.8 290.0 669.8 386.7 586.0 435.0 502.3 386.7 502.3 290.0 586.0 241.7 669.8 290.0 0 1 0.663 2.0 0.257 1.0 0.259 1.0 5 1 False 3 3.6 0 30.0 0 4605030 4605030 46100.0 46110.0 B B E
46 5 4 FO 502.32 483.36 0 6 586.0 435.0 586.0 531.7 502.3 580.0 418.6 531.7 418.6 435.0 502.3 386.7 586.0 435.0 0 1 0.666 2.0 0.25 1.0 0.251 1.0 4 1 False 3 3.6 0 43.898 0 4605040 4605040 46100.0 46110.0 B B N
46 5 5 FO 418.6 628.37 4 6 502.3 580.0 502.3 676.7 418.6 725.0 334.9 676.7 334.9 580.0 418.6 531.7 502.3 580.0 0 1 0.654 2.0 0.234 1.0 0.234 1.0 4 0 True 3 3.6 0 56.33 0 4605050 4605050 46100.0 46110.0 B B W
46 5 6 FO 334.88 773.38 1 6 418.6 725.0 418.6 821.7 334.9 870.0 251.2 821.7 251.2 725.0 334.9 676.7 418.6 725.0 1 0 0.646 2.0 0.228 1.0 0.228 1.0 3 1 False 3 3.6 0 66.587 0 4605060 4605060 46200.0 46210.0 B B E
46 5 7 FOe 251.16 918.38 1 6 334.9 870.0 334.9 966.7 251.2 1015.1 167.4 966.7 167.4 870.0 251.2 821.7 334.9 870.0 1 0 0.645 2.0 0.245 1.0 0.245 1.0 2 1 False 3 3.6 0 74.705 0 4605070 4605070 46200.0 46210.0 B B N
46 5 8 cOe 167.44 1063.39 1 3 251.2 1015.1 83.7 1015.1 167.4 966.7 251.2 1015.1 0.0 0.0 0.0 0.0 0.0 0.0 1 0 0.0 0.0 0.0 0.0 0.0 0.0 2 1 False 3 3.6 0 81.052 0 4605080 4605080 46200.0 46210.0 B B N
46 6 1 FOe 920.92 48.34 0 6 1004.6 -0.0 1004.6 96.7 920.9 145.0 837.2 96.7 837.2 -0.0 920.9 -48.3 1004.6 -0.0 0 0 0.646 2.0 0.222 1.0 0.222 1.0 7 1 False 3 3.6 0 3.005 0 4606010 4606010 46000.0 46010.0 B B N
46 6 2 FO 837.2 193.34 0 6 920.9 145.0 920.9 241.7 837.2 290.0 753.5 241.7 753.5 145.0 837.2 96.7 920.9 145.0 0 0 0.647 2.0 0.226 1.0 0.226 1.0 6 1 False 3 3.6 0 13.004 0 4606020 4606020 46000.0 46010.0 B B E
46 6 3 FO 753.48 338.35 4 6 837.2 290.0 837.2 386.7 753.5 435.0 669.8 386.7 669.8 290.0 753.5 241.7 837.2 290.0 0 0 0.649 2.0 0.228 1.0 0.228 1.0 6 0 False 3 3.6 0 24.182 0 4606030 4606030 46000.0 46010.0 B B N
46 6 4 FO 669.76 483.36 4 6 753.5 435.0 753.5 531.7 669.8 580.0 586.0 531.7 586.0 435.0 669.8 386.7 753.5 435.0 0 1 0.649 2.0 0.229 1.0 0.23 1.0 5 0 True 3 3.6 0 35.818 0 4606040 4606040 46100.0 46110.0 B B W
46 6 5 FO 586.04 628.37 0 6 669.8 580.0 669.8 676.7 586.0 725.0 502.3 676.7 502.3 580.0 586.0 531.7 669.8 580.0 0 1 0.645 2.0 0.226 1.0 0.226 1.0 4 0 False 3 3.6 0 46.996 0 4606050 4606050 46100.0 46110.0 B B N
46 6 6 FOe 502.32 773.38 4 6 586.0 725.0 586.0 821.7 502.3 870.0 418.6 821.7 418.6 725.0 502.3 676.7 586.0 725.0 0 1 0.645 2.0 0.223 1.0 0.223 1.0 4 0 False 3 3.6 0 56.996 0 4606060 4606060 46100.0 46110.0 B B N
46 6 7 aOe 418.6 918.38 1 4 502.3 870.0 334.9 966.7 334.9 870.0 418.6 821.7 502.3 870.0 0.0 0.0 0.0 0.0 1 0 0.642 1.0 0.144 1.0 0.144 1.0 3 1 False 3 3.6 0 65.496 0 4606070 4606070 46200.0 46210.0 B B N
46 7 2 aOe 1004.64 193.34 0 4 1004.6 96.7 1004.6 290.0 920.9 241.7 920.9 145.0 1004.6 96.7 0.0 0.0 0.0 0.0 0 0 0.643 1.0 0.144 1.0 0.144 1.0 6 1 False 3 3.6 0 10.893 0 4607020 4607020 46000.0 46010.0 B B N
46 7 3 bOe 920.92 338.35 1 5 1004.6 290.0 920.9 435.0 837.2 386.7 837.2 290.0 920.9 241.7 1004.6 290.0 0.0 0.0 0 0 0.644 1.0 0.192 1.0 0.192 1.0 6 1 False 3 3.6 0 20.174 0 4607030 4607030 46000.0 46010.0 B B N
46 7 4 bOe 837.2 483.36 1 5 920.9 435.0 837.2 580.0 753.5 531.7 753.5 435.0 837.2 386.7 920.9 435.0 0.0 0.0 0 1 0.645 1.0 0.192 1.0 0.192 1.0 5 0 False 3 3.6 0 30.0 0 4607040 4607040 46100.0 46110.0 B B N
46 7 5 bOe 753.48 628.37 1 5 837.2 580.0 753.5 725.0 669.8 676.7 669.8 580.0 753.5 531.7 837.2 580.0 0.0 0.0 0 1 0.645 1.0 0.192 1.0 0.192 1.0 5 0 False 3 3.6 0 39.827 0 4607050 4607050 46100.0 46110.0 B B N
46 7 6 aOe 669.76 773.38 1 4 753.5 725.0 586.0 821.7 586.0 725.0 669.8 676.7 753.5 725.0 0.0 0.0 0.0 0.0 0 1 0.643 1.0 0.144 1.0 0.144 1.0 4 0 False 3 3.6 0 49.107 0 4607060 4607060 46100.0 46110.0 B B N
47 0 3 FOe -251.16 531.7 5 6 -251.2 435.0 -167.4 483.4 -167.4 580.0 -251.2 628.4 -334.9 580.0 -334.9 483.4 -251.2 435.0 1 1 0.694 2.0 0.338 1.0 0.345 1.0 0 1 False 3 3.6 0 115.285 0 4700030 4700030 47300.0 47310.0 B B E
47 0 4 FO -334.88 676.7 5 6 -334.9 580.0 -251.2 628.4 -251.2 725.0 -334.9 773.4 -418.6 725.0 -418.6 628.4 -334.9 580.0 1 1 0.65 2.0 0.234 1.0 0.235 1.0 0 0 True 3 3.6 0 116.33 0 4700040 4700040 47300.0 47310.0 B B W
47 0 5 FOe -418.6 821.71 5 6 -418.6 725.0 -334.9 773.4 -334.9 870.0 -418.6 918.4 -502.3 870.0 -502.3 773.4 -418.6 725.0 1 1 0.645 2.0 0.222 1.0 0.222 1.0 0 0 False 3 3.6 0 116.995 0 4700050 4700050 47300.0 47310.0 B B N
47 1 3 bOe -83.72 531.7 5 5 -167.4 483.4 0.0 483.4 0.0 580.0 -83.7 628.4 -167.4 580.0 -167.4 483.4 0.0 0.0 1 1 0.69 1.0 0.201 1.0 0.201 1.0 0 1 False 3 3.6 0 98.948 0 4701030 4701030 47300.0 47310.0 B B N
47 1 4 FO -167.44 676.7 1 6 -167.4 580.0 -83.7 628.4 -83.7 725.0 -167.4 773.4 -251.2 725.0 -251.2 628.4 -167.4 580.0 1 1 0.659 2.0 0.247 1.0 0.248 1.0 0 1 False 3 3.6 0 103.898 0 4701040 4701040 47300.0 47310.0 B B N
47 1 5 FO -251.16 821.71 1 6 -251.2 725.0 -167.4 773.4 -167.4 870.0 -251.2 918.4 -334.9 870.0 -334.9 773.4 -251.2 725.0 1 1 0.647 2.0 0.224 1.0 0.224 1.0 0 0 False 3 3.6 0 106.996 0 4701050 4701050 47300.0 47310.0 B B N
47 1 6 aOe -334.88 966.72 2 4 -251.2 1015.1 -418.6 918.4 -334.9 870.0 -251.2 918.4 -251.2 1015.1 0.0 0.0 0.0 0.0 1 1 0.641 1.0 0.144 1.0 0.144 1.0 0 0 False 3 3.6 0 109.107 0 4701060 4701060 47300.0 47310.0 B B N
47 2 3 bOe 83.72 531.7 5 5 -0.0 483.4 167.4 483.4 167.4 580.0 83.7 628.4 -0.0 580.0 -0.0 483.4 0.0 0.0 1 0 0.694 1.0 0.2 1.0 0.2 1.0 2 0 False 3 3.6 0 81.052 0 4702030 4702030 47200.0 47210.0 B B N
47 2 4 FO 0.0 676.7 5 6 0.0 580.0 83.7 628.4 83.7 725.0 0.0 773.4 -83.7 725.0 -83.7 628.4 0.0 580.0 1 1 0.658 2.0 0.255 1.0 0.257 1.0 1 1 False 3 3.6 0 90.0 0 4702040 4702040 47300.0 47310.0 B B E
47 2 5 FO -83.72 821.71 5 6 -83.7 725.0 0.0 773.4 0.0 870.0 -83.7 918.4 -167.4 870.0 -167.4 773.4 -83.7 725.0 1 1 0.65 2.0 0.226 1.0 0.226 1.0 1 0 True 3 3.6 0 95.818 0 4702050 4702050 47300.0 47310.0 B B W
47 2 6 bOe -167.44 966.72 2 5 -83.7 1015.1 -251.2 1015.1 -251.2 918.4 -167.4 870.0 -83.7 918.4 -83.7 1015.1 0.0 0.0 1 1 0.644 1.0 0.192 1.0 0.192 1.0 1 0 False 3 3.6 0 99.826 0 4702060 4702060 47300.0 47310.0 B B N
47 3 0 aOe 502.32 96.67 3 4 502.3 193.3 502.3 0.0 586.0 48.3 586.0 145.0 502.3 193.3 0.0 0.0 0.0 0.0 0 0 0.673 1.0 0.153 1.0 0.153 1.0 7 0 False 3 3.6 0 10.893 0 4703000 4703000 47000.0 47010.0 B B N
47 3 2 aOe 334.88 386.69 4 4 251.2 435.0 418.6 338.4 418.6 435.0 334.9 483.4 251.2 435.0 0.0 0.0 0.0 0.0 0 1 0.675 1.0 0.153 1.0 0.153 1.0 4 1 False 3 3.6 0 49.107 0 4703020 4703020 47100.0 47110.0 B B N
47 3 3 FOe 251.16 531.7 1 6 251.2 435.0 334.9 483.4 334.9 580.0 251.2 628.4 167.4 580.0 167.4 483.4 251.2 435.0 1 0 0.69 2.0 0.33 1.0 0.337 1.0 3 0 True 3 3.6 0 64.715 0 4703030 4703030 47200.0 47210.0 B B W
47 3 4 FO 167.44 676.7 1 6 167.4 580.0 251.2 628.4 251.2 725.0 167.4 773.4 83.7 725.0 83.7 628.4 167.4 580.0 1 0 0.659 2.0 0.247 1.0 0.248 1.0 2 0 True 3 3.6 0 76.102 0 4703040 4703040 47200.0 47210.0 B B W
47 3 5 FO 83.72 821.71 5 6 83.7 725.0 167.4 773.4 167.4 870.0 83.7 918.4 0.0 870.0 0.0 773.4 83.7 725.0 1 0 0.648 2.0 0.227 1.0 0.227 1.0 2 0 False 3 3.6 0 84.182 0 4703050 4703050 47200.0 47210.0 B B N
47 3 6 bOe 0.0 966.72 2 5 83.7 1015.1 -83.7 1015.1 -83.7 918.4 -0.0 870.0 83.7 918.4 83.7 1015.1 0.0 0.0 1 1 0.644 1.0 0.192 1.0 0.192 1.0 1 0 False 3 3.6 0 90.0 0 4703060 4703060 47300.0 47310.0 B B N
47 4 0 FO 669.76 96.67 0 6 669.8 0.0 753.5 48.3 753.5 145.0 669.8 193.3 586.0 145.0 586.0 48.3 669.8 0.0 0 0 0.659 2.0 0.254 1.0 0.256 1.0 7 0 True 3 3.6 0 8.213 0 4704000 4704000 47000.0 47010.0 B B W
47 4 1 FOe 586.04 241.68 0 6 586.0 145.0 669.8 193.3 669.8 290.0 586.0 338.4 502.3 290.0 502.3 193.3 586.0 145.0 0 0 0.674 2.0 0.279 1.0 0.283 1.0 6 0 True 3 3.6 0 22.411 0 4704010 4704010 47000.0 47010.0 B B W
47 4 2 FOe 502.32 386.69 4 6 502.3 290.0 586.0 338.4 586.0 435.0 502.3 483.4 418.6 435.0 418.6 338.4 502.3 290.0 0 1 0.668 2.0 0.281 1.0 0.284 1.0 5 1 False 3 3.6 0 37.589 0 4704020 4704020 47100.0 47110.0 B B E
47 4 3 FO 418.6 531.7 4 6 418.6 435.0 502.3 483.4 502.3 580.0 418.6 628.4 334.9 580.0 334.9 483.4 418.6 435.0 0 1 0.66 2.0 0.255 1.0 0.257 1.0 4 1 False 3 3.6 0 51.787 0 4704030 4704030 47100.0 47110.0 B B E
47 4 4 FO 334.88 676.7 1 6 334.9 580.0 418.6 628.4 418.6 725.0 334.9 773.4 251.2 725.0 251.2 628.4 334.9 580.0 1 0 0.652 2.0 0.233 1.0 0.233 1.0 3 1 False 3 3.6 0 63.67 0 4704040 4704040 47200.0 47210.0 B B E
47 4 5 FO 251.16 821.71 1 6 251.2 725.0 334.9 773.4 334.9 870.0 251.2 918.4 167.4 870.0 167.4 773.4 251.2 725.0 1 0 0.647 2.0 0.226 1.0 0.227 1.0 2 1 False 3 3.6 0 73.004 0 4704050 4704050 47200.0 47210.0 B B E
47 4 6 bOe 167.44 966.72 2 5 251.2 1015.1 83.7 1015.1 83.7 918.4 167.4 870.0 251.2 918.4 251.2 1015.1 0.0 0.0 1 0 0.643 1.0 0.192 1.0 0.192 1.0 2 1 False 3 3.6 0 80.174 0 4704060 4704060 47200.0 47210.0 B B N
47 5 0 FO 837.2 96.67 0 6 837.2 0.0 920.9 48.3 920.9 145.0 837.2 193.3 753.5 145.0 753.5 48.3 837.2 0.0 0 0 0.646 2.0 0.225 1.0 0.225 1.0 7 1 False 3 3.6 0 6.587 0 4705000 4705000 47000.0 47010.0 B B E
47 5 1 FO 753.48 241.68 0 6 753.5 145.0 837.2 193.3 837.2 290.0 753.5 338.4 669.8 290.0 669.8 193.3 753.5 145.0 0 0 0.649 2.0 0.23 1.0 0.231 1.0 6 1 False 3 3.6 0 17.784 0 4705010 4705010 47000.0 47010.0 B B E
47 5 2 FO 669.76 386.69 0 6 669.8 290.0 753.5 338.4 753.5 435.0 669.8 483.4 586.0 435.0 586.0 338.4 669.8 290.0 0 1 0.65 2.0 0.232 1.0 0.232 1.0 5 1 False 3 3.6 0 30.0 0 4705020 4705020 47100.0 47110.0 B B N
47 5 3 FO 586.04 531.7 4 6 586.0 435.0 669.8 483.4 669.8 580.0 586.0 628.4 502.3 580.0 502.3 483.4 586.0 435.0 0 1 0.649 2.0 0.232 1.0 0.232 1.0 5 0 True 3 3.6 0 42.217 0 4705030 4705030 47100.0 47110.0 B B W
47 5 4 FO 502.32 676.7 4 6 502.3 580.0 586.0 628.4 586.0 725.0 502.3 773.4 418.6 725.0 418.6 628.4 502.3 580.0 0 1 0.646 2.0 0.225 1.0 0.225 1.0 4 0 True 3 3.6 0 53.413 0 4705040 4705040 47100.0 47110.0 B B W
47 5 5 FOe 418.6 821.71 1 6 418.6 725.0 502.3 773.4 502.3 870.0 418.6 918.4 334.9 870.0 334.9 773.4 418.6 725.0 1 0 0.644 2.0 0.223 1.0 0.223 1.0 3 1 False 3 3.6 0 63.005 0 4705050 4705050 47200.0 47210.0 B B N
47 5 6 aOe 334.88 966.72 1 4 418.6 918.4 251.2 1015.1 251.2 918.4 334.9 870.0 418.6 918.4 0.0 0.0 0.0 0.0 1 0 0.643 1.0 0.144 1.0 0.144 1.0 2 1 False 3 3.6 0 70.893 0 4705060 4705060 47200.0 47210.0 B B N
47 6 0 aOe 1004.64 96.67 0 4 1004.6 0.0 1004.6 193.3 920.9 145.0 920.9 48.3 1004.6 0.0 0.0 0.0 0.0 0.0 0 0 0.64 1.0 0.144 1.0 0.144 1.0 7 1 False 3 3.6 0 5.496 0 4706000 4706000 47000.0 47010.0 B B N
47 6 1 FOe 920.92 241.68 0 6 920.9 145.0 1004.6 193.3 1004.6 290.0 920.9 338.4 837.2 290.0 837.2 193.3 920.9 145.0 0 0 0.646 2.0 0.221 1.0 0.221 1.0 6 1 False 3 3.6 0 14.705 0 4706010 4706010 47000.0 47010.0 B B N
47 6 2 FO 837.2 386.69 4 6 837.2 290.0 920.9 338.4 920.9 435.0 837.2 483.4 753.5 435.0 753.5 338.4 837.2 290.0 0 0 0.646 2.0 0.245 1.0 0.245 1.0 6 1 False 3 3.6 0 24.791 0 4706020 4706020 47000.0 47010.0 B B N
47 6 3 FO 753.48 531.7 0 6 753.5 435.0 837.2 483.4 837.2 580.0 753.5 628.4 669.8 580.0 669.8 483.4 753.5 435.0 0 1 0.646 2.0 0.246 1.0 0.246 1.0 5 0 False 3 3.6 0 35.209 0 4706030 4706030 47100.0 47110.0 B B N
47 6 4 FOe 669.76 676.7 4 6 669.8 580.0 753.5 628.4 753.5 725.0 669.8 773.4 586.0 725.0 586.0 628.4 669.8 580.0 0 1 0.643 2.0 0.246 1.0 0.246 1.0 5 0 False 3 3.6 0 45.295 0 4706040 4706040 47100.0 47110.0 B B N
47 6 5 aOe 586.04 821.71 1 4 669.8 773.4 502.3 870.0 502.3 773.4 586.0 725.0 669.8 773.4 0.0 0.0 0.0 0.0 0 1 0.644 1.0 0.144 1.0 0.144 1.0 4 0 False 3 3.6 0 54.504 0 4706050 4706050 47100.0 47110.0 B B N
47 7 2 cOe 1004.64 386.69 0 3 1004.6 290.0 920.9 435.0 920.9 338.4 1004.6 290.0 0.0 0.0 0.0 0.0 0.0 0.0 0 0 0.64 0.0 0.0 0.0 0.0 0.0 6 1 False 3 3.6 0 21.052 0 4707020 4707020 47000.0 47010.0 B B N
47 7 3 cOe 920.92 531.7 0 3 920.9 435.0 837.2 580.0 837.2 483.4 920.9 435.0 0.0 0.0 0.0 0.0 0.0 0.0 0 0 0.64 0.0 0.0 0.0 0.0 0.0 6 1 False 3 3.6 0 30.0 0 4707030 4707030 47000.0 47010.0 B B N
47 7 4 cOe 837.2 676.7 0 3 837.2 580.0 753.5 725.0 753.5 628.4 837.2 580.0 0.0 0.0 0.0 0.0 0.0 0.0 0 1 0.64 0.0 0.0 0.0 0.0 0.0 5 0 False 3 3.6 0 38.948 0 4707040 4707040 47100.0 47110.0 B B N
